<?xml version="1.0" encoding="UTF-8" standalone="yes"?>
<gpx
 version="1.1"
 creator="Generated by MapOut iPhone App. See https://mapout.app"
 xmlns="http://www.topografix.com/GPX/1/1"
 xmlns:xsi="http://www.w3.org/2001/XMLSchema-instance"
 xmlns:gpxx="http://www.garmin.com/xmlschemas/GpxExtensions/v3"
 xmlns:mapout="https://mapout.app/xmlschemas/MapOutExtensions"
 xsi:schemaLocation="http://www.topografix.com/GPX/1/1 https://www.topografix.com/GPX/1/1/gpx.xsd http://www.garmin.com/xmlschemas/GpxExtensions/v3 https://www8.garmin.com/xmlschemas/GpxExtensionsv3.xsd https://mapout.app/xmlschemas/MapOutExtensions https://mapout.app/xmlschemas/MapOutExtensions.xsd">
  <metadata>
    <name>Mont Thabor - Andréa - 14 Jul 2020</name>
    <author><name>Chloé </name></author>
    <time>2020-07-14T08:27:02Z</time>
    <bounds minlat="45.01544985235248" minlon="6.462923382454056" maxlat="45.19320127061913" maxlon="6.6609517305815586"/>
  </metadata>
  <wpt lat="45.17709759624153" lon="6.6565314277772618">
    <ele>1544</ele>
    <name>Via Alpina Red R125</name>
    <sym>Camping</sym>
    <extensions>
      <mapout:extension>
        <mapout:color>05BB6E</mapout:color>
      </mapout:extension>
    </extensions>
  </wpt>
  <wpt lat="45.03956971177674" lon="6.4749432976039376">
    <ele>2320</ele>
    <name><![CDATA[Clos d'Ane]]></name>
    <sym>Camping</sym>
    <extensions>
      <mapout:extension>
        <mapout:color>05BB6E</mapout:color>
      </mapout:extension>
    </extensions>
  </wpt>
  <wpt lat="45.08623680673401" lon="6.5204929385895749">
    <ele>2377</ele>
    <name>Waypoint</name>
    <sym>Camping</sym>
    <extensions>
      <mapout:extension>
        <mapout:color>05BB6E</mapout:color>
      </mapout:extension>
    </extensions>
  </wpt>
  <trk>
    <extensions>
      <gpxx:TrackExtension>
        <gpxx:DisplayColor>DarkCyan</gpxx:DisplayColor>
      </gpxx:TrackExtension>
      <mapout:extension>
        <mapout:color>05BB6E</mapout:color>
      </mapout:extension>
    </extensions>
    <trkseg>
      <trkpt lat="45.01551618219535" lon="6.462923382454056">
        <ele>1668</ele>
      </trkpt>
      <trkpt lat="45.0155378600038" lon="6.4629658592408914">
        <ele>1668</ele>
      </trkpt>
      <trkpt lat="45.01554835018118" lon="6.4631632653061217">
        <ele>1668</ele>
      </trkpt>
      <trkpt lat="45.01560845398939" lon="6.4632455612896615">
        <ele>1669</ele>
      </trkpt>
      <trkpt lat="45.01560845399047" lon="6.4632455612879633">
        <ele>1669</ele>
      </trkpt>
      <trkpt lat="45.0155645622735" lon="6.463317757009345">
        <ele>1669</ele>
      </trkpt>
      <trkpt lat="45.0155645622735" lon="6.463317757009345">
        <ele>1669</ele>
      </trkpt>
      <trkpt lat="45.0155121113866" lon="6.4633921419034897">
        <ele>1668</ele>
      </trkpt>
      <trkpt lat="45.0155121113866" lon="6.4633921419034897">
        <ele>1668</ele>
      </trkpt>
      <trkpt lat="45.01544985235248" lon="6.4634636393749316">
        <ele>1668</ele>
      </trkpt>
      <trkpt lat="45.01545203127979" lon="6.4634665267976334">
        <ele>1668</ele>
      </trkpt>
      <trkpt lat="45.0156074766355" lon="6.463672515735265">
        <ele>1670</ele>
      </trkpt>
      <trkpt lat="45.0157381270265" lon="6.463737364104519">
        <ele>1672</ele>
      </trkpt>
      <trkpt lat="45.01589738699217" lon="6.4638289147434662">
        <ele>1674</ele>
      </trkpt>
      <trkpt lat="45.01614056837688" lon="6.4638632462330712">
        <ele>1676</ele>
      </trkpt>
      <trkpt lat="45.01644859813083" lon="6.4641865344268536">
        <ele>1679</ele>
      </trkpt>
      <trkpt lat="45.01689109288574" lon="6.4647158115582668">
        <ele>1687</ele>
      </trkpt>
      <trkpt lat="45.01713618157542" lon="6.4650219340072468">
        <ele>1692</ele>
      </trkpt>
      <trkpt lat="45.01724012969673" lon="6.4652460423421694">
        <ele>1696</ele>
      </trkpt>
      <trkpt lat="45.0174432576769" lon="6.4654730116345593">
        <ele>1700</ele>
      </trkpt>
      <trkpt lat="45.0179038718291" lon="6.4660156399008191">
        <ele>1714</ele>
      </trkpt>
      <trkpt lat="45.01793915697119" lon="6.4660995613198535">
        <ele>1716</ele>
      </trkpt>
      <trkpt lat="45.01793915697119" lon="6.4660995613198535">
        <ele>1716</ele>
      </trkpt>
      <trkpt lat="45.01799159376124" lon="6.466082343269389">
        <ele>1716</ele>
      </trkpt>
      <trkpt lat="45.01799351516306" lon="6.4660852565325184">
        <ele>1716</ele>
      </trkpt>
      <trkpt lat="45.01811176807171" lon="6.4662645432004568">
        <ele>1719</ele>
      </trkpt>
      <trkpt lat="45.0181384703414" lon="6.4663951935914543">
        <ele>1721</ele>
      </trkpt>
      <trkpt lat="45.01812893381651" lon="6.4665258439824518">
        <ele>1723</ele>
      </trkpt>
      <trkpt lat="45.01813656303642" lon="6.4666641235933611">
        <ele>1725</ele>
      </trkpt>
      <trkpt lat="45.01820617966812" lon="6.4669845508296762">
        <ele>1730</ele>
      </trkpt>
      <trkpt lat="45.01823192828532" lon="6.4670427236315078">
        <ele>1731</ele>
      </trkpt>
      <trkpt lat="45.01823192828532" lon="6.4671104329582292">
        <ele>1732</ele>
      </trkpt>
      <trkpt lat="45.01823192828532" lon="6.4671104329582292">
        <ele>1732</ele>
      </trkpt>
      <trkpt lat="45.01822048445545" lon="6.4671762349799717">
        <ele>1733</ele>
      </trkpt>
      <trkpt lat="45.01820904062559" lon="6.4672429906542046">
        <ele>1735</ele>
      </trkpt>
      <trkpt lat="45.01822048445545" lon="6.4673297730307064">
        <ele>1736</ele>
      </trkpt>
      <trkpt lat="45.01823288193781" lon="6.4674175090596977">
        <ele>1738</ele>
      </trkpt>
      <trkpt lat="45.01822048445545" lon="6.4675071523936669">
        <ele>1740</ele>
      </trkpt>
      <trkpt lat="45.01820904062559" lon="6.4675967957276361">
        <ele>1742</ele>
      </trkpt>
      <trkpt lat="45.01822620637039" lon="6.4676893000190718">
        <ele>1743</ele>
      </trkpt>
      <trkpt lat="45.01824432576768" lon="6.467782757962997">
        <ele>1745</ele>
      </trkpt>
      <trkpt lat="45.01823669654777" lon="6.4678180431050913">
        <ele>1746</ele>
      </trkpt>
      <trkpt lat="45.01822143810794" lon="6.4678247186725146">
        <ele>1746</ele>
      </trkpt>
      <trkpt lat="45.01818329200838" lon="6.4677903871829097">
        <ele>1746</ele>
      </trkpt>
      <trkpt lat="45.01812893381651" lon="6.46768167079916">
        <ele>1744</ele>
      </trkpt>
      <trkpt lat="45.01809650963188" lon="6.4676597367919122">
        <ele>1744</ele>
      </trkpt>
      <trkpt lat="45.01807552927712" lon="6.4676893000190718">
        <ele>1745</ele>
      </trkpt>
      <trkpt lat="45.01808029753957" lon="6.4677732214381072">
        <ele>1747</ele>
      </trkpt>
      <trkpt lat="45.0180860194545" lon="6.4678580965096311">
        <ele>1749</ele>
      </trkpt>
      <trkpt lat="45.01810795346175" lon="6.4679219912263957">
        <ele>1750</ele>
      </trkpt>
      <trkpt lat="45.01813084112148" lon="6.4679868395956506">
        <ele>1751</ele>
      </trkpt>
      <trkpt lat="45.01812035094411" lon="6.4680926950219328">
        <ele>1753</ele>
      </trkpt>
      <trkpt lat="45.01810986076673" lon="6.4681985504482151">
        <ele>1756</ele>
      </trkpt>
      <trkpt lat="45.01816326530611" lon="6.4685695212664491">
        <ele>1765</ele>
      </trkpt>
      <trkpt lat="45.01813465573144" lon="6.468587640663741">
        <ele>1766</ele>
      </trkpt>
      <trkpt lat="45.01802212473773" lon="6.4685027655922172">
        <ele>1765</ele>
      </trkpt>
      <trkpt lat="45.01795726591772" lon="6.4685293743388916">
        <ele>1767</ele>
      </trkpt>
      <trkpt lat="45.01795727636848" lon="6.4685294678619103">
        <ele>1767</ele>
      </trkpt>
      <trkpt lat="45.01803166126263" lon="6.4691951172992548">
        <ele>1786</ele>
      </trkpt>
      <trkpt lat="45.01803173718914" lon="6.4691957961887692">
        <ele>1786</ele>
      </trkpt>
      <trkpt lat="45.0180335685676" lon="6.4691979782567222">
        <ele>1786</ele>
      </trkpt>
      <trkpt lat="45.01812416555406" lon="6.4693057409879833">
        <ele>1788</ele>
      </trkpt>
      <trkpt lat="45.01819378218576" lon="6.469734884608048">
        <ele>1801</ele>
      </trkpt>
      <trkpt lat="45.01824527942017" lon="6.4699847415601743">
        <ele>1808</ele>
      </trkpt>
      <trkpt lat="45.01832633988174" lon="6.4700753385466321">
        <ele>1812</ele>
      </trkpt>
      <trkpt lat="45.01857047491893" lon="6.470059126454319">
        <ele>1819</ele>
      </trkpt>
      <trkpt lat="45.01863341598321" lon="6.470012397482356">
        <ele>1819</ele>
      </trkpt>
      <trkpt lat="45.01865248903299" lon="6.4699437345031461">
        <ele>1817</ele>
      </trkpt>
      <trkpt lat="45.01867156208277" lon="6.4698750715239353">
        <ele>1816</ele>
      </trkpt>
      <trkpt lat="45.01872878123211" lon="6.4698197596795719">
        <ele>1816</ele>
      </trkpt>
      <trkpt lat="45.01878695403394" lon="6.4698455082967756">
        <ele>1819</ele>
      </trkpt>
      <trkpt lat="45.01879744421132" lon="6.4699551783330147">
        <ele>1823</ele>
      </trkpt>
      <trkpt lat="45.0188079343887" lon="6.4700648483692529">
        <ele>1828</ele>
      </trkpt>
      <trkpt lat="45.01885847797062" lon="6.4700600801068076">
        <ele>1830</ele>
      </trkpt>
      <trkpt lat="45.01895288956703" lon="6.4699389662407008">
        <ele>1828</ele>
      </trkpt>
      <trkpt lat="45.01904825481594" lon="6.4698188060270825">
        <ele>1828</ele>
      </trkpt>
      <trkpt lat="45.01916269311462" lon="6.4698617203890887">
        <ele>1834</ele>
      </trkpt>
      <trkpt lat="45.01925805836353" lon="6.4698474156017536">
        <ele>1836</ele>
      </trkpt>
      <trkpt lat="45.01935342361243" lon="6.469834064466907">
        <ele>1838</ele>
      </trkpt>
      <trkpt lat="45.01945832538622" lon="6.469866488651534">
        <ele>1841</ele>
      </trkpt>
      <trkpt lat="45.01956322716001" lon="6.469898912836161">
        <ele>1845</ele>
      </trkpt>
      <trkpt lat="45.01963284379171" lon="6.4699656685103939">
        <ele>1848</ele>
      </trkpt>
      <trkpt lat="45.01970246042341" lon="6.4700333778371153">
        <ele>1851</ele>
      </trkpt>
      <trkpt lat="45.01978065992751" lon="6.4700171657448013">
        <ele>1852</ele>
      </trkpt>
      <trkpt lat="45.01985313751668" lon="6.4698950982262051">
        <ele>1851</ele>
      </trkpt>
      <trkpt lat="45.01992561510585" lon="6.4697730307076089">
        <ele>1851</ele>
      </trkpt>
      <trkpt lat="45.01999999999999" lon="6.4697482357428946">
        <ele>1853</ele>
      </trkpt>
      <trkpt lat="45.02" lon="6.4697482357428946">
        <ele>1853</ele>
      </trkpt>
      <trkpt lat="45.02007343124166" lon="6.4697243944306679">
        <ele>1853</ele>
      </trkpt>
      <trkpt lat="45.02031375166889" lon="6.4697234407781794">
        <ele>1854</ele>
      </trkpt>
      <trkpt lat="45.0204958992943" lon="6.4697663551401856">
        <ele>1855</ele>
      </trkpt>
      <trkpt lat="45.02064180812512" lon="6.4699017737936284">
        <ele>1857</ele>
      </trkpt>
      <trkpt lat="45.02087068472249" lon="6.4700190730497793">
        <ele>1858</ele>
      </trkpt>
      <trkpt lat="45.02111768071715" lon="6.4700104901773781">
        <ele>1858</ele>
      </trkpt>
      <trkpt lat="45.02111768071715" lon="6.4700104901773781">
        <ele>1858</ele>
      </trkpt>
      <trkpt lat="45.0213999618539" lon="6.4700438680144945">
        <ele>1859</ele>
      </trkpt>
      <trkpt lat="45.02182433721152" lon="6.4702078962426084">
        <ele>1866</ele>
      </trkpt>
      <trkpt lat="45.02207705512112" lon="6.4703728781232108">
        <ele>1872</ele>
      </trkpt>
      <trkpt lat="45.02223822239176" lon="6.4705874499332428">
        <ele>1879</ele>
      </trkpt>
      <trkpt lat="45.02254053023078" lon="6.470707610146861">
        <ele>1882</ele>
      </trkpt>
      <trkpt lat="45.02284379172229" lon="6.4707839023459837">
        <ele>1887</ele>
      </trkpt>
      <trkpt lat="45.02316898722106" lon="6.4707924852183849">
        <ele>1890</ele>
      </trkpt>
      <trkpt lat="45.02328533282472" lon="6.4708725920274643">
        <ele>1893</ele>
      </trkpt>
      <trkpt lat="45.02326339881747" lon="6.4710957467098975">
        <ele>1900</ele>
      </trkpt>
      <trkpt lat="45.02340263208087" lon="6.471256913980544">
        <ele>1904</ele>
      </trkpt>
      <trkpt lat="45.02351420942209" lon="6.4713503719244692">
        <ele>1906</ele>
      </trkpt>
      <trkpt lat="45.02375357619683" lon="6.4718357810413876">
        <ele>1914</ele>
      </trkpt>
      <trkpt lat="45.02383082204845" lon="6.4720417699790183">
        <ele>1918</ele>
      </trkpt>
      <trkpt lat="45.02385561701316" lon="6.4722000762921983">
        <ele>1922</ele>
      </trkpt>
      <trkpt lat="45.02390520694259" lon="6.4723507533854656">
        <ele>1924</ele>
      </trkpt>
      <trkpt lat="45.02395193591455" lon="6.472420370017165">
        <ele>1925</ele>
      </trkpt>
      <trkpt lat="45.02408353995804" lon="6.4725329010108705">
        <ele>1924</ele>
      </trkpt>
      <trkpt lat="45.02415506389472" lon="6.4726082395575038">
        <ele>1924</ele>
      </trkpt>
      <trkpt lat="45.02421419034903" lon="6.4727150486362754">
        <ele>1927</ele>
      </trkpt>
      <trkpt lat="45.02433148960519" lon="6.4731098607667352">
        <ele>1938</ele>
      </trkpt>
      <trkpt lat="45.02439061605951" lon="6.4732395575052442">
        <ele>1942</ele>
      </trkpt>
      <trkpt lat="45.02455750524509" lon="6.4735199313370195">
        <ele>1947</ele>
      </trkpt>
      <trkpt lat="45.02469769216098" lon="6.4737078008773592">
        <ele>1949</ele>
      </trkpt>
      <trkpt lat="45.02483406446691" lon="6.4739414457371725">
        <ele>1951</ele>
      </trkpt>
      <trkpt lat="45.02502193400725" lon="6.4743143238603844">
        <ele>1953</ele>
      </trkpt>
      <trkpt lat="45.02512588212856" lon="6.4744535571237831">
        <ele>1955</ele>
      </trkpt>
      <trkpt lat="45.02519263780279" lon="6.4746547777989694">
        <ele>1957</ele>
      </trkpt>
      <trkpt lat="45.02529944688155" lon="6.4749303833682994">
        <ele>1960</ele>
      </trkpt>
      <trkpt lat="45.02529944688155" lon="6.4749303833682994">
        <ele>1960</ele>
      </trkpt>
      <trkpt lat="45.02531089071142" lon="6.4748884226587817">
        <ele>1959</ele>
      </trkpt>
      <trkpt lat="45.02542056074766" lon="6.4747043677283989">
        <ele>1955</ele>
      </trkpt>
      <trkpt lat="45.02555693305359" lon="6.4745756246423793">
        <ele>1952</ele>
      </trkpt>
      <trkpt lat="45.02565039099752" lon="6.4745594125500654">
        <ele>1950</ele>
      </trkpt>
      <trkpt lat="45.02574289528896" lon="6.474473583826053">
        <ele>1948</ele>
      </trkpt>
      <trkpt lat="45.02606427617776" lon="6.4742723631508667">
        <ele>1945</ele>
      </trkpt>
      <trkpt lat="45.02606427617776" lon="6.4742723631508667">
        <ele>1945</ele>
      </trkpt>
      <trkpt lat="45.02617489986649" lon="6.4741979782567221">
        <ele>1945</ele>
      </trkpt>
      <trkpt lat="45.02617489986649" lon="6.4741979782567221">
        <ele>1945</ele>
      </trkpt>
      <trkpt lat="45.02626168224299" lon="6.474167461377073">
        <ele>1945</ele>
      </trkpt>
      <trkpt lat="45.0263484646195" lon="6.4741378981499134">
        <ele>1945</ele>
      </trkpt>
      <trkpt lat="45.02642952508106" lon="6.4740501621209221">
        <ele>1944</ele>
      </trkpt>
      <trkpt lat="45.02654682433721" lon="6.4739595651344635">
        <ele>1944</ele>
      </trkpt>
      <trkpt lat="45.02681670799161" lon="6.4736009917985875">
        <ele>1946</ele>
      </trkpt>
      <trkpt lat="45.02688155636086" lon="6.4735075338546624">
        <ele>1947</ele>
      </trkpt>
      <trkpt lat="45.02694640473012" lon="6.4734140759107373">
        <ele>1948</ele>
      </trkpt>
      <trkpt lat="45.02703509441159" lon="6.4733435056265485">
        <ele>1950</ele>
      </trkpt>
      <trkpt lat="45.02712378409308" lon="6.4732738889948491">
        <ele>1951</ele>
      </trkpt>
      <trkpt lat="45.0272696929239" lon="6.472989700553117">
        <ele>1952</ele>
      </trkpt>
      <trkpt lat="45.0272868586687" lon="6.4728790768643893">
        <ele>1951</ele>
      </trkpt>
      <trkpt lat="45.02730497806599" lon="6.4727684531756617">
        <ele>1950</ele>
      </trkpt>
      <trkpt lat="45.02734979973298" lon="6.4726721342742692">
        <ele>1950</ele>
      </trkpt>
      <trkpt lat="45.02746805264162" lon="6.4725748617203882">
        <ele>1950</ele>
      </trkpt>
      <trkpt lat="45.02758630555026" lon="6.4725081060461553">
        <ele>1951</ele>
      </trkpt>
      <trkpt lat="45.02770551211139" lon="6.4724423040244128">
        <ele>1955</ele>
      </trkpt>
      <trkpt lat="45.02804215144002" lon="6.4722735075338536">
        <ele>1962</ele>
      </trkpt>
      <trkpt lat="45.02837306885371" lon="6.4721171085256524">
        <ele>1966</ele>
      </trkpt>
      <trkpt lat="45.02868109860767" lon="6.471934007247758">
        <ele>1968</ele>
      </trkpt>
      <trkpt lat="45.02878504672897" lon="6.4718500858287227">
        <ele>1967</ele>
      </trkpt>
      <trkpt lat="45.02888899485028" lon="6.4717671180621767">
        <ele>1967</ele>
      </trkpt>
      <trkpt lat="45.0289223726874" lon="6.4716870112530982">
        <ele>1965</ele>
      </trkpt>
      <trkpt lat="45.02895575052451" lon="6.4716069044440196">
        <ele>1965</ele>
      </trkpt>
      <trkpt lat="45.0289652870494" lon="6.4715220293724958">
        <ele>1965</ele>
      </trkpt>
      <trkpt lat="45.0289919893191" lon="6.4714848369254234">
        <ele>1965</ele>
      </trkpt>
      <trkpt lat="45.02904062559603" lon="6.4715029563227144">
        <ele>1966</ele>
      </trkpt>
      <trkpt lat="45.02911214953271" lon="6.471481975967956">
        <ele>1967</ele>
      </trkpt>
      <trkpt lat="45.02918462712188" lon="6.4714619492656862">
        <ele>1968</ele>
      </trkpt>
      <trkpt lat="45.02930383368301" lon="6.4714466908258617">
        <ele>1970</ele>
      </trkpt>
      <trkpt lat="45.02929811176807" lon="6.4713713522792284">
        <ele>1969</ele>
      </trkpt>
      <trkpt lat="45.02928094602327" lon="6.4713389280946014">
        <ele>1968</ele>
      </trkpt>
      <trkpt lat="45.02930192637803" lon="6.4712340263208077">
        <ele>1968</ele>
      </trkpt>
      <trkpt lat="45.02940301354187" lon="6.4711119588022115">
        <ele>1969</ele>
      </trkpt>
      <trkpt lat="45.0295041007057" lon="6.4709908449361038">
        <ele>1969</ele>
      </trkpt>
      <trkpt lat="45.02955845889758" lon="6.4709183673469379">
        <ele>1969</ele>
      </trkpt>
      <trkpt lat="45.02961281708945" lon="6.4708468434102597">
        <ele>1969</ele>
      </trkpt>
      <trkpt lat="45.02991417127599" lon="6.4707209612817076">
        <ele>1974</ele>
      </trkpt>
      <trkpt lat="45.03015925996567" lon="6.470754339118824">
        <ele>1979</ele>
      </trkpt>
      <trkpt lat="45.03026320808697" lon="6.4708086973106989">
        <ele>1981</ele>
      </trkpt>
      <trkpt lat="45.03036810986077" lon="6.4708640091550631">
        <ele>1983</ele>
      </trkpt>
      <trkpt lat="45.03043677283998" lon="6.4709078771695578">
        <ele>1985</ele>
      </trkpt>
      <trkpt lat="45.03049399198932" lon="6.4709069235170693">
        <ele>1987</ele>
      </trkpt>
      <trkpt lat="45.03055979401106" lon="6.4709555597940103">
        <ele>1989</ele>
      </trkpt>
      <trkpt lat="45.03062559603281" lon="6.4710051497234398">
        <ele>1990</ele>
      </trkpt>
      <trkpt lat="45.0307219149342" lon="6.4710919320999416">
        <ele>1993</ele>
      </trkpt>
      <trkpt lat="45.03080202174328" lon="6.4711224489795907">
        <ele>1995</ele>
      </trkpt>
      <trkpt lat="45.03088308220484" lon="6.4711539195117291">
        <ele>1996</ele>
      </trkpt>
      <trkpt lat="45.03096032805646" lon="6.4711987411787133">
        <ele>1998</ele>
      </trkpt>
      <trkpt lat="45.03103852756056" lon="6.4712435628456975">
        <ele>1999</ele>
      </trkpt>
      <trkpt lat="45.03115964142666" lon="6.4712550066755661">
        <ele>2001</ele>
      </trkpt>
      <trkpt lat="45.03127217242037" lon="6.4712759870303254">
        <ele>2002</ele>
      </trkpt>
      <trkpt lat="45.03138565706656" lon="6.4712969673850838">
        <ele>2004</ele>
      </trkpt>
      <trkpt lat="45.03149246614534" lon="6.4713389280946014">
        <ele>2005</ele>
      </trkpt>
      <trkpt lat="45.03159927522411" lon="6.4713808888041182">
        <ele>2006</ele>
      </trkpt>
      <trkpt lat="45.03168224299066" lon="6.4713732595842064">
        <ele>2007</ele>
      </trkpt>
      <trkpt lat="45.03176616440969" lon="6.4713665840167831">
        <ele>2009</ele>
      </trkpt>
      <trkpt lat="45.03185676139615" lon="6.4713408353995794">
        <ele>2011</ele>
      </trkpt>
      <trkpt lat="45.03194735838261" lon="6.4713150867823757">
        <ele>2013</ele>
      </trkpt>
      <trkpt lat="45.03203318710662" lon="6.4713131794773977">
        <ele>2015</ele>
      </trkpt>
      <trkpt lat="45.03211901583063" lon="6.4713122258249083">
        <ele>2017</ele>
      </trkpt>
      <trkpt lat="45.03218672515735" lon="6.4712960137325943">
        <ele>2018</ele>
      </trkpt>
      <trkpt lat="45.03225443448407" lon="6.4712798016402813">
        <ele>2020</ele>
      </trkpt>
      <trkpt lat="45.03232119015831" lon="6.4712798016402813">
        <ele>2021</ele>
      </trkpt>
      <trkpt lat="45.03244230402441" lon="6.4713179477398421">
        <ele>2023</ele>
      </trkpt>
      <trkpt lat="45.03250333778372" lon="6.4713112721724189">
        <ele>2024</ele>
      </trkpt>
      <trkpt lat="45.03256437154301" lon="6.471305550257485">
        <ele>2026</ele>
      </trkpt>
      <trkpt lat="45.03263684913217" lon="6.4713084112149524">
        <ele>2028</ele>
      </trkpt>
      <trkpt lat="45.03270932672135" lon="6.4713122258249083">
        <ele>2030</ele>
      </trkpt>
      <trkpt lat="45.03279515544536" lon="6.4712683578104127">
        <ele>2032</ele>
      </trkpt>
      <trkpt lat="45.03288193782186" lon="6.471224489795917">
        <ele>2035</ele>
      </trkpt>
      <trkpt lat="45.03294583253862" lon="6.4712197215334717">
        <ele>2037</ele>
      </trkpt>
      <trkpt lat="45.03300972725539" lon="6.4712149532710272">
        <ele>2038</ele>
      </trkpt>
      <trkpt lat="45.03307457562465" lon="6.4712044630936472">
        <ele>2040</ele>
      </trkpt>
      <trkpt lat="45.03314037764639" lon="6.471193972916268">
        <ele>2042</ele>
      </trkpt>
      <trkpt lat="45.03321380888804" lon="6.4711911119588015">
        <ele>2044</ele>
      </trkpt>
      <trkpt lat="45.03328628647721" lon="6.4712330726683183">
        <ele>2045</ele>
      </trkpt>
      <trkpt lat="45.03335399580393" lon="6.4712416555407195">
        <ele>2047</ele>
      </trkpt>
      <trkpt lat="45.03342170513065" lon="6.4712502384131207">
        <ele>2048</ele>
      </trkpt>
      <trkpt lat="45.03350562654968" lon="6.4712912454701499">
        <ele>2049</ele>
      </trkpt>
      <trkpt lat="45.03357524318139" lon="6.4713417890520679">
        <ele>2050</ele>
      </trkpt>
      <trkpt lat="45.03364581346558" lon="6.4713923326339868">
        <ele>2051</ele>
      </trkpt>
      <trkpt lat="45.03371733740225" lon="6.471417127598702">
        <ele>2052</ele>
      </trkpt>
      <trkpt lat="45.03374976158688" lon="6.4713837497615856">
        <ele>2053</ele>
      </trkpt>
      <trkpt lat="45.0338003051688" lon="6.4713475109670027">
        <ele>2054</ele>
      </trkpt>
      <trkpt lat="45.03388327293534" lon="6.4713580011443819">
        <ele>2056</ele>
      </trkpt>
      <trkpt lat="45.03399198931909" lon="6.4714218958611474">
        <ele>2057</ele>
      </trkpt>
      <trkpt lat="45.0340520694259" lon="6.4714476444783511">
        <ele>2058</ele>
      </trkpt>
      <trkpt lat="45.03411405683769" lon="6.4714400152584384">
        <ele>2059</ele>
      </trkpt>
      <trkpt lat="45.03417699790197" lon="6.4713885180240309">
        <ele>2061</ele>
      </trkpt>
      <trkpt lat="45.03424089261873" lon="6.4713370207896235">
        <ele>2063</ele>
      </trkpt>
      <trkpt lat="45.03429715811559" lon="6.4713360671371341">
        <ele>2064</ele>
      </trkpt>
      <trkpt lat="45.03436677474728" lon="6.4713599084493598">
        <ele>2065</ele>
      </trkpt>
      <trkpt lat="45.03443734503147" lon="6.471384703414075">
        <ele>2066</ele>
      </trkpt>
      <trkpt lat="45.03452031279802" lon="6.4713799351516297">
        <ele>2067</ele>
      </trkpt>
      <trkpt lat="45.03460328056456" lon="6.4713761205416738">
        <ele>2069</ele>
      </trkpt>
      <trkpt lat="45.03466526797635" lon="6.4714009155063881">
        <ele>2070</ele>
      </trkpt>
      <trkpt lat="45.03470055311845" lon="6.4714800686629781">
        <ele>2070</ele>
      </trkpt>
      <trkpt lat="45.03480354758726" lon="6.4715105855426271">
        <ele>2071</ele>
      </trkpt>
      <trkpt lat="45.03490749570857" lon="6.4715420560747656">
        <ele>2073</ele>
      </trkpt>
      <trkpt lat="45.03498855617013" lon="6.4716450505435805">
        <ele>2073</ele>
      </trkpt>
      <trkpt lat="45.03507152393668" lon="6.4716822429906529">
        <ele>2075</ele>
      </trkpt>
      <trkpt lat="45.03515544535571" lon="6.4717203890902146">
        <ele>2078</ele>
      </trkpt>
      <trkpt lat="45.0352441350372" lon="6.4717823765020013">
        <ele>2081</ele>
      </trkpt>
      <trkpt lat="45.03530898340644" lon="6.4718596223536133">
        <ele>2084</ele>
      </trkpt>
      <trkpt lat="45.03537287812321" lon="6.4719139805454882">
        <ele>2087</ele>
      </trkpt>
      <trkpt lat="45.03545775319473" lon="6.4719588022124723">
        <ele>2089</ele>
      </trkpt>
      <trkpt lat="45.03554358191875" lon="6.4720036238794574">
        <ele>2092</ele>
      </trkpt>
      <trkpt lat="45.03564085447263" lon="6.4720360480640844">
        <ele>2094</ele>
      </trkpt>
      <trkpt lat="45.035739080679" lon="6.4720684722487114">
        <ele>2097</ele>
      </trkpt>
      <trkpt lat="45.035826816708" lon="6.4721209231356083">
        <ele>2099</ele>
      </trkpt>
      <trkpt lat="45.03589071142476" lon="6.4721943543772635">
        <ele>2102</ele>
      </trkpt>
      <trkpt lat="45.03617203890902" lon="6.4722525271790952">
        <ele>2114</ele>
      </trkpt>
      <trkpt lat="45.03618539004387" lon="6.4721876788098402">
        <ele>2113</ele>
      </trkpt>
      <trkpt lat="45.0361996948312" lon="6.4721237840930756">
        <ele>2113</ele>
      </trkpt>
      <trkpt lat="45.03623116536334" lon="6.4720703795536894">
        <ele>2113</ele>
      </trkpt>
      <trkpt lat="45.03627026511539" lon="6.4721361815754328">
        <ele>2116</ele>
      </trkpt>
      <trkpt lat="45.03634655731452" lon="6.472033187106617">
        <ele>2117</ele>
      </trkpt>
      <trkpt lat="45.03636276940683" lon="6.4721514400152573">
        <ele>2119</ele>
      </trkpt>
      <trkpt lat="45.03639614724395" lon="6.4721190158306303">
        <ele>2120</ele>
      </trkpt>
      <trkpt lat="45.03644287621591" lon="6.47222773221438">
        <ele>2123</ele>
      </trkpt>
      <trkpt lat="45.03652107572001" lon="6.4721390425329002">
        <ele>2125</ele>
      </trkpt>
      <trkpt lat="45.03660690444402" lon="6.472193400724775">
        <ele>2129</ele>
      </trkpt>
      <trkpt lat="45.03667556742323" lon="6.4721743276749937">
        <ele>2131</ele>
      </trkpt>
      <trkpt lat="45.03673850848751" lon="6.4721390425329002">
        <ele>2134</ele>
      </trkpt>
      <trkpt lat="45.03681003242419" lon="6.4721619301926365">
        <ele>2138</ele>
      </trkpt>
      <trkpt lat="45.03691493419798" lon="6.4721199694831189">
        <ele>2143</ele>
      </trkpt>
      <trkpt lat="45.03701125309937" lon="6.4720236505817272">
        <ele>2147</ele>
      </trkpt>
      <trkpt lat="45.03711043295823" lon="6.4719826435246981">
        <ele>2151</ele>
      </trkpt>
      <trkpt lat="45.03713427427046" lon="6.4720913599084486">
        <ele>2154</ele>
      </trkpt>
      <trkpt lat="45.03718004958993" lon="6.4720360480640844">
        <ele>2156</ele>
      </trkpt>
      <trkpt lat="45.03719530802975" lon="6.4721171085256524">
        <ele>2157</ele>
      </trkpt>
      <trkpt lat="45.03721152012207" lon="6.4721981689872203">
        <ele>2159</ele>
      </trkpt>
      <trkpt lat="45.0372525271791" lon="6.4721647911501039">
        <ele>2161</ele>
      </trkpt>
      <trkpt lat="45.03732786572573" lon="6.4721199694831189">
        <ele>2164</ele>
      </trkpt>
      <trkpt lat="45.03740606522983" lon="6.4720503528514195">
        <ele>2167</ele>
      </trkpt>
      <trkpt lat="45.03739843600992" lon="6.4721371352279222">
        <ele>2168</ele>
      </trkpt>
      <trkpt lat="45.03748807934389" lon="6.4720646576387555">
        <ele>2172</ele>
      </trkpt>
      <trkpt lat="45.03748426473393" lon="6.4721285523555201">
        <ele>2172</ele>
      </trkpt>
      <trkpt lat="45.03748045012398" lon="6.472193400724775">
        <ele>2173</ele>
      </trkpt>
      <trkpt lat="45.03755292771314" lon="6.4721171085256524">
        <ele>2177</ele>
      </trkpt>
      <trkpt lat="45.03755388136563" lon="6.4721981689872203">
        <ele>2178</ele>
      </trkpt>
      <trkpt lat="45.03755483501812" lon="6.4722792294487874">
        <ele>2179</ele>
      </trkpt>
      <trkpt lat="45.03760823955751" lon="6.4722458516116719">
        <ele>2183</ele>
      </trkpt>
      <trkpt lat="45.03765878313943" lon="6.472195308029753">
        <ele>2187</ele>
      </trkpt>
      <trkpt lat="45.0376702269693" lon="6.4722525271790952">
        <ele>2188</ele>
      </trkpt>
      <trkpt lat="45.03765973679192" lon="6.4722725538813641">
        <ele>2188</ele>
      </trkpt>
      <trkpt lat="45.03767976349418" lon="6.4722916269311455">
        <ele>2189</ele>
      </trkpt>
      <trkpt lat="45.03768357810414" lon="6.472371733740224">
        <ele>2190</ele>
      </trkpt>
      <trkpt lat="45.0376873927141" lon="6.472452794201792">
        <ele>2192</ele>
      </trkpt>
      <trkpt lat="45.03769788289148" lon="6.4725205035285134">
        <ele>2194</ele>
      </trkpt>
      <trkpt lat="45.03770932672134" lon="6.4725891665077233">
        <ele>2199</ele>
      </trkpt>
      <trkpt lat="45.03771028037383" lon="6.4726797634941819">
        <ele>2205</ele>
      </trkpt>
      <trkpt lat="45.03771218767881" lon="6.4727703604806397">
        <ele>2210</ele>
      </trkpt>
      <trkpt lat="45.03793534236124" lon="6.4724928476063308">
        <ele>2212</ele>
      </trkpt>
      <trkpt lat="45.03794392523365" lon="6.472596795727636">
        <ele>2219</ele>
      </trkpt>
      <trkpt lat="45.03795250810605" lon="6.4727016975014298">
        <ele>2225</ele>
      </trkpt>
      <trkpt lat="45.03793724966622" lon="6.472775128743085">
        <ele>2228</ele>
      </trkpt>
      <trkpt lat="45.03792294487889" lon="6.4728485599847403">
        <ele>2231</ele>
      </trkpt>
      <trkpt lat="45.0379916078581" lon="6.4727903871829096">
        <ele>2233</ele>
      </trkpt>
      <trkpt lat="45.03806027083731" lon="6.4727331680335674">
        <ele>2235</ele>
      </trkpt>
      <trkpt lat="45.03804024413504" lon="6.4728428380698064">
        <ele>2240</ele>
      </trkpt>
      <trkpt lat="45.03811844363914" lon="6.4727846652679748">
        <ele>2242</ele>
      </trkpt>
      <trkpt lat="45.03822334541293" lon="6.4726759488842251">
        <ele>2245</ele>
      </trkpt>
      <trkpt lat="45.03825004768262" lon="6.472629219912263">
        <ele>2245</ele>
      </trkpt>
      <trkpt lat="45.03825863055503" lon="6.4726969292389844">
        <ele>2249</ele>
      </trkpt>
      <trkpt lat="45.03825958420752" lon="6.4727760823955736">
        <ele>2253</ele>
      </trkpt>
      <trkpt lat="45.03826053786" lon="6.472856189204653">
        <ele>2257</ele>
      </trkpt>
      <trkpt lat="45.03825290864009" lon="6.4729362960137315">
        <ele>2260</ele>
      </trkpt>
      <trkpt lat="45.03826244516498" lon="6.4729582300209794">
        <ele>2262</ele>
      </trkpt>
      <trkpt lat="45.03828819378219" lon="6.4729267594888409">
        <ele>2262</ele>
      </trkpt>
      <trkpt lat="45.03829486934961" lon="6.4729620446309353">
        <ele>2265</ele>
      </trkpt>
      <trkpt lat="45.03828151821477" lon="6.4730011443829856">
        <ele>2266</ele>
      </trkpt>
      <trkpt lat="45.03824432576769" lon="6.4730230783902334">
        <ele>2264</ele>
      </trkpt>
      <trkpt lat="45.03828437917223" lon="6.4730402441350359">
        <ele>2268</ele>
      </trkpt>
      <trkpt lat="45.03832538622926" lon="6.4730307076101461">
        <ele>2270</ele>
      </trkpt>
      <trkpt lat="45.03836448598131" lon="6.4729916078580958">
        <ele>2270</ele>
      </trkpt>
      <trkpt lat="45.03840072477589" lon="6.472969673850848">
        <ele>2271</ele>
      </trkpt>
      <trkpt lat="45.0383997711234" lon="6.4730583635323278">
        <ele>2275</ele>
      </trkpt>
      <trkpt lat="45.03849704367728" lon="6.4731098607667352">
        <ele>2281</ele>
      </trkpt>
      <trkpt lat="45.03859431623117" lon="6.4730755292771303">
        <ele>2284</ele>
      </trkpt>
      <trkpt lat="45.03869254243754" lon="6.4730421514400138">
        <ele>2288</ele>
      </trkpt>
      <trkpt lat="45.03869254243754" lon="6.4730421514400138">
        <ele>2288</ele>
      </trkpt>
      <trkpt lat="45.0387392714095" lon="6.4730488270074371">
        <ele>2290</ele>
      </trkpt>
      <trkpt lat="45.03883940492085" lon="6.4731089071142467">
        <ele>2295</ele>
      </trkpt>
      <trkpt lat="45.03883940492085" lon="6.4731089071142467">
        <ele>2295</ele>
      </trkpt>
      <trkpt lat="45.03881842456609" lon="6.4731565897386982">
        <ele>2295</ele>
      </trkpt>
      <trkpt lat="45.03885752431814" lon="6.4732090406255951">
        <ele>2297</ele>
      </trkpt>
      <trkpt lat="45.03893190921229" lon="6.4732376502002662">
        <ele>2300</ele>
      </trkpt>
      <trkpt lat="45.03902059889376" lon="6.4733091741369435">
        <ele>2303</ele>
      </trkpt>
      <trkpt lat="45.03914075910738" lon="6.4733597177188624">
        <ele>2307</ele>
      </trkpt>
      <trkpt lat="45.03922181956895" lon="6.4733816517261102">
        <ele>2307</ele>
      </trkpt>
      <trkpt lat="45.0393133702079" lon="6.4734388708754516">
        <ele>2306</ele>
      </trkpt>
      <trkpt lat="45.03941827198169" lon="6.4734751096700354">
        <ele>2304</ele>
      </trkpt>
      <trkpt lat="45.03950123974824" lon="6.4735790577913397">
        <ele>2304</ele>
      </trkpt>
      <trkpt lat="45.03958516116727" lon="6.473683005912644">
        <ele>2303</ele>
      </trkpt>
      <trkpt lat="45.03960709517452" lon="6.4737774175090586">
        <ele>2303</ele>
      </trkpt>
      <trkpt lat="45.03960709517452" lon="6.4737774175090586">
        <ele>2303</ele>
      </trkpt>
      <trkpt lat="45.0395565515926" lon="6.4739357238222377">
        <ele>2304</ele>
      </trkpt>
      <trkpt lat="45.03945832538623" lon="6.4741598321571612">
        <ele>2306</ele>
      </trkpt>
      <trkpt lat="45.03944115964143" lon="6.4743515163074568">
        <ele>2310</ele>
      </trkpt>
      <trkpt lat="45.03958420751479" lon="6.4746442876215893">
        <ele>2315</ele>
      </trkpt>
      <trkpt lat="45.03972916269311" lon="6.4748893763112711">
        <ele>2320</ele>
      </trkpt>
      <trkpt lat="45.03989223726874" lon="6.4752155254625201">
        <ele>2330</ele>
      </trkpt>
      <trkpt lat="45.04" lon="6.4752670226969284">
        <ele>2332</ele>
      </trkpt>
      <trkpt lat="45.04000000000001" lon="6.4752670226969284">
        <ele>2332</ele>
      </trkpt>
      <trkpt lat="45.0401058554263" lon="6.4753185199313359">
        <ele>2333</ele>
      </trkpt>
      <trkpt lat="45.04000000000001" lon="6.4754291436200635">
        <ele>2338</ele>
      </trkpt>
      <trkpt lat="45.04" lon="6.4754291436200635">
        <ele>2338</ele>
      </trkpt>
      <trkpt lat="45.03989795918368" lon="6.4755349990463467">
        <ele>2341</ele>
      </trkpt>
      <trkpt lat="45.03978924279993" lon="6.4755540720961271">
        <ele>2342</ele>
      </trkpt>
      <trkpt lat="45.03982929620447" lon="6.4761033759298101">
        <ele>2368</ele>
      </trkpt>
      <trkpt lat="45.03968338737364" lon="6.476220675185961">
        <ele>2376</ele>
      </trkpt>
      <trkpt lat="45.03971867251574" lon="6.4764819759679559">
        <ele>2391</ele>
      </trkpt>
      <trkpt lat="45.03960518786954" lon="6.4765344268548528">
        <ele>2397</ele>
      </trkpt>
      <trkpt lat="45.03961090978448" lon="6.476915887850466">
        <ele>2414</ele>
      </trkpt>
      <trkpt lat="45.03952794201793" lon="6.4771314133129874">
        <ele>2423</ele>
      </trkpt>
      <trkpt lat="45.0395308029754" lon="6.4773765020026692">
        <ele>2432</ele>
      </trkpt>
      <trkpt lat="45.03951554453558" lon="6.4775290864009145">
        <ele>2436</ele>
      </trkpt>
      <trkpt lat="45.03951554453648" lon="6.4775290864002324">
        <ele>2436</ele>
      </trkpt>
      <trkpt lat="45.03939347701698" lon="6.4776206370398617">
        <ele>2436</ele>
      </trkpt>
      <trkpt lat="45.03933148960519" lon="6.4777484264733918">
        <ele>2436</ele>
      </trkpt>
      <trkpt lat="45.03970532138089" lon="6.4777522410833477">
        <ele>2436</ele>
      </trkpt>
      <trkpt lat="45.03981594506962" lon="6.4779258058363522">
        <ele>2437</ele>
      </trkpt>
      <trkpt lat="45.04" lon="6.4780459660499705">
        <ele>2439</ele>
      </trkpt>
      <trkpt lat="45.04000000000001" lon="6.4780459660499705">
        <ele>2439</ele>
      </trkpt>
      <trkpt lat="45.04008106046158" lon="6.4780898340644661">
        <ele>2440</ele>
      </trkpt>
      <trkpt lat="45.04023364485982" lon="6.4782490940301347">
        <ele>2444</ele>
      </trkpt>
      <trkpt lat="45.04025748617205" lon="6.4786334159832144">
        <ele>2444</ele>
      </trkpt>
      <trkpt lat="45.04042532901012" lon="6.478484646194925">
        <ele>2448</ele>
      </trkpt>
      <trkpt lat="45.04045870684724" lon="6.4786896814800672">
        <ele>2448</ele>
      </trkpt>
      <trkpt lat="45.04057982071334" lon="6.4785742895288942">
        <ele>2450</ele>
      </trkpt>
      <trkpt lat="45.0407400343315" lon="6.478725920274651">
        <ele>2453</ele>
      </trkpt>
      <trkpt lat="45.04086591646006" lon="6.4786820522601554">
        <ele>2454</ele>
      </trkpt>
      <trkpt lat="45.04104234217053" lon="6.47859813084112">
        <ele>2452</ele>
      </trkpt>
      <trkpt lat="45.04120827770362" lon="6.4784884608048818">
        <ele>2449</ele>
      </trkpt>
      <trkpt lat="45.04136849132178" lon="6.4785418653442672">
        <ele>2448</ele>
      </trkpt>
      <trkpt lat="45.04157448025941" lon="6.478567613961471">
        <ele>2446</ele>
      </trkpt>
      <trkpt lat="45.04187774175092" lon="6.4786210185008573">
        <ele>2448</ele>
      </trkpt>
      <trkpt lat="45.04213332061798" lon="6.4786391378981492">
        <ele>2451</ele>
      </trkpt>
      <trkpt lat="45.04239080679002" lon="6.4787154300972718">
        <ele>2454</ele>
      </trkpt>
      <trkpt lat="45.0427484264734" lon="6.4788365439633786">
        <ele>2459</ele>
      </trkpt>
      <trkpt lat="45.04300686629793" lon="6.4788165172611087">
        <ele>2461</ele>
      </trkpt>
      <trkpt lat="45.04300686629793" lon="6.4788165172611087">
        <ele>2461</ele>
      </trkpt>
      <trkpt lat="45.04328533282473" lon="6.4786515353805063">
        <ele>2462</ele>
      </trkpt>
      <trkpt lat="45.04354949456419" lon="6.4784236124356269">
        <ele>2466</ele>
      </trkpt>
      <trkpt lat="45.04399294297159" lon="6.4781260728590491">
        <ele>2471</ele>
      </trkpt>
      <trkpt lat="45.04428952889568" lon="6.4780679000572183">
        <ele>2479</ele>
      </trkpt>
      <trkpt lat="45.04444115964144" lon="6.4778781232119007">
        <ele>2479</ele>
      </trkpt>
      <trkpt lat="45.04470341407592" lon="6.4776997901964517">
        <ele>2483</ele>
      </trkpt>
      <trkpt lat="45.0448531375167" lon="6.4776940682815169">
        <ele>2487</ele>
      </trkpt>
      <trkpt lat="45.04628933816518" lon="6.4770427236315076">
        <ele>2506</ele>
      </trkpt>
      <trkpt lat="45.04657829486936" lon="6.4768767880984157">
        <ele>2510</ele>
      </trkpt>
      <trkpt lat="45.04670989891284" lon="6.4768643906160586">
        <ele>2514</ele>
      </trkpt>
      <trkpt lat="45.04690349036812" lon="6.4766631699408723">
        <ele>2514</ele>
      </trkpt>
      <trkpt lat="45.04709135990846" lon="6.4765220293724957">
        <ele>2515</ele>
      </trkpt>
      <trkpt lat="45.04751764257106" lon="6.476364676711805">
        <ele>2524</ele>
      </trkpt>
      <trkpt lat="45.04791245470152" lon="6.4762569139805439">
        <ele>2526</ele>
      </trkpt>
      <trkpt lat="45.04811272172422" lon="6.4761329391569697">
        <ele>2524</ele>
      </trkpt>
      <trkpt lat="45.04849799732978" lon="6.4761977875262247">
        <ele>2533</ele>
      </trkpt>
      <trkpt lat="45.04878695403396" lon="6.4761424756818604">
        <ele>2539</ele>
      </trkpt>
      <trkpt lat="45.04896814800688" lon="6.475963189013922">
        <ele>2538</ele>
      </trkpt>
      <trkpt lat="45.04919607095176" lon="6.4758668701125295">
        <ele>2542</ele>
      </trkpt>
      <trkpt lat="45.04938870875454" lon="6.4756551592599649">
        <ele>2544</ele>
      </trkpt>
      <trkpt lat="45.04960328056458" lon="6.4756112912454693">
        <ele>2550</ele>
      </trkpt>
      <trkpt lat="45.04969483120352" lon="6.4755311844363899">
        <ele>2553</ele>
      </trkpt>
      <trkpt lat="45.04978733549495" lon="6.4754129315277504">
        <ele>2555</ele>
      </trkpt>
      <trkpt lat="45.04997329773032" lon="6.4753223345412918">
        <ele>2561</ele>
      </trkpt>
      <trkpt lat="45.05013065039101" lon="6.4751592599656673">
        <ele>2566</ele>
      </trkpt>
      <trkpt lat="45.05025557886707" lon="6.4747577722677843">
        <ele>2563</ele>
      </trkpt>
      <trkpt lat="45.0505664695785" lon="6.4742714094983773">
        <ele>2560</ele>
      </trkpt>
      <trkpt lat="45.0508706847225" lon="6.47397291626931">
        <ele>2561</ele>
      </trkpt>
      <trkpt lat="45.05120064848371" lon="6.4738909021552535">
        <ele>2567</ele>
      </trkpt>
      <trkpt lat="45.05140473011636" lon="6.4736496280755285">
        <ele>2566</ele>
      </trkpt>
      <trkpt lat="45.05159355330918" lon="6.4728428380698064">
        <ele>2559</ele>
      </trkpt>
      <trkpt lat="45.05214953271029" lon="6.472260156399007">
        <ele>2559</ele>
      </trkpt>
      <trkpt lat="45.05251573526608" lon="6.4721028037383164">
        <ele>2562</ele>
      </trkpt>
      <trkpt lat="45.05280278466528" lon="6.4718329200839202">
        <ele>2567</ele>
      </trkpt>
      <trkpt lat="45.05292485218388" lon="6.4716917795155435">
        <ele>2569</ele>
      </trkpt>
      <trkpt lat="45.05306599275225" lon="6.4711205416746127">
        <ele>2569</ele>
      </trkpt>
      <trkpt lat="45.0530268930002" lon="6.4707457562464228">
        <ele>2566</ele>
      </trkpt>
      <trkpt lat="45.05284188441733" lon="6.4704615678046906">
        <ele>2561</ele>
      </trkpt>
      <trkpt lat="45.0527922944879" lon="6.4701325576959743">
        <ele>2560</ele>
      </trkpt>
      <trkpt lat="45.05291340835401" lon="6.4695794392523354">
        <ele>2565</ele>
      </trkpt>
      <trkpt lat="45.05289433530422" lon="6.4692923898531367">
        <ele>2564</ele>
      </trkpt>
      <trkpt lat="45.05300591264545" lon="6.4690473011634548">
        <ele>2568</ele>
      </trkpt>
      <trkpt lat="45.05308029753959" lon="6.4684865534999032">
        <ele>2570</ele>
      </trkpt>
      <trkpt lat="45.05320808697312" lon="6.4682338355903095">
        <ele>2576</ele>
      </trkpt>
      <trkpt lat="45.05313084112151" lon="6.4681575433911869">
        <ele>2570</ele>
      </trkpt>
      <trkpt lat="45.05316517261111" lon="6.4680411977875254">
        <ele>2570</ele>
      </trkpt>
      <trkpt lat="45.05334636658403" lon="6.468040244135036">
        <ele>2581</ele>
      </trkpt>
      <trkpt lat="45.05345699027276" lon="6.4679343887087537">
        <ele>2585</ele>
      </trkpt>
      <trkpt lat="45.05375834445929" lon="6.4674356284569887">
        <ele>2594</ele>
      </trkpt>
      <trkpt lat="45.05385561701317" lon="6.46694163646767">
        <ele>2586</ele>
      </trkpt>
      <trkpt lat="45.05401869158879" lon="6.4666240701888222">
        <ele>2588</ele>
      </trkpt>
      <trkpt lat="45.05407209612818" lon="6.4666183482738875">
        <ele>2591</ele>
      </trkpt>
      <trkpt lat="45.05409498378792" lon="6.4664638565706642">
        <ele>2591</ele>
      </trkpt>
      <trkpt lat="45.05425138279612" lon="6.4662168605760053">
        <ele>2594</ele>
      </trkpt>
      <trkpt lat="45.05429429715813" lon="6.4659879839786374">
        <ele>2591</ele>
      </trkpt>
      <trkpt lat="45.05444974251384" lon="6.4658830822048436">
        <ele>2589</ele>
      </trkpt>
      <trkpt lat="45.05444974251384" lon="6.4658830822048436">
        <ele>2589</ele>
      </trkpt>
      <trkpt lat="45.05457181003244" lon="6.4659794011062361">
        <ele>2591</ele>
      </trkpt>
      <trkpt lat="45.05465477779898" lon="6.4660547396528694">
        <ele>2594</ele>
      </trkpt>
      <trkpt lat="45.05473869921801" lon="6.4661300781995026">
        <ele>2598</ele>
      </trkpt>
      <trkpt lat="45.05477112340265" lon="6.4661272172420361">
        <ele>2598</ele>
      </trkpt>
      <trkpt lat="45.05488079343888" lon="6.4661434293343492">
        <ele>2600</ele>
      </trkpt>
      <trkpt lat="45.05492847606333" lon="6.4662054167461367">
        <ele>2603</ele>
      </trkpt>
      <trkpt lat="45.05503051687966" lon="6.46621209231356">
        <ele>2603</ele>
      </trkpt>
      <trkpt lat="45.05513255769598" lon="6.4662187678809833">
        <ele>2598</ele>
      </trkpt>
      <trkpt lat="45.05522983024987" lon="6.4662130459660485">
        <ele>2592</ele>
      </trkpt>
      <trkpt lat="45.05535094411598" lon="6.4663150867823758">
        <ele>2591</ele>
      </trkpt>
      <trkpt lat="45.05538432195309" lon="6.4663847034140751">
        <ele>2593</ele>
      </trkpt>
      <trkpt lat="45.0554186534427" lon="6.4664543200457745">
        <ele>2595</ele>
      </trkpt>
      <trkpt lat="45.05550066755676" lon="6.4665220293724959">
        <ele>2594</ele>
      </trkpt>
      <trkpt lat="45.05561415220295" lon="6.4665220293724959">
        <ele>2589</ele>
      </trkpt>
      <trkpt lat="45.05571619301927" lon="6.46656685103948">
        <ele>2586</ele>
      </trkpt>
      <trkpt lat="45.05582586305552" lon="6.4666288384512676">
        <ele>2584</ele>
      </trkpt>
      <trkpt lat="45.05592885752433" lon="6.466615487316421">
        <ele>2580</ele>
      </trkpt>
      <trkpt lat="45.05604997139044" lon="6.4666421895861133">
        <ele>2576</ele>
      </trkpt>
      <trkpt lat="45.05615201220677" lon="6.4667280183101266">
        <ele>2577</ele>
      </trkpt>
      <trkpt lat="45.05623974823575" lon="6.4667251573526592">
        <ele>2574</ele>
      </trkpt>
      <trkpt lat="45.05630745756248" lon="6.4667394621399952">
        <ele>2572</ele>
      </trkpt>
      <trkpt lat="45.05637612054169" lon="6.4667547205798197">
        <ele>2570</ele>
      </trkpt>
      <trkpt lat="45.05647816135802" lon="6.4668109860766725">
        <ele>2569</ele>
      </trkpt>
      <trkpt lat="45.05656112912456" lon="6.4668405493038321">
        <ele>2568</ele>
      </trkpt>
      <trkpt lat="45.05662597749382" lon="6.4667947739843585">
        <ele>2563</ele>
      </trkpt>
      <trkpt lat="45.05671848178525" lon="6.4667766545870675">
        <ele>2558</ele>
      </trkpt>
      <trkpt lat="45.05682433721153" lon="6.4667900057219141">
        <ele>2556</ele>
      </trkpt>
      <trkpt lat="45.0569311462903" lon="6.4668033568567607">
        <ele>2553</ele>
      </trkpt>
      <trkpt lat="45.05702174327676" lon="6.4667385084875058">
        <ele>2547</ele>
      </trkpt>
      <trkpt lat="45.05709135990846" lon="6.4667375548350172">
        <ele>2545</ele>
      </trkpt>
      <trkpt lat="45.05716193019265" lon="6.4667366011825278">
        <ele>2543</ele>
      </trkpt>
      <trkpt lat="45.05723440778181" lon="6.4667928666793806">
        <ele>2544</ele>
      </trkpt>
      <trkpt lat="45.05730688537098" lon="6.4668491321762342">
        <ele>2545</ele>
      </trkpt>
      <trkpt lat="45.05736410452032" lon="6.4669301926378013">
        <ele>2548</ele>
      </trkpt>
      <trkpt lat="45.0574709135991" lon="6.4669759679572749">
        <ele>2547</ele>
      </trkpt>
      <trkpt lat="45.05753480831586" lon="6.4669015830631302">
        <ele>2542</ele>
      </trkpt>
      <trkpt lat="45.05759965668511" lon="6.4668271981689864">
        <ele>2537</ele>
      </trkpt>
      <trkpt lat="45.05767404157926" lon="6.4667604424947536">
        <ele>2533</ele>
      </trkpt>
      <trkpt lat="45.05776273126074" lon="6.4667251573526592">
        <ele>2530</ele>
      </trkpt>
      <trkpt lat="45.05784760633227" lon="6.4667089452603461">
        <ele>2528</ele>
      </trkpt>
      <trkpt lat="45.05793343505628" lon="6.4666936868205216">
        <ele>2527</ele>
      </trkpt>
      <trkpt lat="45.05800877360291" lon="6.4666841502956309">
        <ele>2526</ele>
      </trkpt>
      <trkpt lat="45.05808506580203" lon="6.4666746137707412">
        <ele>2525</ele>
      </trkpt>
      <trkpt lat="45.05816326530613" lon="6.4666984550829669">
        <ele>2526</ele>
      </trkpt>
      <trkpt lat="45.05824241846273" lon="6.4667232500476812">
        <ele>2527</ele>
      </trkpt>
      <trkpt lat="45.05831775700936" lon="6.4667070379553682">
        <ele>2525</ele>
      </trkpt>
      <trkpt lat="45.05839977112341" lon="6.4666584016784272">
        <ele>2522</ele>
      </trkpt>
      <trkpt lat="45.05848464619494" lon="6.4666746137707412">
        <ele>2521</ele>
      </trkpt>
      <trkpt lat="45.05856952126646" lon="6.4666908258630542">
        <ele>2521</ele>
      </trkpt>
      <trkpt lat="45.05865153538052" lon="6.4667251573526592">
        <ele>2522</ele>
      </trkpt>
      <trkpt lat="45.05873450314706" lon="6.4667604424947536">
        <ele>2522</ele>
      </trkpt>
      <trkpt lat="45.05882510013353" lon="6.4668310127789423">
        <ele>2523</ele>
      </trkpt>
      <trkpt lat="45.05891665077247" lon="6.4669025367156197">
        <ele>2523</ele>
      </trkpt>
      <trkpt lat="45.05898531375168" lon="6.4669912263970994">
        <ele>2524</ele>
      </trkpt>
      <trkpt lat="45.05905493038338" lon="6.4670799160785801">
        <ele>2524</ele>
      </trkpt>
      <trkpt lat="45.0591398054549" lon="6.4671733740225053">
        <ele>2523</ele>
      </trkpt>
      <trkpt lat="45.05922944878887" lon="6.467197215334731">
        <ele>2521</ele>
      </trkpt>
      <trkpt lat="45.05932386038528" lon="6.4672325004768254">
        <ele>2519</ele>
      </trkpt>
      <trkpt lat="45.05939443066948" lon="6.467278275796299">
        <ele>2518</ele>
      </trkpt>
      <trkpt lat="45.05944878886135" lon="6.4673850848750707">
        <ele>2518</ele>
      </trkpt>
      <trkpt lat="45.05954415411026" lon="6.4674575624642365">
        <ele>2517</ele>
      </trkpt>
      <trkpt lat="45.05964047301165" lon="6.4675300400534033">
        <ele>2516</ele>
      </trkpt>
      <trkpt lat="45.05965573145147" lon="6.4675958420751467">
        <ele>2516</ele>
      </trkpt>
      <trkpt lat="45.05967098989129" lon="6.4676616440968902">
        <ele>2517</ele>
      </trkpt>
      <trkpt lat="45.05971199694832" lon="6.4676883463665833">
        <ele>2516</ele>
      </trkpt>
      <trkpt lat="45.05980736219723" lon="6.4679429715811549">
        <ele>2518</ele>
      </trkpt>
      <trkpt lat="45.05985790577915" lon="6.4680211710852555">
        <ele>2518</ele>
      </trkpt>
      <trkpt lat="45.0599399198932" lon="6.4680183101277882">
        <ele>2516</ele>
      </trkpt>
      <trkpt lat="45.06000000000001" lon="6.4680421514400139">
        <ele>2515</ele>
      </trkpt>
      <trkpt lat="45.06" lon="6.4680421514400139">
        <ele>2515</ele>
      </trkpt>
      <trkpt lat="45.06004958992942" lon="6.4680612244897944">
        <ele>2514</ele>
      </trkpt>
      <trkpt lat="45.0601211138661" lon="6.46810509250429">
        <ele>2514</ele>
      </trkpt>
      <trkpt lat="45.06019359145527" lon="6.4681499141712751">
        <ele>2514</ele>
      </trkpt>
      <trkpt lat="45.06027083730688" lon="6.4682595842075132">
        <ele>2514</ele>
      </trkpt>
      <trkpt lat="45.06035380507343" lon="6.4683559031089057">
        <ele>2514</ele>
      </trkpt>
      <trkpt lat="45.06043772649246" lon="6.4684531756627877">
        <ele>2513</ele>
      </trkpt>
      <trkpt lat="45.06055311844364" lon="6.4684341026130063">
        <ele>2510</ele>
      </trkpt>
      <trkpt lat="45.06062273507533" lon="6.4684770169750134">
        <ele>2509</ele>
      </trkpt>
      <trkpt lat="45.06069330535952" lon="6.4685199313370196">
        <ele>2508</ele>
      </trkpt>
      <trkpt lat="45.06080392904825" lon="6.468522792294487">
        <ele>2506</ele>
      </trkpt>
      <trkpt lat="45.06088498950982" lon="6.4685542628266246">
        <ele>2504</ele>
      </trkpt>
      <trkpt lat="45.06090596986458" lon="6.4686191111958795">
        <ele>2504</ele>
      </trkpt>
      <trkpt lat="45.06092695021933" lon="6.4686839595651335">
        <ele>2503</ele>
      </trkpt>
      <trkpt lat="45.06099656685103" lon="6.4687154300972711">
        <ele>2502</ele>
      </trkpt>
      <trkpt lat="45.06107572000762" lon="6.468735456799541">
        <ele>2500</ele>
      </trkpt>
      <trkpt lat="45.0611558268167" lon="6.4687554835018108">
        <ele>2498</ele>
      </trkpt>
      <trkpt lat="45.06126931146289" lon="6.4687669273316795">
        <ele>2496</ele>
      </trkpt>
      <trkpt lat="45.06136849132176" lon="6.4688365439633788">
        <ele>2493</ele>
      </trkpt>
      <trkpt lat="45.06138756437154" lon="6.4689547968720191">
        <ele>2492</ele>
      </trkpt>
      <trkpt lat="45.06146671752813" lon="6.4692256341789038">
        <ele>2490</ele>
      </trkpt>
      <trkpt lat="45.06147911501048" lon="6.4693219530802963">
        <ele>2491</ele>
      </trkpt>
      <trkpt lat="45.06149151249284" lon="6.4694182719816888">
        <ele>2492</ele>
      </trkpt>
      <trkpt lat="45.06155731451459" lon="6.4695203127980152">
        <ele>2491</ele>
      </trkpt>
      <trkpt lat="45.06167842838069" lon="6.4696357047491881">
        <ele>2491</ele>
      </trkpt>
      <trkpt lat="45.06177188632461" lon="6.4696919702460409">
        <ele>2492</ele>
      </trkpt>
      <trkpt lat="45.06183292008392" lon="6.4696995994659536">
        <ele>2492</ele>
      </trkpt>
      <trkpt lat="45.0618949074957" lon="6.4697081823383549">
        <ele>2492</ele>
      </trkpt>
      <trkpt lat="45.06201602136181" lon="6.4697406065229819">
        <ele>2492</ele>
      </trkpt>
      <trkpt lat="45.06206561129124" lon="6.4696728971962605">
        <ele>2491</ele>
      </trkpt>
      <trkpt lat="45.06212950600801" lon="6.4696357047491881">
        <ele>2491</ele>
      </trkpt>
      <trkpt lat="45.06218100324242" lon="6.4695794392523354">
        <ele>2490</ele>
      </trkpt>
      <trkpt lat="45.06227922944878" lon="6.4693057409879833">
        <ele>2485</ele>
      </trkpt>
      <trkpt lat="45.06234693877551" lon="6.4691979782567222">
        <ele>2482</ele>
      </trkpt>
      <trkpt lat="45.06241560175472" lon="6.4690911691779505">
        <ele>2482</ele>
      </trkpt>
      <trkpt lat="45.06249189395383" lon="6.4690625596032794">
        <ele>2481</ele>
      </trkpt>
      <trkpt lat="45.06256913980545" lon="6.4690349036810977">
        <ele>2481</ele>
      </trkpt>
      <trkpt lat="45.06265878313942" lon="6.4690377646385642">
        <ele>2482</ele>
      </trkpt>
      <trkpt lat="45.06275224108334" lon="6.4690110623688719">
        <ele>2482</ele>
      </trkpt>
      <trkpt lat="45.06284569902727" lon="6.4689843600991788">
        <ele>2482</ele>
      </trkpt>
      <trkpt lat="45.06293629601372" lon="6.4689767308792661">
        <ele>2483</ele>
      </trkpt>
      <trkpt lat="45.06302784665267" lon="6.4689700553118437">
        <ele>2483</ele>
      </trkpt>
      <trkpt lat="45.06312798016402" lon="6.4690072477589151">
        <ele>2484</ele>
      </trkpt>
      <trkpt lat="45.06322906732786" lon="6.4690453938584769">
        <ele>2484</ele>
      </trkpt>
      <trkpt lat="45.06333015449169" lon="6.4690997520503517">
        <ele>2486</ele>
      </trkpt>
      <trkpt lat="45.06343124165554" lon="6.469155063894716">
        <ele>2485</ele>
      </trkpt>
      <trkpt lat="45.0634865534999" lon="6.4692342170513051">
        <ele>2485</ele>
      </trkpt>
      <trkpt lat="45.06354281899675" lon="6.4693133702078951">
        <ele>2486</ele>
      </trkpt>
      <trkpt lat="45.06366393286286" lon="6.4694106427617761">
        <ele>2486</ele>
      </trkpt>
      <trkpt lat="45.0637640663742" lon="6.4694192256341774">
        <ele>2486</ele>
      </trkpt>
      <trkpt lat="45.06386515353805" lon="6.469428762159068">
        <ele>2485</ele>
      </trkpt>
      <trkpt lat="45.06394526034713" lon="6.4694888422658776">
        <ele>2486</ele>
      </trkpt>
      <trkpt lat="45.06402632080869" lon="6.4695498760251757">
        <ele>2486</ele>
      </trkpt>
      <trkpt lat="45.06409593744039" lon="6.4695794392523354">
        <ele>2487</ele>
      </trkpt>
      <trkpt lat="45.06413980545489" lon="6.4695145908830813">
        <ele>2485</ele>
      </trkpt>
      <trkpt lat="45.06422468052641" lon="6.4695145908830813">
        <ele>2483</ele>
      </trkpt>
      <trkpt lat="45.06428380698073" lon="6.4695555979401096">
        <ele>2483</ele>
      </trkpt>
      <trkpt lat="45.06436009917985" lon="6.4695174518405478">
        <ele>2480</ele>
      </trkpt>
      <trkpt lat="45.0643820331871" lon="6.4694640473011624">
        <ele>2478</ele>
      </trkpt>
      <trkpt lat="45.06440301354186" lon="6.4694506961663159">
        <ele>2478</ele>
      </trkpt>
      <trkpt lat="45.06479496471485" lon="6.4698426473393083">
        <ele>2477</ele>
      </trkpt>
      <trkpt lat="45.06486172038908" lon="6.4699465954606135">
        <ele>2477</ele>
      </trkpt>
      <trkpt lat="45.06496948312034" lon="6.4700381460995597">
        <ele>2476</ele>
      </trkpt>
      <trkpt lat="45.06523078390234" lon="6.4702231546824329">
        <ele>2475</ele>
      </trkpt>
      <trkpt lat="45.06553976730878" lon="6.4703919511729913">
        <ele>2473</ele>
      </trkpt>
      <trkpt lat="45.06580869731069" lon="6.4704720579820698">
        <ele>2469</ele>
      </trkpt>
      <trkpt lat="45.06587545298493" lon="6.4705016212092303">
        <ele>2467</ele>
      </trkpt>
      <trkpt lat="45.06594316231165" lon="6.47053118443639">
        <ele>2466</ele>
      </trkpt>
      <trkpt lat="45.06601945451077" lon="6.4705979401106228">
        <ele>2466</ele>
      </trkpt>
      <trkpt lat="45.06609670036238" lon="6.4706656494373442">
        <ele>2465</ele>
      </trkpt>
      <trkpt lat="45.066651726111" lon="6.4708001144382976">
        <ele>2449</ele>
      </trkpt>
      <trkpt lat="45.06696833873735" lon="6.4708592408926178">
        <ele>2444</ele>
      </trkpt>
      <trkpt lat="45.06708563799351" lon="6.4708430288003038">
        <ele>2441</ele>
      </trkpt>
      <trkpt lat="45.06720293724966" lon="6.4708268167079908">
        <ele>2439</ele>
      </trkpt>
      <trkpt lat="45.06727160022887" lon="6.4708468434102597">
        <ele>2438</ele>
      </trkpt>
      <trkpt lat="45.06734121686057" lon="6.4708668701125296">
        <ele>2437</ele>
      </trkpt>
      <trkpt lat="45.06733549494564" lon="6.4709765401487687">
        <ele>2439</ele>
      </trkpt>
      <trkpt lat="45.06735075338546" lon="6.4710490177379354">
        <ele>2439</ele>
      </trkpt>
      <trkpt lat="45.06736601182529" lon="6.4711214953271012">
        <ele>2440</ele>
      </trkpt>
      <trkpt lat="45.06741560175471" lon="6.471193972916268">
        <ele>2440</ele>
      </trkpt>
      <trkpt lat="45.0674775891665" lon="6.4712016021361807">
        <ele>2439</ele>
      </trkpt>
      <trkpt lat="45.06754053023078" lon="6.4712101850085819">
        <ele>2437</ele>
      </trkpt>
      <trkpt lat="45.06760251764256" lon="6.4712798016402813">
        <ele>2437</ele>
      </trkpt>
      <trkpt lat="45.06760061033759" lon="6.4713427427045573">
        <ele>2438</ele>
      </trkpt>
      <trkpt lat="45.06759870303261" lon="6.4714056837688334">
        <ele>2439</ele>
      </trkpt>
      <trkpt lat="45.06765210757199" lon="6.471402822811366">
        <ele>2438</ele>
      </trkpt>
      <trkpt lat="45.06769979019644" lon="6.4714972344077806">
        <ele>2438</ele>
      </trkpt>
      <trkpt lat="45.06771600228876" lon="6.4715840167842824">
        <ele>2439</ele>
      </trkpt>
      <trkpt lat="45.06773316803356" lon="6.4716717528132737">
        <ele>2440</ele>
      </trkpt>
      <trkpt lat="45.06783044058744" lon="6.4716603089834051">
        <ele>2438</ele>
      </trkpt>
      <trkpt lat="45.06785332824718" lon="6.471708945260346">
        <ele>2438</ele>
      </trkpt>
      <trkpt lat="45.06795727636848" lon="6.4717194354377252">
        <ele>2435</ele>
      </trkpt>
      <trkpt lat="45.06806122448979" lon="6.4717308792675938">
        <ele>2433</ele>
      </trkpt>
      <trkpt lat="45.06814896051878" lon="6.4716994087354553">
        <ele>2431</ele>
      </trkpt>
      <trkpt lat="45.06823765020026" lon="6.4716688918558063">
        <ele>2429</ele>
      </trkpt>
      <trkpt lat="45.0682948693496" lon="6.4715611291245461">
        <ele>2426</ele>
      </trkpt>
      <trkpt lat="45.06835304215144" lon="6.4714543200457744">
        <ele>2423</ele>
      </trkpt>
      <trkpt lat="45.06843505626549" lon="6.4714581346557303">
        <ele>2423</ele>
      </trkpt>
      <trkpt lat="45.06851802403204" lon="6.4714619492656862">
        <ele>2423</ele>
      </trkpt>
      <trkpt lat="45.06856189204653" lon="6.4715601754720566">
        <ele>2425</ele>
      </trkpt>
      <trkpt lat="45.06860671371351" lon="6.4716584016784271">
        <ele>2427</ele>
      </trkpt>
      <trkpt lat="45.06868109860766" lon="6.4717680717146662">
        <ele>2429</ele>
      </trkpt>
      <trkpt lat="45.06873927140949" lon="6.4717308792675938">
        <ele>2428</ele>
      </trkpt>
      <trkpt lat="45.06880507343124" lon="6.4716231165363327">
        <ele>2426</ele>
      </trkpt>
      <trkpt lat="45.06887182910547" lon="6.471516307457561">
        <ele>2425</ele>
      </trkpt>
      <trkpt lat="45.06905969864581" lon="6.4711319855044813">
        <ele>2419</ele>
      </trkpt>
      <trkpt lat="45.06915792485218" lon="6.47083730688537">
        <ele>2414</ele>
      </trkpt>
      <trkpt lat="45.06924756818615" lon="6.4708153728781221">
        <ele>2415</ele>
      </trkpt>
      <trkpt lat="45.06932699095809" lon="6.4707359501061799">
        <ele>2415</ele>
      </trkpt>
      <trkpt lat="45.06932699095809" lon="6.4707359501061799">
        <ele>2415</ele>
      </trkpt>
      <trkpt lat="45.06933339691016" lon="6.4707295441541088">
        <ele>2415</ele>
      </trkpt>
      <trkpt lat="45.06941922563417" lon="6.470644669082585">
        <ele>2415</ele>
      </trkpt>
      <trkpt lat="45.06953271028037" lon="6.4705893572382216">
        <ele>2416</ele>
      </trkpt>
      <trkpt lat="45.06964714857905" lon="6.4705349990463468">
        <ele>2417</ele>
      </trkpt>
      <trkpt lat="45.06968726310296" lon="6.4705427192000053">
        <ele>2418</ele>
      </trkpt>
      <trkpt lat="45.06968726299039" lon="6.4705427191783418">
        <ele>2418</ele>
      </trkpt>
      <trkpt lat="45.06973583826053" lon="6.4706151058554253">
        <ele>2418</ele>
      </trkpt>
      <trkpt lat="45.06978828914743" lon="6.470723822239175">
        <ele>2420</ele>
      </trkpt>
      <trkpt lat="45.06984074003432" lon="6.4708325386229246">
        <ele>2421</ele>
      </trkpt>
      <trkpt lat="45.06992561510585" lon="6.4709126454320032">
        <ele>2422</ele>
      </trkpt>
      <trkpt lat="45.06999427808506" lon="6.4709889376311258">
        <ele>2422</ele>
      </trkpt>
      <trkpt lat="45.070042914362" lon="6.4710642761777599">
        <ele>2422</ele>
      </trkpt>
      <trkpt lat="45.07009155063894" lon="6.4711396147243931">
        <ele>2421</ele>
      </trkpt>
      <trkpt lat="45.07012016021361" lon="6.471208277703604">
        <ele>2421</ele>
      </trkpt>
      <trkpt lat="45.07012492847606" lon="6.4712855235552151">
        <ele>2421</ele>
      </trkpt>
      <trkpt lat="45.07011062368872" lon="6.4713656303642937">
        <ele>2421</ele>
      </trkpt>
      <trkpt lat="45.07010776273125" lon="6.4714667175281315">
        <ele>2421</ele>
      </trkpt>
      <trkpt lat="45.07010585542628" lon="6.4715687583444579">
        <ele>2421</ele>
      </trkpt>
      <trkpt lat="45.07011443829867" lon="6.4716307457562454">
        <ele>2421</ele>
      </trkpt>
      <trkpt lat="45.07012397482357" lon="6.4716927331680321">
        <ele>2420</ele>
      </trkpt>
      <trkpt lat="45.07012206751859" lon="6.4717957276368479">
        <ele>2420</ele>
      </trkpt>
      <trkpt lat="45.07013160404348" lon="6.4718815563608612">
        <ele>2420</ele>
      </trkpt>
      <trkpt lat="45.07014209422086" lon="6.4719673850848736">
        <ele>2420</ele>
      </trkpt>
      <trkpt lat="45.07013351134846" lon="6.4720083921419027">
        <ele>2420</ele>
      </trkpt>
      <trkpt lat="45.07007629219912" lon="6.4721199694831189">
        <ele>2420</ele>
      </trkpt>
      <trkpt lat="45.07006389471676" lon="6.4721638374976145">
        <ele>2420</ele>
      </trkpt>
      <trkpt lat="45.07006294106427" lon="6.4722086591645995">
        <ele>2420</ele>
      </trkpt>
      <trkpt lat="45.07007057028418" lon="6.4722448979591825">
        <ele>2420</ele>
      </trkpt>
      <trkpt lat="45.07010204081632" lon="6.4723011634560352">
        <ele>2420</ele>
      </trkpt>
      <trkpt lat="45.07010680907877" lon="6.4723421705130635">
        <ele>2420</ele>
      </trkpt>
      <trkpt lat="45.07010299446881" lon="6.4724260919320988">
        <ele>2420</ele>
      </trkpt>
      <trkpt lat="45.07010871638374" lon="6.472470913599083">
        <ele>2419</ele>
      </trkpt>
      <trkpt lat="45.07012206751859" lon="6.4725138279610901">
        <ele>2419</ele>
      </trkpt>
      <trkpt lat="45.0701211138661" lon="6.4725576959755857">
        <ele>2419</ele>
      </trkpt>
      <trkpt lat="45.07013255769597" lon="6.4726139614724385">
        <ele>2420</ele>
      </trkpt>
      <trkpt lat="45.07016021361815" lon="6.4726807171466705">
        <ele>2420</ele>
      </trkpt>
      <trkpt lat="45.07018786954033" lon="6.4727474728209033">
        <ele>2420</ele>
      </trkpt>
      <trkpt lat="45.07022124737745" lon="6.4728113675376679">
        <ele>2420</ele>
      </trkpt>
      <trkpt lat="45.07025557886706" lon="6.4728752622544334">
        <ele>2420</ele>
      </trkpt>
      <trkpt lat="45.07029467861911" lon="6.4729115010490164">
        <ele>2419</ele>
      </trkpt>
      <trkpt lat="45.0703385466336" lon="6.4729258058363524">
        <ele>2419</ele>
      </trkpt>
      <trkpt lat="45.07038336830058" lon="6.4729248521838629">
        <ele>2419</ele>
      </trkpt>
      <trkpt lat="45.0704434484074" lon="6.4729343887087536">
        <ele>2418</ele>
      </trkpt>
      <trkpt lat="45.07050638947167" lon="6.4729286667938188">
        <ele>2417</ele>
      </trkpt>
      <trkpt lat="45.0705731451459" lon="6.4729305740987977">
        <ele>2417</ele>
      </trkpt>
      <trkpt lat="45.07064943734503" lon="6.4729372496662201">
        <ele>2416</ele>
      </trkpt>
      <trkpt lat="45.07072572954415" lon="6.4729448788861328">
        <ele>2415</ele>
      </trkpt>
      <trkpt lat="45.07075910738126" lon="6.4729305740987977">
        <ele>2415</ele>
      </trkpt>
      <trkpt lat="45.07082014114056" lon="6.47288861338928">
        <ele>2414</ele>
      </trkpt>
      <trkpt lat="45.07088212855235" lon="6.4728466526797623">
        <ele>2414</ele>
      </trkpt>
      <trkpt lat="45.07094506961663" lon="6.4728104138851794">
        <ele>2414</ele>
      </trkpt>
      <trkpt lat="45.0710080106809" lon="6.4727741750905956">
        <ele>2414</ele>
      </trkpt>
      <trkpt lat="45.07105473965287" lon="6.4727589166507711">
        <ele>2414</ele>
      </trkpt>
      <trkpt lat="45.07110623688727" lon="6.4727741750905956">
        <ele>2414</ele>
      </trkpt>
      <trkpt lat="45.07113770741941" lon="6.4728180431050912">
        <ele>2415</ele>
      </trkpt>
      <trkpt lat="45.07117966812893" lon="6.4728590501621195">
        <ele>2415</ele>
      </trkpt>
      <trkpt lat="45.0712254434484" lon="6.4728828914743453">
        <ele>2415</ele>
      </trkpt>
      <trkpt lat="45.07125500667556" lon="6.4728819378218567">
        <ele>2415</ele>
      </trkpt>
      <trkpt lat="45.07137516688918" lon="6.4728533282471856">
        <ele>2415</ele>
      </trkpt>
      <trkpt lat="45.07149628075528" lon="6.4728256723250039">
        <ele>2416</ele>
      </trkpt>
      <trkpt lat="45.07160881174899" lon="6.4727694068281503">
        <ele>2416</ele>
      </trkpt>
      <trkpt lat="45.07187297348845" lon="6.4727007438489403">
        <ele>2415</ele>
      </trkpt>
      <trkpt lat="45.07193400724776" lon="6.4727064657638742">
        <ele>2415</ele>
      </trkpt>
      <trkpt lat="45.07199599465954" lon="6.472712187678809">
        <ele>2415</ele>
      </trkpt>
      <trkpt lat="45.07204463093648" lon="6.4727083730688522">
        <ele>2415</ele>
      </trkpt>
      <trkpt lat="45.07212855235552" lon="6.4726902536715611">
        <ele>2415</ele>
      </trkpt>
      <trkpt lat="45.07216288384512" lon="6.4726759488842251">
        <ele>2415</ele>
      </trkpt>
      <trkpt lat="45.07222105664695" lon="6.4726664123593354">
        <ele>2415</ele>
      </trkpt>
      <trkpt lat="45.07227636849132" lon="6.4726692733168019">
        <ele>2415</ele>
      </trkpt>
      <trkpt lat="45.07237936296013" lon="6.4726587831394227">
        <ele>2415</ele>
      </trkpt>
      <trkpt lat="45.07242513827961" lon="6.4726349418271969">
        <ele>2415</ele>
      </trkpt>
      <trkpt lat="45.072521457181" lon="6.4725605569330522">
        <ele>2415</ele>
      </trkpt>
      <trkpt lat="45.07256055693305" lon="6.4724871256913969">
        <ele>2415</ele>
      </trkpt>
      <trkpt lat="45.07256055693305" lon="6.4724871256913969">
        <ele>2415</ele>
      </trkpt>
      <trkpt lat="45.07283902345984" lon="6.4723745946976914">
        <ele>2418</ele>
      </trkpt>
      <trkpt lat="45.07355903108906" lon="6.4726502002670214">
        <ele>2427</ele>
      </trkpt>
      <trkpt lat="45.07413122258249" lon="6.4733301544917019">
        <ele>2439</ele>
      </trkpt>
      <trkpt lat="45.07464810223154" lon="6.4738518024032032">
        <ele>2461</ele>
      </trkpt>
      <trkpt lat="45.07466622162883" lon="6.4741312225824901">
        <ele>2465</ele>
      </trkpt>
      <trkpt lat="45.07466240701888" lon="6.4743801258821279">
        <ele>2468</ele>
      </trkpt>
      <trkpt lat="45.0746519168415" lon="6.4744688155636076">
        <ele>2469</ele>
      </trkpt>
      <trkpt lat="45.07464142666412" lon="6.4745575052450874">
        <ele>2469</ele>
      </trkpt>
      <trkpt lat="45.0746166316994" lon="6.4746538241464799">
        <ele>2469</ele>
      </trkpt>
      <trkpt lat="45.07459279038718" lon="6.4747501430478724">
        <ele>2470</ele>
      </trkpt>
      <trkpt lat="45.07458420751477" lon="6.474795918367346">
        <ele>2470</ele>
      </trkpt>
      <trkpt lat="45.07458039290482" lon="6.4748998664886503">
        <ele>2471</ele>
      </trkpt>
      <trkpt lat="45.07452508106046" lon="6.4751459088308208">
        <ele>2470</ele>
      </trkpt>
      <trkpt lat="45.07454224680526" lon="6.4752641617394611">
        <ele>2472</ele>
      </trkpt>
      <trkpt lat="45.07456799542246" lon="6.475312798016402">
        <ele>2474</ele>
      </trkpt>
      <trkpt lat="45.07465763875643" lon="6.475379553690634">
        <ele>2479</ele>
      </trkpt>
      <trkpt lat="45.07474918939538" lon="6.4754339118825088">
        <ele>2484</ele>
      </trkpt>
      <trkpt lat="45.07479210375738" lon="6.475523555216478">
        <ele>2487</ele>
      </trkpt>
      <trkpt lat="45.07486172038908" lon="6.4756399008201404">
        <ele>2491</ele>
      </trkpt>
      <trkpt lat="45.07486172038908" lon="6.4756399008201404">
        <ele>2491</ele>
      </trkpt>
      <trkpt lat="45.07484646194926" lon="6.4757257295441528">
        <ele>2491</ele>
      </trkpt>
      <trkpt lat="45.07470532138088" lon="6.4760528323478912">
        <ele>2483</ele>
      </trkpt>
      <trkpt lat="45.07468910928857" lon="6.4761243562845685">
        <ele>2482</ele>
      </trkpt>
      <trkpt lat="45.07467957276368" lon="6.4762330726683182">
        <ele>2481</ele>
      </trkpt>
      <trkpt lat="45.07468434102612" lon="6.4763274842647327">
        <ele>2481</ele>
      </trkpt>
      <trkpt lat="45.07469864581346" lon="6.4764171275987019">
        <ele>2481</ele>
      </trkpt>
      <trkpt lat="45.07476921609765" lon="6.4764934197978246">
        <ele>2484</ele>
      </trkpt>
      <trkpt lat="45.07483978638184" lon="6.4765706656494366">
        <ele>2486</ele>
      </trkpt>
      <trkpt lat="45.07489032996376" lon="6.4766469578485593">
        <ele>2488</ele>
      </trkpt>
      <trkpt lat="45.07495899294297" lon="6.476690825863054">
        <ele>2491</ele>
      </trkpt>
      <trkpt lat="45.0754253290101" lon="6.4772448979591823">
        <ele>2513</ele>
      </trkpt>
      <trkpt lat="45.07550162120923" lon="6.4773011634560351">
        <ele>2516</ele>
      </trkpt>
      <trkpt lat="45.07556742323096" lon="6.4773736410452019">
        <ele>2518</ele>
      </trkpt>
      <trkpt lat="45.07560938394049" lon="6.4773755483501798">
        <ele>2519</ele>
      </trkpt>
      <trkpt lat="45.07566660308983" lon="6.4773393095555969">
        <ele>2521</ele>
      </trkpt>
      <trkpt lat="45.07578676330345" lon="6.4773421705130643">
        <ele>2526</ele>
      </trkpt>
      <trkpt lat="45.07590787716956" lon="6.4773459851230202">
        <ele>2529</ele>
      </trkpt>
      <trkpt lat="45.07600324241846" lon="6.4773955750524497">
        <ele>2532</ele>
      </trkpt>
      <trkpt lat="45.07609860766736" lon="6.4774461186343686">
        <ele>2534</ele>
      </trkpt>
      <trkpt lat="45.07620446309364" lon="6.4774880793438863">
        <ele>2536</ele>
      </trkpt>
      <trkpt lat="45.07631031851992" lon="6.477530040053403">
        <ele>2540</ele>
      </trkpt>
      <trkpt lat="45.07640854472629" lon="6.4775405302307831">
        <ele>2543</ele>
      </trkpt>
      <trkpt lat="45.07650677093267" lon="6.4775519740606509">
        <ele>2547</ele>
      </trkpt>
      <trkpt lat="45.07659259965668" lon="6.477544344840739">
        <ele>2549</ele>
      </trkpt>
      <trkpt lat="45.07667842838069" lon="6.4775376692733158">
        <ele>2552</ele>
      </trkpt>
      <trkpt lat="45.07754339118824" lon="6.4770608430287995">
        <ele>2568</ele>
      </trkpt>
      <trkpt lat="45.0779038718291" lon="6.4770169750143038">
        <ele>2571</ele>
      </trkpt>
      <trkpt lat="45.07824814037764" lon="6.4769273316803346">
        <ele>2572</ele>
      </trkpt>
      <trkpt lat="45.07835018119397" lon="6.4769444974251371">
        <ele>2572</ele>
      </trkpt>
      <trkpt lat="45.07835018119397" lon="6.4769444974251371">
        <ele>2572</ele>
      </trkpt>
      <trkpt lat="45.07846461949265" lon="6.476948312035093">
        <ele>2573</ele>
      </trkpt>
      <trkpt lat="45.07860766736601" lon="6.4769282853328232">
        <ele>2573</ele>
      </trkpt>
      <trkpt lat="45.07882796109097" lon="6.4769330535952685">
        <ele>2574</ele>
      </trkpt>
      <trkpt lat="45.0790692351707" lon="6.4768977684531741">
        <ele>2575</ele>
      </trkpt>
      <trkpt lat="45.07907134329479" lon="6.4768974601815446">
        <ele>2575</ele>
      </trkpt>
      <trkpt lat="45.07910261300781" lon="6.4768405493038328">
        <ele>2575</ele>
      </trkpt>
      <trkpt lat="45.07921514400152" lon="6.4768453175662781">
        <ele>2575</ele>
      </trkpt>
      <trkpt lat="45.07932862864772" lon="6.476851039481212">
        <ele>2576</ele>
      </trkpt>
      <trkpt lat="45.07944783520885" lon="6.4767947739843592">
        <ele>2577</ele>
      </trkpt>
      <trkpt lat="45.07956799542246" lon="6.4767385084875064">
        <ele>2577</ele>
      </trkpt>
      <trkpt lat="45.07964810223154" lon="6.4767098989128353">
        <ele>2577</ele>
      </trkpt>
      <trkpt lat="45.07972820904062" lon="6.4766822429906528">
        <ele>2577</ele>
      </trkpt>
      <trkpt lat="45.07982357428952" lon="6.4766593553309164">
        <ele>2578</ele>
      </trkpt>
      <trkpt lat="45.07991989319091" lon="6.4766374213236686">
        <ele>2579</ele>
      </trkpt>
      <trkpt lat="45.07999999999999" lon="6.4765983215716183">
        <ele>2580</ele>
      </trkpt>
      <trkpt lat="45.08000000000001" lon="6.4765983215716183">
        <ele>2580</ele>
      </trkpt>
      <trkpt lat="45.08005626549686" lon="6.4765716193019252">
        <ele>2580</ele>
      </trkpt>
      <trkpt lat="45.08078390234599" lon="6.4765821094793043">
        <ele>2567</ele>
      </trkpt>
      <trkpt lat="45.08088498950983" lon="6.476526797634941">
        <ele>2566</ele>
      </trkpt>
      <trkpt lat="45.08098703032615" lon="6.4764724394430662">
        <ele>2563</ele>
      </trkpt>
      <trkpt lat="45.08127217242038" lon="6.4764285714285705">
        <ele>2556</ele>
      </trkpt>
      <trkpt lat="45.08139233263399" lon="6.4763656303642945">
        <ele>2554</ele>
      </trkpt>
      <trkpt lat="45.08149341979783" lon="6.4762798016402812">
        <ele>2552</ele>
      </trkpt>
      <trkpt lat="45.08159450696166" lon="6.4761939729162679">
        <ele>2551</ele>
      </trkpt>
      <trkpt lat="45.08186725157353" lon="6.4761987411787132">
        <ele>2545</ele>
      </trkpt>
      <trkpt lat="45.08195117299257" lon="6.4762149532710271">
        <ele>2543</ele>
      </trkpt>
      <trkpt lat="45.08205512111387" lon="6.476269311462902">
        <ele>2540</ele>
      </trkpt>
      <trkpt lat="45.08214190349037" lon="6.4762397482357414">
        <ele>2539</ele>
      </trkpt>
      <trkpt lat="45.08217718863246" lon="6.4763408353995793">
        <ele>2536</ele>
      </trkpt>
      <trkpt lat="45.08228018310128" lon="6.4764066374213227">
        <ele>2533</ele>
      </trkpt>
      <trkpt lat="45.08238317757009" lon="6.4764733930955547">
        <ele>2530</ele>
      </trkpt>
      <trkpt lat="45.08279324814038" lon="6.4765058172801817">
        <ele>2525</ele>
      </trkpt>
      <trkpt lat="45.08313274842648" lon="6.4764352469959938">
        <ele>2521</ele>
      </trkpt>
      <trkpt lat="45.08318424566088" lon="6.4763465573145131">
        <ele>2521</ele>
      </trkpt>
      <trkpt lat="45.08415792485219" lon="6.4761663169940862">
        <ele>2494</ele>
      </trkpt>
      <trkpt lat="45.08448216669846" lon="6.4764018691588774">
        <ele>2486</ele>
      </trkpt>
      <trkpt lat="45.08466812893382" lon="6.476739462139995">
        <ele>2484</ele>
      </trkpt>
      <trkpt lat="45.08466812893382" lon="6.476739462139995">
        <ele>2484</ele>
      </trkpt>
      <trkpt lat="45.08480354758726" lon="6.4769607095174511">
        <ele>2480</ele>
      </trkpt>
      <trkpt lat="45.08491035666604" lon="6.4772468052641603">
        <ele>2478</ele>
      </trkpt>
      <trkpt lat="45.0850181193973" lon="6.47774079725348">
        <ele>2475</ele>
      </trkpt>
      <trkpt lat="45.08497711234027" lon="6.4778657257295427">
        <ele>2476</ele>
      </trkpt>
      <trkpt lat="45.08503147053214" lon="6.4788308220484447">
        <ele>2466</ele>
      </trkpt>
      <trkpt lat="45.08495994659546" lon="6.4791092885752422">
        <ele>2464</ele>
      </trkpt>
      <trkpt lat="45.08504863627694" lon="6.479388708754529">
        <ele>2460</ele>
      </trkpt>
      <trkpt lat="45.08492370780088" lon="6.4799999999999986">
        <ele>2461</ele>
      </trkpt>
      <trkpt lat="45.08492370780088" lon="6.4800000000000093">
        <ele>2461</ele>
      </trkpt>
      <trkpt lat="45.08487888613389" lon="6.480218386419998">
        <ele>2460</ele>
      </trkpt>
      <trkpt lat="45.08457943925234" lon="6.4807314514590972">
        <ele>2459</ele>
      </trkpt>
      <trkpt lat="45.08447644478353" lon="6.4811625023841399">
        <ele>2457</ele>
      </trkpt>
      <trkpt lat="45.08441350371925" lon="6.4817575815372965">
        <ele>2455</ele>
      </trkpt>
      <trkpt lat="45.08433816517262" lon="6.4819158878504766">
        <ele>2456</ele>
      </trkpt>
      <trkpt lat="45.0842437535762" lon="6.4823154682433808">
        <ele>2457</ele>
      </trkpt>
      <trkpt lat="45.08449837879077" lon="6.4827589166507815">
        <ele>2452</ele>
      </trkpt>
      <trkpt lat="45.0845050543582" lon="6.4831213045966143">
        <ele>2452</ele>
      </trkpt>
      <trkpt lat="45.08419416364677" lon="6.4831708945260438">
        <ele>2455</ele>
      </trkpt>
      <trkpt lat="45.08419511729926" lon="6.4833587640663835">
        <ele>2455</ele>
      </trkpt>
      <trkpt lat="45.08448979591837" lon="6.4841779515544626">
        <ele>2460</ele>
      </trkpt>
      <trkpt lat="45.08491512492848" lon="6.4846004196071041">
        <ele>2459</ele>
      </trkpt>
      <trkpt lat="45.08512492847607" lon="6.4845832538623016">
        <ele>2461</ele>
      </trkpt>
      <trkpt lat="45.08528800305169" lon="6.4848569521266546">
        <ele>2470</ele>
      </trkpt>
      <trkpt lat="45.08528800305169" lon="6.4848569521266546">
        <ele>2470</ele>
      </trkpt>
      <trkpt lat="45.08513637230593" lon="6.4850915506389564">
        <ele>2467</ele>
      </trkpt>
      <trkpt lat="45.08513637230593" lon="6.4850915506389564">
        <ele>2467</ele>
      </trkpt>
      <trkpt lat="45.08497901964525" lon="6.4853328247186814">
        <ele>2466</ele>
      </trkpt>
      <trkpt lat="45.08497806599276" lon="6.4854234217051401">
        <ele>2467</ele>
      </trkpt>
      <trkpt lat="45.08488937631127" lon="6.4856074766355229">
        <ele>2469</ele>
      </trkpt>
      <trkpt lat="45.08490368109861" lon="6.4857715048636368">
        <ele>2470</ele>
      </trkpt>
      <trkpt lat="45.08477779897006" lon="6.4865630364295344">
        <ele>2466</ele>
      </trkpt>
      <trkpt lat="45.08472916269312" lon="6.4866793820331958">
        <ele>2464</ele>
      </trkpt>
      <trkpt lat="45.08472534808316" lon="6.4868977684531846">
        <ele>2461</ele>
      </trkpt>
      <trkpt lat="45.08465382414649" lon="6.487012206751869">
        <ele>2458</ele>
      </trkpt>
      <trkpt lat="45.08463379744421" lon="6.4871991226397192">
        <ele>2454</ele>
      </trkpt>
      <trkpt lat="45.08491226397101" lon="6.487482357428962">
        <ele>2457</ele>
      </trkpt>
      <trkpt lat="45.08491226397101" lon="6.487579629982843">
        <ele>2454</ele>
      </trkpt>
      <trkpt lat="45.084826435247" lon="6.4876597367919224">
        <ele>2450</ele>
      </trkpt>
      <trkpt lat="45.08480164028229" lon="6.4877627312607373">
        <ele>2447</ele>
      </trkpt>
      <trkpt lat="45.08446786191112" lon="6.487756055693314">
        <ele>2441</ele>
      </trkpt>
      <trkpt lat="45.08427331680336" lon="6.4880478733549589">
        <ele>2433</ele>
      </trkpt>
      <trkpt lat="45.08416173946215" lon="6.4883692542437625">
        <ele>2428</ele>
      </trkpt>
      <trkpt lat="45.08421514400153" lon="6.4885170703795625">
        <ele>2427</ele>
      </trkpt>
      <trkpt lat="45.08507438489415" lon="6.4886219721533562">
        <ele>2426</ele>
      </trkpt>
      <trkpt lat="45.08517165744803" lon="6.4885609383940581">
        <ele>2426</ele>
      </trkpt>
      <trkpt lat="45.08552927713141" lon="6.4885275605569426">
        <ele>2423</ele>
      </trkpt>
      <trkpt lat="45.08558363532329" lon="6.4883463665840262">
        <ele>2427</ele>
      </trkpt>
      <trkpt lat="45.08577150486363" lon="6.4882605378600129">
        <ele>2428</ele>
      </trkpt>
      <trkpt lat="45.08595365248904" lon="6.4883463665840262">
        <ele>2421</ele>
      </trkpt>
      <trkpt lat="45.08616059507916" lon="6.4884293343505721">
        <ele>2415</ele>
      </trkpt>
      <trkpt lat="45.08652965859241" lon="6.4887364104520406">
        <ele>2406</ele>
      </trkpt>
      <trkpt lat="45.08669845508297" lon="6.4889786381842551">
        <ele>2404</ele>
      </trkpt>
      <trkpt lat="45.08672515735267" lon="6.4890539767308884">
        <ele>2404</ele>
      </trkpt>
      <trkpt lat="45.08691398054549" lon="6.4890682815182235">
        <ele>2407</ele>
      </trkpt>
      <trkpt lat="45.08701983597177" lon="6.4891636467671274">
        <ele>2409</ele>
      </trkpt>
      <trkpt lat="45.08692065611292" lon="6.4894602326912167">
        <ele>2407</ele>
      </trkpt>
      <trkpt lat="45.08656971199695" lon="6.4900171657448116">
        <ele>2399</ele>
      </trkpt>
      <trkpt lat="45.08654491703223" lon="6.4902384131222677">
        <ele>2399</ele>
      </trkpt>
      <trkpt lat="45.08641426664124" lon="6.4903890902155341">
        <ele>2398</ele>
      </trkpt>
      <trkpt lat="45.08634751096701" lon="6.4905092504291524">
        <ele>2398</ele>
      </trkpt>
      <trkpt lat="45.08617776082396" lon="6.4907667366011914">
        <ele>2396</ele>
      </trkpt>
      <trkpt lat="45.08611100514972" lon="6.491248331108153">
        <ele>2397</ele>
      </trkpt>
      <trkpt lat="45.08589929429716" lon="6.4917718863246323">
        <ele>2394</ele>
      </trkpt>
      <trkpt lat="45.08587163837498" lon="6.492103757390816">
        <ele>2394</ele>
      </trkpt>
      <trkpt lat="45.08571714667175" lon="6.4924070188823286">
        <ele>2393</ele>
      </trkpt>
      <trkpt lat="45.08561510585543" lon="6.4927551020408254">
        <ele>2389</ele>
      </trkpt>
      <trkpt lat="45.08531470532139" lon="6.4933215716193109">
        <ele>2380</ele>
      </trkpt>
      <trkpt lat="45.08499713904254" lon="6.4937268739271499">
        <ele>2370</ele>
      </trkpt>
      <trkpt lat="45.08497806599276" lon="6.4939166507724675">
        <ele>2368</ele>
      </trkpt>
      <trkpt lat="45.08539385847797" lon="6.4945956513446594">
        <ele>2372</ele>
      </trkpt>
      <trkpt lat="45.08512588212856" lon="6.4957495708563888">
        <ele>2364</ele>
      </trkpt>
      <trkpt lat="45.08529753957658" lon="6.4961729925615197">
        <ele>2367</ele>
      </trkpt>
      <trkpt lat="45.08532614915125" lon="6.4963942399389749">
        <ele>2366</ele>
      </trkpt>
      <trkpt lat="45.08529277131414" lon="6.4966593553309266">
        <ele>2363</ele>
      </trkpt>
      <trkpt lat="45.0853480831585" lon="6.4969931337020883">
        <ele>2362</ele>
      </trkpt>
      <trkpt lat="45.0853738317757" lon="6.4973250047682711">
        <ele>2359</ele>
      </trkpt>
      <trkpt lat="45.08532614915125" lon="6.4975586496280844">
        <ele>2357</ele>
      </trkpt>
      <trkpt lat="45.08529658592409" lon="6.4978914743467575">
        <ele>2354</ele>
      </trkpt>
      <trkpt lat="45.08533187106619" lon="6.4981489605187956">
        <ele>2353</ele>
      </trkpt>
      <trkpt lat="45.08521266450506" lon="6.498427427045594">
        <ele>2350</ele>
      </trkpt>
      <trkpt lat="45.08535761968339" lon="6.4989214190349127">
        <ele>2344</ele>
      </trkpt>
      <trkpt lat="45.08551687964906" lon="6.4989996185390133">
        <ele>2344</ele>
      </trkpt>
      <trkpt lat="45.08524794964715" lon="6.4992780850658107">
        <ele>2338</ele>
      </trkpt>
      <trkpt lat="45.08521171085257" lon="6.4995374785428277">
        <ele>2333</ele>
      </trkpt>
      <trkpt lat="45.0855311844364" lon="6.4998598130841216">
        <ele>2327</ele>
      </trkpt>
      <trkpt lat="45.08566183482739" lon="6.4999761586877831">
        <ele>2325</ele>
      </trkpt>
      <trkpt lat="45.08568186152966" lon="6.5000000000000089">
        <ele>2319</ele>
      </trkpt>
      <trkpt lat="45.08568186152966" lon="6.4999999999999911">
        <ele>2319</ele>
      </trkpt>
      <trkpt lat="45.08570284188442" lon="6.5000743848941358">
        <ele>2317</ele>
      </trkpt>
      <trkpt lat="45.08570761014687" lon="6.5002202937249578">
        <ele>2314</ele>
      </trkpt>
      <trkpt lat="45.08564180812512" lon="6.5003414075910646">
        <ele>2310</ele>
      </trkpt>
      <trkpt lat="45.08570761014687" lon="6.50070093457943">
        <ele>2301</ele>
      </trkpt>
      <trkpt lat="45.08591646004196" lon="6.5009364867442212">
        <ele>2298</ele>
      </trkpt>
      <trkpt lat="45.08577055121114" lon="6.5010432958229929">
        <ele>2293</ele>
      </trkpt>
      <trkpt lat="45.08567709326721" lon="6.5011443829868307">
        <ele>2290</ele>
      </trkpt>
      <trkpt lat="45.0858258630555" lon="6.5013589547968627">
        <ele>2285</ele>
      </trkpt>
      <trkpt lat="45.08612340263208" lon="6.5014676711806123">
        <ele>2289</ele>
      </trkpt>
      <trkpt lat="45.08611863436964" lon="6.501720389090206">
        <ele>2283</ele>
      </trkpt>
      <trkpt lat="45.08612912454702" lon="6.501961663169932">
        <ele>2279</ele>
      </trkpt>
      <trkpt lat="45.08632366965478" lon="6.5022820904062471">
        <ele>2278</ele>
      </trkpt>
      <trkpt lat="45.08636944497425" lon="6.5024127407972445">
        <ele>2278</ele>
      </trkpt>
      <trkpt lat="45.08636944497425" lon="6.5024127407972445">
        <ele>2278</ele>
      </trkpt>
      <trkpt lat="45.08616440968911" lon="6.502818996757572">
        <ele>2267</ele>
      </trkpt>
      <trkpt lat="45.08614247568187" lon="6.50290005721914">
        <ele>2266</ele>
      </trkpt>
      <trkpt lat="45.08612149532711" lon="6.5029820713331974">
        <ele>2264</ele>
      </trkpt>
      <trkpt lat="45.08603280564563" lon="6.5029715811558173">
        <ele>2262</ele>
      </trkpt>
      <trkpt lat="45.08594411596415" lon="6.5029610909784381">
        <ele>2259</ele>
      </trkpt>
      <trkpt lat="45.08585065802022" lon="6.5029973297730219">
        <ele>2255</ele>
      </trkpt>
      <trkpt lat="45.08575720007629" lon="6.5030345222200943">
        <ele>2254</ele>
      </trkpt>
      <trkpt lat="45.08572954415411" lon="6.5033635323288106">
        <ele>2251</ele>
      </trkpt>
      <trkpt lat="45.08566469578486" lon="6.5034264733930867">
        <ele>2251</ele>
      </trkpt>
      <trkpt lat="45.08559984741561" lon="6.5034903681098513">
        <ele>2251</ele>
      </trkpt>
      <trkpt lat="45.08525939347702" lon="6.5036486744230313">
        <ele>2247</ele>
      </trkpt>
      <trkpt lat="45.08522410833493" lon="6.5037154300972633">
        <ele>2246</ele>
      </trkpt>
      <trkpt lat="45.08518977684532" lon="6.5037821857714961">
        <ele>2245</ele>
      </trkpt>
      <trkpt lat="45.0851134846462" lon="6.5038804119778666">
        <ele>2243</ele>
      </trkpt>
      <trkpt lat="45.08504958992943" lon="6.5039395384321859">
        <ele>2241</ele>
      </trkpt>
      <trkpt lat="45.08498664886515" lon="6.503998664886506">
        <ele>2239</ele>
      </trkpt>
      <trkpt lat="45.08492275414839" lon="6.5041150104901684">
        <ele>2237</ele>
      </trkpt>
      <trkpt lat="45.08491226397101" lon="6.5041989319092028">
        <ele>2236</ele>
      </trkpt>
      <trkpt lat="45.08490272744612" lon="6.5042828533282382">
        <ele>2236</ele>
      </trkpt>
      <trkpt lat="45.084826435247" lon="6.5043724966622074">
        <ele>2237</ele>
      </trkpt>
      <trkpt lat="45.08475014304788" lon="6.5044621399961766">
        <ele>2236</ele>
      </trkpt>
      <trkpt lat="45.08471104329583" lon="6.5045660881174809">
        <ele>2236</ele>
      </trkpt>
      <trkpt lat="45.08463284379172" lon="6.5046719435437632">
        <ele>2235</ele>
      </trkpt>
      <trkpt lat="45.08457085637994" lon="6.5047196261682156">
        <ele>2235</ele>
      </trkpt>
      <trkpt lat="45.08450886896815" lon="6.5047673087926672">
        <ele>2234</ele>
      </trkpt>
      <trkpt lat="45.08445164981881" lon="6.5048283425519653">
        <ele>2233</ele>
      </trkpt>
      <trkpt lat="45.08439538432196" lon="6.5048893763112634">
        <ele>2232</ele>
      </trkpt>
      <trkpt lat="45.08431718481786" lon="6.5049961853900351">
        <ele>2230</ele>
      </trkpt>
      <trkpt lat="45.08431527751288" lon="6.5050839214190255">
        <ele>2230</ele>
      </trkpt>
      <trkpt lat="45.0843133702079" lon="6.5051726111005062">
        <ele>2230</ele>
      </trkpt>
      <trkpt lat="45.08428952889567" lon="6.5052851420942117">
        <ele>2230</ele>
      </trkpt>
      <trkpt lat="45.08424852183865" lon="6.5053948121304508">
        <ele>2229</ele>
      </trkpt>
      <trkpt lat="45.08422754148388" lon="6.5054806408544632">
        <ele>2229</ele>
      </trkpt>
      <trkpt lat="45.0841998855617" lon="6.5055607476635426">
        <ele>2228</ele>
      </trkpt>
      <trkpt lat="45.08417222963952" lon="6.5056418081251097">
        <ele>2227</ele>
      </trkpt>
      <trkpt lat="45.08408067900058" lon="6.5056580202174237">
        <ele>2225</ele>
      </trkpt>
      <trkpt lat="45.08402059889377" lon="6.5057791340835305">
        <ele>2223</ele>
      </trkpt>
      <trkpt lat="45.0839128361625" lon="6.5058649628075438">
        <ele>2221</ele>
      </trkpt>
      <trkpt lat="45.08385657066565" lon="6.5059422086591558">
        <ele>2221</ele>
      </trkpt>
      <trkpt lat="45.08380125882129" lon="6.5060204081632564">
        <ele>2220</ele>
      </trkpt>
      <trkpt lat="45.08374880793439" lon="6.506100514972335">
        <ele>2220</ele>
      </trkpt>
      <trkpt lat="45.08369731069998" lon="6.506181575433903">
        <ele>2219</ele>
      </trkpt>
      <trkpt lat="45.08366393286287" lon="6.5062426091932011">
        <ele>2218</ele>
      </trkpt>
      <trkpt lat="45.08363055502575" lon="6.5063036429524992">
        <ele>2218</ele>
      </trkpt>
      <trkpt lat="45.08355617013161" lon="6.5064009155063802">
        <ele>2215</ele>
      </trkpt>
      <trkpt lat="45.08348273888995" lon="6.5064991417127507">
        <ele>2213</ele>
      </trkpt>
      <trkpt lat="45.08321094793057" lon="6.5068224299065331">
        <ele>2207</ele>
      </trkpt>
      <trkpt lat="45.08311367537669" lon="6.5068691588784953">
        <ele>2205</ele>
      </trkpt>
      <trkpt lat="45.0830173564753" lon="6.5069168415029468">
        <ele>2204</ele>
      </trkpt>
      <trkpt lat="45.08288956704178" lon="6.5072344077817954">
        <ele>2205</ele>
      </trkpt>
      <trkpt lat="45.08278371161549" lon="6.5072859050162029">
        <ele>2203</ele>
      </trkpt>
      <trkpt lat="45.08267785618921" lon="6.5073374022506112">
        <ele>2200</ele>
      </trkpt>
      <trkpt lat="45.08238603852757" lon="6.5075090596986369">
        <ele>2194</ele>
      </trkpt>
      <trkpt lat="45.08206275033378" lon="6.5077541483883179">
        <ele>2190</ele>
      </trkpt>
      <trkpt lat="45.08199027274461" lon="6.5078371161548638">
        <ele>2189</ele>
      </trkpt>
      <trkpt lat="45.08191779515545" lon="6.5079210375738992">
        <ele>2187</ele>
      </trkpt>
      <trkpt lat="45.08181575433913" lon="6.5080249856952035">
        <ele>2186</ele>
      </trkpt>
      <trkpt lat="45.08181575433913" lon="6.5080249856952035">
        <ele>2186</ele>
      </trkpt>
      <trkpt lat="45.08178523745947" lon="6.5080802975395677">
        <ele>2185</ele>
      </trkpt>
      <trkpt lat="45.08178523745947" lon="6.5080802975395677">
        <ele>2185</ele>
      </trkpt>
      <trkpt lat="45.08182052260157" lon="6.5081756627884708">
        <ele>2186</ele>
      </trkpt>
      <trkpt lat="45.08190062941065" lon="6.5081804310509161">
        <ele>2187</ele>
      </trkpt>
      <trkpt lat="45.08201983597178" lon="6.5081441922563323">
        <ele>2189</ele>
      </trkpt>
      <trkpt lat="45.08211996948312" lon="6.5081489605187777">
        <ele>2191</ele>
      </trkpt>
      <trkpt lat="45.08219721533474" lon="6.5081899675758059">
        <ele>2192</ele>
      </trkpt>
      <trkpt lat="45.08227446118634" lon="6.5082309746328351">
        <ele>2193</ele>
      </trkpt>
      <trkpt lat="45.08238413122258" lon="6.5082309746328351">
        <ele>2195</ele>
      </trkpt>
      <trkpt lat="45.08247758916651" lon="6.5082767499523086">
        <ele>2197</ele>
      </trkpt>
      <trkpt lat="45.08255864962808" lon="6.5083902345985036">
        <ele>2200</ele>
      </trkpt>
      <trkpt lat="45.0825824909403" lon="6.5084627121876695">
        <ele>2201</ele>
      </trkpt>
      <trkpt lat="45.08260728590502" lon="6.5085361434293256">
        <ele>2202</ele>
      </trkpt>
      <trkpt lat="45.0826263589548" lon="6.5086229258058275">
        <ele>2203</ele>
      </trkpt>
      <trkpt lat="45.08262921991227" lon="6.5086982643524607">
        <ele>2203</ele>
      </trkpt>
      <trkpt lat="45.08263303452222" lon="6.5087736028990948">
        <ele>2203</ele>
      </trkpt>
      <trkpt lat="45.08260537860004" lon="6.508883272935333">
        <ele>2203</ele>
      </trkpt>
      <trkpt lat="45.08257772267786" lon="6.508992942971572">
        <ele>2202</ele>
      </trkpt>
      <trkpt lat="45.08256627884799" lon="6.5090978447453658">
        <ele>2201</ele>
      </trkpt>
      <trkpt lat="45.08255483501812" lon="6.5092027465191595">
        <ele>2202</ele>
      </trkpt>
      <trkpt lat="45.08248998664887" lon="6.5092828533282381">
        <ele>2200</ele>
      </trkpt>
      <trkpt lat="45.08242609193211" lon="6.5093629601373166">
        <ele>2200</ele>
      </trkpt>
      <trkpt lat="45.08242895288957" lon="6.5094239938966147">
        <ele>2201</ele>
      </trkpt>
      <trkpt lat="45.08243276749953" lon="6.5094859813084023">
        <ele>2202</ele>
      </trkpt>
      <trkpt lat="45.08245946976922" lon="6.5095517833301457">
        <ele>2204</ele>
      </trkpt>
      <trkpt lat="45.0824871256914" lon="6.5096185390043777">
        <ele>2206</ele>
      </trkpt>
      <trkpt lat="45.08239748235743" lon="6.5098655349990375">
        <ele>2207</ele>
      </trkpt>
      <trkpt lat="45.08237650200267" lon="6.5099446881556267">
        <ele>2208</ele>
      </trkpt>
      <trkpt lat="45.08235552164791" lon="6.5100247949647061">
        <ele>2209</ele>
      </trkpt>
      <trkpt lat="45.08230688537098" lon="6.5101211138660977">
        <ele>2209</ele>
      </trkpt>
      <trkpt lat="45.08223917604425" lon="6.5101850085828632">
        <ele>2208</ele>
      </trkpt>
      <trkpt lat="45.08215525462522" lon="6.5102527179095846">
        <ele>2206</ele>
      </trkpt>
      <trkpt lat="45.08208468434103" lon="6.5103585733358669">
        <ele>2205</ele>
      </trkpt>
      <trkpt lat="45.08205702841884" lon="6.5104243753576103">
        <ele>2205</ele>
      </trkpt>
      <trkpt lat="45.08203032614915" lon="6.5104901773793538">
        <ele>2205</ele>
      </trkpt>
      <trkpt lat="45.08199790196453" lon="6.5106093839404826">
        <ele>2206</ele>
      </trkpt>
      <trkpt lat="45.08198455082968" lon="6.510693305359518">
        <ele>2206</ele>
      </trkpt>
      <trkpt lat="45.08197215334732" lon="6.5107781804310418">
        <ele>2207</ele>
      </trkpt>
      <trkpt lat="45.08197215334732" lon="6.51083921419034">
        <ele>2207</ele>
      </trkpt>
      <trkpt lat="45.08197215334732" lon="6.5109012016021275">
        <ele>2208</ele>
      </trkpt>
      <trkpt lat="45.08198455082968" lon="6.5110108716383657">
        <ele>2209</ele>
      </trkpt>
      <trkpt lat="45.08197596795728" lon="6.5110928857524231">
        <ele>2210</ele>
      </trkpt>
      <trkpt lat="45.08196833873737" lon="6.5111748998664796">
        <ele>2210</ele>
      </trkpt>
      <trkpt lat="45.08197501430479" lon="6.5112941064276084">
        <ele>2211</ele>
      </trkpt>
      <trkpt lat="45.08204272363151" lon="6.5113627694068192">
        <ele>2214</ele>
      </trkpt>
      <trkpt lat="45.08195880221248" lon="6.511613580011435">
        <ele>2213</ele>
      </trkpt>
      <trkpt lat="45.08206561129125" lon="6.5116593553309086">
        <ele>2217</ele>
      </trkpt>
      <trkpt lat="45.08213332061797" lon="6.5116727064657551">
        <ele>2219</ele>
      </trkpt>
      <trkpt lat="45.08220102994469" lon="6.5116870112530902">
        <ele>2221</ele>
      </trkpt>
      <trkpt lat="45.08227446118634" lon="6.5117280183101185">
        <ele>2224</ele>
      </trkpt>
      <trkpt lat="45.08234026320809" lon="6.5117842838069713">
        <ele>2227</ele>
      </trkpt>
      <trkpt lat="45.08240701888232" lon="6.5118415029563135">
        <ele>2229</ele>
      </trkpt>
      <trkpt lat="45.0824871256914" lon="6.511889185580765">
        <ele>2231</ele>
      </trkpt>
      <trkpt lat="45.08256818615297" lon="6.511937821857706">
        <ele>2234</ele>
      </trkpt>
      <trkpt lat="45.08263398817471" lon="6.5119626168224212">
        <ele>2236</ele>
      </trkpt>
      <trkpt lat="45.08270074384895" lon="6.5119883654396249">
        <ele>2238</ele>
      </trkpt>
      <trkpt lat="45.08277798970056" lon="6.5119921800495808">
        <ele>2240</ele>
      </trkpt>
      <trkpt lat="45.08284665267977" lon="6.512035094411587">
        <ele>2242</ele>
      </trkpt>
      <trkpt lat="45.08291626931147" lon="6.5120789624260826">
        <ele>2244</ele>
      </trkpt>
      <trkpt lat="45.0830173564753" lon="6.5121743276749857">
        <ele>2246</ele>
      </trkpt>
      <trkpt lat="45.08311939729163" lon="6.5122706465763782">
        <ele>2249</ele>
      </trkpt>
      <trkpt lat="45.08314514590884" lon="6.5123507533854577">
        <ele>2249</ele>
      </trkpt>
      <trkpt lat="45.08317089452604" lon="6.5124308601945362">
        <ele>2250</ele>
      </trkpt>
      <trkpt lat="45.08323002098036" lon="6.5125128743085927">
        <ele>2251</ele>
      </trkpt>
      <trkpt lat="45.08329010108717" lon="6.5125948884226501">
        <ele>2253</ele>
      </trkpt>
      <trkpt lat="45.0833129887469" lon="6.5126749952317287">
        <ele>2253</ele>
      </trkpt>
      <trkpt lat="45.08333587640664" lon="6.5127551020408072">
        <ele>2254</ele>
      </trkpt>
      <trkpt lat="45.08335018119398" lon="6.5128209040625507">
        <ele>2255</ele>
      </trkpt>
      <trkpt lat="45.08336448598131" lon="6.5128876597367826">
        <ele>2256</ele>
      </trkpt>
      <trkpt lat="45.08334636658402" lon="6.5129668128933726">
        <ele>2256</ele>
      </trkpt>
      <trkpt lat="45.08332920083922" lon="6.5130469197024512">
        <ele>2256</ele>
      </trkpt>
      <trkpt lat="45.08339691016594" lon="6.5131565897386903">
        <ele>2258</ele>
      </trkpt>
      <trkpt lat="45.08349322906733" lon="6.513261491512484">
        <ele>2260</ele>
      </trkpt>
      <trkpt lat="45.08355235552165" lon="6.5133711615487222">
        <ele>2262</ele>
      </trkpt>
      <trkpt lat="45.08361243562846" lon="6.5134808315849613">
        <ele>2264</ele>
      </trkpt>
      <trkpt lat="45.0836172038909" lon="6.5135580774365733">
        <ele>2265</ele>
      </trkpt>
      <trkpt lat="45.08362197215335" lon="6.5136362769406739">
        <ele>2266</ele>
      </trkpt>
      <trkpt lat="45.08361243562846" lon="6.5137039862673953">
        <ele>2266</ele>
      </trkpt>
      <trkpt lat="45.08360289910357" lon="6.5137726492466053">
        <ele>2267</ele>
      </trkpt>
      <trkpt lat="45.08360576006104" lon="6.5138661071905304">
        <ele>2268</ele>
      </trkpt>
      <trkpt lat="45.08360957467099" lon="6.5139605187869449">
        <ele>2269</ele>
      </trkpt>
      <trkpt lat="45.08359622353615" lon="6.514055884035848">
        <ele>2269</ele>
      </trkpt>
      <trkpt lat="45.08353614342933" lon="6.5141216860575915">
        <ele>2270</ele>
      </trkpt>
      <trkpt lat="45.08347701697502" lon="6.5141884417318234">
        <ele>2270</ele>
      </trkpt>
      <trkpt lat="45.08340835399581" lon="6.5142332633988085">
        <ele>2270</ele>
      </trkpt>
      <trkpt lat="45.08340835399581" lon="6.5142332633988085">
        <ele>2270</ele>
      </trkpt>
      <trkpt lat="45.08350658020218" lon="6.5145765782948599">
        <ele>2277</ele>
      </trkpt>
      <trkpt lat="45.08353709708183" lon="6.5147367919130179">
        <ele>2280</ele>
      </trkpt>
      <trkpt lat="45.08377169559413" lon="6.5149732977302977">
        <ele>2283</ele>
      </trkpt>
      <trkpt lat="45.08387755102041" lon="6.5151344650009442">
        <ele>2286</ele>
      </trkpt>
      <trkpt lat="45.08398436009918" lon="6.5152412740797159">
        <ele>2287</ele>
      </trkpt>
      <trkpt lat="45.08415029563228" lon="6.515349036810977">
        <ele>2288</ele>
      </trkpt>
      <trkpt lat="45.08427236315087" lon="6.5155206942590027">
        <ele>2291</ele>
      </trkpt>
      <trkpt lat="45.08440110623689" lon="6.5156494373450222">
        <ele>2293</ele>
      </trkpt>
      <trkpt lat="45.08458992942972" lon="6.5158954796871926">
        <ele>2296</ele>
      </trkpt>
      <trkpt lat="45.08474156017547" lon="6.516078580965087">
        <ele>2299</ele>
      </trkpt>
      <trkpt lat="45.08489319092123" lon="6.5162397482357335">
        <ele>2300</ele>
      </trkpt>
      <trkpt lat="45.08511253099371" lon="6.5163789814991322">
        <ele>2303</ele>
      </trkpt>
      <trkpt lat="45.08528704939921" lon="6.516528704939911">
        <ele>2308</ele>
      </trkpt>
      <trkpt lat="45.08551401869159" lon="6.5166574480259305">
        <ele>2313</ele>
      </trkpt>
      <trkpt lat="45.08566564943735" lon="6.5168081251191978">
        <ele>2318</ele>
      </trkpt>
      <trkpt lat="45.08571142475682" lon="6.5169254243753487">
        <ele>2321</ele>
      </trkpt>
      <trkpt lat="45.08568853709708" lon="6.5170112530993611">
        <ele>2322</ele>
      </trkpt>
      <trkpt lat="45.08571142475682" lon="6.5171295060080014">
        <ele>2324</ele>
      </trkpt>
      <trkpt lat="45.08571142475682" lon="6.517290673278648">
        <ele>2327</ele>
      </trkpt>
      <trkpt lat="45.08576387564372" lon="6.5174947549113016">
        <ele>2330</ele>
      </trkpt>
      <trkpt lat="45.08584016784284" lon="6.5176664123593273">
        <ele>2334</ele>
      </trkpt>
      <trkpt lat="45.08590024794965" lon="6.517838069807353">
        <ele>2339</ele>
      </trkpt>
      <trkpt lat="45.08590787716956" lon="6.5182138088880324">
        <ele>2345</ele>
      </trkpt>
      <trkpt lat="45.08595365248904" lon="6.5183635323288103">
        <ele>2348</ele>
      </trkpt>
      <trkpt lat="45.08596128170895" lon="6.5185142094220776">
        <ele>2350</ele>
      </trkpt>
      <trkpt lat="45.08594602326912" lon="6.5186534426854763">
        <ele>2352</ele>
      </trkpt>
      <trkpt lat="45.08591550638948" lon="6.5188460804882613">
        <ele>2354</ele>
      </trkpt>
      <trkpt lat="45.08584779706275" lon="6.5191684150295544">
        <ele>2357</ele>
      </trkpt>
      <trkpt lat="45.08583253862293" lon="6.5192971581155739">
        <ele>2359</ele>
      </trkpt>
      <trkpt lat="45.08588498950983" lon="6.5194363913789726">
        <ele>2361</ele>
      </trkpt>
      <trkpt lat="45.08591646004196" lon="6.5196023269120644">
        <ele>2363</ele>
      </trkpt>
      <trkpt lat="45.08596032805646" lon="6.5199999999999907">
        <ele>2369</ele>
      </trkpt>
      <trkpt lat="45.08596032805646" lon="6.5200000000000014">
        <ele>2369</ele>
      </trkpt>
      <trkpt lat="45.08596795727637" lon="6.520074384894146">
        <ele>2370</ele>
      </trkpt>
      <trkpt lat="45.08597177188633" lon="6.5202984932290686">
        <ele>2374</ele>
      </trkpt>
      <trkpt lat="45.08600991798589" lon="6.5204749189395397">
        <ele>2376</ele>
      </trkpt>
      <trkpt lat="45.08606713713523" lon="6.5206704176997912">
        <ele>2379</ele>
      </trkpt>
      <trkpt lat="45.08614247568187" lon="6.5208201411405691">
        <ele>2381</ele>
      </trkpt>
      <trkpt lat="45.08627217242037" lon="6.5209708182338364">
        <ele>2384</ele>
      </trkpt>
      <trkpt lat="45.08646862483312" lon="6.5211529658592422">
        <ele>2386</ele>
      </trkpt>
      <trkpt lat="45.08660499713905" lon="6.5212921991226409">
        <ele>2388</ele>
      </trkpt>
      <trkpt lat="45.0866955941255" lon="6.5214753004005352">
        <ele>2391</ele>
      </trkpt>
      <trkpt lat="45.0867566278848" lon="6.5217137135227938">
        <ele>2394</ele>
      </trkpt>
      <trkpt lat="45.08678619111196" lon="6.5219320999427817">
        <ele>2396</ele>
      </trkpt>
      <trkpt lat="45.08668033568568" lon="6.5223669654777812">
        <ele>2398</ele>
      </trkpt>
      <trkpt lat="45.08664028228114" lon="6.5225853518977699">
        <ele>2400</ele>
      </trkpt>
      <trkpt lat="45.08663456036621" lon="6.5227570093457956">
        <ele>2402</ele>
      </trkpt>
      <trkpt lat="45.08658973869922" lon="6.5229448788861353">
        <ele>2405</ele>
      </trkpt>
      <trkpt lat="45.08662788479878" lon="6.523084112149534">
        <ele>2405</ele>
      </trkpt>
      <trkpt lat="45.08670226969293" lon="6.5232395575052466">
        <ele>2406</ele>
      </trkpt>
      <trkpt lat="45.08678714476445" lon="6.5233520884989522">
        <ele>2406</ele>
      </trkpt>
      <trkpt lat="45.08685390043868" lon="6.5235075338546649">
        <ele>2407</ele>
      </trkpt>
      <trkpt lat="45.08691398054549" lon="6.5236687011253114">
        <ele>2408</ele>
      </trkpt>
      <trkpt lat="45.08692351707038" lon="6.523878504672898">
        <ele>2411</ele>
      </trkpt>
      <trkpt lat="45.08688441731833" lon="6.5240873545679969">
        <ele>2413</ele>
      </trkpt>
      <trkpt lat="45.08688537097082" lon="6.5242323097463295">
        <ele>2415</ele>
      </trkpt>
      <trkpt lat="45.08682433721152" lon="6.5244897959183685">
        <ele>2418</ele>
      </trkpt>
      <trkpt lat="45.08670989891284" lon="6.5250686629792112">
        <ele>2424</ele>
      </trkpt>
      <trkpt lat="45.08662311653634" lon="6.5253261491512502">
        <ele>2424</ele>
      </trkpt>
      <trkpt lat="45.08654110242228" lon="6.5255168796490572">
        <ele>2425</ele>
      </trkpt>
      <trkpt lat="45.08644287621591" lon="6.5256427617776094">
        <ele>2427</ele>
      </trkpt>
      <trkpt lat="45.0862607285905" lon="6.5258382605378609">
        <ele>2430</ele>
      </trkpt>
      <trkpt lat="45.08613675376693" lon="6.5260957467098999">
        <ele>2434</ele>
      </trkpt>
      <trkpt lat="45.08606904444021" lon="6.5262025557886716">
        <ele>2435</ele>
      </trkpt>
      <trkpt lat="45.0860261300782" lon="6.5263522792294495">
        <ele>2436</ele>
      </trkpt>
      <trkpt lat="45.0858783139424" lon="6.5264638565706665">
        <ele>2438</ele>
      </trkpt>
      <trkpt lat="45.08579725348083" lon="6.5265706656494382">
        <ele>2439</ele>
      </trkpt>
      <trkpt lat="45.08573526606905" lon="6.526707991607859">
        <ele>2440</ele>
      </trkpt>
      <trkpt lat="45.08558363532329" lon="6.526868205226017">
        <ele>2442</ele>
      </trkpt>
      <trkpt lat="45.08554262826626" lon="6.5269826435247005">
        <ele>2442</ele>
      </trkpt>
      <trkpt lat="45.08551497234408" lon="6.5271514400152597">
        <ele>2443</ele>
      </trkpt>
      <trkpt lat="45.08542723631509" lon="6.5272706465763886">
        <ele>2444</ele>
      </trkpt>
      <trkpt lat="45.085261300782" lon="6.5273965287049407">
        <ele>2445</ele>
      </trkpt>
      <trkpt lat="45.08515067709327" lon="6.5274213236696559">
        <ele>2446</ele>
      </trkpt>
      <trkpt lat="45.08511443829869" lon="6.5276025176425723">
        <ele>2446</ele>
      </trkpt>
      <trkpt lat="45.08497139042533" lon="6.5276502002670238">
        <ele>2446</ele>
      </trkpt>
      <trkpt lat="45.08497139042533" lon="6.5276502002670238">
        <ele>2446</ele>
      </trkpt>
      <trkpt lat="45.08497806599276" lon="6.5277646385657082">
        <ele>2446</ele>
      </trkpt>
      <trkpt lat="45.08493896624071" lon="6.5279219912263979">
        <ele>2446</ele>
      </trkpt>
      <trkpt lat="45.08501525843982" lon="6.5281546824337227">
        <ele>2444</ele>
      </trkpt>
      <trkpt lat="45.08512969673851" lon="6.5284407781804319">
        <ele>2446</ele>
      </trkpt>
      <trkpt lat="45.08516688918559" lon="6.5291235933625797">
        <ele>2455</ele>
      </trkpt>
      <trkpt lat="45.08487602517643" lon="6.5305988937631136">
        <ele>2474</ele>
      </trkpt>
      <trkpt lat="45.08453843219531" lon="6.5316965477779911">
        <ele>2485</ele>
      </trkpt>
      <trkpt lat="45.08398817470914" lon="6.532671180621783">
        <ele>2494</ele>
      </trkpt>
      <trkpt lat="45.08405016212092" lon="6.5329362960137338">
        <ele>2495</ele>
      </trkpt>
      <trkpt lat="45.0841131031852" lon="6.5333616250238427">
        <ele>2496</ele>
      </trkpt>
      <trkpt lat="45.08438775510204" lon="6.5343353042151451">
        <ele>2503</ele>
      </trkpt>
      <trkpt lat="45.08463856570666" lon="6.5350972725538821">
        <ele>2506</ele>
      </trkpt>
      <trkpt lat="45.08498855617014" lon="6.5360003814609966">
        <ele>2501</ele>
      </trkpt>
      <trkpt lat="45.08536143429335" lon="6.5368853709708192">
        <ele>2506</ele>
      </trkpt>
      <trkpt lat="45.0857657829487" lon="6.5374947549113118">
        <ele>2514</ele>
      </trkpt>
      <trkpt lat="45.08593839404922" lon="6.5388336830059135">
        <ele>2534</ele>
      </trkpt>
      <trkpt lat="45.08587640663742" lon="6.5392942971581167">
        <ele>2541</ele>
      </trkpt>
      <trkpt lat="45.08618157543391" lon="6.5400000000000009">
        <ele>2554</ele>
      </trkpt>
      <trkpt lat="45.08618157543391" lon="6.5400000000000116">
        <ele>2554</ele>
      </trkpt>
      <trkpt lat="45.08621399961854" lon="6.5400734312416668">
        <ele>2555</ele>
      </trkpt>
      <trkpt lat="45.08710185008583" lon="6.5403213808888152">
        <ele>2563</ele>
      </trkpt>
      <trkpt lat="45.08752622544345" lon="6.541703223345424">
        <ele>2578</ele>
      </trkpt>
      <trkpt lat="45.08797634941828" lon="6.5421104329582418">
        <ele>2585</ele>
      </trkpt>
      <trkpt lat="45.08821285523555" lon="6.5423583826053902">
        <ele>2588</ele>
      </trkpt>
      <trkpt lat="45.08834541293153" lon="6.5428924279992486">
        <ele>2589</ele>
      </trkpt>
      <trkpt lat="45.08878027846653" lon="6.5433759298111882">
        <ele>2590</ele>
      </trkpt>
      <trkpt lat="45.08904253290101" lon="6.5434608048827121">
        <ele>2592</ele>
      </trkpt>
      <trkpt lat="45.08951077627313" lon="6.5436677474728322">
        <ele>2597</ele>
      </trkpt>
      <trkpt lat="45.08981499141713" lon="6.54368968148008">
        <ele>2601</ele>
      </trkpt>
      <trkpt lat="45.08992370780088" lon="6.5436563036429636">
        <ele>2602</ele>
      </trkpt>
      <trkpt lat="45.09003337783712" lon="6.543622925805848">
        <ele>2604</ele>
      </trkpt>
      <trkpt lat="45.09020122067519" lon="6.543365439633809">
        <ele>2608</ele>
      </trkpt>
      <trkpt lat="45.09052069425901" lon="6.5432290673278768">
        <ele>2613</ele>
      </trkpt>
      <trkpt lat="45.09098321571619" lon="6.5432481403776581">
        <ele>2618</ele>
      </trkpt>
      <trkpt lat="45.09153251954988" lon="6.5431308411215063">
        <ele>2624</ele>
      </trkpt>
      <trkpt lat="45.09187678809842" lon="6.542927713141343">
        <ele>2631</ele>
      </trkpt>
      <trkpt lat="45.09199599465955" lon="6.5429019645241384">
        <ele>2634</ele>
      </trkpt>
      <trkpt lat="45.09203795536907" lon="6.5428094602327027">
        <ele>2636</ele>
      </trkpt>
      <trkpt lat="45.09208086973107" lon="6.5427179095937555">
        <ele>2637</ele>
      </trkpt>
      <trkpt lat="45.09236696547779" lon="6.5426807171466832">
        <ele>2644</ele>
      </trkpt>
      <trkpt lat="45.09290673278657" lon="6.5435227922944996">
        <ele>2653</ele>
      </trkpt>
      <trkpt lat="45.09347224871257" lon="6.5441808125119323">
        <ele>2668</ele>
      </trkpt>
      <trkpt lat="45.09418462712188" lon="6.5453185199313486">
        <ele>2693</ele>
      </trkpt>
      <trkpt lat="45.09419988556171" lon="6.5453833683006026">
        <ele>2693</ele>
      </trkpt>
      <trkpt lat="45.09421514400153" lon="6.5454491703223461">
        <ele>2694</ele>
      </trkpt>
      <trkpt lat="45.09424470722869" lon="6.5454930383368417">
        <ele>2694</ele>
      </trkpt>
      <trkpt lat="45.09423803166126" lon="6.5455235552164908">
        <ele>2694</ele>
      </trkpt>
      <trkpt lat="45.09424852183864" lon="6.5455445355712492">
        <ele>2695</ele>
      </trkpt>
      <trkpt lat="45.09428666793821" lon="6.5455550257486284">
        <ele>2696</ele>
      </trkpt>
      <trkpt lat="45.09428666793821" lon="6.5456008010681019">
        <ele>2696</ele>
      </trkpt>
      <trkpt lat="45.09433148960519" lon="6.5456198741178824">
        <ele>2697</ele>
      </trkpt>
      <trkpt lat="45.0943391188251" lon="6.5456341789052184">
        <ele>2697</ele>
      </trkpt>
      <trkpt lat="45.09434293343506" lon="6.5457219149342096">
        <ele>2697</ele>
      </trkpt>
      <trkpt lat="45.09437726492467" lon="6.5457419416364786">
        <ele>2698</ele>
      </trkpt>
      <trkpt lat="45.09440110623689" lon="6.5458058363532441">
        <ele>2699</ele>
      </trkpt>
      <trkpt lat="45.0944259012016" lon="6.5458706847224981">
        <ele>2700</ele>
      </trkpt>
      <trkpt lat="45.09444974251383" lon="6.5458630555025863">
        <ele>2701</ele>
      </trkpt>
      <trkpt lat="45.09448502765593" lon="6.5458792675948994">
        <ele>2702</ele>
      </trkpt>
      <trkpt lat="45.09451077627313" lon="6.5458821285523667">
        <ele>2703</ele>
      </trkpt>
      <trkpt lat="45.09453843219531" lon="6.5459403013541975">
        <ele>2704</ele>
      </trkpt>
      <trkpt lat="45.09466336067138" lon="6.5462702651154032">
        <ele>2712</ele>
      </trkpt>
      <trkpt lat="45.0947043677284" lon="6.5463522792294597">
        <ele>2715</ele>
      </trkpt>
      <trkpt lat="45.09474632843792" lon="6.5464352469960057">
        <ele>2717</ele>
      </trkpt>
      <trkpt lat="45.0949132176235" lon="6.5467184817852484">
        <ele>2725</ele>
      </trkpt>
      <trkpt lat="45.09489509822621" lon="6.547034140759119">
        <ele>2728</ele>
      </trkpt>
      <trkpt lat="45.0950085828724" lon="6.5474032042723742">
        <ele>2735</ele>
      </trkpt>
      <trkpt lat="45.09512397482358" lon="6.547471867251585">
        <ele>2739</ele>
      </trkpt>
      <trkpt lat="45.09523936677475" lon="6.547540530230795">
        <ele>2742</ele>
      </trkpt>
      <trkpt lat="45.09526225443449" lon="6.5475643715430207">
        <ele>2743</ele>
      </trkpt>
      <trkpt lat="45.09525462521457" lon="6.5476015639900931">
        <ele>2743</ele>
      </trkpt>
      <trkpt lat="45.09526797634942" lon="6.5476254053023188">
        <ele>2744</ele>
      </trkpt>
      <trkpt lat="45.09529277131413" lon="6.5477436582109592">
        <ele>2745</ele>
      </trkpt>
      <trkpt lat="45.09531279801641" lon="6.5477589166507837">
        <ele>2745</ele>
      </trkpt>
      <trkpt lat="45.09531661262636" lon="6.5478027846652793">
        <ele>2746</ele>
      </trkpt>
      <trkpt lat="45.09534426854854" lon="6.5478275796299945">
        <ele>2746</ele>
      </trkpt>
      <trkpt lat="45.09535761968339" lon="6.5478514209422203">
        <ele>2747</ele>
      </trkpt>
      <trkpt lat="45.09537478542819" lon="6.5478609574671101">
        <ele>2747</ele>
      </trkpt>
      <trkpt lat="45.09539862674042" lon="6.5478571428571541">
        <ele>2748</ele>
      </trkpt>
      <trkpt lat="45.09541007057029" lon="6.5478657257295554">
        <ele>2748</ele>
      </trkpt>
      <trkpt lat="45.0954005340454" lon="6.5478847987793358">
        <ele>2748</ele>
      </trkpt>
      <trkpt lat="45.09541293152775" lon="6.5479029181766277">
        <ele>2749</ele>
      </trkpt>
      <trkpt lat="45.09546538241465" lon="6.5478828914743579">
        <ele>2750</ele>
      </trkpt>
      <trkpt lat="45.09549494564181" lon="6.5478943353042265">
        <ele>2750</ele>
      </trkpt>
      <trkpt lat="45.09551115773412" lon="6.5478743086019566">
        <ele>2751</ele>
      </trkpt>
      <trkpt lat="45.09551878695404" lon="6.5478514209422203">
        <ele>2751</ele>
      </trkpt>
      <trkpt lat="45.09555788670609" lon="6.547810413885192">
        <ele>2752</ele>
      </trkpt>
      <trkpt lat="45.09558458897578" lon="6.547832347892439">
        <ele>2752</ele>
      </trkpt>
      <trkpt lat="45.09561319855045" lon="6.5478247186725271">
        <ele>2753</ele>
      </trkpt>
      <trkpt lat="45.0956351325577" lon="6.5477903871829222">
        <ele>2753</ele>
      </trkpt>
      <trkpt lat="45.09564657638757" lon="6.5477570093458057">
        <ele>2754</ele>
      </trkpt>
      <trkpt lat="45.09566564943735" lon="6.5477608239557616">
        <ele>2754</ele>
      </trkpt>
      <trkpt lat="45.09568186152966" lon="6.5477865725729654">
        <ele>2755</ele>
      </trkpt>
      <trkpt lat="45.09570188823193" lon="6.5478533282471982">
        <ele>2755</ele>
      </trkpt>
      <trkpt lat="45.09572286858669" lon="6.5479210375739196">
        <ele>2756</ele>
      </trkpt>
      <trkpt lat="45.09578008773603" lon="6.5479067327865836">
        <ele>2757</ele>
      </trkpt>
      <trkpt lat="45.09582395575053" lon="6.5479506008010793">
        <ele>2759</ele>
      </trkpt>
      <trkpt lat="45.0958525653252" lon="6.5479544154110352">
        <ele>2759</ele>
      </trkpt>
      <trkpt lat="45.09587259202747" lon="6.5479639519359258">
        <ele>2759</ele>
      </trkpt>
      <trkpt lat="45.09592885752432" lon="6.5479620446309479">
        <ele>2760</ele>
      </trkpt>
      <trkpt lat="45.09599847415602" lon="6.5479868395956631">
        <ele>2762</ele>
      </trkpt>
      <trkpt lat="45.09604997139043" lon="6.5480335685676252">
        <ele>2763</ele>
      </trkpt>
      <trkpt lat="45.09613293915697" lon="6.548057409879851">
        <ele>2764</ele>
      </trkpt>
      <trkpt lat="45.09621590692352" lon="6.5480822048445662">
        <ele>2765</ele>
      </trkpt>
      <trkpt lat="45.09628456990273" lon="6.5480421514400264">
        <ele>2766</ele>
      </trkpt>
      <trkpt lat="45.09631413312989" lon="6.5480440587450044">
        <ele>2767</ele>
      </trkpt>
      <trkpt lat="45.09634178905208" lon="6.5480307076101578">
        <ele>2767</ele>
      </trkpt>
      <trkpt lat="45.09636658401678" lon="6.548057409879851">
        <ele>2768</ele>
      </trkpt>
      <trkpt lat="45.09639423993897" lon="6.5480459660499823">
        <ele>2768</ele>
      </trkpt>
      <trkpt lat="45.09643047873355" lon="6.5480984169368792">
        <ele>2769</ele>
      </trkpt>
      <trkpt lat="45.09649914171276" lon="6.5481613580011562">
        <ele>2770</ele>
      </trkpt>
      <trkpt lat="45.09654968529468" lon="6.5481823383559146">
        <ele>2771</ele>
      </trkpt>
      <trkpt lat="45.09657734121686" lon="6.5481785237459587">
        <ele>2771</ele>
      </trkpt>
      <trkpt lat="45.09662979210376" lon="6.5482452794201906">
        <ele>2772</ele>
      </trkpt>
      <trkpt lat="45.09669273316803" lon="6.5482729353423723">
        <ele>2774</ele>
      </trkpt>
      <trkpt lat="45.09670322334541" lon="6.5483263398817586">
        <ele>2774</ele>
      </trkpt>
      <trkpt lat="45.09680526416174" lon="6.5484293343505744">
        <ele>2778</ele>
      </trkpt>
      <trkpt lat="45.09678809841694" lon="6.5485103948121415">
        <ele>2779</ele>
      </trkpt>
      <trkpt lat="45.09681289338165" lon="6.5485342361243672">
        <ele>2780</ele>
      </trkpt>
      <trkpt lat="45.09682433721152" lon="6.5485609383940604">
        <ele>2781</ele>
      </trkpt>
      <trkpt lat="45.09683959565135" lon="6.5485733358764184">
        <ele>2781</ele>
      </trkpt>
      <trkpt lat="45.09689967575816" lon="6.5485714285714396">
        <ele>2783</ele>
      </trkpt>
      <trkpt lat="45.09690539767309" lon="6.5486105283234899">
        <ele>2784</ele>
      </trkpt>
      <trkpt lat="45.09696070951745" lon="6.5486496280755411">
        <ele>2786</ele>
      </trkpt>
      <trkpt lat="45.09694449742514" lon="6.5487030326149265">
        <ele>2786</ele>
      </trkpt>
      <trkpt lat="45.0969826435247" lon="6.5487821857715165">
        <ele>2789</ele>
      </trkpt>
      <trkpt lat="45.09705321380889" lon="6.548766927331692">
        <ele>2791</ele>
      </trkpt>
      <trkpt lat="45.09706656494374" lon="6.5487774175090712">
        <ele>2791</ele>
      </trkpt>
      <trkpt lat="45.0970522601564" lon="6.5488222391760553">
        <ele>2792</ele>
      </trkpt>
      <trkpt lat="45.09709135990845" lon="6.5488413122258367">
        <ele>2793</ele>
      </trkpt>
      <trkpt lat="45.09708086973107" lon="6.5488937631127335">
        <ele>2794</ele>
      </trkpt>
      <trkpt lat="45.09710566469579" lon="6.548943353042163">
        <ele>2796</ele>
      </trkpt>
      <trkpt lat="45.09712950600802" lon="6.5489404920846956">
        <ele>2796</ele>
      </trkpt>
      <trkpt lat="45.0971390425329" lon="6.5490043868014611">
        <ele>2798</ele>
      </trkpt>
      <trkpt lat="45.09716669845508" lon="6.549058744993336">
        <ele>2800</ele>
      </trkpt>
      <trkpt lat="45.09719816898723" lon="6.5490377646385767">
        <ele>2801</ele>
      </trkpt>
      <trkpt lat="45.09721247377456" lon="6.549058744993336">
        <ele>2802</ele>
      </trkpt>
      <trkpt lat="45.09720484455465" lon="6.5490949837879189">
        <ele>2802</ele>
      </trkpt>
      <trkpt lat="45.09722487125692" lon="6.5491407591073925">
        <ele>2804</ele>
      </trkpt>
      <trkpt lat="45.09726206370399" lon="6.5491693686820636">
        <ele>2806</ele>
      </trkpt>
      <trkpt lat="45.09728399771124" lon="6.5492532901010989">
        <ele>2808</ele>
      </trkpt>
      <trkpt lat="45.09730116345604" lon="6.5492656875834561">
        <ele>2808</ele>
      </trkpt>
      <trkpt lat="45.09731832920085" lon="6.5492523364486095">
        <ele>2809</ele>
      </trkpt>
      <trkpt lat="45.09735266069045" lon="6.5492990654205725">
        <ele>2811</ele>
      </trkpt>
      <trkpt lat="45.09741274079726" lon="6.5494049208468548">
        <ele>2814</ele>
      </trkpt>
      <trkpt lat="45.09748331108145" lon="6.5494373450314818">
        <ele>2816</ele>
      </trkpt>
      <trkpt lat="45.09750905969865" lon="6.5494382986839712">
        <ele>2817</ele>
      </trkpt>
      <trkpt lat="45.0975224108335" lon="6.5494869349609113">
        <ele>2818</ele>
      </trkpt>
      <trkpt lat="45.09759393477017" lon="6.5495708563799466">
        <ele>2821</ele>
      </trkpt>
      <trkpt lat="45.09766450505436" lon="6.5496433339691134">
        <ele>2823</ele>
      </trkpt>
      <trkpt lat="45.09773507533855" lon="6.5497167652107686">
        <ele>2826</ele>
      </trkpt>
      <trkpt lat="45.0977913408354" lon="6.549818806027095">
        <ele>2828</ele>
      </trkpt>
      <trkpt lat="45.09784855998475" lon="6.5499218004959108">
        <ele>2831</ele>
      </trkpt>
      <trkpt lat="45.09787716955942" lon="6.5499408735456912">
        <ele>2831</ele>
      </trkpt>
      <trkpt lat="45.09790387182911" lon="6.550045775319485">
        <ele>2831</ele>
      </trkpt>
      <trkpt lat="45.09795632271601" lon="6.5501029944688272">
        <ele>2831</ele>
      </trkpt>
      <trkpt lat="45.09820713332062" lon="6.5500715239366887">
        <ele>2838</ele>
      </trkpt>
      <trkpt lat="45.09847701697502" lon="6.5499675758153844">
        <ele>2846</ele>
      </trkpt>
      <trkpt lat="45.09858859431623" lon="6.5500543581918862">
        <ele>2848</ele>
      </trkpt>
      <trkpt lat="45.09864009155064" lon="6.5500047682624567">
        <ele>2851</ele>
      </trkpt>
      <trkpt lat="45.09869731069998" lon="6.5500181193973033">
        <ele>2852</ele>
      </trkpt>
      <trkpt lat="45.09870112530994" lon="6.550045775319485">
        <ele>2851</ele>
      </trkpt>
      <trkpt lat="45.09873450314706" lon="6.5500257486172151">
        <ele>2853</ele>
      </trkpt>
      <trkpt lat="45.0987573908068" lon="6.5499828342552089">
        <ele>2854</ele>
      </trkpt>
      <trkpt lat="45.09879267594889" lon="6.5499885561701428">
        <ele>2855</ele>
      </trkpt>
      <trkpt lat="45.09882414648103" lon="6.5499523173755598">
        <ele>2856</ele>
      </trkpt>
      <trkpt lat="45.09886324623307" lon="6.5499294297158226">
        <ele>2857</ele>
      </trkpt>
      <trkpt lat="45.09886896814801" lon="6.5499351516307573">
        <ele>2857</ele>
      </trkpt>
      <trkpt lat="45.09886706084303" lon="6.5499666221628949">
        <ele>2857</ele>
      </trkpt>
      <trkpt lat="45.09889090215526" lon="6.5499818806027195">
        <ele>2858</ele>
      </trkpt>
      <trkpt lat="45.09894144573718" lon="6.5499408735456912">
        <ele>2859</ele>
      </trkpt>
      <trkpt lat="45.09900724775892" lon="6.5499313370208014">
        <ele>2861</ele>
      </trkpt>
      <trkpt lat="45.09904062559604" lon="6.5499399198932027">
        <ele>2862</ele>
      </trkpt>
      <trkpt lat="45.09905779134084" lon="6.5499609002479611">
        <ele>2863</ele>
      </trkpt>
      <trkpt lat="45.0990701888232" lon="6.5499580392904937">
        <ele>2863</ele>
      </trkpt>
      <trkpt lat="45.09909784474538" lon="6.5499256151058667">
        <ele>2863</ele>
      </trkpt>
      <trkpt lat="45.09913408353996" lon="6.5499237078008887">
        <ele>2864</ele>
      </trkpt>
      <trkpt lat="45.0991569711997" lon="6.5499046347511083">
        <ele>2865</ele>
      </trkpt>
      <trkpt lat="45.09918176616441" lon="6.5499017737936409">
        <ele>2865</ele>
      </trkpt>
      <trkpt lat="45.0991998855617" lon="6.549883654396349">
        <ele>2865</ele>
      </trkpt>
      <trkpt lat="45.09926473393096" lon="6.5498760251764372">
        <ele>2865</ele>
      </trkpt>
      <trkpt lat="45.09929048254816" lon="6.5498817470913711">
        <ele>2865</ele>
      </trkpt>
      <trkpt lat="45.09932958230021" lon="6.5498731642189698">
        <ele>2865</ele>
      </trkpt>
      <trkpt lat="45.09935151630746" lon="6.549849322906744">
        <ele>2865</ele>
      </trkpt>
      <trkpt lat="45.09939633797445" lon="6.549849322906744">
        <ele>2865</ele>
      </trkpt>
      <trkpt lat="45.09945069616632" lon="6.5497930574098913">
        <ele>2865</ele>
      </trkpt>
      <trkpt lat="45.09950028609575" lon="6.549719626168236">
        <ele>2866</ele>
      </trkpt>
      <trkpt lat="45.09954987602518" lon="6.5496461949265798">
        <ele>2867</ele>
      </trkpt>
      <trkpt lat="45.09954224680527" lon="6.5495813465573258">
        <ele>2867</ele>
      </trkpt>
      <trkpt lat="45.09955273698264" lon="6.5495203127980277">
        <ele>2868</ele>
      </trkpt>
      <trkpt lat="45.0996004196071" lon="6.5494716765210867">
        <ele>2869</ele>
      </trkpt>
      <trkpt lat="45.09962044630937" lon="6.5494239938966352">
        <ele>2870</ele>
      </trkpt>
      <trkpt lat="45.09968624833111" lon="6.5493438870875567">
        <ele>2873</ele>
      </trkpt>
      <trkpt lat="45.09973869921801" lon="6.5493295823002216">
        <ele>2874</ele>
      </trkpt>
      <trkpt lat="45.09980354758726" lon="6.5492590120160328">
        <ele>2877</ele>
      </trkpt>
      <trkpt lat="45.09984646194927" lon="6.5492275414838943">
        <ele>2879</ele>
      </trkpt>
      <trkpt lat="45.09988365439634" lon="6.5491789052069542">
        <ele>2881</ele>
      </trkpt>
      <trkpt lat="45.09989509822621" lon="6.5491502956322831">
        <ele>2881</ele>
      </trkpt>
      <trkpt lat="45.09998092695022" lon="6.549091169177963">
        <ele>2883</ele>
      </trkpt>
      <trkpt lat="45.1" lon="6.5490654205607592">
        <ele>2884</ele>
      </trkpt>
      <trkpt lat="45.10000000000002" lon="6.5490654205607592">
        <ele>2884</ele>
      </trkpt>
      <trkpt lat="45.10001716574482" lon="6.5490434865535114">
        <ele>2884</ele>
      </trkpt>
      <trkpt lat="45.10005626549687" lon="6.5490263208087089">
        <ele>2885</ele>
      </trkpt>
      <trkpt lat="45.10006770932674" lon="6.5490377646385767">
        <ele>2885</ele>
      </trkpt>
      <trkpt lat="45.10018119397293" lon="6.5489805454892354">
        <ele>2888</ele>
      </trkpt>
      <trkpt lat="45.1001926378028" lon="6.5489958039290599">
        <ele>2889</ele>
      </trkpt>
      <trkpt lat="45.10018214762542" lon="6.5490310890711543">
        <ele>2889</ele>
      </trkpt>
      <trkpt lat="45.10019549876026" lon="6.5490692351707152">
        <ele>2889</ele>
      </trkpt>
      <trkpt lat="45.10026130078201" lon="6.5490539767308906">
        <ele>2891</ele>
      </trkpt>
      <trkpt lat="45.10031565897388" lon="6.5489681480068773">
        <ele>2892</ele>
      </trkpt>
      <trkpt lat="45.10034426854855" lon="6.5489032996376233">
        <ele>2892</ele>
      </trkpt>
      <trkpt lat="45.10037287812322" lon="6.5488384512683693">
        <ele>2893</ele>
      </trkpt>
      <trkpt lat="45.10044726301737" lon="6.5487802784665385">
        <ele>2894</ele>
      </trkpt>
      <trkpt lat="45.10052164791151" lon="6.5487221056647069">
        <ele>2896</ele>
      </trkpt>
      <trkpt lat="45.10055597940112" lon="6.5487287812321302">
        <ele>2897</ele>
      </trkpt>
      <trkpt lat="45.1005836353233" lon="6.5487249666221743">
        <ele>2898</ele>
      </trkpt>
      <trkpt lat="45.10061796681291" lon="6.5487516688918674">
        <ele>2899</ele>
      </trkpt>
      <trkpt lat="45.10065134465003" lon="6.5488127026511656">
        <ele>2901</ele>
      </trkpt>
      <trkpt lat="45.10067804691972" lon="6.5488260537860121">
        <ele>2902</ele>
      </trkpt>
      <trkpt lat="45.10072668319665" lon="6.5487221056647069">
        <ele>2903</ele>
      </trkpt>
      <trkpt lat="45.10082967766547" lon="6.5486934960900358">
        <ele>2906</ele>
      </trkpt>
      <trkpt lat="45.10090406255961" lon="6.5486505817280296">
        <ele>2907</ele>
      </trkpt>
      <trkpt lat="45.10100419607097" lon="6.5486343696357165">
        <ele>2909</ele>
      </trkpt>
      <trkpt lat="45.10103757390808" lon="6.5486572572954529">
        <ele>2910</ele>
      </trkpt>
      <trkpt lat="45.10186534426856" lon="6.5488594316231277">
        <ele>2917</ele>
      </trkpt>
      <trkpt lat="45.10286286477209" lon="6.5500600801068201">
        <ele>2880</ele>
      </trkpt>
      <trkpt lat="45.10352946786193" lon="6.5515840167842949">
        <ele>2859</ele>
      </trkpt>
      <trkpt lat="45.10372687392715" lon="6.5529572763685024">
        <ele>2852</ele>
      </trkpt>
      <trkpt lat="45.10415220293726" lon="6.5537736028991151">
        <ele>2858</ele>
      </trkpt>
      <trkpt lat="45.10436296013734" lon="6.555575052450898">
        <ele>2849</ele>
      </trkpt>
      <trkpt lat="45.10486267404159" lon="6.5579782567232616">
        <ele>2862</ele>
      </trkpt>
      <trkpt lat="45.10592408926188" lon="6.5594812130459772">
        <ele>2854</ele>
      </trkpt>
      <trkpt lat="45.10660404348657" lon="6.5599303833683118">
        <ele>2859</ele>
      </trkpt>
      <trkpt lat="45.1067146671753" lon="6.5599647148579168">
        <ele>2859</ele>
      </trkpt>
      <trkpt lat="45.10682529086402" lon="6.5600000000000112">
        <ele>2859</ele>
      </trkpt>
      <trkpt lat="45.10682529086402" lon="6.5599999999999934">
        <ele>2859</ele>
      </trkpt>
      <trkpt lat="45.10736315086784" lon="6.5601678428380632">
        <ele>2866</ele>
      </trkpt>
      <trkpt lat="45.10779897005533" lon="6.5604749189395317">
        <ele>2881</ele>
      </trkpt>
      <trkpt lat="45.10858764066376" lon="6.5607457562464173">
        <ele>2902</ele>
      </trkpt>
      <trkpt lat="45.10917413694451" lon="6.5616412359336191">
        <ele>2939</ele>
      </trkpt>
      <trkpt lat="45.10917413694451" lon="6.5616412359336191">
        <ele>2939</ele>
      </trkpt>
      <trkpt lat="45.1093925233645" lon="6.5623354949456347">
        <ele>2931</ele>
      </trkpt>
      <trkpt lat="45.10975395765784" lon="6.5625052450886825">
        <ele>2943</ele>
      </trkpt>
      <trkpt lat="45.11054358191876" lon="6.5629143620064783">
        <ele>2964</ele>
      </trkpt>
      <trkpt lat="45.11100514972345" lon="6.5629000572191423">
        <ele>2983</ele>
      </trkpt>
      <trkpt lat="45.11132462330728" lon="6.5629429715811494">
        <ele>2998</ele>
      </trkpt>
      <trkpt lat="45.11139423993898" lon="6.5630354758725851">
        <ele>3000</ele>
      </trkpt>
      <trkpt lat="45.11146481022317" lon="6.5631289338165102">
        <ele>3002</ele>
      </trkpt>
      <trkpt lat="45.11175281327485" lon="6.5634703414075846">
        <ele>3017</ele>
      </trkpt>
      <trkpt lat="45.11186629792105" lon="6.5637230593171783">
        <ele>3026</ele>
      </trkpt>
      <trkpt lat="45.11198168987222" lon="6.5643581918748737">
        <ele>3039</ele>
      </trkpt>
      <trkpt lat="45.11193591455275" lon="6.5644545107762662">
        <ele>3037</ele>
      </trkpt>
      <trkpt lat="45.11189109288576" lon="6.5645508296776587">
        <ele>3035</ele>
      </trkpt>
      <trkpt lat="45.11193019263781" lon="6.5646233072668254">
        <ele>3038</ele>
      </trkpt>
      <trkpt lat="45.11197024604235" lon="6.5646967385084807">
        <ele>3040</ele>
      </trkpt>
      <trkpt lat="45.11199790196454" lon="6.5647921037573838">
        <ele>3043</ele>
      </trkpt>
      <trkpt lat="45.11202651153921" lon="6.5648884226587763">
        <ele>3045</ele>
      </trkpt>
      <trkpt lat="45.11200362387947" lon="6.5651525843982386">
        <ele>3047</ele>
      </trkpt>
      <trkpt lat="45.11196452412742" lon="6.5654529849322838">
        <ele>3049</ele>
      </trkpt>
      <trkpt lat="45.11195689490751" lon="6.5657638756437082">
        <ele>3054</ele>
      </trkpt>
      <trkpt lat="45.11191970246044" lon="6.5664075910738058">
        <ele>3060</ele>
      </trkpt>
      <trkpt lat="45.11190635132559" lon="6.5664829296204399">
        <ele>3061</ele>
      </trkpt>
      <trkpt lat="45.11189300019075" lon="6.5665582681670731">
        <ele>3061</ele>
      </trkpt>
      <trkpt lat="45.11192065611293" lon="6.566675567423224">
        <ele>3063</ele>
      </trkpt>
      <trkpt lat="45.11197024604235" lon="6.566722296395187">
        <ele>3065</ele>
      </trkpt>
      <trkpt lat="45.11200648483694" lon="6.5667356475300336">
        <ele>3066</ele>
      </trkpt>
      <trkpt lat="45.11204272363153" lon="6.566707991607851">
        <ele>3067</ele>
      </trkpt>
      <trkpt lat="45.11209135990846" lon="6.5665954606141455">
        <ele>3068</ele>
      </trkpt>
      <trkpt lat="45.11216383749763" lon="6.5665487316421824">
        <ele>3070</ele>
      </trkpt>
      <trkpt lat="45.11220198359719" lon="6.5665658973869849">
        <ele>3072</ele>
      </trkpt>
      <trkpt lat="45.11230974632845" lon="6.5664552736982573">
        <ele>3075</ele>
      </trkpt>
      <trkpt lat="45.1123574289529" lon="6.5664590883082132">
        <ele>3077</ele>
      </trkpt>
      <trkpt lat="45.11239462139998" lon="6.566399961853894">
        <ele>3078</ele>
      </trkpt>
      <trkpt lat="45.11242990654207" lon="6.5664218958611418">
        <ele>3079</ele>
      </trkpt>
      <trkpt lat="45.11249952317377" lon="6.5663742132366894">
        <ele>3081</ele>
      </trkpt>
      <trkpt lat="45.11253004005342" lon="6.5664228495136303">
        <ele>3083</ele>
      </trkpt>
      <trkpt lat="45.11257104711045" lon="6.5664600419607027">
        <ele>3085</ele>
      </trkpt>
      <trkpt lat="45.11261491512494" lon="6.5665229830249787">
        <ele>3088</ele>
      </trkpt>
      <trkpt lat="45.1127312607286" lon="6.5665916460041895">
        <ele>3093</ele>
      </trkpt>
      <trkpt lat="45.11278180431052" lon="6.5666545870684656">
        <ele>3096</ele>
      </trkpt>
      <trkpt lat="45.1128447453748" lon="6.566709898912829">
        <ele>3098</ele>
      </trkpt>
      <trkpt lat="45.11289147434676" lon="6.5667795155445283">
        <ele>3100</ele>
      </trkpt>
      <trkpt lat="45.11293820331873" lon="6.5668491321762286">
        <ele>3101</ele>
      </trkpt>
      <trkpt lat="45.11301449551785" lon="6.5669130268929932">
        <ele>3104</ele>
      </trkpt>
      <trkpt lat="45.11309174136946" lon="6.5669769216097587">
        <ele>3106</ele>
      </trkpt>
      <trkpt lat="45.11309174136946" lon="6.5669769216097587">
        <ele>3106</ele>
      </trkpt>
      <trkpt lat="45.11312130459662" lon="6.5669444974251316">
        <ele>3108</ele>
      </trkpt>
      <trkpt lat="45.1131403776464" lon="6.5669092122830373">
        <ele>3109</ele>
      </trkpt>
      <trkpt lat="45.11313560938395" lon="6.5668624833110743">
        <ele>3110</ele>
      </trkpt>
      <trkpt lat="45.11317852374596" lon="6.5668548540911624">
        <ele>3112</ele>
      </trkpt>
      <trkpt lat="45.11319378218578" lon="6.566787144764441">
        <ele>3114</ele>
      </trkpt>
      <trkpt lat="45.11320904062561" lon="6.5667194354377196">
        <ele>3116</ele>
      </trkpt>
      <trkpt lat="45.11325576959757" lon="6.5666927331680265">
        <ele>3118</ele>
      </trkpt>
      <trkpt lat="45.11326053786001" lon="6.5666221628838386">
        <ele>3119</ele>
      </trkpt>
      <trkpt lat="45.11328437917224" lon="6.5665992752241014">
        <ele>3120</ele>
      </trkpt>
      <trkpt lat="45.11337116154875" lon="6.5665954606141455">
        <ele>3123</ele>
      </trkpt>
      <trkpt lat="45.11342838069809" lon="6.5666402822811296">
        <ele>3124</ele>
      </trkpt>
      <trkpt lat="45.11347320236507" lon="6.5666641235933554">
        <ele>3124</ele>
      </trkpt>
      <trkpt lat="45.11352851420943" lon="6.5665554072096057">
        <ele>3126</ele>
      </trkpt>
      <trkpt lat="45.11357619683389" lon="6.5665449170322265">
        <ele>3127</ele>
      </trkpt>
      <trkpt lat="45.11362864772079" lon="6.5665144001525775">
        <ele>3128</ele>
      </trkpt>
      <trkpt lat="45.1136448598131" lon="6.5664600419607027">
        <ele>3129</ele>
      </trkpt>
      <trkpt lat="45.11363723059318" lon="6.5664142666412291">
        <ele>3129</ele>
      </trkpt>
      <trkpt lat="45.11364676711808" lon="6.5663703986267334">
        <ele>3130</ele>
      </trkpt>
      <trkpt lat="45.1136791913027" lon="6.5663503719244636">
        <ele>3130</ele>
      </trkpt>
      <trkpt lat="45.11374117871449" lon="6.5662817089452536">
        <ele>3132</ele>
      </trkpt>
      <trkpt lat="45.11375071523938" lon="6.566207324051109">
        <ele>3133</ele>
      </trkpt>
      <trkpt lat="45.11376025176427" lon="6.5661329391569643">
        <ele>3135</ele>
      </trkpt>
      <trkpt lat="45.11379553690637" lon="6.5660928857524246">
        <ele>3136</ele>
      </trkpt>
      <trkpt lat="45.11382319282855" lon="6.5660375739080612">
        <ele>3137</ele>
      </trkpt>
      <trkpt lat="45.11383177570095" lon="6.5659660499713839">
        <ele>3138</ele>
      </trkpt>
      <trkpt lat="45.11384035857335" lon="6.5658954796871951">
        <ele>3140</ele>
      </trkpt>
      <trkpt lat="45.11384035857335" lon="6.5658954796871951">
        <ele>3140</ele>
      </trkpt>
      <trkpt lat="45.11386324623309" lon="6.5658144192256271">
        <ele>3141</ele>
      </trkpt>
      <trkpt lat="45.11391092885754" lon="6.565720961281702">
        <ele>3143</ele>
      </trkpt>
      <trkpt lat="45.11393667747474" lon="6.565656112912448">
        <ele>3145</ele>
      </trkpt>
      <trkpt lat="45.11396242609194" lon="6.5655922181956825">
        <ele>3146</ele>
      </trkpt>
      <trkpt lat="45.11400915506391" lon="6.5655617013160334">
        <ele>3148</ele>
      </trkpt>
      <trkpt lat="45.11403108907115" lon="6.5655130650390925">
        <ele>3149</ele>
      </trkpt>
      <trkpt lat="45.11403204272364" lon="6.5654377264924593">
        <ele>3150</ele>
      </trkpt>
      <trkpt lat="45.1140616059508" lon="6.565329963761199">
        <ele>3152</ele>
      </trkpt>
      <trkpt lat="45.11409116917797" lon="6.5652222010299379">
        <ele>3154</ele>
      </trkpt>
      <trkpt lat="45.11409593744041" lon="6.5651602136181504">
        <ele>3154</ele>
      </trkpt>
      <trkpt lat="45.11410165935534" lon="6.5650982262063637">
        <ele>3155</ele>
      </trkpt>
      <trkpt lat="45.1140968910929" lon="6.5647692160976474">
        <ele>3156</ele>
      </trkpt>
      <trkpt lat="45.1141054739653" lon="6.5646490558840291">
        <ele>3156</ele>
      </trkpt>
      <trkpt lat="45.11416555407211" lon="6.5643724966622097">
        <ele>3158</ele>
      </trkpt>
      <trkpt lat="45.11417318329202" lon="6.5642609193209926">
        <ele>3158</ele>
      </trkpt>
      <trkpt lat="45.11414171275988" lon="6.5639891283616185">
        <ele>3151</ele>
      </trkpt>
      <trkpt lat="45.11411882510015" lon="6.5639290482548089">
        <ele>3148</ele>
      </trkpt>
      <trkpt lat="45.1140797253481" lon="6.5638909021552481">
        <ele>3146</ele>
      </trkpt>
      <trkpt lat="45.11406923517072" lon="6.5638165172611034">
        <ele>3143</ele>
      </trkpt>
      <trkpt lat="45.11406923517072" lon="6.5638165172611034">
        <ele>3143</ele>
      </trkpt>
      <trkpt lat="45.11373993596649" lon="6.5636368180949383">
        <ele>3126</ele>
      </trkpt>
      <trkpt lat="45.11369156999868" lon="6.563680789369787">
        <ele>3126</ele>
      </trkpt>
      <trkpt lat="45.11360520228632" lon="6.563700332158608">
        <ele>3124</ele>
      </trkpt>
      <trkpt lat="45.11357410990755" lon="6.563700332158608">
        <ele>3123</ele>
      </trkpt>
      <trkpt lat="45.11357065516646" lon="6.5635977325172945">
        <ele>3119</ele>
      </trkpt>
      <trkpt lat="45.11358792869729" lon="6.5635293327564197">
        <ele>3117</ele>
      </trkpt>
      <trkpt lat="45.1136121117103" lon="6.563465818692749">
        <ele>3116</ele>
      </trkpt>
      <trkpt lat="45.11363974934798" lon="6.5634120760234893">
        <ele>3115</ele>
      </trkpt>
      <trkpt lat="45.1136881153158" lon="6.5633681047486405">
        <ele>3115</ele>
      </trkpt>
      <trkpt lat="45.1137364812254" lon="6.5633387905654086">
        <ele>3115</ele>
      </trkpt>
      <trkpt lat="45.11382630367885" lon="6.5633241334737926">
        <ele>3117</ele>
      </trkpt>
      <trkpt lat="45.11392303555627" lon="6.5633241334737926">
        <ele>3120</ele>
      </trkpt>
      <trkpt lat="45.11397831088985" lon="6.5633632190514355">
        <ele>3124</ele>
      </trkpt>
      <trkpt lat="45.11402667682856" lon="6.5634169617206952">
        <ele>3127</ele>
      </trkpt>
      <trkpt lat="45.11407504276727" lon="6.5634853614815709">
        <ele>3131</ele>
      </trkpt>
      <trkpt lat="45.11416141050873" lon="6.5636368180949383">
        <ele>3140</ele>
      </trkpt>
      <trkpt lat="45.11417522934212" lon="6.5636759036725811">
        <ele>3141</ele>
      </trkpt>
      <trkpt lat="45.11407686439063" lon="6.5637755102040751">
        <ele>3142</ele>
      </trkpt>
      <trkpt lat="45.11407686439063" lon="6.5637755102040751">
        <ele>3142</ele>
      </trkpt>
      <trkpt lat="45.11406923517072" lon="6.5638165172611034">
        <ele>3143</ele>
      </trkpt>
      <trkpt lat="45.1140797253481" lon="6.5638909021552481">
        <ele>3146</ele>
      </trkpt>
      <trkpt lat="45.11411882510015" lon="6.5639290482548089">
        <ele>3148</ele>
      </trkpt>
      <trkpt lat="45.11414171275988" lon="6.5639891283616185">
        <ele>3151</ele>
      </trkpt>
      <trkpt lat="45.11417318329202" lon="6.5642609193209926">
        <ele>3158</ele>
      </trkpt>
      <trkpt lat="45.11416555407211" lon="6.5643724966622097">
        <ele>3158</ele>
      </trkpt>
      <trkpt lat="45.1141054739653" lon="6.5646490558840291">
        <ele>3156</ele>
      </trkpt>
      <trkpt lat="45.1140968910929" lon="6.5647692160976474">
        <ele>3156</ele>
      </trkpt>
      <trkpt lat="45.11410165935534" lon="6.5650982262063637">
        <ele>3155</ele>
      </trkpt>
      <trkpt lat="45.11409593744041" lon="6.5651602136181504">
        <ele>3154</ele>
      </trkpt>
      <trkpt lat="45.11409116917797" lon="6.5652222010299379">
        <ele>3154</ele>
      </trkpt>
      <trkpt lat="45.1140616059508" lon="6.565329963761199">
        <ele>3152</ele>
      </trkpt>
      <trkpt lat="45.11403204272364" lon="6.5654377264924593">
        <ele>3150</ele>
      </trkpt>
      <trkpt lat="45.11403108907115" lon="6.5655130650390925">
        <ele>3149</ele>
      </trkpt>
      <trkpt lat="45.11400915506391" lon="6.5655617013160334">
        <ele>3148</ele>
      </trkpt>
      <trkpt lat="45.11396242609194" lon="6.5655922181956825">
        <ele>3146</ele>
      </trkpt>
      <trkpt lat="45.11393667747474" lon="6.565656112912448">
        <ele>3145</ele>
      </trkpt>
      <trkpt lat="45.11391092885754" lon="6.565720961281702">
        <ele>3143</ele>
      </trkpt>
      <trkpt lat="45.11386324623309" lon="6.5658144192256271">
        <ele>3141</ele>
      </trkpt>
      <trkpt lat="45.11384035857335" lon="6.5658954796871951">
        <ele>3140</ele>
      </trkpt>
      <trkpt lat="45.11384035857335" lon="6.5658954796871951">
        <ele>3140</ele>
      </trkpt>
      <trkpt lat="45.11383177570095" lon="6.5659660499713839">
        <ele>3138</ele>
      </trkpt>
      <trkpt lat="45.11382319282855" lon="6.5660375739080612">
        <ele>3137</ele>
      </trkpt>
      <trkpt lat="45.11379553690637" lon="6.5660928857524246">
        <ele>3136</ele>
      </trkpt>
      <trkpt lat="45.11376025176427" lon="6.5661329391569643">
        <ele>3135</ele>
      </trkpt>
      <trkpt lat="45.11375071523938" lon="6.566207324051109">
        <ele>3133</ele>
      </trkpt>
      <trkpt lat="45.11374117871449" lon="6.5662817089452536">
        <ele>3132</ele>
      </trkpt>
      <trkpt lat="45.1136791913027" lon="6.5663503719244636">
        <ele>3130</ele>
      </trkpt>
      <trkpt lat="45.11364676711808" lon="6.5663703986267334">
        <ele>3130</ele>
      </trkpt>
      <trkpt lat="45.11363723059318" lon="6.5664142666412291">
        <ele>3129</ele>
      </trkpt>
      <trkpt lat="45.1136448598131" lon="6.5664600419607027">
        <ele>3129</ele>
      </trkpt>
      <trkpt lat="45.11362864772079" lon="6.5665144001525775">
        <ele>3128</ele>
      </trkpt>
      <trkpt lat="45.11357619683389" lon="6.5665449170322265">
        <ele>3127</ele>
      </trkpt>
      <trkpt lat="45.11352851420943" lon="6.5665554072096057">
        <ele>3126</ele>
      </trkpt>
      <trkpt lat="45.11347320236507" lon="6.5666641235933554">
        <ele>3124</ele>
      </trkpt>
      <trkpt lat="45.11342838069809" lon="6.5666402822811296">
        <ele>3124</ele>
      </trkpt>
      <trkpt lat="45.11337116154875" lon="6.5665954606141455">
        <ele>3123</ele>
      </trkpt>
      <trkpt lat="45.11328437917224" lon="6.5665992752241014">
        <ele>3120</ele>
      </trkpt>
      <trkpt lat="45.11326053786001" lon="6.5666221628838386">
        <ele>3119</ele>
      </trkpt>
      <trkpt lat="45.11325576959757" lon="6.5666927331680265">
        <ele>3118</ele>
      </trkpt>
      <trkpt lat="45.11320904062561" lon="6.5667194354377196">
        <ele>3116</ele>
      </trkpt>
      <trkpt lat="45.11319378218578" lon="6.566787144764441">
        <ele>3114</ele>
      </trkpt>
      <trkpt lat="45.11317852374596" lon="6.5668548540911624">
        <ele>3112</ele>
      </trkpt>
      <trkpt lat="45.11313560938395" lon="6.5668624833110743">
        <ele>3110</ele>
      </trkpt>
      <trkpt lat="45.1131403776464" lon="6.5669092122830373">
        <ele>3109</ele>
      </trkpt>
      <trkpt lat="45.11312130459662" lon="6.5669444974251316">
        <ele>3108</ele>
      </trkpt>
      <trkpt lat="45.11309174136946" lon="6.5669769216097587">
        <ele>3106</ele>
      </trkpt>
      <trkpt lat="45.11303356856763" lon="6.5672363150867756">
        <ele>3100</ele>
      </trkpt>
      <trkpt lat="45.11297062750335" lon="6.5673135609383868">
        <ele>3096</ele>
      </trkpt>
      <trkpt lat="45.11297444211331" lon="6.567386992180043">
        <ele>3095</ele>
      </trkpt>
      <trkpt lat="45.11297921037576" lon="6.5674613770741876">
        <ele>3095</ele>
      </trkpt>
      <trkpt lat="45.11291626931148" lon="6.5675348083158429">
        <ele>3091</ele>
      </trkpt>
      <trkpt lat="45.11285428189969" lon="6.5676091932099876">
        <ele>3087</ele>
      </trkpt>
      <trkpt lat="45.11279610909786" lon="6.5677102803738245">
        <ele>3083</ele>
      </trkpt>
      <trkpt lat="45.11273793629603" lon="6.5678113675376624">
        <ele>3079</ele>
      </trkpt>
      <trkpt lat="45.11279992370781" lon="6.5680917413694377">
        <ele>3076</ele>
      </trkpt>
      <trkpt lat="45.11277989700555" lon="6.5681851993133638">
        <ele>3073</ele>
      </trkpt>
      <trkpt lat="45.11276082395577" lon="6.5682786572572889">
        <ele>3071</ele>
      </trkpt>
      <trkpt lat="45.1127140949838" lon="6.5683759298111699">
        <ele>3068</ele>
      </trkpt>
      <trkpt lat="45.11266736601184" lon="6.5684732023650509">
        <ele>3064</ele>
      </trkpt>
      <trkpt lat="45.11268262445166" lon="6.5685895479687133">
        <ele>3062</ele>
      </trkpt>
      <trkpt lat="45.11258916650774" lon="6.5686830059126384">
        <ele>3058</ele>
      </trkpt>
      <trkpt lat="45.1124966622163" lon="6.5687764638565636">
        <ele>3054</ele>
      </trkpt>
      <trkpt lat="45.11244611863438" lon="6.5688537097081756">
        <ele>3050</ele>
      </trkpt>
      <trkpt lat="45.11239557505247" lon="6.5689319092122762">
        <ele>3047</ele>
      </trkpt>
      <trkpt lat="45.11227446118636" lon="6.5689319092122762">
        <ele>3045</ele>
      </trkpt>
      <trkpt lat="45.11215430097274" lon="6.5689319092122762">
        <ele>3042</ele>
      </trkpt>
      <trkpt lat="45.11207991607859" lon="6.5689471676521007">
        <ele>3041</ele>
      </trkpt>
      <trkpt lat="45.11200648483694" lon="6.5689633797444147">
        <ele>3039</ele>
      </trkpt>
      <trkpt lat="45.11190062941066" lon="6.569053023078383">
        <ele>3035</ele>
      </trkpt>
      <trkpt lat="45.11179572763686" lon="6.5691426664123522">
        <ele>3032</ele>
      </trkpt>
      <trkpt lat="45.11169082586307" lon="6.5692122830440516">
        <ele>3029</ele>
      </trkpt>
      <trkpt lat="45.11158592408928" lon="6.5692828533282404">
        <ele>3025</ele>
      </trkpt>
      <trkpt lat="45.11155445355714" lon="6.5693753576196769">
        <ele>3022</ele>
      </trkpt>
      <trkpt lat="45.11152393667749" lon="6.5694688155636021">
        <ele>3019</ele>
      </trkpt>
      <trkpt lat="45.11145718100325" lon="6.5694411596414195">
        <ele>3018</ele>
      </trkpt>
      <trkpt lat="45.11139137898152" lon="6.5694144573717272">
        <ele>3017</ele>
      </trkpt>
      <trkpt lat="45.11127407972536" lon="6.5694878886133825">
        <ele>3012</ele>
      </trkpt>
      <trkpt lat="45.1111577341217" lon="6.5695622735075272">
        <ele>3007</ele>
      </trkpt>
      <trkpt lat="45.11085447263019" lon="6.5695231737554769">
        <ele>3000</ele>
      </trkpt>
      <trkpt lat="45.110783902346" lon="6.5695813465573076">
        <ele>2997</ele>
      </trkpt>
      <trkpt lat="45.1107142857143" lon="6.5696404730116278">
        <ele>2994</ele>
      </trkpt>
      <trkpt lat="45.11062464238033" lon="6.5696090024794893">
        <ele>2992</ele>
      </trkpt>
      <trkpt lat="45.11053595269885" lon="6.5695784855998403">
        <ele>2990</ele>
      </trkpt>
      <trkpt lat="45.11047301163457" lon="6.5694850276559151">
        <ele>2990</ele>
      </trkpt>
      <trkpt lat="45.11036429525083" lon="6.5695231737554769">
        <ele>2986</ele>
      </trkpt>
      <trkpt lat="45.11027846652681" lon="6.5694459279038648">
        <ele>2986</ele>
      </trkpt>
      <trkpt lat="45.10995231737556" lon="6.5694764447835139">
        <ele>2976</ele>
      </trkpt>
      <trkpt lat="45.10988174709137" lon="6.5694535571237775">
        <ele>2976</ele>
      </trkpt>
      <trkpt lat="45.10981213045967" lon="6.5694306694640403">
        <ele>2975</ele>
      </trkpt>
      <trkpt lat="45.10972248712571" lon="6.5695155445355642">
        <ele>2972</ele>
      </trkpt>
      <trkpt lat="45.10963284379174" lon="6.5696013732595775">
        <ele>2968</ele>
      </trkpt>
      <trkpt lat="45.10956227350755" lon="6.5697177188632399">
        <ele>2963</ele>
      </trkpt>
      <trkpt lat="45.10949265687585" lon="6.5698350181193907">
        <ele>2959</ele>
      </trkpt>
      <trkpt lat="45.10943353042153" lon="6.5699446881556289">
        <ele>2954</ele>
      </trkpt>
      <trkpt lat="45.1093753576197" lon="6.5700553118443574">
        <ele>2950</ele>
      </trkpt>
      <trkpt lat="45.10930669464049" lon="6.5701201602136114">
        <ele>2948</ele>
      </trkpt>
      <trkpt lat="45.10922181956897" lon="6.5701316040434801">
        <ele>2946</ele>
      </trkpt>
      <trkpt lat="45.10890234598514" lon="6.5703557123784027">
        <ele>2933</ele>
      </trkpt>
      <trkpt lat="45.10882510013352" lon="6.5704520312797952">
        <ele>2929</ele>
      </trkpt>
      <trkpt lat="45.10877074194165" lon="6.5704815945069548">
        <ele>2927</ele>
      </trkpt>
      <trkpt lat="45.10874785428192" lon="6.5705292771314063">
        <ele>2926</ele>
      </trkpt>
      <trkpt lat="45.10876502002672" lon="6.5705655159259901">
        <ele>2925</ele>
      </trkpt>
      <trkpt lat="45.10876502002672" lon="6.5705817280183032">
        <ele>2925</ele>
      </trkpt>
      <trkpt lat="45.108740225062" lon="6.5705998474155951">
        <ele>2924</ele>
      </trkpt>
      <trkpt lat="45.10874308601947" lon="6.570650390997514">
        <ele>2923</ele>
      </trkpt>
      <trkpt lat="45.10877932481405" lon="6.5706561129124479">
        <ele>2923</ele>
      </trkpt>
      <trkpt lat="45.10878123211903" lon="6.5706780469196957">
        <ele>2923</ele>
      </trkpt>
      <trkpt lat="45.10868109860768" lon="6.5707810413885115">
        <ele>2918</ele>
      </trkpt>
      <trkpt lat="45.10863246233074" lon="6.570781995041">
        <ele>2917</ele>
      </trkpt>
      <trkpt lat="45.10860003814611" lon="6.5708239557505177">
        <ele>2916</ele>
      </trkpt>
      <trkpt lat="45.10860194545109" lon="6.5708744993324366">
        <ele>2915</ele>
      </trkpt>
      <trkpt lat="45.1086276940683" lon="6.5709374403967127">
        <ele>2914</ele>
      </trkpt>
      <trkpt lat="45.10866870112532" lon="6.57100896433339">
        <ele>2914</ele>
      </trkpt>
      <trkpt lat="45.10865725729546" lon="6.5710776273126008">
        <ele>2913</ele>
      </trkpt>
      <trkpt lat="45.10859336257869" lon="6.5711253099370524">
        <ele>2910</ele>
      </trkpt>
      <trkpt lat="45.10858287240131" lon="6.5711748998664818">
        <ele>2909</ele>
      </trkpt>
      <trkpt lat="45.1086534426855" lon="6.5712893381651654">
        <ele>2909</ele>
      </trkpt>
      <trkpt lat="45.10865153538052" lon="6.5713522792294423">
        <ele>2908</ele>
      </trkpt>
      <trkpt lat="45.10863055502576" lon="6.5714018691588718">
        <ele>2906</ele>
      </trkpt>
      <trkpt lat="45.10857047491896" lon="6.5714333396910094">
        <ele>2905</ele>
      </trkpt>
      <trkpt lat="45.10851230211712" lon="6.5714295250810535">
        <ele>2904</ele>
      </trkpt>
      <trkpt lat="45.10844745374787" lon="6.5713627694068215">
        <ele>2904</ele>
      </trkpt>
      <trkpt lat="45.1084102613008" lon="6.5713351134846389">
        <ele>2903</ele>
      </trkpt>
      <trkpt lat="45.10834159832159" lon="6.5713675376692668">
        <ele>2902</ele>
      </trkpt>
      <trkpt lat="45.10829200839216" lon="6.5714781613579945">
        <ele>2898</ele>
      </trkpt>
      <trkpt lat="45.10828914743469" lon="6.5715487316421823">
        <ele>2897</ele>
      </trkpt>
      <trkpt lat="45.10828628647722" lon="6.5716202555788605">
        <ele>2896</ele>
      </trkpt>
      <trkpt lat="45.10829010108718" lon="6.5716975014304717">
        <ele>2894</ele>
      </trkpt>
      <trkpt lat="45.10829486934962" lon="6.5717757009345723">
        <ele>2892</ele>
      </trkpt>
      <trkpt lat="45.10821476254054" lon="6.5718081251191993">
        <ele>2889</ele>
      </trkpt>
      <trkpt lat="45.10811748998666" lon="6.5717699790196384">
        <ele>2887</ele>
      </trkpt>
      <trkpt lat="45.10802307839025" lon="6.5717823765019956">
        <ele>2883</ele>
      </trkpt>
      <trkpt lat="45.10791817661646" lon="6.5718748807934322">
        <ele>2878</ele>
      </trkpt>
      <trkpt lat="45.10781422849515" lon="6.5719683387373573">
        <ele>2873</ele>
      </trkpt>
      <trkpt lat="45.10765496852948" lon="6.5722582490940233">
        <ele>2865</ele>
      </trkpt>
      <trkpt lat="45.10761586877743" lon="6.5723383559031019">
        <ele>2863</ele>
      </trkpt>
      <trkpt lat="45.10757772267787" lon="6.5724194163646699">
        <ele>2861</ele>
      </trkpt>
      <trkpt lat="45.10752336448599" lon="6.5725119206561065">
        <ele>2859</ele>
      </trkpt>
      <trkpt lat="45.10746900629412" lon="6.5726053786000316">
        <ele>2855</ele>
      </trkpt>
      <trkpt lat="45.10744039671945" lon="6.5727121876788033">
        <ele>2852</ele>
      </trkpt>
      <trkpt lat="45.10741274079727" lon="6.5728199504100635">
        <ele>2848</ele>
      </trkpt>
      <trkpt lat="45.10730879267597" lon="6.5728867060842964">
        <ele>2844</ele>
      </trkpt>
      <trkpt lat="45.10722963951937" lon="6.5730030516879578">
        <ele>2839</ele>
      </trkpt>
      <trkpt lat="45.10715048636278" lon="6.5731193972916202">
        <ele>2836</ele>
      </trkpt>
      <trkpt lat="45.10708182338357" lon="6.5731728018310056">
        <ele>2833</ele>
      </trkpt>
      <trkpt lat="45.10701316040436" lon="6.5732262063703919">
        <ele>2832</ele>
      </trkpt>
      <trkpt lat="45.10699027274462" lon="6.5733234789242729">
        <ele>2830</ele>
      </trkpt>
      <trkpt lat="45.10696738508489" lon="6.5734207514781549">
        <ele>2827</ele>
      </trkpt>
      <trkpt lat="45.10696929238987" lon="6.573530421514393">
        <ele>2824</ele>
      </trkpt>
      <trkpt lat="45.10698741178716" lon="6.5736009917985818">
        <ele>2823</ele>
      </trkpt>
      <trkpt lat="45.10697882891476" lon="6.5736667938203253">
        <ele>2821</ele>
      </trkpt>
      <trkpt lat="45.10697119969485" lon="6.5737335494945572">
        <ele>2819</ele>
      </trkpt>
      <trkpt lat="45.10708086973109" lon="6.5736868205225951">
        <ele>2820</ele>
      </trkpt>
      <trkpt lat="45.10715430097274" lon="6.5737011253099302">
        <ele>2820</ele>
      </trkpt>
      <trkpt lat="45.10722868586689" lon="6.5737154300972653">
        <ele>2819</ele>
      </trkpt>
      <trkpt lat="45.10730211710854" lon="6.5737650200266957">
        <ele>2817</ele>
      </trkpt>
      <trkpt lat="45.10732500476828" lon="6.5738289147434603">
        <ele>2815</ele>
      </trkpt>
      <trkpt lat="45.10734884608051" lon="6.5738928094602258">
        <ele>2812</ele>
      </trkpt>
      <trkpt lat="45.10736219721535" lon="6.5739643333969031">
        <ele>2810</ele>
      </trkpt>
      <trkpt lat="45.10737650200269" lon="6.5740368109860698">
        <ele>2807</ele>
      </trkpt>
      <trkpt lat="45.10742227732216" lon="6.5741378981499077">
        <ele>2802</ele>
      </trkpt>
      <trkpt lat="45.10746805264163" lon="6.574239938966234">
        <ele>2798</ele>
      </trkpt>
      <trkpt lat="45.10754720579822" lon="6.5746280755292705">
        <ele>2785</ele>
      </trkpt>
      <trkpt lat="45.10749952317377" lon="6.5749885561701245">
        <ele>2773</ele>
      </trkpt>
      <trkpt lat="45.10759488842267" lon="6.5750638947167586">
        <ele>2771</ele>
      </trkpt>
      <trkpt lat="45.10753480831586" lon="6.5751859622353548">
        <ele>2767</ele>
      </trkpt>
      <trkpt lat="45.10747568186154" lon="6.5752765592218125">
        <ele>2765</ele>
      </trkpt>
      <trkpt lat="45.10754339118827" lon="6.575342361243556">
        <ele>2763</ele>
      </trkpt>
      <trkpt lat="45.10750715239368" lon="6.575389090215519">
        <ele>2761</ele>
      </trkpt>
      <trkpt lat="45.10745088689683" lon="6.575419607095168">
        <ele>2761</ele>
      </trkpt>
      <trkpt lat="45.10748998664888" lon="6.5755006675567351">
        <ele>2758</ele>
      </trkpt>
      <trkpt lat="45.10753004005342" lon="6.5755817280183031">
        <ele>2756</ele>
      </trkpt>
      <trkpt lat="45.10746519168416" lon="6.5756694640472944">
        <ele>2753</ele>
      </trkpt>
      <trkpt lat="45.10735456799544" lon="6.5757629219912195">
        <ele>2751</ele>
      </trkpt>
      <trkpt lat="45.10740225061988" lon="6.5758382605378536">
        <ele>2748</ele>
      </trkpt>
      <trkpt lat="45.10734884608051" lon="6.5759050162120856">
        <ele>2747</ele>
      </trkpt>
      <trkpt lat="45.1073316803357" lon="6.5760232691207259">
        <ele>2743</ele>
      </trkpt>
      <trkpt lat="45.10734979973299" lon="6.5760900247949579">
        <ele>2742</ele>
      </trkpt>
      <trkpt lat="45.10736791913028" lon="6.5761567804691898">
        <ele>2740</ele>
      </trkpt>
      <trkpt lat="45.10742609193211" lon="6.576228304405868">
        <ele>2738</ele>
      </trkpt>
      <trkpt lat="45.10748521838644" lon="6.5762998283425453">
        <ele>2737</ele>
      </trkpt>
      <trkpt lat="45.10736982643526" lon="6.5763990082014043">
        <ele>2733</ele>
      </trkpt>
      <trkpt lat="45.107392714095" lon="6.5764743467480384">
        <ele>2732</ele>
      </trkpt>
      <trkpt lat="45.10741560175473" lon="6.5765496852946717">
        <ele>2730</ele>
      </trkpt>
      <trkpt lat="45.10749284760634" lon="6.5766049971390359">
        <ele>2729</ele>
      </trkpt>
      <trkpt lat="45.10754720579822" lon="6.5768539004386737">
        <ele>2726</ele>
      </trkpt>
      <trkpt lat="45.1075224108335" lon="6.577215334732017">
        <ele>2723</ele>
      </trkpt>
      <trkpt lat="45.10739938966242" lon="6.5775300400533974">
        <ele>2720</ele>
      </trkpt>
      <trkpt lat="45.10733930955561" lon="6.5776502002670156">
        <ele>2719</ele>
      </trkpt>
      <trkpt lat="45.1072792294488" lon="6.5777703604806339">
        <ele>2719</ele>
      </trkpt>
      <trkpt lat="45.10710471104331" lon="6.5782195308029685">
        <ele>2720</ele>
      </trkpt>
      <trkpt lat="45.10710471104331" lon="6.5782195308029685">
        <ele>2720</ele>
      </trkpt>
      <trkpt lat="45.10706561129126" lon="6.5785542628266196">
        <ele>2717</ele>
      </trkpt>
      <trkpt lat="45.10701792866681" lon="6.578784093076476">
        <ele>2714</ele>
      </trkpt>
      <trkpt lat="45.10699408735458" lon="6.5792103757390734">
        <ele>2709</ele>
      </trkpt>
      <trkpt lat="45.10696070951747" lon="6.579400152584391">
        <ele>2706</ele>
      </trkpt>
      <trkpt lat="45.10680907877171" lon="6.5796748045012325">
        <ele>2704</ele>
      </trkpt>
      <trkpt lat="45.10676044249477" lon="6.5798903299637548">
        <ele>2702</ele>
      </trkpt>
      <trkpt lat="45.10670799160787" lon="6.579999999999993">
        <ele>2702</ele>
      </trkpt>
      <trkpt lat="45.10670799160787" lon="6.5800000000000036">
        <ele>2702</ele>
      </trkpt>
      <trkpt lat="45.10640186915889" lon="6.5802746519168451">
        <ele>2697</ele>
      </trkpt>
      <trkpt lat="45.10619111195881" lon="6.5805969864581382">
        <ele>2693</ele>
      </trkpt>
      <trkpt lat="45.10604711043297" lon="6.5809164600419638">
        <ele>2689</ele>
      </trkpt>
      <trkpt lat="45.10592504291438" lon="6.5813780278466565">
        <ele>2686</ele>
      </trkpt>
      <trkpt lat="45.10584398245281" lon="6.5817909593744073">
        <ele>2685</ele>
      </trkpt>
      <trkpt lat="45.10574098798399" lon="6.5827436582109513">
        <ele>2679</ele>
      </trkpt>
      <trkpt lat="45.10567327865727" lon="6.583642952508109">
        <ele>2668</ele>
      </trkpt>
      <trkpt lat="45.10557409879841" lon="6.584534617585355">
        <ele>2663</ele>
      </trkpt>
      <trkpt lat="45.10547205798208" lon="6.5850286095746746">
        <ele>2664</ele>
      </trkpt>
      <trkpt lat="45.10537001716576" lon="6.5852632080869764">
        <ele>2663</ele>
      </trkpt>
      <trkpt lat="45.10532901010873" lon="6.5854787335494978">
        <ele>2662</ele>
      </trkpt>
      <trkpt lat="45.10530612244899" lon="6.5859307648292997">
        <ele>2659</ele>
      </trkpt>
      <trkpt lat="45.10528418844174" lon="6.5860347129506041">
        <ele>2659</ele>
      </trkpt>
      <trkpt lat="45.10519740606524" lon="6.5862378409307683">
        <ele>2658</ele>
      </trkpt>
      <trkpt lat="45.10517737936297" lon="6.5863332061796713">
        <ele>2658</ele>
      </trkpt>
      <trkpt lat="45.10515925996568" lon="6.5866479115010526">
        <ele>2655</ele>
      </trkpt>
      <trkpt lat="45.10516975014306" lon="6.5867966812893419">
        <ele>2652</ele>
      </trkpt>
      <trkpt lat="45.10527560556935" lon="6.5872868586687048">
        <ele>2642</ele>
      </trkpt>
      <trkpt lat="45.10528323478925" lon="6.5876349418272016">
        <ele>2637</ele>
      </trkpt>
      <trkpt lat="45.10522410833494" lon="6.5878571428571462">
        <ele>2634</ele>
      </trkpt>
      <trkpt lat="45.1052269692924" lon="6.5880183101277927">
        <ele>2632</ele>
      </trkpt>
      <trkpt lat="45.10526511539197" lon="6.588251954987606">
        <ele>2628</ele>
      </trkpt>
      <trkpt lat="45.10528323478925" lon="6.5887001716574511">
        <ele>2625</ele>
      </trkpt>
      <trkpt lat="45.10534331489607" lon="6.5890902155254656">
        <ele>2623</ele>
      </trkpt>
      <trkpt lat="45.10532328819379" lon="6.5895536906351362">
        <ele>2622</ele>
      </trkpt>
      <trkpt lat="45.10532996376122" lon="6.589753957657833">
        <ele>2622</ele>
      </trkpt>
      <trkpt lat="45.10541102422279" lon="6.5906236887278311">
        <ele>2618</ele>
      </trkpt>
      <trkpt lat="45.10535952698838" lon="6.5910680907877204">
        <ele>2615</ele>
      </trkpt>
      <trkpt lat="45.10531756627886" lon="6.5919158878504707">
        <ele>2604</ele>
      </trkpt>
      <trkpt lat="45.10527560556935" lon="6.5922639710089674">
        <ele>2599</ele>
      </trkpt>
      <trkpt lat="45.10515830631319" lon="6.5928275796299864">
        <ele>2593</ele>
      </trkpt>
      <trkpt lat="45.1051487697883" lon="6.5929277131413349">
        <ele>2592</ele>
      </trkpt>
      <trkpt lat="45.1051668891856" lon="6.5930440587449963">
        <ele>2588</ele>
      </trkpt>
      <trkpt lat="45.10533377837118" lon="6.5932633988174745">
        <ele>2574</ele>
      </trkpt>
      <trkpt lat="45.10535952698838" lon="6.5933501811939763">
        <ele>2571</ele>
      </trkpt>
      <trkpt lat="45.10532614915126" lon="6.5936572572954448">
        <ele>2565</ele>
      </trkpt>
      <trkpt lat="45.10530421514402" lon="6.594053023078394">
        <ele>2557</ele>
      </trkpt>
      <trkpt lat="45.10535857333589" lon="6.5943667747472858">
        <ele>2548</ele>
      </trkpt>
      <trkpt lat="45.10540816326532" lon="6.594478352088502">
        <ele>2544</ele>
      </trkpt>
      <trkpt lat="45.10559603280566" lon="6.5946233072668354">
        <ele>2533</ele>
      </trkpt>
      <trkpt lat="45.10566660308985" lon="6.5947196261682279">
        <ele>2529</ele>
      </trkpt>
      <trkpt lat="45.10576292199124" lon="6.5949256151058586">
        <ele>2522</ele>
      </trkpt>
      <trkpt lat="45.10588212855237" lon="6.5950333778371197">
        <ele>2517</ele>
      </trkpt>
      <trkpt lat="45.10605378600039" lon="6.5950734312416586">
        <ele>2511</ele>
      </trkpt>
      <trkpt lat="45.10620541674615" lon="6.5951430478733579">
        <ele>2505</ele>
      </trkpt>
      <trkpt lat="45.10630078199505" lon="6.5951382796109135">
        <ele>2501</ele>
      </trkpt>
      <trkpt lat="45.1063570474919" lon="6.595106809078775">
        <ele>2499</ele>
      </trkpt>
      <trkpt lat="45.10640759107383" lon="6.5950190730497837">
        <ele>2498</ele>
      </trkpt>
      <trkpt lat="45.10643906160596" lon="6.5948340644669114">
        <ele>2497</ele>
      </trkpt>
      <trkpt lat="45.10648674423042" lon="6.5947005531184466">
        <ele>2496</ele>
      </trkpt>
      <trkpt lat="45.1066269311463" lon="6.5943915697120001">
        <ele>2492</ele>
      </trkpt>
      <trkpt lat="45.10679858859433" lon="6.5943219530803008">
        <ele>2488</ele>
      </trkpt>
      <trkpt lat="45.10695212664506" lon="6.5940244135037229">
        <ele>2484</ele>
      </trkpt>
      <trkpt lat="45.10711806217816" lon="6.5938127026511575">
        <ele>2478</ele>
      </trkpt>
      <trkpt lat="45.10716574480261" lon="6.5937764638565737">
        <ele>2476</ele>
      </trkpt>
      <trkpt lat="45.10732500476828" lon="6.5937192447072324">
        <ele>2471</ele>
      </trkpt>
      <trkpt lat="45.10749094030137" lon="6.5935800114438337">
        <ele>2465</ele>
      </trkpt>
      <trkpt lat="45.10780564562275" lon="6.5933711615487347">
        <ele>2457</ele>
      </trkpt>
      <trkpt lat="45.1079057791341" lon="6.5933396910165971">
        <ele>2456</ele>
      </trkpt>
      <trkpt lat="45.1079839786382" lon="6.5932881937821888">
        <ele>2454</ele>
      </trkpt>
      <trkpt lat="45.10805073431243" lon="6.5932080869731102">
        <ele>2452</ele>
      </trkpt>
      <trkpt lat="45.10823955750526" lon="6.5931089071142512">
        <ele>2449</ele>
      </trkpt>
      <trkpt lat="45.10829391569713" lon="6.5930497806599311">
        <ele>2448</ele>
      </trkpt>
      <trkpt lat="45.10831680335687" lon="6.5930001907305016">
        <ele>2448</ele>
      </trkpt>
      <trkpt lat="45.10833110814421" lon="6.5929038718291091">
        <ele>2447</ele>
      </trkpt>
      <trkpt lat="45.10831966431434" lon="6.5926940682815216">
        <ele>2447</ele>
      </trkpt>
      <trkpt lat="45.10837879076865" lon="6.5923345412931562">
        <ele>2445</ele>
      </trkpt>
      <trkpt lat="45.10841884417319" lon="6.5918491321762387">
        <ele>2444</ele>
      </trkpt>
      <trkpt lat="45.10852183864201" lon="6.5913751668891889">
        <ele>2442</ele>
      </trkpt>
      <trkpt lat="45.10854567995424" lon="6.591322716002292">
        <ele>2441</ele>
      </trkpt>
      <trkpt lat="45.10864962807554" lon="6.591243562845702">
        <ele>2439</ele>
      </trkpt>
      <trkpt lat="45.10865916460043" lon="6.5912025557886738">
        <ele>2439</ele>
      </trkpt>
      <trkpt lat="45.10865916460043" lon="6.5912025557886738">
        <ele>2439</ele>
      </trkpt>
      <trkpt lat="45.10860862101851" lon="6.5911644096891129">
        <ele>2440</ele>
      </trkpt>
      <trkpt lat="45.10857142857144" lon="6.5911148197596834">
        <ele>2440</ele>
      </trkpt>
      <trkpt lat="45.10853232881939" lon="6.5910366202555819">
        <ele>2441</ele>
      </trkpt>
      <trkpt lat="45.10849322906734" lon="6.5909584207514813">
        <ele>2441</ele>
      </trkpt>
      <trkpt lat="45.10845699027276" lon="6.5908363532328851">
        <ele>2441</ele>
      </trkpt>
      <trkpt lat="45.10842170513067" lon="6.5907142857142889">
        <ele>2442</ele>
      </trkpt>
      <trkpt lat="45.10840644669084" lon="6.5906379935151662">
        <ele>2442</ele>
      </trkpt>
      <trkpt lat="45.1084007247759" lon="6.5905617013160436">
        <ele>2442</ele>
      </trkpt>
      <trkpt lat="45.10839595651346" lon="6.5904863627694104">
        <ele>2442</ele>
      </trkpt>
      <trkpt lat="45.10840167842839" lon="6.5903862292580619">
        <ele>2442</ele>
      </trkpt>
      <trkpt lat="45.10840740034333" lon="6.5902870493992021">
        <ele>2442</ele>
      </trkpt>
      <trkpt lat="45.10839881747093" lon="6.5901811939729198">
        <ele>2442</ele>
      </trkpt>
      <trkpt lat="45.10840167842839" lon="6.5900858287240167">
        <ele>2442</ele>
      </trkpt>
      <trkpt lat="45.10840549303835" lon="6.5899847415601789">
        <ele>2442</ele>
      </trkpt>
      <trkpt lat="45.10841407591075" lon="6.5899237078008808">
        <ele>2442</ele>
      </trkpt>
      <trkpt lat="45.10843314896053" lon="6.5899027274461224">
        <ele>2442</ele>
      </trkpt>
      <trkpt lat="45.10845031470534" lon="6.5898693496090059">
        <ele>2442</ele>
      </trkpt>
      <trkpt lat="45.10845794392525" lon="6.5897692160976575">
        <ele>2442</ele>
      </trkpt>
      <trkpt lat="45.10847415601756" lon="6.589709135990848">
        <ele>2442</ele>
      </trkpt>
      <trkpt lat="45.10850085828725" lon="6.5896681289338197">
        <ele>2441</ele>
      </trkpt>
      <trkpt lat="45.10858477970629" lon="6.5895813465573179">
        <ele>2440</ele>
      </trkpt>
      <trkpt lat="45.10862292580585" lon="6.5895241274079757">
        <ele>2439</ele>
      </trkpt>
      <trkpt lat="45.10864104520314" lon="6.5894878886133927">
        <ele>2438</ele>
      </trkpt>
      <trkpt lat="45.10865058172804" lon="6.5894459279038751">
        <ele>2438</ele>
      </trkpt>
      <trkpt lat="45.10864867442305" lon="6.5894001525844015">
        <ele>2438</ele>
      </trkpt>
      <trkpt lat="45.10866488651537" lon="6.5893782185771537">
        <ele>2438</ele>
      </trkpt>
      <trkpt lat="45.10868014495519" lon="6.5893839404920884">
        <ele>2438</ele>
      </trkpt>
      <trkpt lat="45.10869254243755" lon="6.5894020598893794">
        <ele>2437</ele>
      </trkpt>
      <trkpt lat="45.10871543009728" lon="6.589397291626935">
        <ele>2437</ele>
      </trkpt>
      <trkpt lat="45.10874213236698" lon="6.5893391188251034">
        <ele>2436</ele>
      </trkpt>
      <trkpt lat="45.10883654396339" lon="6.5892618729734922">
        <ele>2434</ele>
      </trkpt>
      <trkpt lat="45.10890139233265" lon="6.5892456608811782">
        <ele>2432</ele>
      </trkpt>
      <trkpt lat="45.10891951172994" lon="6.5892666412359366">
        <ele>2432</ele>
      </trkpt>
      <trkpt lat="45.10895288956706" lon="6.5892752241083388">
        <ele>2431</ele>
      </trkpt>
      <trkpt lat="45.10898626740417" lon="6.5892523364486015">
        <ele>2430</ele>
      </trkpt>
      <trkpt lat="45.10900724775893" lon="6.5892208659164631">
        <ele>2430</ele>
      </trkpt>
      <trkpt lat="45.10903204272365" lon="6.5891302689300053">
        <ele>2429</ele>
      </trkpt>
      <trkpt lat="45.10905779134085" lon="6.5890396719435476">
        <ele>2429</ele>
      </trkpt>
      <trkpt lat="45.1090968910929" lon="6.5889366774747318">
        <ele>2429</ele>
      </trkpt>
      <trkpt lat="45.10916841502958" lon="6.5888613389280977">
        <ele>2427</ele>
      </trkpt>
      <trkpt lat="45.10920846843412" lon="6.5888003051687996">
        <ele>2428</ele>
      </trkpt>
      <trkpt lat="45.10926664123595" lon="6.5887507152393701">
        <ele>2428</ele>
      </trkpt>
      <trkpt lat="45.10934579439254" lon="6.5887116154873198">
        <ele>2429</ele>
      </trkpt>
      <trkpt lat="45.10941445737175" lon="6.5886620255578903">
        <ele>2430</ele>
      </trkpt>
      <trkpt lat="45.10945451077629" lon="6.5886105283234819">
        <ele>2430</ele>
      </trkpt>
      <trkpt lat="45.10948216669847" lon="6.5885380507343161">
        <ele>2431</ele>
      </trkpt>
      <trkpt lat="45.10951363723061" lon="6.5884159832157199">
        <ele>2432</ele>
      </trkpt>
      <trkpt lat="45.10954606141524" lon="6.5882948693496122">
        <ele>2433</ele>
      </trkpt>
      <trkpt lat="45.10961758535191" lon="6.5883015449170355">
        <ele>2433</ele>
      </trkpt>
      <trkpt lat="45.10969006294108" lon="6.5883091741369482">
        <ele>2433</ele>
      </trkpt>
      <trkpt lat="45.10980831584972" lon="6.5883320617966845">
        <ele>2434</ele>
      </trkpt>
      <trkpt lat="45.10985599847417" lon="6.5883482738889985">
        <ele>2434</ele>
      </trkpt>
      <trkpt lat="45.1099055884036" lon="6.5883797444211361">
        <ele>2434</ele>
      </trkpt>
      <trkpt lat="45.10994373450316" lon="6.5884226587831431">
        <ele>2434</ele>
      </trkpt>
      <trkpt lat="45.11001144382988" lon="6.5885266069044475">
        <ele>2433</ele>
      </trkpt>
      <trkpt lat="45.11007629219914" lon="6.5885618920465419">
        <ele>2433</ele>
      </trkpt>
      <trkpt lat="45.11018691588787" lon="6.5885466336067173">
        <ele>2433</ele>
      </trkpt>
      <trkpt lat="45.1102622544345" lon="6.5884884608048857">
        <ele>2434</ele>
      </trkpt>
      <trkpt lat="45.11035475872593" lon="6.5883730688537128">
        <ele>2434</ele>
      </trkpt>
      <trkpt lat="45.11047301163457" lon="6.588122258249097">
        <ele>2435</ele>
      </trkpt>
      <trkpt lat="45.11052641617396" lon="6.5880297539576613">
        <ele>2436</ele>
      </trkpt>
      <trkpt lat="45.11058077436584" lon="6.5879372496662247">
        <ele>2436</ele>
      </trkpt>
      <trkpt lat="45.11069139805456" lon="6.5878456990272776">
        <ele>2437</ele>
      </trkpt>
      <trkpt lat="45.11080297539578" lon="6.5877551020408198">
        <ele>2438</ele>
      </trkpt>
      <trkpt lat="45.1109059698646" lon="6.5877322143810826">
        <ele>2440</ele>
      </trkpt>
      <trkpt lat="45.11122067518598" lon="6.5878161358001179">
        <ele>2446</ele>
      </trkpt>
      <trkpt lat="45.11126454320047" lon="6.5878456990272776">
        <ele>2446</ele>
      </trkpt>
      <trkpt lat="45.11130745756248" lon="6.5879315277512909">
        <ele>2446</ele>
      </trkpt>
      <trkpt lat="45.11140663742134" lon="6.5882929620446342">
        <ele>2446</ele>
      </trkpt>
      <trkpt lat="45.1115058172802" lon="6.5887535761968374">
        <ele>2445</ele>
      </trkpt>
      <trkpt lat="45.1115925996567" lon="6.5890396719435476">
        <ele>2445</ele>
      </trkpt>
      <trkpt lat="45.11164028228115" lon="6.5892828533282506">
        <ele>2446</ele>
      </trkpt>
      <trkpt lat="45.11166793820333" lon="6.5893734503147083">
        <ele>2447</ele>
      </trkpt>
      <trkpt lat="45.11171943543774" lon="6.5894745374785462">
        <ele>2449</ele>
      </trkpt>
      <trkpt lat="45.11177188632464" lon="6.5895765782948725">
        <ele>2451</ele>
      </trkpt>
      <trkpt lat="45.11183673469389" lon="6.5899094030135457">
        <ele>2455</ele>
      </trkpt>
      <trkpt lat="45.11191684150297" lon="6.590175472057985">
        <ele>2458</ele>
      </trkpt>
      <trkpt lat="45.11193305359529" lon="6.5904644287621625">
        <ele>2458</ele>
      </trkpt>
      <trkpt lat="45.11198836543965" lon="6.5909498378790801">
        <ele>2460</ele>
      </trkpt>
      <trkpt lat="45.11196833873738" lon="6.5914905588403618">
        <ele>2460</ele>
      </trkpt>
      <trkpt lat="45.11199027274463" lon="6.5915649437345065">
        <ele>2460</ele>
      </trkpt>
      <trkpt lat="45.11201220675187" lon="6.5916402822811397">
        <ele>2461</ele>
      </trkpt>
      <trkpt lat="45.11206751859623" lon="6.5917375548350217">
        <ele>2463</ele>
      </trkpt>
      <trkpt lat="45.1121228304406" lon="6.5918357810413921">
        <ele>2464</ele>
      </trkpt>
      <trkpt lat="45.11226301735649" lon="6.5923068853709745">
        <ele>2469</ele>
      </trkpt>
      <trkpt lat="45.11248426473394" lon="6.5925996566851071">
        <ele>2475</ele>
      </trkpt>
      <trkpt lat="45.11254625214573" lon="6.59271504863628">
        <ele>2476</ele>
      </trkpt>
      <trkpt lat="45.11260823955752" lon="6.5928304405874529">
        <ele>2475</ele>
      </trkpt>
      <trkpt lat="45.1126883463666" lon="6.5928962426091964">
        <ele>2475</ele>
      </trkpt>
      <trkpt lat="45.11276845317568" lon="6.5929620446309398">
        <ele>2475</ele>
      </trkpt>
      <trkpt lat="45.1128266259775" lon="6.5930640854472662">
        <ele>2475</ele>
      </trkpt>
      <trkpt lat="45.11288479877934" lon="6.593167079916082">
        <ele>2474</ele>
      </trkpt>
      <trkpt lat="45.11296585924091" lon="6.5932500476826279">
        <ele>2474</ele>
      </trkpt>
      <trkpt lat="45.11302498569523" lon="6.5932548159450732">
        <ele>2474</ele>
      </trkpt>
      <trkpt lat="45.11313942399391" lon="6.5932214381079568">
        <ele>2475</ele>
      </trkpt>
      <trkpt lat="45.11321476254054" lon="6.593230020980358">
        <ele>2475</ele>
      </trkpt>
      <trkpt lat="45.11329200839216" lon="6.5933187106618378">
        <ele>2474</ele>
      </trkpt>
      <trkpt lat="45.11340740034333" lon="6.5936410452031318">
        <ele>2472</ele>
      </trkpt>
      <trkpt lat="45.11345889757774" lon="6.5937316421895895">
        <ele>2472</ele>
      </trkpt>
      <trkpt lat="45.11368205226017" lon="6.5939843600991832">
        <ele>2473</ele>
      </trkpt>
      <trkpt lat="45.11377074194165" lon="6.5942752241083387">
        <ele>2473</ele>
      </trkpt>
      <trkpt lat="45.11395002860959" lon="6.5946481022315506">
        <ele>2476</ele>
      </trkpt>
      <trkpt lat="45.1140186915888" lon="6.5950085828724045">
        <ele>2477</ele>
      </trkpt>
      <trkpt lat="45.11405016212094" lon="6.5950905969864619">
        <ele>2477</ele>
      </trkpt>
      <trkpt lat="45.11408258630556" lon="6.5951726111005184">
        <ele>2477</ele>
      </trkpt>
      <trkpt lat="45.11416841502957" lon="6.5952813274842681">
        <ele>2479</ele>
      </trkpt>
      <trkpt lat="45.11427236315088" lon="6.5953566660309013">
        <ele>2481</ele>
      </trkpt>
      <trkpt lat="45.11432481403778" lon="6.5954224680526448">
        <ele>2482</ele>
      </trkpt>
      <trkpt lat="45.11435056265498" lon="6.5954968529467894">
        <ele>2482</ele>
      </trkpt>
      <trkpt lat="45.11435151630747" lon="6.59557505245089">
        <ele>2482</ele>
      </trkpt>
      <trkpt lat="45.11435246995996" lon="6.5956542056074801">
        <ele>2481</ele>
      </trkpt>
      <trkpt lat="45.11429906542057" lon="6.5959841693686858">
        <ele>2478</ele>
      </trkpt>
      <trkpt lat="45.11429525081062" lon="6.5963618157543422">
        <ele>2474</ele>
      </trkpt>
      <trkpt lat="45.11445641808127" lon="6.5969053976730914">
        <ele>2476</ele>
      </trkpt>
      <trkpt lat="45.11455464428764" lon="6.5974270455845927">
        <ele>2475</ele>
      </trkpt>
      <trkpt lat="45.11456894907497" lon="6.597743658210951">
        <ele>2473</ele>
      </trkpt>
      <trkpt lat="45.11462426091934" lon="6.597837116154877">
        <ele>2474</ele>
      </trkpt>
      <trkpt lat="45.11469864581348" lon="6.597855235552168">
        <ele>2474</ele>
      </trkpt>
      <trkpt lat="45.11481594506963" lon="6.5978466526797668">
        <ele>2476</ele>
      </trkpt>
      <trkpt lat="45.11489795918369" lon="6.5978790768643938">
        <ele>2477</ele>
      </trkpt>
      <trkpt lat="45.11494468815565" lon="6.5979458325386267">
        <ele>2476</ele>
      </trkpt>
      <trkpt lat="45.11497425138281" lon="6.5980297539576611">
        <ele>2474</ele>
      </trkpt>
      <trkpt lat="45.11500476826246" lon="6.5981136753766965">
        <ele>2472</ele>
      </trkpt>
      <trkpt lat="45.11505912645433" lon="6.5982119015830669">
        <ele>2471</ele>
      </trkpt>
      <trkpt lat="45.11512397482359" lon="6.5982757962998315">
        <ele>2471</ele>
      </trkpt>
      <trkpt lat="45.11522792294489" lon="6.5983253862292619">
        <ele>2472</ele>
      </trkpt>
      <trkpt lat="45.1153318710662" lon="6.5983749761586914">
        <ele>2473</ele>
      </trkpt>
      <trkpt lat="45.11537955369065" lon="6.598418844173187">
        <ele>2473</ele>
      </trkpt>
      <trkpt lat="45.11543009727257" lon="6.5984827388899516">
        <ele>2472</ele>
      </trkpt>
      <trkpt lat="45.11548064085449" lon="6.5985475872592065">
        <ele>2472</ele>
      </trkpt>
      <trkpt lat="45.11550448216671" lon="6.5986343696357084">
        <ele>2470</ele>
      </trkpt>
      <trkpt lat="45.11551020408164" lon="6.5986973106999844">
        <ele>2469</ele>
      </trkpt>
      <trkpt lat="45.11551687964907" lon="6.5987612054167499">
        <ele>2468</ele>
      </trkpt>
      <trkpt lat="45.11555407209614" lon="6.5988765973679229">
        <ele>2466</ele>
      </trkpt>
      <trkpt lat="45.1155922181957" lon="6.5989919893190958">
        <ele>2464</ele>
      </trkpt>
      <trkpt lat="45.11562464238033" lon="6.5990654205607511">
        <ele>2464</ele>
      </trkpt>
      <trkpt lat="45.11563703986269" lon="6.5991197787526259">
        <ele>2463</ele>
      </trkpt>
      <trkpt lat="45.11563322525273" lon="6.5992399389662442">
        <ele>2460</ele>
      </trkpt>
      <trkpt lat="45.11566564943736" lon="6.5993381651726146">
        <ele>2459</ele>
      </trkpt>
      <trkpt lat="45.11569807362199" lon="6.5994373450314736">
        <ele>2459</ele>
      </trkpt>
      <trkpt lat="45.11575243181386" lon="6.5995184054930416">
        <ele>2459</ele>
      </trkpt>
      <trkpt lat="45.11579343887089" lon="6.5996118634369667">
        <ele>2458</ele>
      </trkpt>
      <trkpt lat="45.11578294869351" lon="6.5996919702460461">
        <ele>2456</ele>
      </trkpt>
      <trkpt lat="45.11578580965098" lon="6.5997310699980964">
        <ele>2456</ele>
      </trkpt>
      <trkpt lat="45.1158182338356" lon="6.59977684531757">
        <ele>2456</ele>
      </trkpt>
      <trkpt lat="45.11582014114058" lon="6.5998426473393126">
        <ele>2455</ele>
      </trkpt>
      <trkpt lat="45.11582204844556" lon="6.599908449361056">
        <ele>2454</ele>
      </trkpt>
      <trkpt lat="45.11584875071525" lon="6.6000000000000032">
        <ele>2453</ele>
      </trkpt>
      <trkpt lat="45.11584875071525" lon="6.6000000000000139">
        <ele>2453</ele>
      </trkpt>
      <trkpt lat="45.11588880411979" lon="6.6001153919511868">
        <ele>2452</ele>
      </trkpt>
      <trkpt lat="45.11592885752433" lon="6.6002307839023597">
        <ele>2451</ele>
      </trkpt>
      <trkpt lat="45.11593362578677" lon="6.6002918176616578">
        <ele>2450</ele>
      </trkpt>
      <trkpt lat="45.11593934770171" lon="6.600352851420956">
        <ele>2450</ele>
      </trkpt>
      <trkpt lat="45.11599084493612" lon="6.6004596604997277">
        <ele>2449</ele>
      </trkpt>
      <trkpt lat="45.11604234217052" lon="6.6005664695784994">
        <ele>2449</ele>
      </trkpt>
      <trkpt lat="45.1160795346176" lon="6.6006723250047816">
        <ele>2448</ele>
      </trkpt>
      <trkpt lat="45.11610337592982" lon="6.6006809078771829">
        <ele>2449</ele>
      </trkpt>
      <trkpt lat="45.11612435628459" lon="6.6007142857142993">
        <ele>2449</ele>
      </trkpt>
      <trkpt lat="45.11612817089454" lon="6.6008201411405816">
        <ele>2447</ele>
      </trkpt>
      <trkpt lat="45.11620827770362" lon="6.6011539195117432">
        <ele>2443</ele>
      </trkpt>
      <trkpt lat="45.1162530993706" lon="6.6012530993706031">
        <ele>2442</ele>
      </trkpt>
      <trkpt lat="45.11629792103759" lon="6.6013532328819515">
        <ele>2442</ele>
      </trkpt>
      <trkpt lat="45.11647911501051" lon="6.6019769216097792">
        <ele>2437</ele>
      </trkpt>
      <trkpt lat="45.11670799160787" lon="6.6026034712950734">
        <ele>2435</ele>
      </trkpt>
      <trkpt lat="45.11673469387757" lon="6.6027217242037137">
        <ele>2436</ele>
      </trkpt>
      <trkpt lat="45.11672515735268" lon="6.6027894335304351">
        <ele>2436</ele>
      </trkpt>
      <trkpt lat="45.11672706465765" lon="6.602841884417332">
        <ele>2436</ele>
      </trkpt>
      <trkpt lat="45.11675281327486" lon="6.6028981499141848">
        <ele>2437</ele>
      </trkpt>
      <trkpt lat="45.1168529467862" lon="6.602987793248154">
        <ele>2440</ele>
      </trkpt>
      <trkpt lat="45.11688727827581" lon="6.6030297539576717">
        <ele>2441</ele>
      </trkpt>
      <trkpt lat="45.11689395384323" lon="6.6030736219721673">
        <ele>2441</ele>
      </trkpt>
      <trkpt lat="45.11686915887852" lon="6.6031689872210704">
        <ele>2440</ele>
      </trkpt>
      <trkpt lat="45.11676521075722" lon="6.6034512683578237">
        <ele>2437</ele>
      </trkpt>
      <trkpt lat="45.11673564753006" lon="6.6035552164791289">
        <ele>2437</ele>
      </trkpt>
      <trkpt lat="45.11670608430289" lon="6.6036601182529227">
        <ele>2436</ele>
      </trkpt>
      <trkpt lat="45.11665172611102" lon="6.6039147434674943">
        <ele>2435</ele>
      </trkpt>
      <trkpt lat="45.11664695784857" lon="6.6040005721915067">
        <ele>2435</ele>
      </trkpt>
      <trkpt lat="45.11664218958613" lon="6.60408640091552">
        <ele>2435</ele>
      </trkpt>
      <trkpt lat="45.11677665458708" lon="6.6045460614152338">
        <ele>2434</ele>
      </trkpt>
      <trkpt lat="45.11679191302691" lon="6.6049504100705843">
        <ele>2430</ele>
      </trkpt>
      <trkpt lat="45.11680621781424" lon="6.60504291436202">
        <ele>2429</ele>
      </trkpt>
      <trkpt lat="45.11683196643145" lon="6.6051049017738075">
        <ele>2429</ele>
      </trkpt>
      <trkpt lat="45.11689300019074" lon="6.6051974060652432">
        <ele>2429</ele>
      </trkpt>
      <trkpt lat="45.11713045966052" lon="6.6054663360671508">
        <ele>2431</ele>
      </trkpt>
      <trkpt lat="45.1171924470723" lon="6.6055102040816465">
        <ele>2431</ele>
      </trkpt>
      <trkpt lat="45.11725538813658" lon="6.6055550257486306">
        <ele>2432</ele>
      </trkpt>
      <trkpt lat="45.11735552164792" lon="6.6056046156780601">
        <ele>2433</ele>
      </trkpt>
      <trkpt lat="45.11745565515928" lon="6.605655159259979">
        <ele>2434</ele>
      </trkpt>
      <trkpt lat="45.11757200076293" lon="6.6056933053595408">
        <ele>2436</ele>
      </trkpt>
      <trkpt lat="45.11768930001909" lon="6.6057324051115911">
        <ele>2437</ele>
      </trkpt>
      <trkpt lat="45.11806599275226" lon="6.6058916650772597">
        <ele>2438</ele>
      </trkpt>
      <trkpt lat="45.11885943162313" lon="6.6061119588022263">
        <ele>2445</ele>
      </trkpt>
      <trkpt lat="45.11916460041962" lon="6.6063255769597697">
        <ele>2446</ele>
      </trkpt>
      <trkpt lat="45.11916460041962" lon="6.6063255769597697">
        <ele>2446</ele>
      </trkpt>
      <trkpt lat="45.11952794201794" lon="6.6063694449742654">
        <ele>2448</ele>
      </trkpt>
      <trkpt lat="45.11963951935916" lon="6.6064161739462275">
        <ele>2448</ele>
      </trkpt>
      <trkpt lat="45.11975109670038" lon="6.6064629029181905">
        <ele>2449</ele>
      </trkpt>
      <trkpt lat="45.11975109670038" lon="6.6064629029181905">
        <ele>2449</ele>
      </trkpt>
      <trkpt lat="45.11981022315469" lon="6.6065649437345169">
        <ele>2447</ele>
      </trkpt>
      <trkpt lat="45.1198445546443" lon="6.6066593553309314">
        <ele>2445</ele>
      </trkpt>
      <trkpt lat="45.11984836925426" lon="6.6067337402250752">
        <ele>2444</ele>
      </trkpt>
      <trkpt lat="45.11984264733933" lon="6.6068062178142419">
        <ele>2443</ele>
      </trkpt>
      <trkpt lat="45.11981038172965" lon="6.6068725927827066">
        <ele>2442</ele>
      </trkpt>
      <trkpt lat="45.11981038172556" lon="6.6068725927995313">
        <ele>2442</ele>
      </trkpt>
      <trkpt lat="45.11984074003435" lon="6.6068882319282993">
        <ele>2442</ele>
      </trkpt>
      <trkpt lat="45.11991989319093" lon="6.6069464047301301">
        <ele>2442</ele>
      </trkpt>
      <trkpt lat="45.12000000000001" lon="6.6069635704749325">
        <ele>2443</ele>
      </trkpt>
      <trkpt lat="45.12" lon="6.6069635704749325">
        <ele>2443</ele>
      </trkpt>
      <trkpt lat="45.12009155063894" lon="6.6069759679572897">
        <ele>2443</ele>
      </trkpt>
      <trkpt lat="45.12030326149151" lon="6.6069378218577288">
        <ele>2442</ele>
      </trkpt>
      <trkpt lat="45.12038146099561" lon="6.6069368682052394">
        <ele>2441</ele>
      </trkpt>
      <trkpt lat="45.12046538241464" lon="6.6069540339500419">
        <ele>2441</ele>
      </trkpt>
      <trkpt lat="45.1206427617776" lon="6.6069740606523117">
        <ele>2440</ele>
      </trkpt>
      <trkpt lat="45.12080106809078" lon="6.6070217432767633">
        <ele>2439</ele>
      </trkpt>
      <trkpt lat="45.12110528323478" lon="6.6072019835971911">
        <ele>2436</ele>
      </trkpt>
      <trkpt lat="45.12117394621399" lon="6.6072239176044389">
        <ele>2435</ele>
      </trkpt>
      <trkpt lat="45.1213827961091" lon="6.6072286858668834">
        <ele>2431</ele>
      </trkpt>
      <trkpt lat="45.12160881174899" lon="6.6072935342361383">
        <ele>2428</ele>
      </trkpt>
      <trkpt lat="45.12174423040243" lon="6.607353614342947">
        <ele>2425</ele>
      </trkpt>
      <trkpt lat="45.12193591455273" lon="6.6074861720389224">
        <ele>2422</ele>
      </trkpt>
      <trkpt lat="45.12218672515735" lon="6.6078199504100841">
        <ele>2419</ele>
      </trkpt>
      <trkpt lat="45.12231546824336" lon="6.607937249666235">
        <ele>2417</ele>
      </trkpt>
      <trkpt lat="45.12242227732214" lon="6.6081041388518162">
        <ele>2416</ele>
      </trkpt>
      <trkpt lat="45.12249666221629" lon="6.6083415983215854">
        <ele>2416</ele>
      </trkpt>
      <trkpt lat="45.12255769597558" lon="6.6084627121876922">
        <ele>2414</ele>
      </trkpt>
      <trkpt lat="45.12264543200457" lon="6.6085733358764207">
        <ele>2412</ele>
      </trkpt>
      <trkpt lat="45.1227207705512" lon="6.608709708182352">
        <ele>2410</ele>
      </trkpt>
      <trkpt lat="45.12284951363723" lon="6.6090062941064414">
        <ele>2407</ele>
      </trkpt>
      <trkpt lat="45.12289433530421" lon="6.6092590120160351">
        <ele>2408</ele>
      </trkpt>
      <trkpt lat="45.12291054739652" lon="6.6093086019454645">
        <ele>2408</ele>
      </trkpt>
      <trkpt lat="45.12296776654587" lon="6.6093848941445872">
        <ele>2408</ele>
      </trkpt>
      <trkpt lat="45.12326244516498" lon="6.6095908830822188">
        <ele>2404</ele>
      </trkpt>
      <trkpt lat="45.12343887087545" lon="6.6097825672325143">
        <ele>2402</ele>
      </trkpt>
      <trkpt lat="45.12354186534427" lon="6.6099227541484016">
        <ele>2400</ele>
      </trkpt>
      <trkpt lat="45.1237039862674" lon="6.6102012206751999">
        <ele>2396</ele>
      </trkpt>
      <trkpt lat="45.12389757772267" lon="6.6110289910356803">
        <ele>2394</ele>
      </trkpt>
      <trkpt lat="45.12397577722678" lon="6.6113074575624777">
        <ele>2392</ele>
      </trkpt>
      <trkpt lat="45.12405779134083" lon="6.6117041769979155">
        <ele>2391</ele>
      </trkpt>
      <trkpt lat="45.12419607095174" lon="6.6121686057600746">
        <ele>2386</ele>
      </trkpt>
      <trkpt lat="45.12422468052641" lon="6.6123412168605897">
        <ele>2386</ele>
      </trkpt>
      <trkpt lat="45.12427713141331" lon="6.6125004768262583">
        <ele>2385</ele>
      </trkpt>
      <trkpt lat="45.12433816517261" lon="6.612558649628089">
        <ele>2383</ele>
      </trkpt>
      <trkpt lat="45.12444783520885" lon="6.6125996566851173">
        <ele>2380</ele>
      </trkpt>
      <trkpt lat="45.12453366393286" lon="6.6126816707991747">
        <ele>2378</ele>
      </trkpt>
      <trkpt lat="45.12456799542247" lon="6.6127541483883405">
        <ele>2378</ele>
      </trkpt>
      <trkpt lat="45.124608048827" lon="6.612929620446323">
        <ele>2377</ele>
      </trkpt>
      <trkpt lat="45.12466240701887" lon="6.6134026320808834">
        <ele>2378</ele>
      </trkpt>
      <trkpt lat="45.12473965287049" lon="6.6135704749189532">
        <ele>2378</ele>
      </trkpt>
      <trkpt lat="45.12493038336829" lon="6.6138899485027789">
        <ele>2375</ele>
      </trkpt>
      <trkpt lat="45.12498474156017" lon="6.6140282281136891">
        <ele>2374</ele>
      </trkpt>
      <trkpt lat="45.12502288765973" lon="6.6141808125119343">
        <ele>2374</ele>
      </trkpt>
      <trkpt lat="45.1250781995041" lon="6.614291436200662">
        <ele>2375</ele>
      </trkpt>
      <trkpt lat="45.12518119397291" lon="6.6144058744993464">
        <ele>2375</ele>
      </trkpt>
      <trkpt lat="45.12531089071142" lon="6.6146271218768016">
        <ele>2376</ele>
      </trkpt>
      <trkpt lat="45.12538432195308" lon="6.6147158115582814">
        <ele>2375</ele>
      </trkpt>
      <trkpt lat="45.12557982071333" lon="6.6148292962044763">
        <ele>2371</ele>
      </trkpt>
      <trkpt lat="45.12565802021743" lon="6.6148979591836872">
        <ele>2369</ele>
      </trkpt>
      <trkpt lat="45.12588975777226" lon="6.6151897768453312">
        <ele>2367</ele>
      </trkpt>
      <trkpt lat="45.12597940110624" lon="6.6152708373068991">
        <ele>2365</ele>
      </trkpt>
      <trkpt lat="45.12613198550448" lon="6.6155092504291568">
        <ele>2365</ele>
      </trkpt>
      <trkpt lat="45.12624547015067" lon="6.6156341789052204">
        <ele>2363</ele>
      </trkpt>
      <trkpt lat="45.12642857142857" lon="6.6158134655731589">
        <ele>2360</ele>
      </trkpt>
      <trkpt lat="45.12678142284951" lon="6.6161005149723575">
        <ele>2353</ele>
      </trkpt>
      <trkpt lat="45.12705512111386" lon="6.616440015258453">
        <ele>2350</ele>
      </trkpt>
      <trkpt lat="45.12740892618729" lon="6.6170226969292525">
        <ele>2346</ele>
      </trkpt>
      <trkpt lat="45.12774842647339" lon="6.6174709135990986">
        <ele>2342</ele>
      </trkpt>
      <trkpt lat="45.12783806980736" lon="6.6175538813656436">
        <ele>2342</ele>
      </trkpt>
      <trkpt lat="45.1282519549876" lon="6.6178533282472003">
        <ele>2337</ele>
      </trkpt>
      <trkpt lat="45.12838546633606" lon="6.6180125882128689">
        <ele>2338</ele>
      </trkpt>
      <trkpt lat="45.12859240892618" lon="6.6181441922563558">
        <ele>2338</ele>
      </trkpt>
      <trkpt lat="45.12883654396337" lon="6.6183930955559926">
        <ele>2341</ele>
      </trkpt>
      <trkpt lat="45.12899294297158" lon="6.6185142094221003">
        <ele>2343</ele>
      </trkpt>
      <trkpt lat="45.12929906542055" lon="6.6185723822239311">
        <ele>2341</ele>
      </trkpt>
      <trkpt lat="45.1295555979401" lon="6.6185485409117053">
        <ele>2337</ele>
      </trkpt>
      <trkpt lat="45.12979782567232" lon="6.6185637993515298">
        <ele>2335</ele>
      </trkpt>
      <trkpt lat="45.12989414457371" lon="6.6185552164791286">
        <ele>2334</ele>
      </trkpt>
      <trkpt lat="45.13016116727064" lon="6.6184588975777361">
        <ele>2329</ele>
      </trkpt>
      <trkpt lat="45.13016116727064" lon="6.6184588975777361">
        <ele>2329</ele>
      </trkpt>
      <trkpt lat="45.13028514209422" lon="6.618460804882714">
        <ele>2326</ele>
      </trkpt>
      <trkpt lat="45.13039195117299" lon="6.6184703414076047">
        <ele>2325</ele>
      </trkpt>
      <trkpt lat="45.13065039099752" lon="6.6185637993515298">
        <ele>2322</ele>
      </trkpt>
      <trkpt lat="45.13102326912072" lon="6.6187640663742267">
        <ele>2317</ele>
      </trkpt>
      <trkpt lat="45.13129601373259" lon="6.6189757772267921">
        <ele>2314</ele>
      </trkpt>
      <trkpt lat="45.13165840167842" lon="6.6194421132939292">
        <ele>2312</ele>
      </trkpt>
      <trkpt lat="45.13205988937631" lon="6.6197453747854418">
        <ele>2314</ele>
      </trkpt>
      <trkpt lat="45.13220389090215" lon="6.6198064085447399">
        <ele>2314</ele>
      </trkpt>
      <trkpt lat="45.13234503147053" lon="6.6198359717718995">
        <ele>2314</ele>
      </trkpt>
      <trkpt lat="45.13273793629601" lon="6.6198092695022073">
        <ele>2312</ele>
      </trkpt>
      <trkpt lat="45.13273793629601" lon="6.6198092695022073">
        <ele>2312</ele>
      </trkpt>
      <trkpt lat="45.1331041388518" lon="6.6195460614152335">
        <ele>2305</ele>
      </trkpt>
      <trkpt lat="45.13362197215334" lon="6.619316231165377">
        <ele>2295</ele>
      </trkpt>
      <trkpt lat="45.13384226587831" lon="6.6193257676902677">
        <ele>2292</ele>
      </trkpt>
      <trkpt lat="45.13406255960328" lon="6.6193801258821425">
        <ele>2290</ele>
      </trkpt>
      <trkpt lat="45.13431337020789" lon="6.6197177188632601">
        <ele>2293</ele>
      </trkpt>
      <trkpt lat="45.13447835208849" lon="6.6198045012397619">
        <ele>2290</ele>
      </trkpt>
      <trkpt lat="45.134912263971" lon="6.6198140377646526">
        <ele>2279</ele>
      </trkpt>
      <trkpt lat="45.13508964333396" lon="6.619883654396352">
        <ele>2277</ele>
      </trkpt>
      <trkpt lat="45.13521838641999" lon="6.6200000000000134">
        <ele>2278</ele>
      </trkpt>
      <trkpt lat="45.13521838641999" lon="6.6199999999999957">
        <ele>2278</ele>
      </trkpt>
      <trkpt lat="45.13542628266259" lon="6.6201096700362339">
        <ele>2275</ele>
      </trkpt>
      <trkpt lat="45.13581918748807" lon="6.6202937249666176">
        <ele>2270</ele>
      </trkpt>
      <trkpt lat="45.13593076482929" lon="6.620312798016398">
        <ele>2269</ele>
      </trkpt>
      <trkpt lat="45.13614342933435" lon="6.6201592599656642">
        <ele>2262</ele>
      </trkpt>
      <trkpt lat="45.13635990844936" lon="6.6200419607095133">
        <ele>2255</ele>
      </trkpt>
      <trkpt lat="45.13647053213808" lon="6.6199999999999957">
        <ele>2252</ele>
      </trkpt>
      <trkpt lat="45.13647053213808" lon="6.6200000000000134">
        <ele>2252</ele>
      </trkpt>
      <trkpt lat="45.13656303642952" lon="6.619964714857919">
        <ele>2249</ele>
      </trkpt>
      <trkpt lat="45.13665554072096" lon="6.6199303833683141">
        <ele>2246</ele>
      </trkpt>
      <trkpt lat="45.13675090596986" lon="6.6199628075529411">
        <ele>2245</ele>
      </trkpt>
      <trkpt lat="45.13684627121877" lon="6.6199961853900575">
        <ele>2245</ele>
      </trkpt>
      <trkpt lat="45.13695784855998" lon="6.6199523173755619">
        <ele>2241</ele>
      </trkpt>
      <trkpt lat="45.13707037955368" lon="6.6199084493610663">
        <ele>2237</ele>
      </trkpt>
      <trkpt lat="45.13717528132748" lon="6.6199046347511104">
        <ele>2234</ele>
      </trkpt>
      <trkpt lat="45.13728113675376" lon="6.619901773793643">
        <ele>2232</ele>
      </trkpt>
      <trkpt lat="45.13736696547777" lon="6.6199151249284895">
        <ele>2231</ele>
      </trkpt>
      <trkpt lat="45.13745374785428" lon="6.6199294297158255">
        <ele>2230</ele>
      </trkpt>
      <trkpt lat="45.13756055693305" lon="6.6199856952126783">
        <ele>2229</ele>
      </trkpt>
      <trkpt lat="45.13763875643715" lon="6.6199656685104085">
        <ele>2226</ele>
      </trkpt>
      <trkpt lat="45.13765496852946" lon="6.6198798397863952">
        <ele>2223</ele>
      </trkpt>
      <trkpt lat="45.1376606904444" lon="6.6197987793248281">
        <ele>2220</ele>
      </trkpt>
      <trkpt lat="45.13766641235933" lon="6.6197177188632601">
        <ele>2217</ele>
      </trkpt>
      <trkpt lat="45.13777226778561" lon="6.6196090024795105">
        <ele>2211</ele>
      </trkpt>
      <trkpt lat="45.13789338165172" lon="6.6196299828342688">
        <ele>2209</ele>
      </trkpt>
      <trkpt lat="45.13801449551783" lon="6.6196519168415167">
        <ele>2206</ele>
      </trkpt>
      <trkpt lat="45.13807457562464" lon="6.6197158115582821">
        <ele>2207</ele>
      </trkpt>
      <trkpt lat="45.13813560938394" lon="6.6197806599275362">
        <ele>2207</ele>
      </trkpt>
      <trkpt lat="45.13819378218577" lon="6.6198903299637752">
        <ele>2209</ele>
      </trkpt>
      <trkpt lat="45.13825290864008" lon="6.6200000000000134">
        <ele>2211</ele>
      </trkpt>
      <trkpt lat="45.13825290864008" lon="6.6199999999999957">
        <ele>2211</ele>
      </trkpt>
      <trkpt lat="45.13863723059317" lon="6.6207161930192591">
        <ele>2212</ele>
      </trkpt>
      <trkpt lat="45.13886133892809" lon="6.620750524508864">
        <ele>2207</ele>
      </trkpt>
      <trkpt lat="45.13947167652107" lon="6.6211539195117251">
        <ele>2195</ele>
      </trkpt>
      <trkpt lat="45.13977589166507" lon="6.6212168605760011">
        <ele>2187</ele>
      </trkpt>
      <trkpt lat="45.13989795918367" lon="6.6213637230593125">
        <ele>2188</ele>
      </trkpt>
      <trkpt lat="45.13999999999999" lon="6.6214400152584352">
        <ele>2187</ele>
      </trkpt>
      <trkpt lat="45.14000000000001" lon="6.6214400152584352">
        <ele>2187</ele>
      </trkpt>
      <trkpt lat="45.14010585542629" lon="6.6215201220675137">
        <ele>2186</ele>
      </trkpt>
      <trkpt lat="45.14021266450506" lon="6.6216002288765932">
        <ele>2184</ele>
      </trkpt>
      <trkpt lat="45.14023650581728" lon="6.6216650772458472">
        <ele>2185</ele>
      </trkpt>
      <trkpt lat="45.14026034712951" lon="6.6217299256151012">
        <ele>2185</ele>
      </trkpt>
      <trkpt lat="45.14030326149152" lon="6.6217566278847944">
        <ele>2184</ele>
      </trkpt>
      <trkpt lat="45.14032901010872" lon="6.6217356475300351">
        <ele>2183</ele>
      </trkpt>
      <trkpt lat="45.14032805645623" lon="6.6216660308983357">
        <ele>2181</ele>
      </trkpt>
      <trkpt lat="45.1402784665268" lon="6.6215573145145861">
        <ele>2180</ele>
      </trkpt>
      <trkpt lat="45.14022887659738" lon="6.6214495517833258">
        <ele>2179</ele>
      </trkpt>
      <trkpt lat="45.14021361815755" lon="6.6213751668891812">
        <ele>2178</ele>
      </trkpt>
      <trkpt lat="45.14025557886707" lon="6.6213427427045541">
        <ele>2175</ele>
      </trkpt>
      <trkpt lat="45.14033854663361" lon="6.6213513255769554">
        <ele>2173</ele>
      </trkpt>
      <trkpt lat="45.14099275224109" lon="6.6216631699408692">
        <ele>2157</ele>
      </trkpt>
      <trkpt lat="45.14142094220866" lon="6.6218853709708139">
        <ele>2148</ele>
      </trkpt>
      <trkpt lat="45.14169177951555" lon="6.6219368682052213">
        <ele>2140</ele>
      </trkpt>
      <trkpt lat="45.14219435437727" lon="6.6217966812893332">
        <ele>2125</ele>
      </trkpt>
      <trkpt lat="45.14228304405875" lon="6.6218148006866251">
        <ele>2123</ele>
      </trkpt>
      <trkpt lat="45.14237268739272" lon="6.6218338737364055">
        <ele>2121</ele>
      </trkpt>
      <trkpt lat="45.14244039671944" lon="6.6219197024604188">
        <ele>2121</ele>
      </trkpt>
      <trkpt lat="45.14250905969865" lon="6.6220055311844321">
        <ele>2121</ele>
      </trkpt>
      <trkpt lat="45.14278180431052" lon="6.6224070188823143">
        <ele>2120</ele>
      </trkpt>
      <trkpt lat="45.14305740987984" lon="6.622639710089639">
        <ele>2115</ele>
      </trkpt>
      <trkpt lat="45.14309937058936" lon="6.6227541483883225">
        <ele>2116</ele>
      </trkpt>
      <trkpt lat="45.14314228495137" lon="6.6228695403394955">
        <ele>2116</ele>
      </trkpt>
      <trkpt lat="45.14322620637041" lon="6.622980164028224">
        <ele>2114</ele>
      </trkpt>
      <trkpt lat="45.14331203509442" lon="6.623010680907873">
        <ele>2111</ele>
      </trkpt>
      <trkpt lat="45.1433740225062" lon="6.6230040053404498">
        <ele>2109</ele>
      </trkpt>
      <trkpt lat="45.14344268548542" lon="6.6229210375739038">
        <ele>2108</ele>
      </trkpt>
      <trkpt lat="45.14350753385467" lon="6.6229143620064805">
        <ele>2107</ele>
      </trkpt>
      <trkpt lat="45.14358382605379" lon="6.6229753957657787">
        <ele>2106</ele>
      </trkpt>
      <trkpt lat="45.14363627694069" lon="6.6230555025748572">
        <ele>2105</ele>
      </trkpt>
      <trkpt lat="45.14368872782759" lon="6.6231356093839358">
        <ele>2104</ele>
      </trkpt>
      <trkpt lat="45.14378409307649" lon="6.6231966431432339">
        <ele>2102</ele>
      </trkpt>
      <trkpt lat="45.14378981499142" lon="6.6234541293152729">
        <ele>2104</ele>
      </trkpt>
      <trkpt lat="45.14406923517071" lon="6.6238432195307988">
        <ele>2101</ele>
      </trkpt>
      <trkpt lat="45.14409403013543" lon="6.6239462139996137">
        <ele>2101</ele>
      </trkpt>
      <trkpt lat="45.14411977875262" lon="6.6240501621209189">
        <ele>2101</ele>
      </trkpt>
      <trkpt lat="45.1441922563418" lon="6.6241607858096465">
        <ele>2100</ele>
      </trkpt>
      <trkpt lat="45.14426473393096" lon="6.6242714094983741">
        <ele>2101</ele>
      </trkpt>
      <trkpt lat="45.14432576769026" lon="6.6243143238603803">
        <ele>2101</ele>
      </trkpt>
      <trkpt lat="45.14439633797445" lon="6.6243019263780232">
        <ele>2099</ele>
      </trkpt>
      <trkpt lat="45.14443257676903" lon="6.6242437535761924">
        <ele>2097</ele>
      </trkpt>
      <trkpt lat="45.14443448407401" lon="6.6241750905969816">
        <ele>2095</ele>
      </trkpt>
      <trkpt lat="45.14443639137899" lon="6.6241073812702602">
        <ele>2095</ele>
      </trkpt>
      <trkpt lat="45.14443639137899" lon="6.6241073812702602">
        <ele>2095</ele>
      </trkpt>
      <trkpt lat="45.14446404730117" lon="6.6240167842838025">
        <ele>2095</ele>
      </trkpt>
      <trkpt lat="45.14450410070571" lon="6.6239862674041534">
        <ele>2095</ele>
      </trkpt>
      <trkpt lat="45.14456704176998" lon="6.6240606522982981">
        <ele>2094</ele>
      </trkpt>
      <trkpt lat="45.14464619492657" lon="6.6243248140377604">
        <ele>2093</ele>
      </trkpt>
      <trkpt lat="45.14500762921992" lon="6.6248865153538006">
        <ele>2089</ele>
      </trkpt>
      <trkpt lat="45.14508392141904" lon="6.6249990463475061">
        <ele>2089</ele>
      </trkpt>
      <trkpt lat="45.14516021361816" lon="6.6251125309937011">
        <ele>2090</ele>
      </trkpt>
      <trkpt lat="45.14542437535763" lon="6.6253671562082728">
        <ele>2087</ele>
      </trkpt>
      <trkpt lat="45.14549685294679" lon="6.6254701506770886">
        <ele>2086</ele>
      </trkpt>
      <trkpt lat="45.14557028418844" lon="6.6255740987983929">
        <ele>2084</ele>
      </trkpt>
      <trkpt lat="45.14564276177762" lon="6.6256313179477351">
        <ele>2081</ele>
      </trkpt>
      <trkpt lat="45.14571619301927" lon="6.6256894907495667">
        <ele>2079</ele>
      </trkpt>
      <trkpt lat="45.14576387564372" lon="6.6257562464237987">
        <ele>2076</ele>
      </trkpt>
      <trkpt lat="45.14589261872974" lon="6.6260490177379321">
        <ele>2073</ele>
      </trkpt>
      <trkpt lat="45.14592981117681" lon="6.6261672706465715">
        <ele>2072</ele>
      </trkpt>
      <trkpt lat="45.14596795727638" lon="6.6262864772077013">
        <ele>2072</ele>
      </trkpt>
      <trkpt lat="45.1460089643334" lon="6.626375166889181">
        <ele>2070</ele>
      </trkpt>
      <trkpt lat="45.14618157543391" lon="6.626699408735452">
        <ele>2064</ele>
      </trkpt>
      <trkpt lat="45.14626168224299" lon="6.6269473583826004">
        <ele>2057</ele>
      </trkpt>
      <trkpt lat="45.14635609383941" lon="6.6273469387755055">
        <ele>2045</ele>
      </trkpt>
      <trkpt lat="45.14635990844937" lon="6.6274461186343654">
        <ele>2043</ele>
      </trkpt>
      <trkpt lat="45.14636372305932" lon="6.6275452984932244">
        <ele>2041</ele>
      </trkpt>
      <trkpt lat="45.14639710089644" lon="6.627654014876974">
        <ele>2036</ele>
      </trkpt>
      <trkpt lat="45.14645050543582" lon="6.6277379362960094">
        <ele>2031</ele>
      </trkpt>
      <trkpt lat="45.1465048636277" lon="6.6278218577150438">
        <ele>2027</ele>
      </trkpt>
      <trkpt lat="45.1465306122449" lon="6.6278905206942547">
        <ele>2024</ele>
      </trkpt>
      <trkpt lat="45.14655636086211" lon="6.627960137325954">
        <ele>2021</ele>
      </trkpt>
      <trkpt lat="45.14653156589739" lon="6.6280669464047257">
        <ele>2020</ele>
      </trkpt>
      <trkpt lat="45.14650772458517" lon="6.6281747091359859">
        <ele>2018</ele>
      </trkpt>
      <trkpt lat="45.1461834827389" lon="6.6286400915506345">
        <ele>2016</ele>
      </trkpt>
      <trkpt lat="45.14616917795156" lon="6.6287144764447792">
        <ele>2013</ele>
      </trkpt>
      <trkpt lat="45.14617394621401" lon="6.6287678809841646">
        <ele>2011</ele>
      </trkpt>
      <trkpt lat="45.14621113866108" lon="6.6287821857715006">
        <ele>2009</ele>
      </trkpt>
      <trkpt lat="45.14631604043487" lon="6.6287449933244282">
        <ele>2007</ele>
      </trkpt>
      <trkpt lat="45.14640949837879" lon="6.6287497615868736">
        <ele>2003</ele>
      </trkpt>
      <trkpt lat="45.14650295632272" lon="6.628754529849318">
        <ele>1999</ele>
      </trkpt>
      <trkpt lat="45.14658401678429" lon="6.628736410452027">
        <ele>1997</ele>
      </trkpt>
      <trkpt lat="45.14664218958612" lon="6.6286858668701081">
        <ele>1996</ele>
      </trkpt>
      <trkpt lat="45.14668605760062" lon="6.6286858668701081">
        <ele>1995</ele>
      </trkpt>
      <trkpt lat="45.14671085256533" lon="6.6287354567995376">
        <ele>1993</ele>
      </trkpt>
      <trkpt lat="45.14671085256533" lon="6.6287917222963904">
        <ele>1991</ele>
      </trkpt>
      <trkpt lat="45.14666507724586" lon="6.6288613389280897">
        <ele>1989</ele>
      </trkpt>
      <trkpt lat="45.14615868777418" lon="6.6293858477970584">
        <ele>1990</ele>
      </trkpt>
      <trkpt lat="45.14612912454702" lon="6.6294678619111149">
        <ele>1989</ele>
      </trkpt>
      <trkpt lat="45.1461224489796" lon="6.6295317566278804">
        <ele>1987</ele>
      </trkpt>
      <trkpt lat="45.14615391951173" lon="6.6295622735075295">
        <ele>1986</ele>
      </trkpt>
      <trkpt lat="45.14621590692352" lon="6.6295412931527702">
        <ele>1984</ele>
      </trkpt>
      <trkpt lat="45.1462874308602" lon="6.6295403395002817">
        <ele>1982</ele>
      </trkpt>
      <trkpt lat="45.1466002288766" lon="6.6295088689681432">
        <ele>1974</ele>
      </trkpt>
      <trkpt lat="45.14669464047302" lon="6.6294897959183627">
        <ele>1972</ele>
      </trkpt>
      <trkpt lat="45.14679000572192" lon="6.6294707228685823">
        <ele>1973</ele>
      </trkpt>
      <trkpt lat="45.14688346366584" lon="6.629496471485786">
        <ele>1972</ele>
      </trkpt>
      <trkpt lat="45.14688537097082" lon="6.6295584588975736">
        <ele>1971</ele>
      </trkpt>
      <trkpt lat="45.14688823192829" lon="6.6296204463093602">
        <ele>1970</ele>
      </trkpt>
      <trkpt lat="45.14680812511921" lon="6.6300324241846225">
        <ele>1962</ele>
      </trkpt>
      <trkpt lat="45.14682719816899" lon="6.6301497234407734">
        <ele>1960</ele>
      </trkpt>
      <trkpt lat="45.14684627121877" lon="6.6302679763494137">
        <ele>1959</ele>
      </trkpt>
      <trkpt lat="45.14696833873737" lon="6.6307047491893911">
        <ele>1951</ele>
      </trkpt>
      <trkpt lat="45.14697310699982" lon="6.6310442494754867">
        <ele>1947</ele>
      </trkpt>
      <trkpt lat="45.14707610146863" lon="6.6313837497615822">
        <ele>1942</ele>
      </trkpt>
      <trkpt lat="45.1470875452985" lon="6.6314829296204421">
        <ele>1941</ele>
      </trkpt>
      <trkpt lat="45.14709994278086" lon="6.631582109479301">
        <ele>1939</ele>
      </trkpt>
      <trkpt lat="45.14713713522793" lon="6.631665077245847">
        <ele>1937</ele>
      </trkpt>
      <trkpt lat="45.14719340072478" lon="6.63171180621781">
        <ele>1936</ele>
      </trkpt>
      <trkpt lat="45.14728971962617" lon="6.631679382033183">
        <ele>1934</ele>
      </trkpt>
      <trkpt lat="45.1473488460805" lon="6.6317509059698603">
        <ele>1932</ele>
      </trkpt>
      <trkpt lat="45.14737364104521" lon="6.6318481785237413">
        <ele>1931</ele>
      </trkpt>
      <trkpt lat="45.14736124356285" lon="6.6319597558649583">
        <ele>1930</ele>
      </trkpt>
      <trkpt lat="45.14725634178906" lon="6.632001716574476">
        <ele>1933</ele>
      </trkpt>
      <trkpt lat="45.14715239366775" lon="6.6320436772839928">
        <ele>1935</ele>
      </trkpt>
      <trkpt lat="45.14715239366775" lon="6.6320436772839928">
        <ele>1935</ele>
      </trkpt>
      <trkpt lat="45.14709326721344" lon="6.6320780087735987">
        <ele>1936</ele>
      </trkpt>
      <trkpt lat="45.14709326721344" lon="6.6320780087735987">
        <ele>1936</ele>
      </trkpt>
      <trkpt lat="45.14705702841885" lon="6.6321209231356049">
        <ele>1937</ele>
      </trkpt>
      <trkpt lat="45.14705893572383" lon="6.6322000762921949">
        <ele>1936</ele>
      </trkpt>
      <trkpt lat="45.14707705512112" lon="6.6322744611863396">
        <ele>1936</ele>
      </trkpt>
      <trkpt lat="45.1471485790578" lon="6.6323555216479066">
        <ele>1933</ele>
      </trkpt>
      <trkpt lat="45.1471485790578" lon="6.6323555216479066">
        <ele>1933</ele>
      </trkpt>
      <trkpt lat="45.14748903299638" lon="6.6327646385657024">
        <ele>1926</ele>
      </trkpt>
      <trkpt lat="45.14760633225254" lon="6.632958230020976">
        <ele>1925</ele>
      </trkpt>
      <trkpt lat="45.14769406828152" lon="6.6330602708373023">
        <ele>1925</ele>
      </trkpt>
      <trkpt lat="45.14779992370781" lon="6.6332748426473351">
        <ele>1923</ele>
      </trkpt>
      <trkpt lat="45.14793629601374" lon="6.6334188441731792">
        <ele>1921</ele>
      </trkpt>
      <trkpt lat="45.14793629601374" lon="6.6334188441731792">
        <ele>1921</ele>
      </trkpt>
      <trkpt lat="45.14862864772078" lon="6.6344411596414226">
        <ele>1919</ele>
      </trkpt>
      <trkpt lat="45.14873736410453" lon="6.6345432004577489">
        <ele>1920</ele>
      </trkpt>
      <trkpt lat="45.14873736410453" lon="6.6345432004577489">
        <ele>1920</ele>
      </trkpt>
      <trkpt lat="45.14908163265306" lon="6.6346414266641194">
        <ele>1916</ele>
      </trkpt>
      <trkpt lat="45.14934960900248" lon="6.6347482357428911">
        <ele>1919</ele>
      </trkpt>
      <trkpt lat="45.14936391378982" lon="6.6347892427999193">
        <ele>1920</ele>
      </trkpt>
      <trkpt lat="45.14939824527943" lon="6.6348245279420137">
        <ele>1920</ele>
      </trkpt>
      <trkpt lat="45.14952984932291" lon="6.6350848750715192">
        <ele>1923</ele>
      </trkpt>
      <trkpt lat="45.14989223726874" lon="6.6355302307838979">
        <ele>1922</ele>
      </trkpt>
      <trkpt lat="45.14993324432577" lon="6.6356217814228451">
        <ele>1920</ele>
      </trkpt>
      <trkpt lat="45.14997520503529" lon="6.6357133320617923">
        <ele>1918</ele>
      </trkpt>
      <trkpt lat="45.15042818996758" lon="6.6367861911119546">
        <ele>1911</ele>
      </trkpt>
      <trkpt lat="45.15042818996758" lon="6.6367861911119546">
        <ele>1911</ele>
      </trkpt>
      <trkpt lat="45.15064180812512" lon="6.6370493991989274">
        <ele>1906</ele>
      </trkpt>
      <trkpt lat="45.15079916078582" lon="6.6371790959374355">
        <ele>1899</ele>
      </trkpt>
      <trkpt lat="45.15091264543201" lon="6.6372458516116684">
        <ele>1897</ele>
      </trkpt>
      <trkpt lat="45.15099561319855" lon="6.6373183292008351">
        <ele>1896</ele>
      </trkpt>
      <trkpt lat="45.15108048827008" lon="6.6373803166126217">
        <ele>1895</ele>
      </trkpt>
      <trkpt lat="45.15108048827008" lon="6.6373803166126217">
        <ele>1895</ele>
      </trkpt>
      <trkpt lat="45.15101945451078" lon="6.6371066183482696">
        <ele>1900</ele>
      </trkpt>
      <trkpt lat="45.15101945451078" lon="6.6371066183482696">
        <ele>1900</ele>
      </trkpt>
      <trkpt lat="45.1512178142285" lon="6.6371342742704513">
        <ele>1902</ele>
      </trkpt>
      <trkpt lat="45.15145527369827" lon="6.6374747282090363">
        <ele>1890</ele>
      </trkpt>
      <trkpt lat="45.15167747472822" lon="6.6377560556933011">
        <ele>1879</ele>
      </trkpt>
      <trkpt lat="45.15193019263781" lon="6.6379877932481355">
        <ele>1876</ele>
      </trkpt>
      <trkpt lat="45.15241274079726" lon="6.6383005912645388">
        <ele>1871</ele>
      </trkpt>
      <trkpt lat="45.15252050352852" lon="6.6383358764066331">
        <ele>1871</ele>
      </trkpt>
      <trkpt lat="45.15259393477017" lon="6.6384093076482884">
        <ele>1871</ele>
      </trkpt>
      <trkpt lat="45.15279420179287" lon="6.6387583444592746">
        <ele>1865</ele>
      </trkpt>
      <trkpt lat="45.15317947739844" lon="6.6393477016974964">
        <ele>1857</ele>
      </trkpt>
      <trkpt lat="45.15334159832157" lon="6.6395403395002814">
        <ele>1855</ele>
      </trkpt>
      <trkpt lat="45.15373545679955" lon="6.6397367919130224">
        <ele>1853</ele>
      </trkpt>
      <trkpt lat="45.15401392332635" lon="6.6397882891474298">
        <ele>1854</ele>
      </trkpt>
      <trkpt lat="45.15426187297349" lon="6.6398827007438443">
        <ele>1851</ele>
      </trkpt>
      <trkpt lat="45.15442780850658" lon="6.6399999999999952">
        <ele>1846</ele>
      </trkpt>
      <trkpt lat="45.15442780850658" lon="6.6400000000000059">
        <ele>1846</ele>
      </trkpt>
      <trkpt lat="45.15481880602709" lon="6.6402775128743139">
        <ele>1835</ele>
      </trkpt>
      <trkpt lat="45.15477016975015" lon="6.6404234217051368">
        <ele>1829</ele>
      </trkpt>
      <trkpt lat="45.15469769216098" lon="6.6405092504291492">
        <ele>1825</ele>
      </trkpt>
      <trkpt lat="45.15455273698265" lon="6.6405178333015504">
        <ele>1825</ele>
      </trkpt>
      <trkpt lat="45.15448025939348" lon="6.6405693305359588">
        <ele>1823</ele>
      </trkpt>
      <trkpt lat="45.15432290673279" lon="6.6410070570284248">
        <ele>1810</ele>
      </trkpt>
      <trkpt lat="45.15433435056266" lon="6.6411443829868455">
        <ele>1806</ele>
      </trkpt>
      <trkpt lat="45.15551497234409" lon="6.6411872973488517">
        <ele>1790</ele>
      </trkpt>
      <trkpt lat="45.15578771695595" lon="6.6411014686248384">
        <ele>1794</ele>
      </trkpt>
      <trkpt lat="45.15599275224109" lon="6.6411014686248384">
        <ele>1794</ele>
      </trkpt>
      <trkpt lat="45.1561567804692" lon="6.6411872973488517">
        <ele>1790</ele>
      </trkpt>
      <trkpt lat="45.15639233263399" lon="6.641419034903687">
        <ele>1778</ele>
      </trkpt>
      <trkpt lat="45.15639233263399" lon="6.641419034903687">
        <ele>1778</ele>
      </trkpt>
      <trkpt lat="45.15652298302499" lon="6.6414743467480504">
        <ele>1775</ele>
      </trkpt>
      <trkpt lat="45.15722105664696" lon="6.6416240701888292">
        <ele>1772</ele>
      </trkpt>
      <trkpt lat="45.15815182147626" lon="6.6421447644478411">
        <ele>1753</ele>
      </trkpt>
      <trkpt lat="45.15966240701889" lon="6.643555216479121">
        <ele>1701</ele>
      </trkpt>
      <trkpt lat="45.16" lon="6.6437592981117737">
        <ele>1697</ele>
      </trkpt>
      <trkpt lat="45.16000000000002" lon="6.6437592981117737">
        <ele>1697</ele>
      </trkpt>
      <trkpt lat="45.16077245851613" lon="6.6442246805264222">
        <ele>1682</ele>
      </trkpt>
      <trkpt lat="45.16187297348848" lon="6.6444144573717399">
        <ele>1684</ele>
      </trkpt>
      <trkpt lat="45.16211806217816" lon="6.6447386992180109">
        <ele>1676</ele>
      </trkpt>
      <trkpt lat="45.16226969292391" lon="6.6452622544344901">
        <ele>1664</ele>
      </trkpt>
      <trkpt lat="45.16248521838644" lon="6.6454730116345662">
        <ele>1662</ele>
      </trkpt>
      <trkpt lat="45.16267785618922" lon="6.6457171466717586">
        <ele>1660</ele>
      </trkpt>
      <trkpt lat="45.16273698264354" lon="6.6459498378790824">
        <ele>1658</ele>
      </trkpt>
      <trkpt lat="45.16270837306887" lon="6.6462483311081497">
        <ele>1658</ele>
      </trkpt>
      <trkpt lat="45.16270837306887" lon="6.6462483311081497">
        <ele>1658</ele>
      </trkpt>
      <trkpt lat="45.16271314133132" lon="6.6463570474918994">
        <ele>1658</ele>
      </trkpt>
      <trkpt lat="45.16271314133132" lon="6.6463570474918994">
        <ele>1658</ele>
      </trkpt>
      <trkpt lat="45.16275033377838" lon="6.6464791150104956">
        <ele>1658</ele>
      </trkpt>
      <trkpt lat="45.1628447453748" lon="6.6465544535571297">
        <ele>1657</ele>
      </trkpt>
      <trkpt lat="45.16296872019838" lon="6.6466011825290918">
        <ele>1657</ele>
      </trkpt>
      <trkpt lat="45.16317852374596" lon="6.6466135800114499">
        <ele>1657</ele>
      </trkpt>
      <trkpt lat="45.16336925424377" lon="6.6466784283807039">
        <ele>1656</ele>
      </trkpt>
      <trkpt lat="45.16368014495519" lon="6.646851039481219">
        <ele>1657</ele>
      </trkpt>
      <trkpt lat="45.16373831775702" lon="6.6469711996948373">
        <ele>1658</ele>
      </trkpt>
      <trkpt lat="45.16373831775702" lon="6.6469711996948373">
        <ele>1658</ele>
      </trkpt>
      <trkpt lat="45.16382986839597" lon="6.6470303261491566">
        <ele>1658</ele>
      </trkpt>
      <trkpt lat="45.16392237268741" lon="6.6470904062559661">
        <ele>1658</ele>
      </trkpt>
      <trkpt lat="45.16401773793631" lon="6.6471371352279283">
        <ele>1658</ele>
      </trkpt>
      <trkpt lat="45.1641140568377" lon="6.6471848178523807">
        <ele>1657</ele>
      </trkpt>
      <trkpt lat="45.16443734503149" lon="6.6474232309746384">
        <ele>1652</ele>
      </trkpt>
      <trkpt lat="45.16474537478545" lon="6.6477665458706907">
        <ele>1650</ele>
      </trkpt>
      <trkpt lat="45.16499141712762" lon="6.6481127217242095">
        <ele>1650</ele>
      </trkpt>
      <trkpt lat="45.16505817280185" lon="6.6481851993133763">
        <ele>1650</ele>
      </trkpt>
      <trkpt lat="45.16512588212857" lon="6.6482576769025421">
        <ele>1650</ele>
      </trkpt>
      <trkpt lat="45.16518882319284" lon="6.6483015449170377">
        <ele>1650</ele>
      </trkpt>
      <trkpt lat="45.16525176425712" lon="6.6483463665840228">
        <ele>1649</ele>
      </trkpt>
      <trkpt lat="45.16531279801642" lon="6.648356856761402">
        <ele>1647</ele>
      </trkpt>
      <trkpt lat="45.16537478542821" lon="6.6483673469387812">
        <ele>1646</ele>
      </trkpt>
      <trkpt lat="45.16548636276942" lon="6.648356856761402">
        <ele>1643</ele>
      </trkpt>
      <trkpt lat="45.16554835018121" lon="6.6483349227541542">
        <ele>1641</ele>
      </trkpt>
      <trkpt lat="45.16561129124548" lon="6.6483139423993958">
        <ele>1639</ele>
      </trkpt>
      <trkpt lat="45.16571905397674" lon="6.6482977303070818">
        <ele>1636</ele>
      </trkpt>
      <trkpt lat="45.16579916078582" lon="6.6483349227541542">
        <ele>1635</ele>
      </trkpt>
      <trkpt lat="45.16584398245281" lon="6.6484159832157221">
        <ele>1634</ele>
      </trkpt>
      <trkpt lat="45.16584588975779" lon="6.6484903681098668">
        <ele>1634</ele>
      </trkpt>
      <trkpt lat="45.16584779706277" lon="6.6485657066565">
        <ele>1634</ele>
      </trkpt>
      <trkpt lat="45.16579629982836" lon="6.6486648865153599">
        <ele>1636</ele>
      </trkpt>
      <trkpt lat="45.16574575624644" lon="6.6487640663742189">
        <ele>1639</ele>
      </trkpt>
      <trkpt lat="45.16572286858671" lon="6.6488441731832975">
        <ele>1640</ele>
      </trkpt>
      <trkpt lat="45.16569998092697" lon="6.6489252336448654">
        <ele>1641</ele>
      </trkpt>
      <trkpt lat="45.1656885370971" lon="6.6490158306313241">
        <ele>1642</ele>
      </trkpt>
      <trkpt lat="45.16567804691972" lon="6.6491073812702712">
        <ele>1643</ele>
      </trkpt>
      <trkpt lat="45.16569616631701" lon="6.6491769979019706">
        <ele>1643</ele>
      </trkpt>
      <trkpt lat="45.16571523936679" lon="6.6492475681861585">
        <ele>1643</ele>
      </trkpt>
      <trkpt lat="45.16576101468626" lon="6.649343887087551">
        <ele>1643</ele>
      </trkpt>
      <trkpt lat="45.16576101468626" lon="6.649343887087551">
        <ele>1643</ele>
      </trkpt>
      <trkpt lat="45.1658363532329" lon="6.6494077818043165">
        <ele>1641</ele>
      </trkpt>
      <trkpt lat="45.1658363532329" lon="6.6494077818043165">
        <ele>1641</ele>
      </trkpt>
      <trkpt lat="45.16592504291438" lon="6.6494192256341842">
        <ele>1640</ele>
      </trkpt>
      <trkpt lat="45.16601087163839" lon="6.6493896624070246">
        <ele>1638</ele>
      </trkpt>
      <trkpt lat="45.16611863436965" lon="6.6493086019454566">
        <ele>1635</ele>
      </trkpt>
      <trkpt lat="45.16617776082397" lon="6.6491970246042396">
        <ele>1633</ele>
      </trkpt>
      <trkpt lat="45.16623784093078" lon="6.649086400915512">
        <ele>1630</ele>
      </trkpt>
      <trkpt lat="45.16629410642764" lon="6.6490215525462579">
        <ele>1629</ele>
      </trkpt>
      <trkpt lat="45.16635132557698" lon="6.6489576578294924">
        <ele>1627</ele>
      </trkpt>
      <trkpt lat="45.16642094220867" lon="6.6489223726873981">
        <ele>1625</ele>
      </trkpt>
      <trkpt lat="45.16649055884037" lon="6.6488880411977931">
        <ele>1624</ele>
      </trkpt>
      <trkpt lat="45.16657924852186" lon="6.6489156971199748">
        <ele>1622</ele>
      </trkpt>
      <trkpt lat="45.16666889185582" lon="6.6489443066946459">
        <ele>1621</ele>
      </trkpt>
      <trkpt lat="45.16673564753005" lon="6.6490072477589219">
        <ele>1620</ele>
      </trkpt>
      <trkpt lat="45.16680335685678" lon="6.6490701888231989">
        <ele>1619</ele>
      </trkpt>
      <trkpt lat="45.16683578104141" lon="6.649133129887475">
        <ele>1619</ele>
      </trkpt>
      <trkpt lat="45.16686915887852" lon="6.649196070951751">
        <ele>1620</ele>
      </trkpt>
      <trkpt lat="45.16691207324052" lon="6.6493038336830113">
        <ele>1621</ele>
      </trkpt>
      <trkpt lat="45.16695498760253" lon="6.6494115964142724">
        <ele>1622</ele>
      </trkpt>
      <trkpt lat="45.16695498760253" lon="6.6494115964142724">
        <ele>1622</ele>
      </trkpt>
      <trkpt lat="45.16703890902157" lon="6.6493877551020466">
        <ele>1620</ele>
      </trkpt>
      <trkpt lat="45.16713713522794" lon="6.6494306694640528">
        <ele>1618</ele>
      </trkpt>
      <trkpt lat="45.16736505817282" lon="6.6498359717718918">
        <ele>1623</ele>
      </trkpt>
      <trkpt lat="45.16746709898914" lon="6.6499542246805321">
        <ele>1623</ele>
      </trkpt>
      <trkpt lat="45.16765306122451" lon="6.6500381460995666">
        <ele>1622</ele>
      </trkpt>
      <trkpt lat="45.16796109097847" lon="6.6501106236887333">
        <ele>1617</ele>
      </trkpt>
      <trkpt lat="45.16836639328631" lon="6.6502164791150165">
        <ele>1611</ele>
      </trkpt>
      <trkpt lat="45.16881460995615" lon="6.6502651153919565">
        <ele>1605</ele>
      </trkpt>
      <trkpt lat="45.16917890520696" lon="6.6502193400724829">
        <ele>1598</ele>
      </trkpt>
      <trkpt lat="45.16943448407402" lon="6.6503137516688975">
        <ele>1595</ele>
      </trkpt>
      <trkpt lat="45.16962330726685" lon="6.6504472630173623">
        <ele>1593</ele>
      </trkpt>
      <trkpt lat="45.16977303070762" lon="6.6505817280183157">
        <ele>1593</ele>
      </trkpt>
      <trkpt lat="45.17003147053215" lon="6.6508754529849377">
        <ele>1593</ele>
      </trkpt>
      <trkpt lat="45.17040625596034" lon="6.6514609956132045">
        <ele>1597</ele>
      </trkpt>
      <trkpt lat="45.17049113103187" lon="6.6516269311462963">
        <ele>1597</ele>
      </trkpt>
      <trkpt lat="45.17060461567807" lon="6.6518109860766792">
        <ele>1598</ele>
      </trkpt>
      <trkpt lat="45.17066183482741" lon="6.6518271981689931">
        <ele>1597</ele>
      </trkpt>
      <trkpt lat="45.17069235170705" lon="6.6517909593744093">
        <ele>1595</ele>
      </trkpt>
      <trkpt lat="45.1706885370971" lon="6.6516994087354622">
        <ele>1594</ele>
      </trkpt>
      <trkpt lat="45.17061796681291" lon="6.6516116727064718">
        <ele>1594</ele>
      </trkpt>
      <trkpt lat="45.17053118443641" lon="6.6514886515353862">
        <ele>1594</ele>
      </trkpt>
      <trkpt lat="45.17045489223729" lon="6.651316040434871">
        <ele>1594</ele>
      </trkpt>
      <trkpt lat="45.17043486553501" lon="6.6511625023841372">
        <ele>1592</ele>
      </trkpt>
      <trkpt lat="45.17042246805266" lon="6.6508821285523609">
        <ele>1588</ele>
      </trkpt>
      <trkpt lat="45.17038336830061" lon="6.6506542056074824">
        <ele>1584</ele>
      </trkpt>
      <trkpt lat="45.17027846652682" lon="6.6504691970246101">
        <ele>1581</ele>
      </trkpt>
      <trkpt lat="45.17003909975207" lon="6.6502870493992043">
        <ele>1582</ele>
      </trkpt>
      <trkpt lat="45.16998474156019" lon="6.6501897768453233">
        <ele>1581</ele>
      </trkpt>
      <trkpt lat="45.16999046347512" lon="6.6500963189013982">
        <ele>1579</ele>
      </trkpt>
      <trkpt lat="45.17006008010682" lon="6.6500247949647209">
        <ele>1576</ele>
      </trkpt>
      <trkpt lat="45.17014495517835" lon="6.6500457753194793">
        <ele>1575</ele>
      </trkpt>
      <trkpt lat="45.17044344840742" lon="6.6502803738317811">
        <ele>1574</ele>
      </trkpt>
      <trkpt lat="45.17070284188443" lon="6.6504615678046974">
        <ele>1574</ele>
      </trkpt>
      <trkpt lat="45.1709660499714" lon="6.6505874499332496">
        <ele>1572</ele>
      </trkpt>
      <trkpt lat="45.17121686057602" lon="6.6506847224871315">
        <ele>1568</ele>
      </trkpt>
      <trkpt lat="45.17155731451461" lon="6.6509069235170761">
        <ele>1564</ele>
      </trkpt>
      <trkpt lat="45.17176902536717" lon="6.6511253099370649">
        <ele>1562</ele>
      </trkpt>
      <trkpt lat="45.17194545107764" lon="6.6512969673850906">
        <ele>1562</ele>
      </trkpt>
      <trkpt lat="45.17217623497999" lon="6.6513560938394107">
        <ele>1558</ele>
      </trkpt>
      <trkpt lat="45.17261205416748" lon="6.6513999618539064">
        <ele>1550</ele>
      </trkpt>
      <trkpt lat="45.17261205416748" lon="6.6513999618539064">
        <ele>1550</ele>
      </trkpt>
      <trkpt lat="45.17258630555028" lon="6.6513541865344328">
        <ele>1550</ele>
      </trkpt>
      <trkpt lat="45.17248045012399" lon="6.6512464238031717">
        <ele>1550</ele>
      </trkpt>
      <trkpt lat="45.17243276749954" lon="6.6511710852565384">
        <ele>1549</ele>
      </trkpt>
      <trkpt lat="45.17229544154112" lon="6.6508992942971634">
        <ele>1547</ele>
      </trkpt>
      <trkpt lat="45.17219721533475" lon="6.6507419416364737">
        <ele>1546</ele>
      </trkpt>
      <trkpt lat="45.17207991607859" lon="6.650586496280761">
        <ele>1544</ele>
      </trkpt>
      <trkpt lat="45.17187774175092" lon="6.6504024413503773">
        <ele>1542</ele>
      </trkpt>
      <trkpt lat="45.1716707991608" lon="6.6501592599656743">
        <ele>1538</ele>
      </trkpt>
      <trkpt lat="45.17135609383942" lon="6.6500009536524951">
        <ele>1543</ele>
      </trkpt>
      <trkpt lat="45.17110719053979" lon="6.6497787526225505">
        <ele>1547</ele>
      </trkpt>
      <trkpt lat="45.17078962426093" lon="6.6495479687202037">
        <ele>1549</ele>
      </trkpt>
      <trkpt lat="45.17049399198933" lon="6.6493505626549743">
        <ele>1549</ele>
      </trkpt>
      <trkpt lat="45.17043295823004" lon="6.6492332633988234">
        <ele>1547</ele>
      </trkpt>
      <trkpt lat="45.17043772649248" lon="6.6491731832920138">
        <ele>1545</ele>
      </trkpt>
      <trkpt lat="45.17043772649248" lon="6.6491731832920138">
        <ele>1545</ele>
      </trkpt>
      <trkpt lat="45.17045203127982" lon="6.649116917795161">
        <ele>1547</ele>
      </trkpt>
      <trkpt lat="45.17045203127982" lon="6.649116917795161">
        <ele>1547</ele>
      </trkpt>
      <trkpt lat="45.17048064085449" lon="6.6490587449933303">
        <ele>1549</ele>
      </trkpt>
      <trkpt lat="45.17057600610339" lon="6.6489948502765648">
        <ele>1549</ele>
      </trkpt>
      <trkpt lat="45.17067137135229" lon="6.6489309555597993">
        <ele>1550</ele>
      </trkpt>
      <trkpt lat="45.17078485599849" lon="6.6488699218005012">
        <ele>1551</ele>
      </trkpt>
      <trkpt lat="45.17086305550259" lon="6.6488613389280999">
        <ele>1551</ele>
      </trkpt>
      <trkpt lat="45.17093553309176" lon="6.64887182910548">
        <ele>1551</ele>
      </trkpt>
      <trkpt lat="45.17121590692354" lon="6.6488222391760496">
        <ele>1555</ele>
      </trkpt>
      <trkpt lat="45.17128170894527" lon="6.648778371161554">
        <ele>1557</ele>
      </trkpt>
      <trkpt lat="45.17134751096702" lon="6.6487345031470593">
        <ele>1560</ele>
      </trkpt>
      <trkpt lat="45.17138565706658" lon="6.648679191302695">
        <ele>1563</ele>
      </trkpt>
      <trkpt lat="45.17145813465575" lon="6.6486410452031333">
        <ele>1565</ele>
      </trkpt>
      <trkpt lat="45.1715315658974" lon="6.6486038527560618">
        <ele>1568</ele>
      </trkpt>
      <trkpt lat="45.17161358001146" lon="6.6485809650963246">
        <ele>1570</ele>
      </trkpt>
      <trkpt lat="45.17169559412552" lon="6.6485590310890768">
        <ele>1572</ele>
      </trkpt>
      <trkpt lat="45.17170703795539" lon="6.6485781041388572">
        <ele>1571</ele>
      </trkpt>
      <trkpt lat="45.17170703795539" lon="6.6485781041388572">
        <ele>1571</ele>
      </trkpt>
      <trkpt lat="45.17176044249477" lon="6.6486677474728264">
        <ele>1567</ele>
      </trkpt>
      <trkpt lat="45.17176044249477" lon="6.6486677474728264">
        <ele>1567</ele>
      </trkpt>
      <trkpt lat="45.1717833301545" lon="6.6487078008773661">
        <ele>1565</ele>
      </trkpt>
      <trkpt lat="45.17181289338167" lon="6.6487812321190214">
        <ele>1561</ele>
      </trkpt>
      <trkpt lat="45.17196833873738" lon="6.648859431623122">
        <ele>1559</ele>
      </trkpt>
      <trkpt lat="45.17220293724968" lon="6.6489080679000629">
        <ele>1559</ele>
      </trkpt>
      <trkpt lat="45.17246709898915" lon="6.6490310890711486">
        <ele>1554</ele>
      </trkpt>
      <trkpt lat="45.17279706275035" lon="6.6489881747091415">
        <ele>1560</ele>
      </trkpt>
      <trkpt lat="45.17305740987985" lon="6.6489986648865207">
        <ele>1561</ele>
      </trkpt>
      <trkpt lat="45.17340930764831" lon="6.6489490749570912">
        <ele>1565</ele>
      </trkpt>
      <trkpt lat="45.17355426282664" lon="6.6491150104901831">
        <ele>1557</ele>
      </trkpt>
      <trkpt lat="45.17369444974253" lon="6.649086400915512">
        <ele>1557</ele>
      </trkpt>
      <trkpt lat="45.17394526034715" lon="6.6489166507724642">
        <ele>1562</ele>
      </trkpt>
      <trkpt lat="45.17416936868207" lon="6.6487955369063574">
        <ele>1567</ele>
      </trkpt>
      <trkpt lat="45.17440015258441" lon="6.6482834255197467">
        <ele>1591</ele>
      </trkpt>
      <trkpt lat="45.17443543772651" lon="6.6482681670799222">
        <ele>1592</ele>
      </trkpt>
      <trkpt lat="45.17443543772651" lon="6.6482681670799222">
        <ele>1592</ele>
      </trkpt>
      <trkpt lat="45.17450219340074" lon="6.6482405111577396">
        <ele>1594</ele>
      </trkpt>
      <trkpt lat="45.17450219340074" lon="6.6482405111577396">
        <ele>1594</ele>
      </trkpt>
      <trkpt lat="45.17466812893383" lon="6.6484550829677724">
        <ele>1585</ele>
      </trkpt>
      <trkpt lat="45.17494659546063" lon="6.6487612054167515">
        <ele>1571</ele>
      </trkpt>
      <trkpt lat="45.17515639900822" lon="6.6489004386801502">
        <ele>1569</ele>
      </trkpt>
      <trkpt lat="45.17538813656305" lon="6.6490883082204899">
        <ele>1569</ele>
      </trkpt>
      <trkpt lat="45.17543969112194" lon="6.6491121026322846">
        <ele>1569</ele>
      </trkpt>
      <trkpt lat="45.17543963379746" lon="6.6491121495327157">
        <ele>1569</ele>
      </trkpt>
      <trkpt lat="45.17542914362008" lon="6.6491207324051169">
        <ele>1569</ele>
      </trkpt>
      <trkpt lat="45.17543105092506" lon="6.6491502956322774">
        <ele>1567</ele>
      </trkpt>
      <trkpt lat="45.17549589929431" lon="6.6492132366965535">
        <ele>1567</ele>
      </trkpt>
      <trkpt lat="45.17575433911884" lon="6.6493639137898208">
        <ele>1569</ele>
      </trkpt>
      <trkpt lat="45.17592122830442" lon="6.6495288956704233">
        <ele>1566</ele>
      </trkpt>
      <trkpt lat="45.17624356284571" lon="6.6499971390425383">
        <ele>1550</ele>
      </trkpt>
      <trkpt lat="45.1765573145146" lon="6.6509259965668566">
        <ele>1522</ele>
      </trkpt>
      <trkpt lat="45.17697692160978" lon="6.6510185008582932">
        <ele>1522</ele>
      </trkpt>
      <trkpt lat="45.17718958611484" lon="6.6509727255388196">
        <ele>1524</ele>
      </trkpt>
      <trkpt lat="45.17759679572765" lon="6.6511358001144441">
        <ele>1514</ele>
      </trkpt>
      <trkpt lat="45.17870112530996" lon="6.6509393477017031">
        <ele>1502</ele>
      </trkpt>
      <trkpt lat="45.17931241655543" lon="6.6509031089071202">
        <ele>1488</ele>
      </trkpt>
      <trkpt lat="45.17994373450316" lon="6.6509279038718345">
        <ele>1475</ele>
      </trkpt>
      <trkpt lat="45.18000000000001" lon="6.6509794011062429">
        <ele>1472</ele>
      </trkpt>
      <trkpt lat="45.18" lon="6.6509794011062429">
        <ele>1472</ele>
      </trkpt>
      <trkpt lat="45.18004100705703" lon="6.6510175472058037">
        <ele>1468</ele>
      </trkpt>
      <trkpt lat="45.18005817280183" lon="6.6511358001144441">
        <ele>1462</ele>
      </trkpt>
      <trkpt lat="45.18017642571047" lon="6.6512502384131276">
        <ele>1452</ele>
      </trkpt>
      <trkpt lat="45.18024699599466" lon="6.6512502384131276">
        <ele>1450</ele>
      </trkpt>
      <trkpt lat="45.18031851993133" lon="6.6512502384131276">
        <ele>1447</ele>
      </trkpt>
      <trkpt lat="45.18039004386801" lon="6.6512254434484133">
        <ele>1445</ele>
      </trkpt>
      <trkpt lat="45.18046156780469" lon="6.6512016021361875">
        <ele>1443</ele>
      </trkpt>
      <trkpt lat="45.18055693305359" lon="6.6511825290864062">
        <ele>1440</ele>
      </trkpt>
      <trkpt lat="45.18061892046538" lon="6.651107190539773">
        <ele>1440</ele>
      </trkpt>
      <trkpt lat="45.18068949074957" lon="6.651107190539773">
        <ele>1437</ele>
      </trkpt>
      <trkpt lat="45.18073335876407" lon="6.6511768071714723">
        <ele>1433</ele>
      </trkpt>
      <trkpt lat="45.18077818043105" lon="6.6512464238031717">
        <ele>1428</ele>
      </trkpt>
      <trkpt lat="45.18089166507724" lon="6.6513093648674477">
        <ele>1420</ele>
      </trkpt>
      <trkpt lat="45.18098607667365" lon="6.6512254434484133">
        <ele>1417</ele>
      </trkpt>
      <trkpt lat="45.18100896433339" lon="6.650926950219346">
        <ele>1426</ele>
      </trkpt>
      <trkpt lat="45.18120732405112" lon="6.6504148388327353">
        <ele>1425</ele>
      </trkpt>
      <trkpt lat="45.18126835781041" lon="6.650118252908646">
        <ele>1427</ele>
      </trkpt>
      <trkpt lat="45.18201888231928" lon="6.649891283616256">
        <ele>1381</ele>
      </trkpt>
      <trkpt lat="45.18212092313561" lon="6.6499303833683063">
        <ele>1375</ele>
      </trkpt>
      <trkpt lat="45.18222296395194" lon="6.649970436772846">
        <ele>1370</ele>
      </trkpt>
      <trkpt lat="45.18229067327866" lon="6.6500734312416609">
        <ele>1364</ele>
      </trkpt>
      <trkpt lat="45.18255578867061" lon="6.6499465954606203">
        <ele>1356</ele>
      </trkpt>
      <trkpt lat="45.18289338165172" lon="6.6498521838642057">
        <ele>1342</ele>
      </trkpt>
      <trkpt lat="45.18287049399198" lon="6.6499132176235038">
        <ele>1341</ele>
      </trkpt>
      <trkpt lat="45.18292485218386" lon="6.6499132176235038">
        <ele>1339</ele>
      </trkpt>
      <trkpt lat="45.1830087736029" lon="6.6498521838642057">
        <ele>1337</ele>
      </trkpt>
      <trkpt lat="45.18308315849704" lon="6.6498598130841176">
        <ele>1333</ele>
      </trkpt>
      <trkpt lat="45.18315849704368" lon="6.6498683959565188">
        <ele>1329</ele>
      </trkpt>
      <trkpt lat="45.18324718672515" lon="6.6497701697501483">
        <ele>1328</ele>
      </trkpt>
      <trkpt lat="45.18336353232882" lon="6.6497644478352145">
        <ele>1322</ele>
      </trkpt>
      <trkpt lat="45.1833730688537" lon="6.6498273888994905">
        <ele>1319</ele>
      </trkpt>
      <trkpt lat="45.18338355903109" lon="6.649891283616256">
        <ele>1317</ele>
      </trkpt>
      <trkpt lat="45.18343219530803" lon="6.6498846080488327">
        <ele>1314</ele>
      </trkpt>
      <trkpt lat="45.18346366584016" lon="6.650150677093273">
        <ele>1302</ele>
      </trkpt>
      <trkpt lat="45.18339786381842" lon="6.6505674232309806">
        <ele>1289</ele>
      </trkpt>
      <trkpt lat="45.18328533282472" lon="6.6509898912836221">
        <ele>1278</ele>
      </trkpt>
      <trkpt lat="45.18333492275415" lon="6.6510814419225692">
        <ele>1271</ele>
      </trkpt>
      <trkpt lat="45.1833215716193" lon="6.6511424756818673">
        <ele>1270</ele>
      </trkpt>
      <trkpt lat="45.18336639328628" lon="6.6511691779515605">
        <ele>1267</ele>
      </trkpt>
      <trkpt lat="45.18340549303834" lon="6.6510976540148823">
        <ele>1267</ele>
      </trkpt>
      <trkpt lat="45.18351420942209" lon="6.6511510585542686">
        <ele>1260</ele>
      </trkpt>
      <trkpt lat="45.18358477970627" lon="6.6511119588022183">
        <ele>1258</ele>
      </trkpt>
      <trkpt lat="45.18365534999046" lon="6.651072859050168">
        <ele>1256</ele>
      </trkpt>
      <trkpt lat="45.18371733740225" lon="6.6510518786954087">
        <ele>1254</ele>
      </trkpt>
      <trkpt lat="45.18378027846652" lon="6.6510318519931397">
        <ele>1252</ele>
      </trkpt>
      <trkpt lat="45.18384989509823" lon="6.6509898912836221">
        <ele>1250</ele>
      </trkpt>
      <trkpt lat="45.18391951172993" lon="6.6509479305741044">
        <ele>1248</ele>
      </trkpt>
      <trkpt lat="45.18398531375167" lon="6.6509345794392578">
        <ele>1245</ele>
      </trkpt>
      <trkpt lat="45.18405111577341" lon="6.6509221819569007">
        <ele>1242</ele>
      </trkpt>
      <trkpt lat="45.18428762159069" lon="6.6504119778752679">
        <ele>1250</ele>
      </trkpt>
      <trkpt lat="45.18433339691016" lon="6.6504777798970114">
        <ele>1246</ele>
      </trkpt>
      <trkpt lat="45.18437058935724" lon="6.6505817280183157">
        <ele>1242</ele>
      </trkpt>
      <trkpt lat="45.1844087354568" lon="6.65068567613962">
        <ele>1237</ele>
      </trkpt>
      <trkpt lat="45.18449837879076" lon="6.6505674232309806">
        <ele>1238</ele>
      </trkpt>
      <trkpt lat="45.18458420751478" lon="6.6506456227350812">
        <ele>1233</ele>
      </trkpt>
      <trkpt lat="45.18466717528133" lon="6.6506513446500151">
        <ele>1230</ele>
      </trkpt>
      <trkpt lat="45.18475109670036" lon="6.6506570665649498">
        <ele>1228</ele>
      </trkpt>
      <trkpt lat="45.18520598893763" lon="6.650925042914368">
        <ele>1210</ele>
      </trkpt>
      <trkpt lat="45.18561892046538" lon="6.6510251764257164">
        <ele>1198</ele>
      </trkpt>
      <trkpt lat="45.18598703032615" lon="6.6511911119588083">
        <ele>1184</ele>
      </trkpt>
      <trkpt lat="45.18650009536525" lon="6.6512407018882378">
        <ele>1165</ele>
      </trkpt>
      <trkpt lat="45.18717051306503" lon="6.651024222773227">
        <ele>1144</ele>
      </trkpt>
      <trkpt lat="45.18726778561892" lon="6.6510509250429202">
        <ele>1140</ele>
      </trkpt>
      <trkpt lat="45.1873650581728" lon="6.6510785809651018">
        <ele>1136</ele>
      </trkpt>
      <trkpt lat="45.18733358764066" lon="6.6511529658592465">
        <ele>1136</ele>
      </trkpt>
      <trkpt lat="45.18758630555025" lon="6.6510833492275472">
        <ele>1128</ele>
      </trkpt>
      <trkpt lat="45.1876692733168" lon="6.6509965668510453">
        <ele>1126</ele>
      </trkpt>
      <trkpt lat="45.18777036048064" lon="6.650914552736988">
        <ele>1123</ele>
      </trkpt>
      <trkpt lat="45.18784665267976" lon="6.650880221247383">
        <ele>1121</ele>
      </trkpt>
      <trkpt lat="45.18792389853137" lon="6.650845889757778">
        <ele>1118</ele>
      </trkpt>
      <trkpt lat="45.18796109097845" lon="6.6509431623116591">
        <ele>1117</ele>
      </trkpt>
      <trkpt lat="45.18805931718482" lon="6.650910738127032">
        <ele>1114</ele>
      </trkpt>
      <trkpt lat="45.18808315849704" lon="6.6510204081632711">
        <ele>1113</ele>
      </trkpt>
      <trkpt lat="45.18810795346176" lon="6.6511310318519987">
        <ele>1113</ele>
      </trkpt>
      <trkpt lat="45.18820522601564" lon="6.6511663169940931">
        <ele>1110</ele>
      </trkpt>
      <trkpt lat="45.18830345222201" lon="6.651202555788676">
        <ele>1107</ele>
      </trkpt>
      <trkpt lat="45.18842170513065" lon="6.6511281708945313">
        <ele>1103</ele>
      </trkpt>
      <trkpt lat="45.18853995803929" lon="6.6510537860003875">
        <ele>1099</ele>
      </trkpt>
      <trkpt lat="45.18886419988556" lon="6.6509307648293019">
        <ele>1088</ele>
      </trkpt>
      <trkpt lat="45.18894239938966" lon="6.6508659164600479">
        <ele>1086</ele>
      </trkpt>
      <trkpt lat="45.18901678428381" lon="6.6509021552546308">
        <ele>1083</ele>
      </trkpt>
      <trkpt lat="45.18907304978066" lon="6.6508706847224932">
        <ele>1082</ele>
      </trkpt>
      <trkpt lat="45.189087354568" lon="6.6507943925233706">
        <ele>1081</ele>
      </trkpt>
      <trkpt lat="45.18910165935533" lon="6.6507190539767365">
        <ele>1081</ele>
      </trkpt>
      <trkpt lat="45.18918367346939" lon="6.6506475300400592">
        <ele>1078</ele>
      </trkpt>
      <trkpt lat="45.18924566088117" lon="6.6506418081251253">
        <ele>1078</ele>
      </trkpt>
      <trkpt lat="45.18930860194545" lon="6.65063703986268">
        <ele>1077</ele>
      </trkpt>
      <trkpt lat="45.18941445737173" lon="6.6506923517070433">
        <ele>1075</ele>
      </trkpt>
      <trkpt lat="45.18949910283636" lon="6.6507246881766751">
        <ele>1074</ele>
      </trkpt>
      <trkpt lat="45.18949910281019" lon="6.6507246880551376">
        <ele>1074</ele>
      </trkpt>
      <trkpt lat="45.18955845889757" lon="6.6510003814610013">
        <ele>1074</ele>
      </trkpt>
      <trkpt lat="45.18960995613198" lon="6.6511834827388956">
        <ele>1074</ele>
      </trkpt>
      <trkpt lat="45.18960995613198" lon="6.6511834827388956">
        <ele>1074</ele>
      </trkpt>
      <trkpt lat="45.18967194354377" lon="6.6514104520312856">
        <ele>1073</ele>
      </trkpt>
      <trkpt lat="45.190042914362" lon="6.6521333206179722">
        <ele>1069</ele>
      </trkpt>
      <trkpt lat="45.19014304787336" lon="6.6524012969673905">
        <ele>1069</ele>
      </trkpt>
      <trkpt lat="45.19018119397291" lon="6.652607285905022">
        <ele>1069</ele>
      </trkpt>
      <trkpt lat="45.19019359145527" lon="6.6527188632462391">
        <ele>1071</ele>
      </trkpt>
      <trkpt lat="45.19021361815754" lon="6.6532586305550314">
        <ele>1076</ele>
      </trkpt>
      <trkpt lat="45.19054358191875" lon="6.654293343505632">
        <ele>1078</ele>
      </trkpt>
      <trkpt lat="45.19070951745184" lon="6.654773984360105">
        <ele>1074</ele>
      </trkpt>
      <trkpt lat="45.1908344459279" lon="6.6550390997520559">
        <ele>1069</ele>
      </trkpt>
      <trkpt lat="45.1908344459279" lon="6.6550390997520559">
        <ele>1069</ele>
      </trkpt>
      <trkpt lat="45.19188346366584" lon="6.6575538813656356">
        <ele>1068</ele>
      </trkpt>
      <trkpt lat="45.19226778561892" lon="6.6586076673660175">
        <ele>1068</ele>
      </trkpt>
      <trkpt lat="45.19283044058745" lon="6.6599151249284816">
        <ele>1061</ele>
      </trkpt>
      <trkpt lat="45.19285809650963" lon="6.6600000000000055">
        <ele>1061</ele>
      </trkpt>
      <trkpt lat="45.19285809650963" lon="6.6600000000000161">
        <ele>1061</ele>
      </trkpt>
      <trkpt lat="45.19307934388709" lon="6.6606704176998059">
        <ele>1068</ele>
      </trkpt>
      <trkpt lat="45.19320127061913" lon="6.6609517305815586">
        <ele>1071</ele>
      </trkpt>
    </trkseg>
  </trk>
</gpx>