<?xml version="1.0" encoding="UTF-8" standalone="yes"?>
<gpx
 version="1.1"
 creator="Generated by MapOut iPhone App. See https://mapout.app"
 xmlns="http://www.topografix.com/GPX/1/1"
 xmlns:xsi="http://www.w3.org/2001/XMLSchema-instance"
 xmlns:gpxx="http://www.garmin.com/xmlschemas/GpxExtensions/v3"
 xmlns:mapout="https://mapout.app/xmlschemas/MapOutExtensions"
 xsi:schemaLocation="http://www.topografix.com/GPX/1/1 https://www.topografix.com/GPX/1/1/gpx.xsd http://www.garmin.com/xmlschemas/GpxExtensions/v3 https://www8.garmin.com/xmlschemas/GpxExtensionsv3.xsd https://mapout.app/xmlschemas/MapOutExtensions https://mapout.app/xmlschemas/MapOutExtensions.xsd">
  <metadata>
    <name>Le Falgoux</name>
    <author><name>Chloé </name></author>
    <time>2021-09-18T16:54:22Z</time>
    <bounds minlat="45.07039862674041" minlon="2.5614028228113606" maxlat="45.16555597940112" maxlon="2.7185142094220947"/>
  </metadata>
  <wpt lat="45.14087638634396" lon="2.6806183238798185">
    <ele>1243</ele>
    <name>Waypoint</name>
    <sym>Camping</sym>
    <extensions>
      <mapout:extension>
        <mapout:color>05BB6E</mapout:color>
      </mapout:extension>
    </extensions>
  </wpt>
  <wpt lat="45.1162446554284" lon="2.5906798330963094">
    <ele>1342</ele>
    <name>Waypoint</name>
    <sym>Camping</sym>
    <extensions>
      <mapout:extension>
        <mapout:color>05BB6E</mapout:color>
      </mapout:extension>
    </extensions>
  </wpt>
  <wpt lat="45.10003662109375" lon="2.653512600857618">
    <ele>1669</ele>
    <name>Tour du Massif Cantalien</name>
    <sym>Camping</sym>
    <extensions>
      <mapout:extension>
        <mapout:color>05BB6E</mapout:color>
      </mapout:extension>
    </extensions>
  </wpt>
  <trk>
    <name>Le Falgoux</name>
    <extensions>
      <gpxx:TrackExtension>
        <gpxx:DisplayColor>DarkCyan</gpxx:DisplayColor>
      </gpxx:TrackExtension>
      <mapout:extension>
        <mapout:color>05BB6E</mapout:color>
      </mapout:extension>
    </extensions>
    <trkseg>
      <trkpt lat="45.15506584394486" lon="2.6227089215616357">
        <ele>922</ele>
      </trkpt>
      <trkpt lat="45.15491131031852" lon="2.6229935151630701">
        <ele>919</ele>
      </trkpt>
      <trkpt lat="45.15485790577914" lon="2.6231136753766884">
        <ele>918</ele>
      </trkpt>
      <trkpt lat="45.15484074003434" lon="2.6231842456608767">
        <ele>917</ele>
      </trkpt>
      <trkpt lat="45.15483692542438" lon="2.6232500476826197">
        <ele>917</ele>
      </trkpt>
      <trkpt lat="45.15484646194927" lon="2.6233158497043632">
        <ele>917</ele>
      </trkpt>
      <trkpt lat="45.15487125691399" lon="2.6233845126835735">
        <ele>917</ele>
      </trkpt>
      <trkpt lat="45.15489700553119" lon="2.6234541293152729">
        <ele>917</ele>
      </trkpt>
      <trkpt lat="45.15493801258822" lon="2.6235008582872354">
        <ele>918</ele>
      </trkpt>
      <trkpt lat="45.15549303833684" lon="2.6238184245660836">
        <ele>925</ele>
      </trkpt>
      <trkpt lat="45.15556456227351" lon="2.6238737364104474">
        <ele>926</ele>
      </trkpt>
      <trkpt lat="45.15561892046539" lon="2.6239309555597896">
        <ele>926</ele>
      </trkpt>
      <trkpt lat="45.15568281518215" lon="2.6240492084684295">
        <ele>927</ele>
      </trkpt>
      <trkpt lat="45.15570761014687" lon="2.6241188251001288">
        <ele>927</ele>
      </trkpt>
      <trkpt lat="45.15571714667176" lon="2.6242046538241421">
        <ele>928</ele>
      </trkpt>
      <trkpt lat="45.15571757522495" lon="2.6242397951856908">
        <ele>928</ele>
      </trkpt>
      <trkpt lat="45.15571757522495" lon="2.6242397951856908">
        <ele>928</ele>
      </trkpt>
      <trkpt lat="45.15571810032425" lon="2.6242828533282427">
        <ele>928</ele>
      </trkpt>
      <trkpt lat="45.1557047491894" lon="2.6243887087545255">
        <ele>929</ele>
      </trkpt>
      <trkpt lat="45.15567137135228" lon="2.6244983787907641">
        <ele>929</ele>
      </trkpt>
      <trkpt lat="45.1553566660309" lon="2.6251125309937016">
        <ele>929</ele>
      </trkpt>
      <trkpt lat="45.15519549876026" lon="2.6254529849322861">
        <ele>931</ele>
      </trkpt>
      <trkpt lat="45.15495422468053" lon="2.6259345794392477">
        <ele>932</ele>
      </trkpt>
      <trkpt lat="45.15491557752634" lon="2.6259833763511038">
        <ele>932</ele>
      </trkpt>
      <trkpt lat="45.15491557752634" lon="2.6259833763511038">
        <ele>932</ele>
      </trkpt>
      <trkpt lat="45.15485981308412" lon="2.626053786000377">
        <ele>932</ele>
      </trkpt>
      <trkpt lat="45.15451935914553" lon="2.6263408353995756">
        <ele>928</ele>
      </trkpt>
      <trkpt lat="45.15442876215908" lon="2.6264362006484792">
        <ele>927</ele>
      </trkpt>
      <trkpt lat="45.1543744039672" lon="2.6265267976349373">
        <ele>927</ele>
      </trkpt>
      <trkpt lat="45.15432004577533" lon="2.6266412359336213">
        <ele>927</ele>
      </trkpt>
      <trkpt lat="45.15383707719884" lon="2.6281714149051605">
        <ele>933</ele>
      </trkpt>
      <trkpt lat="45.15383707719884" lon="2.6281714149051605">
        <ele>933</ele>
      </trkpt>
      <trkpt lat="45.15382700743849" lon="2.6282033187106575">
        <ele>933</ele>
      </trkpt>
      <trkpt lat="45.15376025176426" lon="2.6284989509822574">
        <ele>935</ele>
      </trkpt>
      <trkpt lat="45.15374213236697" lon="2.6285962235361389">
        <ele>935</ele>
      </trkpt>
      <trkpt lat="45.15372496662217" lon="2.6286934960900203">
        <ele>936</ele>
      </trkpt>
      <trkpt lat="45.15371161548732" lon="2.628803166126259">
        <ele>936</ele>
      </trkpt>
      <trkpt lat="45.15369921800497" lon="2.628913789814987">
        <ele>937</ele>
      </trkpt>
      <trkpt lat="45.15370207896243" lon="2.6289824527941974">
        <ele>938</ele>
      </trkpt>
      <trkpt lat="45.15370589357239" lon="2.6290520694258968">
        <ele>939</ele>
      </trkpt>
      <trkpt lat="45.15371638374977" lon="2.6291541102422231">
        <ele>941</ele>
      </trkpt>
      <trkpt lat="45.15372782757964" lon="2.6292561510585499">
        <ele>942</ele>
      </trkpt>
      <trkpt lat="45.15372496662217" lon="2.6293248140377603">
        <ele>943</ele>
      </trkpt>
      <trkpt lat="45.1537221056647" lon="2.6293934770169707">
        <ele>943</ele>
      </trkpt>
      <trkpt lat="45.15371161548732" lon="2.6294554644287578">
        <ele>943</ele>
      </trkpt>
      <trkpt lat="45.15370207896243" lon="2.6295174518405449">
        <ele>944</ele>
      </trkpt>
      <trkpt lat="45.15355426282663" lon="2.6300905969864536">
        <ele>943</ele>
      </trkpt>
      <trkpt lat="45.15355426282663" lon="2.6300905969864536">
        <ele>943</ele>
      </trkpt>
      <trkpt lat="45.15359746055341" lon="2.6301134663712222">
        <ele>944</ele>
      </trkpt>
      <trkpt lat="45.15359746055341" lon="2.6301134663712222">
        <ele>944</ele>
      </trkpt>
      <trkpt lat="45.1536353232882" lon="2.6301335113484599">
        <ele>946</ele>
      </trkpt>
      <trkpt lat="45.15368014495518" lon="2.6302927713141284">
        <ele>948</ele>
      </trkpt>
      <trkpt lat="45.15369560802572" lon="2.6304130396405454">
        <ele>950</ele>
      </trkpt>
      <trkpt lat="45.15369560802572" lon="2.6304130396405454">
        <ele>950</ele>
      </trkpt>
      <trkpt lat="45.15371447644479" lon="2.6305597940110577">
        <ele>951</ele>
      </trkpt>
      <trkpt lat="45.15368491321763" lon="2.6307200076292152">
        <ele>951</ele>
      </trkpt>
      <trkpt lat="45.15355426282663" lon="2.6309660499713861">
        <ele>948</ele>
      </trkpt>
      <trkpt lat="45.15355426282663" lon="2.6309660499713861">
        <ele>948</ele>
      </trkpt>
      <trkpt lat="45.15363818424566" lon="2.6310413885180193">
        <ele>952</ele>
      </trkpt>
      <trkpt lat="45.15372305931719" lon="2.6311338928094559">
        <ele>956</ele>
      </trkpt>
      <trkpt lat="45.15380793438872" lon="2.631226397100892">
        <ele>960</ele>
      </trkpt>
      <trkpt lat="45.15380793438872" lon="2.631226397100892">
        <ele>960</ele>
      </trkpt>
      <trkpt lat="45.15387945832539" lon="2.6314171275986986">
        <ele>963</ele>
      </trkpt>
      <trkpt lat="45.15381556360862" lon="2.6317261110051451">
        <ele>965</ele>
      </trkpt>
      <trkpt lat="45.15380577439551" lon="2.6317574089118638">
        <ele>965</ele>
      </trkpt>
      <trkpt lat="45.15380577439551" lon="2.6317574089118638">
        <ele>965</ele>
      </trkpt>
      <trkpt lat="45.1537478542819" lon="2.6319425901201559">
        <ele>967</ele>
      </trkpt>
      <trkpt lat="45.15361052832348" lon="2.632327865725725">
        <ele>972</ele>
      </trkpt>
      <trkpt lat="45.1535571237841" lon="2.6324241846271175">
        <ele>972</ele>
      </trkpt>
      <trkpt lat="45.15351611672707" lon="2.6325243181384659">
        <ele>973</ele>
      </trkpt>
      <trkpt lat="45.15338737364105" lon="2.6329849322906687">
        <ele>976</ele>
      </trkpt>
      <trkpt lat="45.1533568567614" lon="2.6331422849513593">
        <ele>978</ele>
      </trkpt>
      <trkpt lat="45.15337879076865" lon="2.6332290673278611">
        <ele>980</ele>
      </trkpt>
      <trkpt lat="45.15349322906734" lon="2.633135609383936">
        <ele>982</ele>
      </trkpt>
      <trkpt lat="45.15357619683388" lon="2.6331041388517979">
        <ele>984</ele>
      </trkpt>
      <trkpt lat="45.15364962807553" lon="2.6331975967957231">
        <ele>988</ele>
      </trkpt>
      <trkpt lat="45.15385752431814" lon="2.6332977303070715">
        <ele>995</ele>
      </trkpt>
      <trkpt lat="45.15412550066756" lon="2.6334684341026087">
        <ele>1005</ele>
      </trkpt>
      <trkpt lat="45.15455369063514" lon="2.6337230593171803">
        <ele>1019</ele>
      </trkpt>
      <trkpt lat="45.15465668510395" lon="2.6337650200266975">
        <ele>1023</ele>
      </trkpt>
      <trkpt lat="45.15484836925425" lon="2.6341455273698218">
        <ele>1034</ele>
      </trkpt>
      <trkpt lat="45.15479973297731" lon="2.6343429334350517">
        <ele>1036</ele>
      </trkpt>
      <trkpt lat="45.15482262063705" lon="2.6344812130459614">
        <ele>1038</ele>
      </trkpt>
      <trkpt lat="45.15484264733931" lon="2.6345555979401061">
        <ele>1040</ele>
      </trkpt>
      <trkpt lat="45.15484264733931" lon="2.6345555979401061">
        <ele>1040</ele>
      </trkpt>
      <trkpt lat="45.15498569521267" lon="2.6345718100324196">
        <ele>1045</ele>
      </trkpt>
      <trkpt lat="45.15505626549686" lon="2.6346337974442067">
        <ele>1048</ele>
      </trkpt>
      <trkpt lat="45.15503147053214" lon="2.6347253480831538">
        <ele>1049</ele>
      </trkpt>
      <trkpt lat="45.15504672897197" lon="2.6349094030135372">
        <ele>1052</ele>
      </trkpt>
      <trkpt lat="45.15505912645433" lon="2.6354720579820667">
        <ele>1057</ele>
      </trkpt>
      <trkpt lat="45.15512302117109" lon="2.6357419416364629">
        <ele>1061</ele>
      </trkpt>
      <trkpt lat="45.15536048064086" lon="2.6362426091932054">
        <ele>1069</ele>
      </trkpt>
      <trkpt lat="45.15543009727256" lon="2.6362683578104091">
        <ele>1071</ele>
      </trkpt>
      <trkpt lat="45.15545584588976" lon="2.6361558268167036">
        <ele>1072</ele>
      </trkpt>
      <trkpt lat="45.15542056074767" lon="2.6355340453938538">
        <ele>1069</ele>
      </trkpt>
      <trkpt lat="45.15547777989701" lon="2.635332824718668">
        <ele>1070</ele>
      </trkpt>
      <trkpt lat="45.15552736982644" lon="2.6353280564562227">
        <ele>1072</ele>
      </trkpt>
      <trkpt lat="45.15560652298303" lon="2.6355235552164746">
        <ele>1076</ele>
      </trkpt>
      <trkpt lat="45.15579343887088" lon="2.635802975395761">
        <ele>1084</ele>
      </trkpt>
      <trkpt lat="45.15598416936869" lon="2.6361462902918129">
        <ele>1088</ele>
      </trkpt>
      <trkpt lat="45.15598416936869" lon="2.6361462902918129">
        <ele>1088</ele>
      </trkpt>
      <trkpt lat="45.15596795727637" lon="2.6356074766355095">
        <ele>1088</ele>
      </trkpt>
      <trkpt lat="45.15600324241847" lon="2.6353080297539533">
        <ele>1087</ele>
      </trkpt>
      <trkpt lat="45.1560442494755" lon="2.6353890902155208">
        <ele>1089</ele>
      </trkpt>
      <trkpt lat="45.15622544344841" lon="2.6355540720961237">
        <ele>1095</ele>
      </trkpt>
      <trkpt lat="45.15633797444212" lon="2.635674232309742">
        <ele>1099</ele>
      </trkpt>
      <trkpt lat="45.15642475681862" lon="2.6357333587640617">
        <ele>1102</ele>
      </trkpt>
      <trkpt lat="45.15642475681862" lon="2.6357333587640617">
        <ele>1102</ele>
      </trkpt>
      <trkpt lat="45.1565830631318" lon="2.6359498378790724">
        <ele>1108</ele>
      </trkpt>
      <trkpt lat="45.15683864199886" lon="2.6360328056456184">
        <ele>1115</ele>
      </trkpt>
      <trkpt lat="45.15688060270838" lon="2.636028037383173">
        <ele>1117</ele>
      </trkpt>
      <trkpt lat="45.15695975586497" lon="2.6360776273126025">
        <ele>1119</ele>
      </trkpt>
      <trkpt lat="45.15704844554645" lon="2.6360871638374932">
        <ele>1122</ele>
      </trkpt>
      <trkpt lat="45.1571132939157" lon="2.6361253099370545">
        <ele>1124</ele>
      </trkpt>
      <trkpt lat="45.15739748235743" lon="2.6363293915697072">
        <ele>1134</ele>
      </trkpt>
      <trkpt lat="45.15751287430861" lon="2.6363398817470869">
        <ele>1138</ele>
      </trkpt>
      <trkpt lat="45.15763971008965" lon="2.6362445164981834">
        <ele>1141</ele>
      </trkpt>
      <trkpt lat="45.15763971008965" lon="2.6362445164981834">
        <ele>1141</ele>
      </trkpt>
      <trkpt lat="45.15790196452414" lon="2.6363084112149489">
        <ele>1151</ele>
      </trkpt>
      <trkpt lat="45.15808125119207" lon="2.6362836162502337">
        <ele>1156</ele>
      </trkpt>
      <trkpt lat="45.15827388899486" lon="2.6363007819950366">
        <ele>1163</ele>
      </trkpt>
      <trkpt lat="45.15846366584017" lon="2.6362798016402778">
        <ele>1168</ele>
      </trkpt>
      <trkpt lat="45.15852279229449" lon="2.6362311653633372">
        <ele>1169</ele>
      </trkpt>
      <trkpt lat="45.15873164218959" lon="2.6361939729162649">
        <ele>1173</ele>
      </trkpt>
      <trkpt lat="45.15890711424758" lon="2.6362149532710233">
        <ele>1179</ele>
      </trkpt>
      <trkpt lat="45.15905779134084" lon="2.6361377074194117">
        <ele>1181</ele>
      </trkpt>
      <trkpt lat="45.15946881556361" lon="2.6359860766736554">
        <ele>1188</ele>
      </trkpt>
      <trkpt lat="45.15947739843602" lon="2.6360490177379319">
        <ele>1190</ele>
      </trkpt>
      <trkpt lat="45.15935151630746" lon="2.6367814228495092">
        <ele>1204</ele>
      </trkpt>
      <trkpt lat="45.15935819187489" lon="2.6368958611481932">
        <ele>1206</ele>
      </trkpt>
      <trkpt lat="45.15941636467672" lon="2.6370122067518551">
        <ele>1210</ele>
      </trkpt>
      <trkpt lat="45.15944497425139" lon="2.6371657448025894">
        <ele>1214</ele>
      </trkpt>
      <trkpt lat="45.15956513446501" lon="2.6376168224299019">
        <ele>1224</ele>
      </trkpt>
      <trkpt lat="45.15972534808316" lon="2.6378390234598466">
        <ele>1229</ele>
      </trkpt>
      <trkpt lat="45.15988365439635" lon="2.6380774365821051">
        <ele>1234</ele>
      </trkpt>
      <trkpt lat="45.15989814758802" lon="2.6381387220783181">
        <ele>1234</ele>
      </trkpt>
      <trkpt lat="45.15989814758802" lon="2.6381387220783181">
        <ele>1234</ele>
      </trkpt>
      <trkpt lat="45.15998378790769" lon="2.6385008582872356">
        <ele>1238</ele>
      </trkpt>
      <trkpt lat="45.16" lon="2.6386296013732551">
        <ele>1238</ele>
      </trkpt>
      <trkpt lat="45.16000000000002" lon="2.6386296013732551">
        <ele>1238</ele>
      </trkpt>
      <trkpt lat="45.16002956322718" lon="2.6388680144955132">
        <ele>1240</ele>
      </trkpt>
      <trkpt lat="45.16005054358193" lon="2.6392370780087688">
        <ele>1242</ele>
      </trkpt>
      <trkpt lat="45.16010013351136" lon="2.6396957848559941">
        <ele>1247</ele>
      </trkpt>
      <trkpt lat="45.16014590883083" lon="2.6398970055311799">
        <ele>1249</ele>
      </trkpt>
      <trkpt lat="45.16015830631319" lon="2.6399999999999952">
        <ele>1250</ele>
      </trkpt>
      <trkpt lat="45.16015830631319" lon="2.6400000000000059">
        <ele>1250</ele>
      </trkpt>
      <trkpt lat="45.16017165744804" lon="2.6401487697882948">
        <ele>1251</ele>
      </trkpt>
      <trkpt lat="45.16013827961093" lon="2.640238413122264">
        <ele>1251</ele>
      </trkpt>
      <trkpt lat="45.16018024032044" lon="2.6404701506770989">
        <ele>1253</ele>
      </trkpt>
      <trkpt lat="45.16024032042725" lon="2.6410862101850143">
        <ele>1258</ele>
      </trkpt>
      <trkpt lat="45.16032042723633" lon="2.6413284379172288">
        <ele>1263</ele>
      </trkpt>
      <trkpt lat="45.16037192447074" lon="2.6415573145145967">
        <ele>1266</ele>
      </trkpt>
      <trkpt lat="45.16035857333589" lon="2.6416202555788728">
        <ele>1266</ele>
      </trkpt>
      <trkpt lat="45.16026893000193" lon="2.6418195689490807">
        <ele>1265</ele>
      </trkpt>
      <trkpt lat="45.16022887659739" lon="2.6420627503337841">
        <ele>1268</ele>
      </trkpt>
      <trkpt lat="45.16028609574673" lon="2.6422334541293209">
        <ele>1274</ele>
      </trkpt>
      <trkpt lat="45.16023841312227" lon="2.6423984360099237">
        <ele>1276</ele>
      </trkpt>
      <trkpt lat="45.16021266450507" lon="2.6425739080679058">
        <ele>1279</ele>
      </trkpt>
      <trkpt lat="45.16022410833494" lon="2.6427217242037058">
        <ele>1285</ele>
      </trkpt>
      <trkpt lat="45.16025081060463" lon="2.6427465191684205">
        <ele>1287</ele>
      </trkpt>
      <trkpt lat="45.16014590883083" lon="2.6429219912264026">
        <ele>1289</ele>
      </trkpt>
      <trkpt lat="45.16000000000002" lon="2.6431213045966109">
        <ele>1291</ele>
      </trkpt>
      <trkpt lat="45.16" lon="2.6431213045966109">
        <ele>1291</ele>
      </trkpt>
      <trkpt lat="45.15992466145337" lon="2.6432233454129372">
        <ele>1293</ele>
      </trkpt>
      <trkpt lat="45.15990082014115" lon="2.6433072668319721">
        <ele>1295</ele>
      </trkpt>
      <trkpt lat="45.15982452794202" lon="2.6434016784283862">
        <ele>1297</ele>
      </trkpt>
      <trkpt lat="45.15974918939539" lon="2.6434970436772898">
        <ele>1298</ele>
      </trkpt>
      <trkpt lat="45.15971104329583" lon="2.6435771504863683">
        <ele>1299</ele>
      </trkpt>
      <trkpt lat="45.15967385084875" lon="2.6436582109479363">
        <ele>1300</ele>
      </trkpt>
      <trkpt lat="45.15965573145147" lon="2.6437259202746577">
        <ele>1301</ele>
      </trkpt>
      <trkpt lat="45.15961377074195" lon="2.6437898149914227">
        <ele>1302</ele>
      </trkpt>
      <trkpt lat="45.15957276368492" lon="2.6438537097081882">
        <ele>1302</ele>
      </trkpt>
      <trkpt lat="45.15952794201793" lon="2.6439691016593612">
        <ele>1304</ele>
      </trkpt>
      <trkpt lat="45.15949933244326" lon="2.6440720961281765">
        <ele>1305</ele>
      </trkpt>
      <trkpt lat="45.15947072286859" lon="2.6441750905969923">
        <ele>1306</ele>
      </trkpt>
      <trkpt lat="45.15945737173374" lon="2.6442542437535819">
        <ele>1306</ele>
      </trkpt>
      <trkpt lat="45.1594440205989" lon="2.6443333969101714">
        <ele>1306</ele>
      </trkpt>
      <trkpt lat="45.1594526034713" lon="2.6444516498188118">
        <ele>1307</ele>
      </trkpt>
      <trkpt lat="45.15948121304597" lon="2.6445164981880658">
        <ele>1309</ele>
      </trkpt>
      <trkpt lat="45.15950982262064" lon="2.6445823002098092">
        <ele>1310</ele>
      </trkpt>
      <trkpt lat="45.15957562464239" lon="2.644570856379941">
        <ele>1313</ele>
      </trkpt>
      <trkpt lat="45.15964238031662" lon="2.6445603662025614">
        <ele>1315</ele>
      </trkpt>
      <trkpt lat="45.15967766545872" lon="2.6444754911310375">
        <ele>1316</ele>
      </trkpt>
      <trkpt lat="45.15971390425329" lon="2.6443906160595136">
        <ele>1317</ele>
      </trkpt>
      <trkpt lat="45.16" lon="2.6442771314133187">
        <ele>1326</ele>
      </trkpt>
      <trkpt lat="45.16000000000002" lon="2.6442771314133187">
        <ele>1326</ele>
      </trkpt>
      <trkpt lat="45.16009441159643" lon="2.6442351707038014">
        <ele>1329</ele>
      </trkpt>
      <trkpt lat="45.16017928666795" lon="2.6442294487888671">
        <ele>1332</ele>
      </trkpt>
      <trkpt lat="45.16026511539197" lon="2.6442246805264218">
        <ele>1335</ele>
      </trkpt>
      <trkpt lat="45.16028514209424" lon="2.6442466145336696">
        <ele>1336</ele>
      </trkpt>
      <trkpt lat="45.16028514209424" lon="2.6443114629029241">
        <ele>1337</ele>
      </trkpt>
      <trkpt lat="45.16026797634943" lon="2.6443772649246671">
        <ele>1337</ele>
      </trkpt>
      <trkpt lat="45.16025176425712" lon="2.6444430669464105">
        <ele>1337</ele>
      </trkpt>
      <trkpt lat="45.16019931337022" lon="2.6445441541102479">
        <ele>1336</ele>
      </trkpt>
      <trkpt lat="45.16014781613582" lon="2.6446452412740853">
        <ele>1336</ele>
      </trkpt>
      <trkpt lat="45.1601316040435" lon="2.64471962616823">
        <ele>1336</ele>
      </trkpt>
      <trkpt lat="45.16011634560368" lon="2.6447940110623747">
        <ele>1337</ele>
      </trkpt>
      <trkpt lat="45.16012588212857" lon="2.644863627694074">
        <ele>1338</ele>
      </trkpt>
      <trkpt lat="45.16013637230595" lon="2.6449341979782623">
        <ele>1339</ele>
      </trkpt>
      <trkpt lat="45.1601840549304" lon="2.6449876025176482">
        <ele>1342</ele>
      </trkpt>
      <trkpt lat="45.1601840549304" lon="2.6449876025176482">
        <ele>1342</ele>
      </trkpt>
      <trkpt lat="45.16025176425712" lon="2.6448607667366071">
        <ele>1343</ele>
      </trkpt>
      <trkpt lat="45.16030993705895" lon="2.6448054548922428">
        <ele>1344</ele>
      </trkpt>
      <trkpt lat="45.16034140759109" lon="2.6448588594316287">
        <ele>1346</ele>
      </trkpt>
      <trkpt lat="45.16032710280376" lon="2.6451497234407837">
        <ele>1349</ele>
      </trkpt>
      <trkpt lat="45.16030993705895" lon="2.6452431813847093">
        <ele>1349</ele>
      </trkpt>
      <trkpt lat="45.16030993705895" lon="2.6453776463856626">
        <ele>1351</ele>
      </trkpt>
      <trkpt lat="45.16034712950602" lon="2.6454587068472306">
        <ele>1353</ele>
      </trkpt>
      <trkpt lat="45.16044821666986" lon="2.6454892237268797">
        <ele>1358</ele>
      </trkpt>
      <trkpt lat="45.16050162120925" lon="2.6454110242227791">
        <ele>1359</ele>
      </trkpt>
      <trkpt lat="45.16065229830252" lon="2.6450352851420997">
        <ele>1360</ele>
      </trkpt>
      <trkpt lat="45.16072572954417" lon="2.6450324241846328">
        <ele>1363</ele>
      </trkpt>
      <trkpt lat="45.16066660308985" lon="2.6454672897196319">
        <ele>1367</ele>
      </trkpt>
      <trkpt lat="45.16074289528897" lon="2.6458210947930629">
        <ele>1375</ele>
      </trkpt>
      <trkpt lat="45.16084588975779" lon="2.6459746328437972">
        <ele>1381</ele>
      </trkpt>
      <trkpt lat="45.16090215525464" lon="2.645964142666418">
        <ele>1383</ele>
      </trkpt>
      <trkpt lat="45.16094411596416" lon="2.6456055693305416">
        <ele>1380</ele>
      </trkpt>
      <trkpt lat="45.16099942780852" lon="2.6453414075910793">
        <ele>1378</ele>
      </trkpt>
      <trkpt lat="45.16111768071716" lon="2.6450963189013978">
        <ele>1378</ele>
      </trkpt>
      <trkpt lat="45.16180526416176" lon="2.6447720770551268">
        <ele>1397</ele>
      </trkpt>
      <trkpt lat="45.16242418462713" lon="2.6444068281518271">
        <ele>1414</ele>
      </trkpt>
      <trkpt lat="45.16242418462713" lon="2.6444068281518271">
        <ele>1414</ele>
      </trkpt>
      <trkpt lat="45.16267690253673" lon="2.6441951172992617">
        <ele>1419</ele>
      </trkpt>
      <trkpt lat="45.16271218767883" lon="2.6442380316612684">
        <ele>1421</ele>
      </trkpt>
      <trkpt lat="45.16271218767883" lon="2.644347701697507">
        <ele>1423</ele>
      </trkpt>
      <trkpt lat="45.16256055693307" lon="2.6446471485790637">
        <ele>1423</ele>
      </trkpt>
      <trkpt lat="45.16246995994661" lon="2.6448083158497102">
        <ele>1423</ele>
      </trkpt>
      <trkpt lat="45.16245946976923" lon="2.6449637612054224">
        <ele>1425</ele>
      </trkpt>
      <trkpt lat="45.16249952317377" lon="2.6450143047873413">
        <ele>1428</ele>
      </trkpt>
      <trkpt lat="45.16271218767883" lon="2.6448703032614973">
        <ele>1431</ele>
      </trkpt>
      <trkpt lat="45.16280465888724" lon="2.6447647912416401">
        <ele>1432</ele>
      </trkpt>
      <trkpt lat="45.16280465888724" lon="2.6447647912416401">
        <ele>1432</ele>
      </trkpt>
      <trkpt lat="45.16300972725541" lon="2.6445308029754013">
        <ele>1436</ele>
      </trkpt>
      <trkpt lat="45.16325481594509" lon="2.6441092885752489">
        <ele>1441</ele>
      </trkpt>
      <trkpt lat="45.16354758725922" lon="2.6437287812321246">
        <ele>1442</ele>
      </trkpt>
      <trkpt lat="45.16367442304026" lon="2.643732595842081">
        <ele>1444</ele>
      </trkpt>
      <trkpt lat="45.16380602708374" lon="2.6438956704177055">
        <ele>1447</ele>
      </trkpt>
      <trkpt lat="45.16396910165937" lon="2.6439214190349092">
        <ele>1449</ele>
      </trkpt>
      <trkpt lat="45.16415220293727" lon="2.643877551020414">
        <ele>1451</ele>
      </trkpt>
      <trkpt lat="45.16415220293727" lon="2.643877551020414">
        <ele>1451</ele>
      </trkpt>
      <trkpt lat="45.16435151630748" lon="2.643942399389668">
        <ele>1450</ele>
      </trkpt>
      <trkpt lat="45.16450028609577" lon="2.643942399389668">
        <ele>1449</ele>
      </trkpt>
      <trkpt lat="45.1645317566279" lon="2.6440110623688784">
        <ele>1449</ele>
      </trkpt>
      <trkpt lat="45.1645927903872" lon="2.644053976730885">
        <ele>1448</ele>
      </trkpt>
      <trkpt lat="45.16459565134467" lon="2.6441941636467727">
        <ele>1447</ele>
      </trkpt>
      <trkpt lat="45.16459565134467" lon="2.6441941636467727">
        <ele>1447</ele>
      </trkpt>
      <trkpt lat="45.16452794201795" lon="2.644314323860391">
        <ele>1447</ele>
      </trkpt>
      <trkpt lat="45.16447549113105" lon="2.6444630936486799">
        <ele>1447</ele>
      </trkpt>
      <trkpt lat="45.16442876215908" lon="2.6447444211329447">
        <ele>1446</ele>
      </trkpt>
      <trkpt lat="45.16436200648485" lon="2.644977112340269">
        <ele>1445</ele>
      </trkpt>
      <trkpt lat="45.16440396719437" lon="2.6451287430860253">
        <ele>1445</ele>
      </trkpt>
      <trkpt lat="45.16454224680528" lon="2.6455330917413753">
        <ele>1444</ele>
      </trkpt>
      <trkpt lat="45.16461567804694" lon="2.6457123784093133">
        <ele>1444</ele>
      </trkpt>
      <trkpt lat="45.16466336067139" lon="2.6459088308220542">
        <ele>1444</ele>
      </trkpt>
      <trkpt lat="45.16469101659357" lon="2.6462654968529526">
        <ele>1444</ele>
      </trkpt>
      <trkpt lat="45.16468910928859" lon="2.6464075910738183">
        <ele>1445</ele>
      </trkpt>
      <trkpt lat="45.16463475109671" lon="2.6471199694831262">
        <ele>1449</ele>
      </trkpt>
      <trkpt lat="45.1646366584017" lon="2.6471895861148256">
        <ele>1450</ele>
      </trkpt>
      <trkpt lat="45.16473106999811" lon="2.6473927140949893">
        <ele>1451</ele>
      </trkpt>
      <trkpt lat="45.16492752241085" lon="2.6477360289910412">
        <ele>1454</ele>
      </trkpt>
      <trkpt lat="45.16503242418464" lon="2.6480211710852624">
        <ele>1457</ele>
      </trkpt>
      <trkpt lat="45.16506580202176" lon="2.6482223917604482">
        <ele>1459</ele>
      </trkpt>
      <trkpt lat="45.16501144382988" lon="2.6486343696357104">
        <ele>1465</ele>
      </trkpt>
      <trkpt lat="45.16500391101057" lon="2.6487508386113241">
        <ele>1466</ele>
      </trkpt>
      <trkpt lat="45.16500391101057" lon="2.6487508386113241">
        <ele>1466</ele>
      </trkpt>
      <trkpt lat="45.16499904634752" lon="2.648826053786006">
        <ele>1467</ele>
      </trkpt>
      <trkpt lat="45.165044821667" lon="2.6489795918367403">
        <ele>1469</ele>
      </trkpt>
      <trkpt lat="45.16506580202176" lon="2.6490892618729793">
        <ele>1470</ele>
      </trkpt>
      <trkpt lat="45.16504768262447" lon="2.6491636467671236">
        <ele>1471</ele>
      </trkpt>
      <trkpt lat="45.16503528514211" lon="2.6492599656685161">
        <ele>1473</ele>
      </trkpt>
      <trkpt lat="45.16507533854665" lon="2.6493934770169809">
        <ele>1475</ele>
      </trkpt>
      <trkpt lat="45.16507533854665" lon="2.6493934770169809">
        <ele>1475</ele>
      </trkpt>
      <trkpt lat="45.1651230211711" lon="2.6495279420179343">
        <ele>1476</ele>
      </trkpt>
      <trkpt lat="45.16534236124358" lon="2.6498559984741616">
        <ele>1479</ele>
      </trkpt>
      <trkpt lat="45.16554644287623" lon="2.6502632080869786">
        <ele>1483</ele>
      </trkpt>
      <trkpt lat="45.16555597940112" lon="2.6504072096128226">
        <ele>1485</ele>
      </trkpt>
      <trkpt lat="45.16553786000383" lon="2.6506160595079211">
        <ele>1488</ele>
      </trkpt>
      <trkpt lat="45.16522887659738" lon="2.6510957467099048">
        <ele>1498</ele>
      </trkpt>
      <trkpt lat="45.16501430478735" lon="2.6516975014304842">
        <ele>1510</ele>
      </trkpt>
      <trkpt lat="45.16436200648485" lon="2.6526168224299123">
        <ele>1529</ele>
      </trkpt>
      <trkpt lat="45.16415029563229" lon="2.6530078199504157">
        <ele>1532</ele>
      </trkpt>
      <trkpt lat="45.16404348655352" lon="2.6532300209803603">
        <ele>1534</ele>
      </trkpt>
      <trkpt lat="45.16404348655352" lon="2.6532300209803603">
        <ele>1534</ele>
      </trkpt>
      <trkpt lat="45.16411882510015" lon="2.6531699408735512">
        <ele>1533</ele>
      </trkpt>
      <trkpt lat="45.16430192637804" lon="2.6529887469006352">
        <ele>1530</ele>
      </trkpt>
      <trkpt lat="45.164383047356" lon="2.6529652020314223">
        <ele>1529</ele>
      </trkpt>
      <trkpt lat="45.164383047356" lon="2.6529652020314223">
        <ele>1529</ele>
      </trkpt>
      <trkpt lat="45.16430192637804" lon="2.6529887469006352">
        <ele>1530</ele>
      </trkpt>
      <trkpt lat="45.16411882510015" lon="2.6531699408735512">
        <ele>1533</ele>
      </trkpt>
      <trkpt lat="45.16404348655352" lon="2.6532300209803603">
        <ele>1534</ele>
      </trkpt>
      <trkpt lat="45.16395765782951" lon="2.6533587640663798">
        <ele>1535</ele>
      </trkpt>
      <trkpt lat="45.16393763112723" lon="2.6535008582872459">
        <ele>1535</ele>
      </trkpt>
      <trkpt lat="45.16394144573719" lon="2.6536296013732654">
        <ele>1534</ele>
      </trkpt>
      <trkpt lat="45.16385943162313" lon="2.6538584779706333">
        <ele>1534</ele>
      </trkpt>
      <trkpt lat="45.16385943162313" lon="2.6538584779706333">
        <ele>1534</ele>
      </trkpt>
      <trkpt lat="45.16359813084114" lon="2.6553452222010354">
        <ele>1538</ele>
      </trkpt>
      <trkpt lat="45.16358764066376" lon="2.6558868968148062">
        <ele>1540</ele>
      </trkpt>
      <trkpt lat="45.16346557314516" lon="2.6566011825290921">
        <ele>1550</ele>
      </trkpt>
      <trkpt lat="45.16305740987985" lon="2.6572992561510644">
        <ele>1557</ele>
      </trkpt>
      <trkpt lat="45.16257200076294" lon="2.6581527751287486">
        <ele>1555</ele>
      </trkpt>
      <trkpt lat="45.16151916841505" lon="2.6591226397100955">
        <ele>1553</ele>
      </trkpt>
      <trkpt lat="45.16000000000002" lon="2.6598064085447319">
        <ele>1545</ele>
      </trkpt>
      <trkpt lat="45.16" lon="2.6598064085447319">
        <ele>1545</ele>
      </trkpt>
      <trkpt lat="45.15930669464048" lon="2.6600000000000055">
        <ele>1544</ele>
      </trkpt>
      <trkpt lat="45.15930669464048" lon="2.6600000000000161">
        <ele>1544</ele>
      </trkpt>
      <trkpt lat="45.15879267594889" lon="2.6601430478733707">
        <ele>1540</ele>
      </trkpt>
      <trkpt lat="45.15839118825101" lon="2.6603261491512651">
        <ele>1537</ele>
      </trkpt>
      <trkpt lat="45.15765592218196" lon="2.6604100705703">
        <ele>1534</ele>
      </trkpt>
      <trkpt lat="45.15703700171658" lon="2.660343314896068">
        <ele>1533</ele>
      </trkpt>
      <trkpt lat="45.15574194163647" lon="2.6602603471295221">
        <ele>1523</ele>
      </trkpt>
      <trkpt lat="45.15518882319284" lon="2.660523555216495">
        <ele>1518</ele>
      </trkpt>
      <trkpt lat="45.15471771886325" lon="2.6605884035857494">
        <ele>1517</ele>
      </trkpt>
      <trkpt lat="45.15431718481786" lon="2.660895479687218">
        <ele>1518</ele>
      </trkpt>
      <trkpt lat="45.15374213236697" lon="2.6612521457181164">
        <ele>1521</ele>
      </trkpt>
      <trkpt lat="45.1535227922945" lon="2.6614600419607255">
        <ele>1525</ele>
      </trkpt>
      <trkpt lat="45.1531394239939" lon="2.6616517261110211">
        <ele>1531</ele>
      </trkpt>
      <trkpt lat="45.15288193782186" lon="2.6618052641617553">
        <ele>1533</ele>
      </trkpt>
      <trkpt lat="45.15249284760634" lon="2.6620846843410422">
        <ele>1536</ele>
      </trkpt>
      <trkpt lat="45.15244325767691" lon="2.6622057982071494">
        <ele>1536</ele>
      </trkpt>
      <trkpt lat="45.1522353614343" lon="2.6623421705130808">
        <ele>1529</ele>
      </trkpt>
      <trkpt lat="45.15214285714286" lon="2.6625452984932449">
        <ele>1527</ele>
      </trkpt>
      <trkpt lat="45.15216860576007" lon="2.662690253671578">
        <ele>1529</ele>
      </trkpt>
      <trkpt lat="45.15202269692924" lon="2.6636839595651502">
        <ele>1532</ele>
      </trkpt>
      <trkpt lat="45.1518004958993" lon="2.663966240701904">
        <ele>1529</ele>
      </trkpt>
      <trkpt lat="45.15096986458136" lon="2.6644373450314864">
        <ele>1517</ele>
      </trkpt>
      <trkpt lat="45.15055884035858" lon="2.6647539576578456">
        <ele>1517</ele>
      </trkpt>
      <trkpt lat="45.1500791531566" lon="2.6649256151058713">
        <ele>1510</ele>
      </trkpt>
      <trkpt lat="45.14938584779707" lon="2.6653795536906513">
        <ele>1509</ele>
      </trkpt>
      <trkpt lat="45.14917985885944" lon="2.6653709708182496">
        <ele>1505</ele>
      </trkpt>
      <trkpt lat="45.14912073240512" lon="2.665259393477033">
        <ele>1501</ele>
      </trkpt>
      <trkpt lat="45.1489662407019" lon="2.6652765592218355">
        <ele>1498</ele>
      </trkpt>
      <trkpt lat="45.14869254243754" lon="2.6654901773793789">
        <ele>1497</ele>
      </trkpt>
      <trkpt lat="45.14835876406638" lon="2.665987030326165">
        <ele>1502</ele>
      </trkpt>
      <trkpt lat="45.14810986076674" lon="2.666098607667382">
        <ele>1500</ele>
      </trkpt>
      <trkpt lat="45.14775033377838" lon="2.6666555407209773">
        <ele>1508</ele>
      </trkpt>
      <trkpt lat="45.14725348083159" lon="2.6669721533473361">
        <ele>1508</ele>
      </trkpt>
      <trkpt lat="45.14708277703605" lon="2.6669979019645402">
        <ele>1506</ele>
      </trkpt>
      <trkpt lat="45.14633208003273" lon="2.6673993681551846">
        <ele>1504</ele>
      </trkpt>
      <trkpt lat="45.14633208003273" lon="2.6673993681551846">
        <ele>1504</ele>
      </trkpt>
      <trkpt lat="45.14627036155055" lon="2.6674323746595703">
        <ele>1504</ele>
      </trkpt>
      <trkpt lat="45.14627036155055" lon="2.6674323746595703">
        <ele>1504</ele>
      </trkpt>
      <trkpt lat="45.14612340263209" lon="2.6675109670036399">
        <ele>1503</ele>
      </trkpt>
      <trkpt lat="45.14577982627139" lon="2.6675230932281351">
        <ele>1498</ele>
      </trkpt>
      <trkpt lat="45.14578008773604" lon="2.667523364485997">
        <ele>1498</ele>
      </trkpt>
      <trkpt lat="45.14585828724014" lon="2.667604424947565">
        <ele>1498</ele>
      </trkpt>
      <trkpt lat="45.14588403585734" lon="2.6678075529277292">
        <ele>1496</ele>
      </trkpt>
      <trkpt lat="45.14607236707572" lon="2.6679995059003159">
        <ele>1497</ele>
      </trkpt>
      <trkpt lat="45.14607236707572" lon="2.6679995059003159">
        <ele>1497</ele>
      </trkpt>
      <trkpt lat="45.14608239557506" lon="2.668009727255404">
        <ele>1497</ele>
      </trkpt>
      <trkpt lat="45.14631604043487" lon="2.6681575433912044">
        <ele>1499</ele>
      </trkpt>
      <trkpt lat="45.14641712759871" lon="2.6681985504482326">
        <ele>1500</ele>
      </trkpt>
      <trkpt lat="45.14644955178333" lon="2.6683187106618509">
        <ele>1499</ele>
      </trkpt>
      <trkpt lat="45.14662120923136" lon="2.6684655731451619">
        <ele>1497</ele>
      </trkpt>
      <trkpt lat="45.14686439061607" lon="2.6687001716574641">
        <ele>1494</ele>
      </trkpt>
      <trkpt lat="45.1470789624261" lon="2.6689719626168382">
        <ele>1490</ele>
      </trkpt>
      <trkpt lat="45.1474260919321" lon="2.6691932099942939">
        <ele>1492</ele>
      </trkpt>
      <trkpt lat="45.14751234699929" lon="2.6692702234471342">
        <ele>1491</ele>
      </trkpt>
      <trkpt lat="45.14751234699929" lon="2.6692702234471342">
        <ele>1491</ele>
      </trkpt>
      <trkpt lat="45.14755960328057" lon="2.6693124165554232">
        <ele>1491</ele>
      </trkpt>
      <trkpt lat="45.14755960328057" lon="2.6693124165554232">
        <ele>1491</ele>
      </trkpt>
      <trkpt lat="45.14744897959184" lon="2.6693496090024955">
        <ele>1487</ele>
      </trkpt>
      <trkpt lat="45.14729231305871" lon="2.6693257566583513">
        <ele>1484</ele>
      </trkpt>
      <trkpt lat="45.14729231305871" lon="2.6693257566583513">
        <ele>1484</ele>
      </trkpt>
      <trkpt lat="45.14717337402251" lon="2.6693076482929778">
        <ele>1482</ele>
      </trkpt>
      <trkpt lat="45.14689371366482" lon="2.6692243058022731">
        <ele>1478</ele>
      </trkpt>
      <trkpt lat="45.14689371366482" lon="2.6692243058022731">
        <ele>1478</ele>
      </trkpt>
      <trkpt lat="45.14674136944498" lon="2.6691789052069583">
        <ele>1476</ele>
      </trkpt>
      <trkpt lat="45.14641721222457" lon="2.6689149101299501">
        <ele>1479</ele>
      </trkpt>
      <trkpt lat="45.14641721222457" lon="2.6689149101299501">
        <ele>1479</ele>
      </trkpt>
      <trkpt lat="45.14639710089644" lon="2.668898531375183">
        <ele>1479</ele>
      </trkpt>
      <trkpt lat="45.14600419607095" lon="2.6688432195308187">
        <ele>1475</ele>
      </trkpt>
      <trkpt lat="45.14569137343145" lon="2.6688871244626782">
        <ele>1469</ele>
      </trkpt>
      <trkpt lat="45.14569137436457" lon="2.668887124331714">
        <ele>1469</ele>
      </trkpt>
      <trkpt lat="45.14535189776846" lon="2.6689347701697659">
        <ele>1465</ele>
      </trkpt>
      <trkpt lat="45.14473202365059" lon="2.6691331298874847">
        <ele>1452</ele>
      </trkpt>
      <trkpt lat="45.14428094602327" lon="2.6694602326912231">
        <ele>1439</ele>
      </trkpt>
      <trkpt lat="45.14414457371734" lon="2.6695889757772426">
        <ele>1435</ele>
      </trkpt>
      <trkpt lat="45.14414457371734" lon="2.6695889757772426">
        <ele>1435</ele>
      </trkpt>
      <trkpt lat="45.1441569711997" lon="2.6697549113103345">
        <ele>1430</ele>
      </trkpt>
      <trkpt lat="45.14422849513637" lon="2.6698970055312006">
        <ele>1425</ele>
      </trkpt>
      <trkpt lat="45.14436772839978" lon="2.6700076292199282">
        <ele>1422</ele>
      </trkpt>
      <trkpt lat="45.14456322716003" lon="2.6699618539004546">
        <ele>1424</ele>
      </trkpt>
      <trkpt lat="45.14470246042342" lon="2.6700495899294454">
        <ele>1422</ele>
      </trkpt>
      <trkpt lat="45.14473774556552" lon="2.6702746519168574">
        <ele>1414</ele>
      </trkpt>
      <trkpt lat="45.14477684531757" lon="2.6703900438680304">
        <ele>1410</ele>
      </trkpt>
      <trkpt lat="45.14477112340263" lon="2.6705235552164952">
        <ele>1405</ele>
      </trkpt>
      <trkpt lat="45.14482929620447" lon="2.6707028418844332">
        <ele>1399</ele>
      </trkpt>
      <trkpt lat="45.14476444783521" lon="2.6709794011062526">
        <ele>1392</ele>
      </trkpt>
      <trkpt lat="45.14475109670037" lon="2.6715086782376662">
        <ele>1381</ele>
      </trkpt>
      <trkpt lat="45.14466717528133" lon="2.6717613961472599">
        <ele>1377</ele>
      </trkpt>
      <trkpt lat="45.14445546442877" lon="2.6719177951554611">
        <ele>1375</ele>
      </trkpt>
      <trkpt lat="45.14426091932101" lon="2.6721295060080266">
        <ele>1372</ele>
      </trkpt>
      <trkpt lat="45.14406255960328" lon="2.6721762349799891">
        <ele>1371</ele>
      </trkpt>
      <trkpt lat="45.1439395384322" lon="2.6723459851230369">
        <ele>1368</ele>
      </trkpt>
      <trkpt lat="45.14308220484456" lon="2.6732672134274429">
        <ele>1350</ele>
      </trkpt>
      <trkpt lat="45.14292962044632" lon="2.6735657066565102">
        <ele>1345</ele>
      </trkpt>
      <trkpt lat="45.14263780278467" lon="2.6738241464810382">
        <ele>1343</ele>
      </trkpt>
      <trkpt lat="45.14250143047874" lon="2.674169368682068">
        <ele>1338</ele>
      </trkpt>
      <trkpt lat="45.14241655540722" lon="2.6747816135800275">
        <ele>1330</ele>
      </trkpt>
      <trkpt lat="45.14240701888232" lon="2.6752641617394781">
        <ele>1322</ele>
      </trkpt>
      <trkpt lat="45.14234884608049" lon="2.6757247758916809">
        <ele>1314</ele>
      </trkpt>
      <trkpt lat="45.14229067327867" lon="2.6759994278085224">
        <ele>1309</ele>
      </trkpt>
      <trkpt lat="45.14229067327867" lon="2.6759994278085224">
        <ele>1309</ele>
      </trkpt>
      <trkpt lat="45.14259488842266" lon="2.67593267213429">
        <ele>1306</ele>
      </trkpt>
      <trkpt lat="45.14287144764448" lon="2.675754339118841">
        <ele>1306</ele>
      </trkpt>
      <trkpt lat="45.14287144764448" lon="2.675754339118841">
        <ele>1306</ele>
      </trkpt>
      <trkpt lat="45.14298111768073" lon="2.6758868968148164">
        <ele>1302</ele>
      </trkpt>
      <trkpt lat="45.14307171466718" lon="2.6761377074194321">
        <ele>1296</ele>
      </trkpt>
      <trkpt lat="45.14329868395957" lon="2.6763599084493768">
        <ele>1289</ele>
      </trkpt>
      <trkpt lat="45.14333301544917" lon="2.6764562273507693">
        <ele>1287</ele>
      </trkpt>
      <trkpt lat="45.14335399580393" lon="2.6765496852946944">
        <ele>1285</ele>
      </trkpt>
      <trkpt lat="45.14333015449171" lon="2.6767518596223696">
        <ele>1280</ele>
      </trkpt>
      <trkpt lat="45.14281327484265" lon="2.6773326339881907">
        <ele>1270</ele>
      </trkpt>
      <trkpt lat="45.14255960328057" lon="2.6775061987411948">
        <ele>1268</ele>
      </trkpt>
      <trkpt lat="45.14219626168225" lon="2.6779801640282441">
        <ele>1260</ele>
      </trkpt>
      <trkpt lat="45.14209231356094" lon="2.6782195308029912">
        <ele>1255</ele>
      </trkpt>
      <trkpt lat="45.14190825863056" lon="2.6785609383940652">
        <ele>1251</ele>
      </trkpt>
      <trkpt lat="45.14179954224681" lon="2.678647720770567">
        <ele>1251</ele>
      </trkpt>
      <trkpt lat="45.14145908830822" lon="2.6793152775128903">
        <ele>1245</ele>
      </trkpt>
      <trkpt lat="45.14135800114439" lon="2.6798950982262224">
        <ele>1242</ele>
      </trkpt>
      <trkpt lat="45.14135800114439" lon="2.6800000000000157">
        <ele>1241</ele>
      </trkpt>
      <trkpt lat="45.14135800114439" lon="2.6799999999999979">
        <ele>1241</ele>
      </trkpt>
      <trkpt lat="45.14135514018692" lon="2.6807791340835379">
        <ele>1239</ele>
      </trkpt>
      <trkpt lat="45.14139423993898" lon="2.6812674041579228">
        <ele>1237</ele>
      </trkpt>
      <trkpt lat="45.14161453366394" lon="2.6817642571047089">
        <ele>1234</ele>
      </trkpt>
      <trkpt lat="45.14178428380698" lon="2.6826139614724371">
        <ele>1233</ele>
      </trkpt>
      <trkpt lat="45.14186248331109" lon="2.6828657257295419">
        <ele>1232</ele>
      </trkpt>
      <trkpt lat="45.1420961281709" lon="2.6831813847034116">
        <ele>1230</ele>
      </trkpt>
      <trkpt lat="45.14221247377456" lon="2.6834178905206918">
        <ele>1228</ele>
      </trkpt>
      <trkpt lat="45.14228495136373" lon="2.6842609193209972">
        <ele>1229</ele>
      </trkpt>
      <trkpt lat="45.14225157352661" lon="2.6846948312035073">
        <ele>1234</ele>
      </trkpt>
      <trkpt lat="45.14216765210758" lon="2.6849074957085617">
        <ele>1238</ele>
      </trkpt>
      <trkpt lat="45.14231260728591" lon="2.6852546252145695">
        <ele>1240</ele>
      </trkpt>
      <trkpt lat="45.14254625214572" lon="2.6856646957848538">
        <ele>1238</ele>
      </trkpt>
      <trkpt lat="45.14279134083541" lon="2.6857276368491299">
        <ele>1234</ele>
      </trkpt>
      <trkpt lat="45.14316326530613" lon="2.685901201602134">
        <ele>1229</ele>
      </trkpt>
      <trkpt lat="45.14341884417319" lon="2.6862483311081418">
        <ele>1229</ele>
      </trkpt>
      <trkpt lat="45.14359717718864" lon="2.6864762540530207">
        <ele>1229</ele>
      </trkpt>
      <trkpt lat="45.14390329963762" lon="2.6867442304024389">
        <ele>1225</ele>
      </trkpt>
      <trkpt lat="45.14408067900058" lon="2.6872410833492251">
        <ele>1227</ele>
      </trkpt>
      <trkpt lat="45.14441445737174" lon="2.6874222773221415">
        <ele>1222</ele>
      </trkpt>
      <trkpt lat="45.14482071333207" lon="2.687549113103183">
        <ele>1216</ele>
      </trkpt>
      <trkpt lat="45.14509345794393" lon="2.687549113103183">
        <ele>1211</ele>
      </trkpt>
      <trkpt lat="45.14527083730689" lon="2.6875720007629198">
        <ele>1209</ele>
      </trkpt>
      <trkpt lat="45.14527083730689" lon="2.6875720007629198">
        <ele>1209</ele>
      </trkpt>
      <trkpt lat="45.14553213808889" lon="2.6878867060843006">
        <ele>1208</ele>
      </trkpt>
      <trkpt lat="45.14579343887088" lon="2.6880221247377434">
        <ele>1206</ele>
      </trkpt>
      <trkpt lat="45.14617489986649" lon="2.6881499141712739">
        <ele>1203</ele>
      </trkpt>
      <trkpt lat="45.14701506770933" lon="2.6887259202746496">
        <ele>1200</ele>
      </trkpt>
      <trkpt lat="45.14780469197025" lon="2.6895670417699766">
        <ele>1198</ele>
      </trkpt>
      <trkpt lat="45.14977684531758" lon="2.6919368682052238">
        <ele>1194</ele>
      </trkpt>
      <trkpt lat="45.15028323478925" lon="2.6924232309746308">
        <ele>1191</ele>
      </trkpt>
      <trkpt lat="45.15156017547206" lon="2.6935466336067115">
        <ele>1180</ele>
      </trkpt>
      <trkpt lat="45.15217242037002" lon="2.6939328628647696">
        <ele>1175</ele>
      </trkpt>
      <trkpt lat="45.15269897912037" lon="2.6942058933279136">
        <ele>1173</ele>
      </trkpt>
      <trkpt lat="45.15269897912037" lon="2.6942058933279136">
        <ele>1173</ele>
      </trkpt>
      <trkpt lat="45.15276463856571" lon="2.6942399389662386">
        <ele>1174</ele>
      </trkpt>
      <trkpt lat="45.15342075147817" lon="2.6944373450314685">
        <ele>1174</ele>
      </trkpt>
      <trkpt lat="45.15363436963571" lon="2.6944907495708543">
        <ele>1173</ele>
      </trkpt>
      <trkpt lat="45.15373641045203" lon="2.694712950600799">
        <ele>1173</ele>
      </trkpt>
      <trkpt lat="45.15400343314897" lon="2.6952555788670587">
        <ele>1169</ele>
      </trkpt>
      <trkpt lat="45.15400343314897" lon="2.6952555788670587">
        <ele>1169</ele>
      </trkpt>
      <trkpt lat="45.15389280946024" lon="2.695844936105281">
        <ele>1168</ele>
      </trkpt>
      <trkpt lat="45.15373450314706" lon="2.6960890711424734">
        <ele>1168</ele>
      </trkpt>
      <trkpt lat="45.15341884417319" lon="2.6962960137325935">
        <ele>1169</ele>
      </trkpt>
      <trkpt lat="45.15315945069617" lon="2.6963427427045561">
        <ele>1170</ele>
      </trkpt>
      <trkpt lat="45.15280564562274" lon="2.6962130459660476">
        <ele>1172</ele>
      </trkpt>
      <trkpt lat="45.15271504863628" lon="2.6962092313560917">
        <ele>1172</ele>
      </trkpt>
      <trkpt lat="45.15255864962808" lon="2.6964619492656854">
        <ele>1171</ele>
      </trkpt>
      <trkpt lat="45.15251001335114" lon="2.6966784283806957">
        <ele>1170</ele>
      </trkpt>
      <trkpt lat="45.15227350753386" lon="2.696797634941825">
        <ele>1161</ele>
      </trkpt>
      <trkpt lat="45.15183196643144" lon="2.6966917795155423">
        <ele>1152</ele>
      </trkpt>
      <trkpt lat="45.15142571047111" lon="2.6963703986267382">
        <ele>1146</ele>
      </trkpt>
      <trkpt lat="45.1510270837307" lon="2.6960337592981096">
        <ele>1141</ele>
      </trkpt>
      <trkpt lat="45.15059794011063" lon="2.6956608811748977">
        <ele>1138</ele>
      </trkpt>
      <trkpt lat="45.1502088498951" lon="2.6953757390806765">
        <ele>1138</ele>
      </trkpt>
      <trkpt lat="45.15004958992944" lon="2.6953299637612029">
        <ele>1136</ele>
      </trkpt>
      <trkpt lat="45.14970532138089" lon="2.6954167461377052">
        <ele>1131</ele>
      </trkpt>
      <trkpt lat="45.14947453747855" lon="2.6954491703223322">
        <ele>1129</ele>
      </trkpt>
      <trkpt lat="45.14940396719436" lon="2.6955321380888781">
        <ele>1125</ele>
      </trkpt>
      <trkpt lat="45.14925424375358" lon="2.6955740987983954">
        <ele>1123</ele>
      </trkpt>
      <trkpt lat="45.1491045203128" lon="2.6956055693305339">
        <ele>1121</ele>
      </trkpt>
      <trkpt lat="45.14882223917605" lon="2.6958592408926165">
        <ele>1109</ele>
      </trkpt>
      <trkpt lat="45.14877741750907" lon="2.6961119588022102">
        <ele>1101</ele>
      </trkpt>
      <trkpt lat="45.14872782757963" lon="2.6962550066755653">
        <ele>1097</ele>
      </trkpt>
      <trkpt lat="45.14853328247187" lon="2.6963560938394027">
        <ele>1093</ele>
      </trkpt>
      <trkpt lat="45.14834159832158" lon="2.6963703986267382">
        <ele>1092</ele>
      </trkpt>
      <trkpt lat="45.14834159832158" lon="2.6963703986267382">
        <ele>1092</ele>
      </trkpt>
      <trkpt lat="45.1484703414076" lon="2.696538241464808">
        <ele>1087</ele>
      </trkpt>
      <trkpt lat="45.14851039481213" lon="2.6967633034522196">
        <ele>1082</ele>
      </trkpt>
      <trkpt lat="45.14848559984742" lon="2.6968901392332612">
        <ele>1079</ele>
      </trkpt>
      <trkpt lat="45.14843696357048" lon="2.6969683387373617">
        <ele>1078</ele>
      </trkpt>
      <trkpt lat="45.14835208849896" lon="2.6970293724966599">
        <ele>1076</ele>
      </trkpt>
      <trkpt lat="45.14835208849896" lon="2.6970293724966599">
        <ele>1076</ele>
      </trkpt>
      <trkpt lat="45.14827770360481" lon="2.6969711996948291">
        <ele>1076</ele>
      </trkpt>
      <trkpt lat="45.14820427236316" lon="2.6969130268929979">
        <ele>1077</ele>
      </trkpt>
      <trkpt lat="45.14812893381652" lon="2.6968720198359697">
        <ele>1077</ele>
      </trkpt>
      <trkpt lat="45.14805359526989" lon="2.69683196643143">
        <ele>1077</ele>
      </trkpt>
      <trkpt lat="45.14799923707801" lon="2.69683196643143">
        <ele>1077</ele>
      </trkpt>
      <trkpt lat="45.14799351516308" lon="2.6968968148006844">
        <ele>1075</ele>
      </trkpt>
      <trkpt lat="45.14802498569522" lon="2.6969959946595439">
        <ele>1074</ele>
      </trkpt>
      <trkpt lat="45.14805645622736" lon="2.6970951745184033">
        <ele>1072</ele>
      </trkpt>
      <trkpt lat="45.14801354186535" lon="2.6972096128170873">
        <ele>1069</ele>
      </trkpt>
      <trkpt lat="45.14793343505627" lon="2.697153347320234">
        <ele>1070</ele>
      </trkpt>
      <trkpt lat="45.14793343505627" lon="2.697153347320234">
        <ele>1070</ele>
      </trkpt>
      <trkpt lat="45.14785905016213" lon="2.6970436772839954">
        <ele>1071</ele>
      </trkpt>
      <trkpt lat="45.14778466526798" lon="2.6969340072477568">
        <ele>1073</ele>
      </trkpt>
      <trkpt lat="45.14769883654397" lon="2.6968567613961452">
        <ele>1074</ele>
      </trkpt>
      <trkpt lat="45.14764543200458" lon="2.6968739271409476">
        <ele>1073</ele>
      </trkpt>
      <trkpt lat="45.14759393477018" lon="2.6969588022124715">
        <ele>1071</ele>
      </trkpt>
      <trkpt lat="45.14754339118826" lon="2.6970436772839954">
        <ele>1069</ele>
      </trkpt>
      <trkpt lat="45.14747091359909" lon="2.697055121113864">
        <ele>1068</ele>
      </trkpt>
      <trkpt lat="45.14740320427237" lon="2.6969893190921206">
        <ele>1069</ele>
      </trkpt>
      <trkpt lat="45.1473307266832" lon="2.6969092122830416">
        <ele>1070</ele>
      </trkpt>
      <trkpt lat="45.14725824909404" lon="2.696829105473963">
        <ele>1071</ele>
      </trkpt>
      <trkpt lat="45.14717146671753" lon="2.6967776082395551">
        <ele>1071</ele>
      </trkpt>
      <trkpt lat="45.14708468434103" lon="2.6967261110051473">
        <ele>1072</ele>
      </trkpt>
      <trkpt lat="45.14717242037003" lon="2.6973641045203105">
        <ele>1057</ele>
      </trkpt>
      <trkpt lat="45.14721056646958" lon="2.6974079725348061">
        <ele>1057</ele>
      </trkpt>
      <trkpt lat="45.1472010299447" lon="2.697524318138468">
        <ele>1054</ele>
      </trkpt>
      <trkpt lat="45.14719244707229" lon="2.6976416173946189">
        <ele>1053</ele>
      </trkpt>
      <trkpt lat="45.14722963951937" lon="2.6980001907304954">
        <ele>1048</ele>
      </trkpt>
      <trkpt lat="45.14724871256914" lon="2.698075529277129">
        <ele>1047</ele>
      </trkpt>
      <trkpt lat="45.14726778561893" lon="2.6981518214762517">
        <ele>1046</ele>
      </trkpt>
      <trkpt lat="45.14726778561893" lon="2.6981518214762517">
        <ele>1046</ele>
      </trkpt>
      <trkpt lat="45.14695784855999" lon="2.6983396910165913">
        <ele>1043</ele>
      </trkpt>
      <trkpt lat="45.14665744802595" lon="2.698480831584968">
        <ele>1042</ele>
      </trkpt>
      <trkpt lat="45.14604997139043" lon="2.6985304215143979">
        <ele>1041</ele>
      </trkpt>
      <trkpt lat="45.14604997139043" lon="2.6985304215143979">
        <ele>1041</ele>
      </trkpt>
      <trkpt lat="45.14602517642572" lon="2.6986906351325555">
        <ele>1041</ele>
      </trkpt>
      <trkpt lat="45.14602517642572" lon="2.6986906351325555">
        <ele>1041</ele>
      </trkpt>
      <trkpt lat="45.14602994468816" lon="2.6987993515163051">
        <ele>1041</ele>
      </trkpt>
      <trkpt lat="45.1460356666031" lon="2.6989090215525442">
        <ele>1042</ele>
      </trkpt>
      <trkpt lat="45.1460356666031" lon="2.6989090215525442">
        <ele>1042</ele>
      </trkpt>
      <trkpt lat="45.14606332252528" lon="2.6989919893190897">
        <ele>1042</ele>
      </trkpt>
      <trkpt lat="45.14606332252528" lon="2.6989919893190897">
        <ele>1042</ele>
      </trkpt>
      <trkpt lat="45.14638374976159" lon="2.6997110432958209">
        <ele>1043</ele>
      </trkpt>
      <trkpt lat="45.14652012206752" lon="2.6999999999999975">
        <ele>1044</ele>
      </trkpt>
      <trkpt lat="45.14652012206752" lon="2.7000000000000082">
        <ele>1044</ele>
      </trkpt>
      <trkpt lat="45.14713904253291" lon="2.7013112721724282">
        <ele>1047</ele>
      </trkpt>
      <trkpt lat="45.14713904253291" lon="2.7013112721724282">
        <ele>1047</ele>
      </trkpt>
      <trkpt lat="45.1471829105474" lon="2.7013961472439521">
        <ele>1047</ele>
      </trkpt>
      <trkpt lat="45.14722773221439" lon="2.7014810223154764">
        <ele>1047</ele>
      </trkpt>
      <trkpt lat="45.14722773221439" lon="2.7014810223154764">
        <ele>1047</ele>
      </trkpt>
      <trkpt lat="45.14757772267786" lon="2.701882510013359">
        <ele>1046</ele>
      </trkpt>
      <trkpt lat="45.14819378218578" lon="2.703030707610155">
        <ele>1047</ele>
      </trkpt>
      <trkpt lat="45.14819378218578" lon="2.703030707610155">
        <ele>1047</ele>
      </trkpt>
      <trkpt lat="45.14791436200649" lon="2.7030183101277974">
        <ele>1049</ele>
      </trkpt>
      <trkpt lat="45.14772839977113" lon="2.7031089071142556">
        <ele>1051</ele>
      </trkpt>
      <trkpt lat="45.14765782948694" lon="2.7032357428952971">
        <ele>1053</ele>
      </trkpt>
      <trkpt lat="45.14766545870685" lon="2.703385466336075">
        <ele>1054</ele>
      </trkpt>
      <trkpt lat="45.14793248140379" lon="2.704128361625032">
        <ele>1055</ele>
      </trkpt>
      <trkpt lat="45.14795632271601" lon="2.7043362578676411">
        <ele>1056</ele>
      </trkpt>
      <trkpt lat="45.14792008392143" lon="2.7053347320236587">
        <ele>1060</ele>
      </trkpt>
      <trkpt lat="45.14792962044631" lon="2.7065210757200155">
        <ele>1067</ele>
      </trkpt>
      <trkpt lat="45.14813751668893" lon="2.7069759679572845">
        <ele>1071</ele>
      </trkpt>
      <trkpt lat="45.14797539576579" lon="2.7076778561892128">
        <ele>1079</ele>
      </trkpt>
      <trkpt lat="45.14797539576579" lon="2.7076778561892128">
        <ele>1079</ele>
      </trkpt>
      <trkpt lat="45.14789910356667" lon="2.7077121876788177">
        <ele>1081</ele>
      </trkpt>
      <trkpt lat="45.14764447835209" lon="2.7081642189586193">
        <ele>1091</ele>
      </trkpt>
      <trkpt lat="45.14746709898913" lon="2.7084474537478624">
        <ele>1100</ele>
      </trkpt>
      <trkpt lat="45.14732405111578" lon="2.7089261872973567">
        <ele>1116</ele>
      </trkpt>
      <trkpt lat="45.14730974632845" lon="2.7089900820141222">
        <ele>1118</ele>
      </trkpt>
      <trkpt lat="45.14671180621782" lon="2.7081861529658671">
        <ele>1116</ele>
      </trkpt>
      <trkpt lat="45.14632176234981" lon="2.7077379362960219">
        <ele>1113</ele>
      </trkpt>
      <trkpt lat="45.14582490940302" lon="2.7073087926759567">
        <ele>1114</ele>
      </trkpt>
      <trkpt lat="45.14554453557125" lon="2.7070141140568458">
        <ele>1114</ele>
      </trkpt>
      <trkpt lat="45.14540434865535" lon="2.7068367346938853">
        <ele>1113</ele>
      </trkpt>
      <trkpt lat="45.14520408163266" lon="2.7066784283807062">
        <ele>1114</ele>
      </trkpt>
      <trkpt lat="45.14498855617014" lon="2.7065687583444671">
        <ele>1118</ele>
      </trkpt>
      <trkpt lat="45.14481975967958" lon="2.7065229830249935">
        <ele>1121</ele>
      </trkpt>
      <trkpt lat="45.14452126645051" lon="2.7064934197978334">
        <ele>1128</ele>
      </trkpt>
      <trkpt lat="45.14419797825673" lon="2.7063913789815071">
        <ele>1133</ele>
      </trkpt>
      <trkpt lat="45.1438003051688" lon="2.706069998092703">
        <ele>1133</ele>
      </trkpt>
      <trkpt lat="45.14344077818043" lon="2.7058334922754228">
        <ele>1134</ele>
      </trkpt>
      <trkpt lat="45.14327674995232" lon="2.7057457562464315">
        <ele>1137</ele>
      </trkpt>
      <trkpt lat="45.1432519549876" lon="2.70577722677857">
        <ele>1137</ele>
      </trkpt>
      <trkpt lat="45.14346557314515" lon="2.7060108716383828">
        <ele>1141</ele>
      </trkpt>
      <trkpt lat="45.14372878123213" lon="2.7064075910738206">
        <ele>1149</ele>
      </trkpt>
      <trkpt lat="45.14408067900058" lon="2.7067346938775589">
        <ele>1150</ele>
      </trkpt>
      <trkpt lat="45.14506008010682" lon="2.7077808506580281">
        <ele>1154</ele>
      </trkpt>
      <trkpt lat="45.14534617585353" lon="2.7081785237459548">
        <ele>1158</ele>
      </trkpt>
      <trkpt lat="45.14575052450888" lon="2.7087907686439143">
        <ele>1165</ele>
      </trkpt>
      <trkpt lat="45.14589929429717" lon="2.7089948502765671">
        <ele>1166</ele>
      </trkpt>
      <trkpt lat="45.14607762731261" lon="2.709449742513836">
        <ele>1171</ele>
      </trkpt>
      <trkpt lat="45.14625596032806" lon="2.709773030707618">
        <ele>1172</ele>
      </trkpt>
      <trkpt lat="45.14642284951364" lon="2.7102040816326611">
        <ele>1174</ele>
      </trkpt>
      <trkpt lat="45.14646862483312" lon="2.710581728018318">
        <ele>1178</ele>
      </trkpt>
      <trkpt lat="45.14644669082587" lon="2.7107858096509712">
        <ele>1182</ele>
      </trkpt>
      <trkpt lat="45.14640186915889" lon="2.7109116917795233">
        <ele>1186</ele>
      </trkpt>
      <trkpt lat="45.14635418653443" lon="2.7109727255388214">
        <ele>1189</ele>
      </trkpt>
      <trkpt lat="45.14628933816518" lon="2.7107047491894032">
        <ele>1187</ele>
      </trkpt>
      <trkpt lat="45.14581060461568" lon="2.7102279229448869">
        <ele>1199</ele>
      </trkpt>
      <trkpt lat="45.14531470532139" lon="2.7096957848560064">
        <ele>1206</ele>
      </trkpt>
      <trkpt lat="45.14453175662789" lon="2.7090930764829375">
        <ele>1215</ele>
      </trkpt>
      <trkpt lat="45.14414457371734" lon="2.7085971771886403">
        <ele>1213</ele>
      </trkpt>
      <trkpt lat="45.14354472630174" lon="2.7082309746328517">
        <ele>1220</ele>
      </trkpt>
      <trkpt lat="45.14288670608431" lon="2.7081718481785315">
        <ele>1224</ele>
      </trkpt>
      <trkpt lat="45.14247377455656" lon="2.7084732023650662">
        <ele>1231</ele>
      </trkpt>
      <trkpt lat="45.14189109288576" lon="2.7087097081823464">
        <ele>1233</ele>
      </trkpt>
      <trkpt lat="45.14086591646005" lon="2.7094068281518293">
        <ele>1247</ele>
      </trkpt>
      <trkpt lat="45.14046633606714" lon="2.7097491893953922">
        <ele>1257</ele>
      </trkpt>
      <trkpt lat="45.14042437535763" lon="2.7098550448216749">
        <ele>1259</ele>
      </trkpt>
      <trkpt lat="45.14052450886897" lon="2.7099141712759951">
        <ele>1260</ele>
      </trkpt>
      <trkpt lat="45.14093648674424" lon="2.7099027274461265">
        <ele>1261</ele>
      </trkpt>
      <trkpt lat="45.14134941827199" lon="2.7096366584016862">
        <ele>1258</ele>
      </trkpt>
      <trkpt lat="45.14166603089835" lon="2.7096366584016862">
        <ele>1261</ele>
      </trkpt>
      <trkpt lat="45.14187392714096" lon="2.7097491893953922">
        <ele>1267</ele>
      </trkpt>
      <trkpt lat="45.14218195689492" lon="2.7097491893953922">
        <ele>1269</ele>
      </trkpt>
      <trkpt lat="45.14254434484074" lon="2.7096070951745266">
        <ele>1267</ele>
      </trkpt>
      <trkpt lat="45.14293629601374" lon="2.7098970055311926">
        <ele>1276</ele>
      </trkpt>
      <trkpt lat="45.14359050162121" lon="2.7100448216669926">
        <ele>1272</ele>
      </trkpt>
      <trkpt lat="45.143652489033" lon="2.7101859622353692">
        <ele>1272</ele>
      </trkpt>
      <trkpt lat="45.14361148197597" lon="2.7103747854281979">
        <ele>1274</ele>
      </trkpt>
      <trkpt lat="45.14292771314134" lon="2.7111195880221328">
        <ele>1297</ele>
      </trkpt>
      <trkpt lat="45.14271790959375" lon="2.7114876978828995">
        <ele>1303</ele>
      </trkpt>
      <trkpt lat="45.14268357810415" lon="2.7118491321762428">
        <ele>1309</ele>
      </trkpt>
      <trkpt lat="45.14281518214763" lon="2.7121886324623388">
        <ele>1312</ele>
      </trkpt>
      <trkpt lat="45.14308220484456" lon="2.7125071523936759">
        <ele>1309</ele>
      </trkpt>
      <trkpt lat="45.143174709136" lon="2.7127541483883353">
        <ele>1310</ele>
      </trkpt>
      <trkpt lat="45.14317184817853" lon="2.713118443639146">
        <ele>1315</ele>
      </trkpt>
      <trkpt lat="45.14309841693687" lon="2.7133873736410532">
        <ele>1321</ele>
      </trkpt>
      <trkpt lat="45.1427741750906" lon="2.7140349036811067">
        <ele>1334</ele>
      </trkpt>
      <trkpt lat="45.14253194735839" lon="2.7146919702460504">
        <ele>1341</ele>
      </trkpt>
      <trkpt lat="45.14253671562084" lon="2.7151525843982531">
        <ele>1340</ele>
      </trkpt>
      <trkpt lat="45.14292389853138" lon="2.7161748998664965">
        <ele>1341</ele>
      </trkpt>
      <trkpt lat="45.14289433530422" lon="2.7167594888422739">
        <ele>1350</ele>
      </trkpt>
      <trkpt lat="45.14255292771315" lon="2.7178819378218657">
        <ele>1366</ele>
      </trkpt>
      <trkpt lat="45.14235170703796" lon="2.7185142094220947">
        <ele>1375</ele>
      </trkpt>
      <trkpt lat="45.14237268739272" lon="2.7177293534236204">
        <ele>1375</ele>
      </trkpt>
      <trkpt lat="45.14235170703796" lon="2.7170198359717799">
        <ele>1373</ele>
      </trkpt>
      <trkpt lat="45.1423221438108" lon="2.7167194354377346">
        <ele>1373</ele>
      </trkpt>
      <trkpt lat="45.14207705512112" lon="2.7163589547968798">
        <ele>1377</ele>
      </trkpt>
      <trkpt lat="45.14190635132558" lon="2.7163112721724283">
        <ele>1383</ele>
      </trkpt>
      <trkpt lat="45.14158115582682" lon="2.7161405683768916">
        <ele>1395</ele>
      </trkpt>
      <trkpt lat="45.14145145908832" lon="2.7158859431623195">
        <ele>1396</ele>
      </trkpt>
      <trkpt lat="45.14146004196071" lon="2.7152956322716082">
        <ele>1392</ele>
      </trkpt>
      <trkpt lat="45.14158497043678" lon="2.7147873354949534">
        <ele>1387</ele>
      </trkpt>
      <trkpt lat="45.14186820522602" lon="2.7141083349227619">
        <ele>1378</ele>
      </trkpt>
      <trkpt lat="45.14210185008584" lon="2.7137602517642652">
        <ele>1367</ele>
      </trkpt>
      <trkpt lat="45.14211806217815" lon="2.7135828724013051">
        <ele>1366</ele>
      </trkpt>
      <trkpt lat="45.14204749189396" lon="2.7133759298111846">
        <ele>1368</ele>
      </trkpt>
      <trkpt lat="45.14177283997711" lon="2.7130574098798479">
        <ele>1369</ele>
      </trkpt>
      <trkpt lat="45.14173564753005" lon="2.7128094602326991">
        <ele>1363</ele>
      </trkpt>
      <trkpt lat="45.14173564753005" lon="2.7125672325004846">
        <ele>1355</ele>
      </trkpt>
      <trkpt lat="45.14159736791913" lon="2.712425138279619">
        <ele>1354</ele>
      </trkpt>
      <trkpt lat="45.14147243944307" lon="2.7125262254434563">
        <ele>1358</ele>
      </trkpt>
      <trkpt lat="45.14122735075339" lon="2.7126854854091249">
        <ele>1366</ele>
      </trkpt>
      <trkpt lat="45.14099752050353" lon="2.7127093267213507">
        <ele>1369</ele>
      </trkpt>
      <trkpt lat="45.14056837688347" lon="2.712602517642579">
        <ele>1363</ele>
      </trkpt>
      <trkpt lat="45.14042723631509" lon="2.7126206370398704">
        <ele>1362</ele>
      </trkpt>
      <trkpt lat="45.14030612244898" lon="2.7128266259775016">
        <ele>1369</ele>
      </trkpt>
      <trkpt lat="45.14000000000001" lon="2.7130640854472712">
        <ele>1374</ele>
      </trkpt>
      <trkpt lat="45.13999999999999" lon="2.7130640854472712">
        <ele>1374</ele>
      </trkpt>
      <trkpt lat="45.13975681861529" lon="2.7132519549876104">
        <ele>1381</ele>
      </trkpt>
      <trkpt lat="45.13960232691207" lon="2.7132872401297048">
        <ele>1382</ele>
      </trkpt>
      <trkpt lat="45.13927713141331" lon="2.7131995041007135">
        <ele>1377</ele>
      </trkpt>
      <trkpt lat="45.1388603852756" lon="2.7129572763684995">
        <ele>1378</ele>
      </trkpt>
      <trkpt lat="45.13878981499141" lon="2.7125672325004846">
        <ele>1367</ele>
      </trkpt>
      <trkpt lat="45.13884035857333" lon="2.712230593171856">
        <ele>1355</ele>
      </trkpt>
      <trkpt lat="45.13872687392713" lon="2.7120122067518677">
        <ele>1352</ele>
      </trkpt>
      <trkpt lat="45.13843124165554" lon="2.7115811558268246">
        <ele>1350</ele>
      </trkpt>
      <trkpt lat="45.13825290864008" lon="2.7111205416746218">
        <ele>1344</ele>
      </trkpt>
      <trkpt lat="45.13810032424184" lon="2.7109784474537557">
        <ele>1347</ele>
      </trkpt>
      <trkpt lat="45.13798588594316" lon="2.7102756055693384">
        <ele>1335</ele>
      </trkpt>
      <trkpt lat="45.13765306122448" lon="2.709773984360107">
        <ele>1343</ele>
      </trkpt>
      <trkpt lat="45.13739843600991" lon="2.7090415792485296">
        <ele>1342</ele>
      </trkpt>
      <trkpt lat="45.13748998664886" lon="2.7088289147434756">
        <ele>1337</ele>
      </trkpt>
      <trkpt lat="45.13744421132939" lon="2.7086038527560636">
        <ele>1336</ele>
      </trkpt>
      <trkpt lat="45.1371647911501" lon="2.7086162502384212">
        <ele>1342</ele>
      </trkpt>
      <trkpt lat="45.13680240320427" lon="2.7088346366584095">
        <ele>1357</ele>
      </trkpt>
      <trkpt lat="45.13645718100324" lon="2.7086219721533551">
        <ele>1359</ele>
      </trkpt>
      <trkpt lat="45.13612817089452" lon="2.7084035857333668">
        <ele>1361</ele>
      </trkpt>
      <trkpt lat="45.13561987411786" lon="2.7081022315468322">
        <ele>1362</ele>
      </trkpt>
      <trkpt lat="45.13521552546252" lon="2.7079191302689378">
        <ele>1364</ele>
      </trkpt>
      <trkpt lat="45.13500667556742" lon="2.7077484264734011">
        <ele>1361</ele>
      </trkpt>
      <trkpt lat="45.13466145336639" lon="2.7076769025367238">
        <ele>1367</ele>
      </trkpt>
      <trkpt lat="45.13445260347129" lon="2.7075529277131491">
        <ele>1369</ele>
      </trkpt>
      <trkpt lat="45.13420560747663" lon="2.7072077055121193">
        <ele>1362</ele>
      </trkpt>
      <trkpt lat="45.13373259584207" lon="2.7071218767881065">
        <ele>1363</ele>
      </trkpt>
      <trkpt lat="45.13311593911995" lon="2.7066610070273582">
        <ele>1354</ele>
      </trkpt>
      <trkpt lat="45.13311593911995" lon="2.7066610070273582">
        <ele>1354</ele>
      </trkpt>
      <trkpt lat="45.13273602899103" lon="2.7063770741941715">
        <ele>1345</ele>
      </trkpt>
      <trkpt lat="45.13273602899103" lon="2.7063770741941715">
        <ele>1345</ele>
      </trkpt>
      <trkpt lat="45.13248807934388" lon="2.7059593744039749">
        <ele>1347</ele>
      </trkpt>
      <trkpt lat="45.13223250047682" lon="2.7055807743658291">
        <ele>1341</ele>
      </trkpt>
      <trkpt lat="45.13147148579057" lon="2.7040883082204923">
        <ele>1326</ele>
      </trkpt>
      <trkpt lat="45.1312607285905" lon="2.7037631127217323">
        <ele>1320</ele>
      </trkpt>
      <trkpt lat="45.1312607285905" lon="2.7037631127217323">
        <ele>1320</ele>
      </trkpt>
      <trkpt lat="45.13088689681479" lon="2.703417890520702">
        <ele>1324</ele>
      </trkpt>
      <trkpt lat="45.13071142475681" lon="2.7032700743849021">
        <ele>1324</ele>
      </trkpt>
      <trkpt lat="45.13062654968529" lon="2.7030488270074464">
        <ele>1323</ele>
      </trkpt>
      <trkpt lat="45.130608430288" lon="2.7028189967575895">
        <ele>1323</ele>
      </trkpt>
      <trkpt lat="45.13046318861016" lon="2.7025883187986621">
        <ele>1324</ele>
      </trkpt>
      <trkpt lat="45.13046318859629" lon="2.7025883189035365">
        <ele>1324</ele>
      </trkpt>
      <trkpt lat="45.13044249475491" lon="2.7027446118634448">
        <ele>1323</ele>
      </trkpt>
      <trkpt lat="45.13044249475491" lon="2.7027446118634448">
        <ele>1323</ele>
      </trkpt>
      <trkpt lat="45.1301563990082" lon="2.7026034712950682">
        <ele>1324</ele>
      </trkpt>
      <trkpt lat="45.12999141712759" lon="2.7024842647339389">
        <ele>1325</ele>
      </trkpt>
      <trkpt lat="45.12987316421896" lon="2.7024384894144653">
        <ele>1325</ele>
      </trkpt>
      <trkpt lat="45.12954033950028" lon="2.7023488460804961">
        <ele>1325</ele>
      </trkpt>
      <trkpt lat="45.12946118634369" lon="2.702318329200847">
        <ele>1325</ele>
      </trkpt>
      <trkpt lat="45.12930192637803" lon="2.7022401296967464">
        <ele>1326</ele>
      </trkpt>
      <trkpt lat="45.12868491321762" lon="2.701848178523754">
        <ele>1329</ele>
      </trkpt>
      <trkpt lat="45.12818615296585" lon="2.7017556742323179">
        <ele>1328</ele>
      </trkpt>
      <trkpt lat="45.12796776654586" lon="2.7016660308983487">
        <ele>1329</ele>
      </trkpt>
      <trkpt lat="45.12784474537478" lon="2.7016326530612322">
        <ele>1329</ele>
      </trkpt>
      <trkpt lat="45.12784474537478" lon="2.7016326530612322">
        <ele>1329</ele>
      </trkpt>
      <trkpt lat="45.12772935342361" lon="2.7015363341598402">
        <ele>1331</ele>
      </trkpt>
      <trkpt lat="45.12752717909594" lon="2.7013217623498078">
        <ele>1335</ele>
      </trkpt>
      <trkpt lat="45.12722010299446" lon="2.7009040625596112">
        <ele>1337</ele>
      </trkpt>
      <trkpt lat="45.12689681480068" lon="2.7004043486553582">
        <ele>1339</ele>
      </trkpt>
      <trkpt lat="45.12668224299065" lon="2.7000000000000082">
        <ele>1342</ele>
      </trkpt>
      <trkpt lat="45.12668224299065" lon="2.6999999999999975">
        <ele>1342</ele>
      </trkpt>
      <trkpt lat="45.12656399008201" lon="2.6997768453175639">
        <ele>1340</ele>
      </trkpt>
      <trkpt lat="45.12586210185008" lon="2.6986315086782353">
        <ele>1338</ele>
      </trkpt>
      <trkpt lat="45.12567041769979" lon="2.698382605378598">
        <ele>1340</ele>
      </trkpt>
      <trkpt lat="45.12532233454129" lon="2.698076482929618">
        <ele>1341</ele>
      </trkpt>
      <trkpt lat="45.12482071333206" lon="2.6977045584588955">
        <ele>1348</ele>
      </trkpt>
      <trkpt lat="45.12332538622925" lon="2.6972134274270432">
        <ele>1351</ele>
      </trkpt>
      <trkpt lat="45.1224775891665" lon="2.6967251573526583">
        <ele>1351</ele>
      </trkpt>
      <trkpt lat="45.12213904253289" lon="2.6965477779896982">
        <ele>1353</ele>
      </trkpt>
      <trkpt lat="45.12179286667938" lon="2.6963570474918916">
        <ele>1354</ele>
      </trkpt>
      <trkpt lat="45.12142189586115" lon="2.6960833492275391">
        <ele>1356</ele>
      </trkpt>
      <trkpt lat="45.12121399961853" lon="2.6959069235170681">
        <ele>1358</ele>
      </trkpt>
      <trkpt lat="45.12088212855235" lon="2.6954958992942948">
        <ele>1362</ele>
      </trkpt>
      <trkpt lat="45.1206341789052" lon="2.6952736982643501">
        <ele>1363</ele>
      </trkpt>
      <trkpt lat="45.12036620255579" lon="2.6951316040434841">
        <ele>1362</ele>
      </trkpt>
      <trkpt lat="45.12012016021362" lon="2.6949303833682983">
        <ele>1362</ele>
      </trkpt>
      <trkpt lat="45.12" lon="2.6948207133320596">
        <ele>1362</ele>
      </trkpt>
      <trkpt lat="45.12000000000001" lon="2.6948207133320596">
        <ele>1362</ele>
      </trkpt>
      <trkpt lat="45.11966717528134" lon="2.6945145908830801">
        <ele>1363</ele>
      </trkpt>
      <trkpt lat="45.1188098416937" lon="2.6939004386801426">
        <ele>1361</ele>
      </trkpt>
      <trkpt lat="45.11768930001909" lon="2.6928495136372281">
        <ele>1365</ele>
      </trkpt>
      <trkpt lat="45.11739938966242" lon="2.6926482929620423">
        <ele>1368</ele>
      </trkpt>
      <trkpt lat="45.11683673469389" lon="2.692320236505815">
        <ele>1372</ele>
      </trkpt>
      <trkpt lat="45.11673564753006" lon="2.6922496662216266">
        <ele>1373</ele>
      </trkpt>
      <trkpt lat="45.11663456036622" lon="2.6921790959374383">
        <ele>1373</ele>
      </trkpt>
      <trkpt lat="45.11651535380508" lon="2.6920846843410238">
        <ele>1372</ele>
      </trkpt>
      <trkpt lat="45.11639423993898" lon="2.6919664314323839">
        <ele>1371</ele>
      </trkpt>
      <trkpt lat="45.11600514972346" lon="2.6914514590883059">
        <ele>1374</ele>
      </trkpt>
      <trkpt lat="45.11583253862294" lon="2.6911777608239533">
        <ele>1377</ele>
      </trkpt>
      <trkpt lat="45.11538050734314" lon="2.6907266831966408">
        <ele>1381</ele>
      </trkpt>
      <trkpt lat="45.11439443066948" lon="2.6900696166316971">
        <ele>1385</ele>
      </trkpt>
      <trkpt lat="45.11432099942783" lon="2.690008582872399">
        <ele>1387</ele>
      </trkpt>
      <trkpt lat="45.11424852183865" lon="2.6899485027655898">
        <ele>1388</ele>
      </trkpt>
      <trkpt lat="45.11418844173185" lon="2.6898779324814015">
        <ele>1388</ele>
      </trkpt>
      <trkpt lat="45.11412836162503" lon="2.6898073621972132">
        <ele>1389</ele>
      </trkpt>
      <trkpt lat="45.11406542056076" lon="2.6897100896433317">
        <ele>1390</ele>
      </trkpt>
      <trkpt lat="45.11400247949648" lon="2.6896128170894502">
        <ele>1392</ele>
      </trkpt>
      <trkpt lat="45.11396051878697" lon="2.6895012397482336">
        <ele>1393</ele>
      </trkpt>
      <trkpt lat="45.11391951172994" lon="2.6893896624070166">
        <ele>1395</ele>
      </trkpt>
      <trkpt lat="45.11386896814802" lon="2.689117871447642">
        <ele>1400</ele>
      </trkpt>
      <trkpt lat="45.11383845126837" lon="2.6885399580392884">
        <ele>1403</ele>
      </trkpt>
      <trkpt lat="45.11378981499143" lon="2.6873869921800475">
        <ele>1401</ele>
      </trkpt>
      <trkpt lat="45.11378313942401" lon="2.687322143810793">
        <ele>1401</ele>
      </trkpt>
      <trkpt lat="45.11377741750908" lon="2.687258249094028">
        <ele>1401</ele>
      </trkpt>
      <trkpt lat="45.11376502002672" lon="2.6871943543772625">
        <ele>1401</ele>
      </trkpt>
      <trkpt lat="45.11375262254436" lon="2.6871304596604975">
        <ele>1401</ele>
      </trkpt>
      <trkpt lat="45.11372592027467" lon="2.6870493991989295">
        <ele>1402</ele>
      </trkpt>
      <trkpt lat="45.11370017165746" lon="2.6869692923898509">
        <ele>1402</ele>
      </trkpt>
      <trkpt lat="45.11367346938777" lon="2.6869063513255749">
        <ele>1402</ele>
      </trkpt>
      <trkpt lat="45.11364676711808" lon="2.6868443639137873">
        <ele>1403</ele>
      </trkpt>
      <trkpt lat="45.11358668701126" lon="2.6867299256151034">
        <ele>1403</ele>
      </trkpt>
      <trkpt lat="45.11353518977686" lon="2.6866574480259371">
        <ele>1404</ele>
      </trkpt>
      <trkpt lat="45.11347606332254" lon="2.686597367919128">
        <ele>1405</ele>
      </trkpt>
      <trkpt lat="45.11339309555599" lon="2.6865344268548519">
        <ele>1407</ele>
      </trkpt>
      <trkpt lat="45.11329868395958" lon="2.6864857905779109">
        <ele>1409</ele>
      </trkpt>
      <trkpt lat="45.11319092122832" lon="2.6864438298683937">
        <ele>1410</ele>
      </trkpt>
      <trkpt lat="45.11307362197217" lon="2.6864171275987005">
        <ele>1411</ele>
      </trkpt>
      <trkpt lat="45.11295536906353" lon="2.6863990082014091">
        <ele>1412</ele>
      </trkpt>
      <trkpt lat="45.11295536906353" lon="2.6863990082014091">
        <ele>1412</ele>
      </trkpt>
      <trkpt lat="45.11295536906353" lon="2.6862912454701484">
        <ele>1412</ele>
      </trkpt>
      <trkpt lat="45.11294583253864" lon="2.6862454701506748">
        <ele>1412</ele>
      </trkpt>
      <trkpt lat="45.11294583253864" lon="2.6862454701506748">
        <ele>1412</ele>
      </trkpt>
      <trkpt lat="45.1130450123975" lon="2.6861777608239534">
        <ele>1411</ele>
      </trkpt>
      <trkpt lat="45.11306408544728" lon="2.6860814419225609">
        <ele>1411</ele>
      </trkpt>
      <trkpt lat="45.11307140427103" lon="2.686013742802865">
        <ele>1411</ele>
      </trkpt>
      <trkpt lat="45.11307140427103" lon="2.686013742802865">
        <ele>1411</ele>
      </trkpt>
      <trkpt lat="45.11330036292113" lon="2.6860213474387891">
        <ele>1409</ele>
      </trkpt>
      <trkpt lat="45.11330036292113" lon="2.6860213474387891">
        <ele>1409</ele>
      </trkpt>
      <trkpt lat="45.11329010108718" lon="2.686014686248329">
        <ele>1409</ele>
      </trkpt>
      <trkpt lat="45.11320522601565" lon="2.6858954796871997">
        <ele>1410</ele>
      </trkpt>
      <trkpt lat="45.11320522601565" lon="2.6858954796871997">
        <ele>1410</ele>
      </trkpt>
      <trkpt lat="45.11316231165365" lon="2.6858659164600396">
        <ele>1410</ele>
      </trkpt>
      <trkpt lat="45.1131146290292" lon="2.6858497043677261">
        <ele>1410</ele>
      </trkpt>
      <trkpt lat="45.1130793438871" lon="2.6859412550066732">
        <ele>1411</ele>
      </trkpt>
      <trkpt lat="45.11307171466719" lon="2.6860108716383726">
        <ele>1411</ele>
      </trkpt>
      <trkpt lat="45.11306408544728" lon="2.6860814419225609">
        <ele>1411</ele>
      </trkpt>
      <trkpt lat="45.1130450123975" lon="2.6861777608239534">
        <ele>1411</ele>
      </trkpt>
      <trkpt lat="45.11294583253864" lon="2.6862454701506748">
        <ele>1412</ele>
      </trkpt>
      <trkpt lat="45.11294583253864" lon="2.6862454701506748">
        <ele>1412</ele>
      </trkpt>
      <trkpt lat="45.11295536906353" lon="2.6862912454701484">
        <ele>1412</ele>
      </trkpt>
      <trkpt lat="45.11295536906353" lon="2.6863990082014091">
        <ele>1412</ele>
      </trkpt>
      <trkpt lat="45.11295536906353" lon="2.6863990082014091">
        <ele>1412</ele>
      </trkpt>
      <trkpt lat="45.11260537860005" lon="2.6863799351516287">
        <ele>1415</ele>
      </trkpt>
      <trkpt lat="45.11253862292582" lon="2.6863656303642931">
        <ele>1416</ele>
      </trkpt>
      <trkpt lat="45.11247282090407" lon="2.6863513255769575">
        <ele>1416</ele>
      </trkpt>
      <trkpt lat="45.11240701888233" lon="2.6863274842647318">
        <ele>1417</ele>
      </trkpt>
      <trkpt lat="45.11234121686059" lon="2.686303642952506">
        <ele>1417</ele>
      </trkpt>
      <trkpt lat="45.11234121686059" lon="2.686303642952506">
        <ele>1417</ele>
      </trkpt>
      <trkpt lat="45.11226015639902" lon="2.6862588212855214">
        <ele>1417</ele>
      </trkpt>
      <trkpt lat="45.11217909593746" lon="2.6862139996185368">
        <ele>1418</ele>
      </trkpt>
      <trkpt lat="45.11141331298876" lon="2.6857505245088666">
        <ele>1423</ele>
      </trkpt>
      <trkpt lat="45.11131222582492" lon="2.6856780469197004">
        <ele>1423</ele>
      </trkpt>
      <trkpt lat="45.11121113866108" lon="2.6856055693305336">
        <ele>1424</ele>
      </trkpt>
      <trkpt lat="45.11114342933436" lon="2.6855512111386588">
        <ele>1425</ele>
      </trkpt>
      <trkpt lat="45.11107572000764" lon="2.685497806599273">
        <ele>1425</ele>
      </trkpt>
      <trkpt lat="45.11095842075149" lon="2.6853766927331657">
        <ele>1428</ele>
      </trkpt>
      <trkpt lat="45.11091836734695" lon="2.6853080297539553">
        <ele>1430</ele>
      </trkpt>
      <trkpt lat="45.1108792675949" lon="2.685239366774745">
        <ele>1431</ele>
      </trkpt>
      <trkpt lat="45.11085733358765" lon="2.6851544917032211">
        <ele>1433</ele>
      </trkpt>
      <trkpt lat="45.11084875071526" lon="2.6850658020217408">
        <ele>1435</ele>
      </trkpt>
      <trkpt lat="45.11084588975778" lon="2.6849551783330132">
        <ele>1439</ele>
      </trkpt>
      <trkpt lat="45.11084302880032" lon="2.6848445546442852">
        <ele>1443</ele>
      </trkpt>
      <trkpt lat="45.11083444592792" lon="2.6847987793248116">
        <ele>1445</ele>
      </trkpt>
      <trkpt lat="45.1108010680908" lon="2.6847024604234195">
        <ele>1449</ele>
      </trkpt>
      <trkpt lat="45.11076101468626" lon="2.6846395193591435">
        <ele>1451</ele>
      </trkpt>
      <trkpt lat="45.11071905397674" lon="2.6845956513446478">
        <ele>1452</ele>
      </trkpt>
      <trkpt lat="45.11067129291926" lon="2.6845574424986642">
        <ele>1452</ele>
      </trkpt>
      <trkpt lat="45.11067129291926" lon="2.6845574424986642">
        <ele>1452</ele>
      </trkpt>
      <trkpt lat="45.11063799351518" lon="2.6845308029753934">
        <ele>1453</ele>
      </trkpt>
      <trkpt lat="45.1105578867061" lon="2.6844659546061393">
        <ele>1454</ele>
      </trkpt>
      <trkpt lat="45.11046728971964" lon="2.6843801258821265">
        <ele>1456</ele>
      </trkpt>
      <trkpt lat="45.11037669273318" lon="2.6842942971581132">
        <ele>1457</ele>
      </trkpt>
      <trkpt lat="45.11037669273318" lon="2.6842942971581132">
        <ele>1457</ele>
      </trkpt>
      <trkpt lat="45.1103576196834" lon="2.6841760442494733">
        <ele>1462</ele>
      </trkpt>
      <trkpt lat="45.11033759298113" lon="2.6841131031851972">
        <ele>1464</ele>
      </trkpt>
      <trkpt lat="45.11031851993135" lon="2.6840511157734097">
        <ele>1466</ele>
      </trkpt>
      <trkpt lat="45.11026320808698" lon="2.6839958039290459">
        <ele>1467</ele>
      </trkpt>
      <trkpt lat="45.11022887659738" lon="2.6839357238222368">
        <ele>1469</ele>
      </trkpt>
      <trkpt lat="45.11021934007249" lon="2.6838985313751644">
        <ele>1471</ele>
      </trkpt>
      <trkpt lat="45.11014495517835" lon="2.6837850467289699">
        <ele>1475</ele>
      </trkpt>
      <trkpt lat="45.11012588212856" lon="2.6837154300972701">
        <ele>1477</ele>
      </trkpt>
      <trkpt lat="45.11011825290866" lon="2.6836563036429504">
        <ele>1480</ele>
      </trkpt>
      <trkpt lat="45.11008106046158" lon="2.6836105283234768">
        <ele>1482</ele>
      </trkpt>
      <trkpt lat="45.11008392141905" lon="2.6835475872592003">
        <ele>1484</ele>
      </trkpt>
      <trkpt lat="45.11004577531948" lon="2.6834474537478519">
        <ele>1489</ele>
      </trkpt>
      <trkpt lat="45.10999046347512" lon="2.6833530421514378">
        <ele>1492</ele>
      </trkpt>
      <trkpt lat="45.10999046347512" lon="2.6833530421514378">
        <ele>1492</ele>
      </trkpt>
      <trkpt lat="45.10988937631129" lon="2.6833034522220078">
        <ele>1493</ele>
      </trkpt>
      <trkpt lat="45.10978828914745" lon="2.6832538622925783">
        <ele>1493</ele>
      </trkpt>
      <trkpt lat="45.10978828914745" lon="2.6832538622925783">
        <ele>1493</ele>
      </trkpt>
      <trkpt lat="45.10974537478544" lon="2.6831537287812299">
        <ele>1498</ele>
      </trkpt>
      <trkpt lat="45.10970246042343" lon="2.6830535952698815">
        <ele>1502</ele>
      </trkpt>
      <trkpt lat="45.1096881556361" lon="2.6830469197024582">
        <ele>1502</ele>
      </trkpt>
      <trkpt lat="45.10967385084876" lon="2.6830669464047276">
        <ele>1501</ele>
      </trkpt>
      <trkpt lat="45.10965763875645" lon="2.6830488270074362">
        <ele>1501</ele>
      </trkpt>
      <trkpt lat="45.10966717528134" lon="2.6830173564752982">
        <ele>1503</ele>
      </trkpt>
      <trkpt lat="45.10971676521077" lon="2.6829744421132915">
        <ele>1507</ele>
      </trkpt>
      <trkpt lat="45.10975491131033" lon="2.6829811176807148">
        <ele>1507</ele>
      </trkpt>
      <trkpt lat="45.10980164028229" lon="2.6829458325386208">
        <ele>1510</ele>
      </trkpt>
      <trkpt lat="45.10983501811941" lon="2.6829458325386208">
        <ele>1511</ele>
      </trkpt>
      <trkpt lat="45.10989509822622" lon="2.6829811176807148">
        <ele>1510</ele>
      </trkpt>
      <trkpt lat="45.10992847606334" lon="2.6830202174327651">
        <ele>1509</ele>
      </trkpt>
      <trkpt lat="45.10993419797827" lon="2.6829944688155614">
        <ele>1510</ele>
      </trkpt>
      <trkpt lat="45.10993324432578" lon="2.6829477398435988">
        <ele>1513</ele>
      </trkpt>
      <trkpt lat="45.10991512492849" lon="2.6828981499141689">
        <ele>1515</ele>
      </trkpt>
      <trkpt lat="45.10992656875836" lon="2.6828485599847394">
        <ele>1518</ele>
      </trkpt>
      <trkpt lat="45.10992656875836" lon="2.6828485599847394">
        <ele>1518</ele>
      </trkpt>
      <trkpt lat="45.10995613198552" lon="2.6828428380698051">
        <ele>1519</ele>
      </trkpt>
      <trkpt lat="45.10996948312037" lon="2.6828552355521627">
        <ele>1519</ele>
      </trkpt>
      <trkpt lat="45.10998664886517" lon="2.682893381651724">
        <ele>1517</ele>
      </trkpt>
      <trkpt lat="45.11002670226971" lon="2.6828952889567019">
        <ele>1517</ele>
      </trkpt>
      <trkpt lat="45.11004100705704" lon="2.6829315277512853">
        <ele>1515</ele>
      </trkpt>
      <trkpt lat="45.11006770932674" lon="2.6829362960137302">
        <ele>1515</ele>
      </trkpt>
      <trkpt lat="45.11009250429145" lon="2.6829629982834233">
        <ele>1514</ele>
      </trkpt>
      <trkpt lat="45.11011539195119" lon="2.6829649055884013">
        <ele>1514</ele>
      </trkpt>
      <trkpt lat="45.11014495517835" lon="2.6829811176807148">
        <ele>1513</ele>
      </trkpt>
      <trkpt lat="45.11018214762542" lon="2.6830469197024582">
        <ele>1510</ele>
      </trkpt>
      <trkpt lat="45.11021171085258" lon="2.683072668319662">
        <ele>1508</ele>
      </trkpt>
      <trkpt lat="45.1102355521648" lon="2.6830802975395742">
        <ele>1508</ele>
      </trkpt>
      <trkpt lat="45.11029277131415" lon="2.6831470532138066">
        <ele>1505</ele>
      </trkpt>
      <trkpt lat="45.11031279801642" lon="2.6831947358382582">
        <ele>1503</ele>
      </trkpt>
      <trkpt lat="45.11032805645624" lon="2.6832586305550237">
        <ele>1500</ele>
      </trkpt>
      <trkpt lat="45.11039385847798" lon="2.683329200839212">
        <ele>1497</ele>
      </trkpt>
      <trkpt lat="45.11046061415222" lon="2.6834302880030494">
        <ele>1494</ele>
      </trkpt>
      <trkpt lat="45.1105235552165" lon="2.6835037192447051">
        <ele>1492</ele>
      </trkpt>
      <trkpt lat="45.11060556933055" lon="2.6835199313370186">
        <ele>1492</ele>
      </trkpt>
      <trkpt lat="45.1106360862102" lon="2.6835161167270623">
        <ele>1493</ele>
      </trkpt>
      <trkpt lat="45.11071142475683" lon="2.6835466336067113">
        <ele>1492</ele>
      </trkpt>
      <trkpt lat="45.11076387564373" lon="2.6835504482166677">
        <ele>1493</ele>
      </trkpt>
      <trkpt lat="45.11081441922565" lon="2.6835742895288934">
        <ele>1493</ele>
      </trkpt>
      <trkpt lat="45.11089071142477" lon="2.6835428189967554">
        <ele>1492</ele>
      </trkpt>
      <trkpt lat="45.11094506961665" lon="2.6835409116917774">
        <ele>1491</ele>
      </trkpt>
      <trkpt lat="45.11095651344652" lon="2.6835189776845296">
        <ele>1491</ele>
      </trkpt>
      <trkpt lat="45.11095460614153" lon="2.6834913217623475">
        <ele>1492</ele>
      </trkpt>
      <trkpt lat="45.11092790387184" lon="2.683443639137896">
        <ele>1495</ele>
      </trkpt>
      <trkpt lat="45.11087831394241" lon="2.6834054930383346">
        <ele>1498</ele>
      </trkpt>
      <trkpt lat="45.11083921419036" lon="2.6833435056265476">
        <ele>1501</ele>
      </trkpt>
      <trkpt lat="45.1108010680908" lon="2.6832815182147605">
        <ele>1503</ele>
      </trkpt>
      <trkpt lat="45.11075052450888" lon="2.6832252527179072">
        <ele>1505</ele>
      </trkpt>
      <trkpt lat="45.11070284188443" lon="2.683152775128741">
        <ele>1508</ele>
      </trkpt>
      <trkpt lat="45.11065611291247" lon="2.6830802975395742">
        <ele>1510</ele>
      </trkpt>
      <trkpt lat="45.11066088117492" lon="2.6830612244897938">
        <ele>1511</ele>
      </trkpt>
      <trkpt lat="45.11068376883465" lon="2.6830545489223705">
        <ele>1511</ele>
      </trkpt>
      <trkpt lat="45.11071333206181" lon="2.6830783902345963">
        <ele>1510</ele>
      </trkpt>
      <trkpt lat="45.11073717337403" lon="2.6830802975395742">
        <ele>1511</ele>
      </trkpt>
      <trkpt lat="45.11075243181386" lon="2.6830602708373048">
        <ele>1511</ele>
      </trkpt>
      <trkpt lat="45.11075052450888" lon="2.6829935151630724">
        <ele>1514</ele>
      </trkpt>
      <trkpt lat="45.1107486172039" lon="2.6829277131413289">
        <ele>1516</ele>
      </trkpt>
      <trkpt lat="45.11077436582111" lon="2.6829124547015044">
        <ele>1517</ele>
      </trkpt>
      <trkpt lat="45.11082490940303" lon="2.6828886133892786">
        <ele>1518</ele>
      </trkpt>
      <trkpt lat="45.11087736028993" lon="2.682924852183862">
        <ele>1515</ele>
      </trkpt>
      <trkpt lat="45.11096032805647" lon="2.6829305740987963">
        <ele>1512</ele>
      </trkpt>
      <trkpt lat="45.11099942780852" lon="2.6829153156589718">
        <ele>1511</ele>
      </trkpt>
      <trkpt lat="45.11102231546825" lon="2.6828876597367897">
        <ele>1511</ele>
      </trkpt>
      <trkpt lat="45.11106809078773" lon="2.6828495136372283">
        <ele>1511</ele>
      </trkpt>
      <trkpt lat="45.11114533663934" lon="2.682813274842645">
        <ele>1509</ele>
      </trkpt>
      <trkpt lat="45.11116536334161" lon="2.6827598703032591">
        <ele>1510</ele>
      </trkpt>
      <trkpt lat="45.11117966812895" lon="2.6826797634941806">
        <ele>1512</ele>
      </trkpt>
      <trkpt lat="45.11119492656877" lon="2.6825996566851016">
        <ele>1514</ele>
      </trkpt>
      <trkpt lat="45.11119397291628" lon="2.6825452984932268">
        <ele>1516</ele>
      </trkpt>
      <trkpt lat="45.11120923135611" lon="2.6824251382796085">
        <ele>1519</ele>
      </trkpt>
      <trkpt lat="45.1112016021362" lon="2.6823822239176023">
        <ele>1520</ele>
      </trkpt>
      <trkpt lat="45.11122067518598" lon="2.6822906732786551">
        <ele>1522</ele>
      </trkpt>
      <trkpt lat="45.11123307266833" lon="2.6821895861148173">
        <ele>1524</ele>
      </trkpt>
      <trkpt lat="45.11122258249095" lon="2.6821371352279209">
        <ele>1525</ele>
      </trkpt>
      <trkpt lat="45.11122448979593" lon="2.6820865916460019">
        <ele>1527</ele>
      </trkpt>
      <trkpt lat="45.11123402632082" lon="2.6820398626740394">
        <ele>1527</ele>
      </trkpt>
      <trkpt lat="45.11130650390999" lon="2.6819826435246972">
        <ele>1526</ele>
      </trkpt>
      <trkpt lat="45.11133034522221" lon="2.6819435437726469">
        <ele>1526</ele>
      </trkpt>
      <trkpt lat="45.11133892809462" lon="2.6819092122830419">
        <ele>1527</ele>
      </trkpt>
      <trkpt lat="45.11136563036431" lon="2.6818863246233051">
        <ele>1526</ele>
      </trkpt>
      <trkpt lat="45.11144955178334" lon="2.6818605760061009">
        <ele>1524</ele>
      </trkpt>
      <trkpt lat="45.1114791150105" lon="2.681824337211518">
        <ele>1524</ele>
      </trkpt>
      <trkpt lat="45.11151249284762" lon="2.6817413694449721">
        <ele>1525</ele>
      </trkpt>
      <trkpt lat="45.11157734121687" lon="2.6816364676711784">
        <ele>1525</ele>
      </trkpt>
      <trkpt lat="45.11163932862866" lon="2.6815945069616607">
        <ele>1523</ele>
      </trkpt>
      <trkpt lat="45.11170036238796" lon="2.6814762540530208">
        <ele>1522</ele>
      </trkpt>
      <trkpt lat="45.11172801831014" lon="2.6813684913217601">
        <ele>1522</ele>
      </trkpt>
      <trkpt lat="45.11173374022508" lon="2.68130936486744">
        <ele>1523</ele>
      </trkpt>
      <trkpt lat="45.11172229639521" lon="2.6812082777036026">
        <ele>1525</ele>
      </trkpt>
      <trkpt lat="45.11169845508298" lon="2.6811367537669248">
        <ele>1527</ele>
      </trkpt>
      <trkpt lat="45.11167461377075" lon="2.6810652298302475">
        <ele>1530</ele>
      </trkpt>
      <trkpt lat="45.11167366011826" lon="2.6809984741560151">
        <ele>1531</ele>
      </trkpt>
      <trkpt lat="45.11168224299067" lon="2.6809164600419586">
        <ele>1532</ele>
      </trkpt>
      <trkpt lat="45.11169177951556" lon="2.6808353995803906">
        <ele>1533</ele>
      </trkpt>
      <trkpt lat="45.11172515735267" lon="2.6807476635513998">
        <ele>1531</ele>
      </trkpt>
      <trkpt lat="45.11172229639521" lon="2.6807066564943711">
        <ele>1532</ele>
      </trkpt>
      <trkpt lat="45.11172992561512" lon="2.6806685103948098">
        <ele>1532</ele>
      </trkpt>
      <trkpt lat="45.11174709135992" lon="2.6806275033377815">
        <ele>1531</ele>
      </trkpt>
      <trkpt lat="45.11175853518979" lon="2.6805435819187466">
        <ele>1531</ele>
      </trkpt>
      <trkpt lat="45.11183482738891" lon="2.6805283234789221">
        <ele>1526</ele>
      </trkpt>
      <trkpt lat="45.11186915887852" lon="2.6804100705702818">
        <ele>1524</ele>
      </trkpt>
      <trkpt lat="45.11190444402061" lon="2.6802927713141309">
        <ele>1523</ele>
      </trkpt>
      <trkpt lat="45.11189395384324" lon="2.6802336448598107">
        <ele>1524</ele>
      </trkpt>
      <trkpt lat="45.11187201983599" lon="2.6801649818806004">
        <ele>1526</ele>
      </trkpt>
      <trkpt lat="45.11185008582873" lon="2.68009631890139">
        <ele>1529</ele>
      </trkpt>
      <trkpt lat="45.11185008582873" lon="2.68009631890139">
        <ele>1529</ele>
      </trkpt>
      <trkpt lat="45.11178619111197" lon="2.6800896433339667">
        <ele>1533</ele>
      </trkpt>
      <trkpt lat="45.11175853518979" lon="2.68009631890139">
        <ele>1535</ele>
      </trkpt>
      <trkpt lat="45.1117404157925" lon="2.6801201602136158">
        <ele>1536</ele>
      </trkpt>
      <trkpt lat="45.111653633416" lon="2.6801687964905567">
        <ele>1541</ele>
      </trkpt>
      <trkpt lat="45.11158115582683" lon="2.6801916841502935">
        <ele>1543</ele>
      </trkpt>
      <trkpt lat="45.11152775128745" lon="2.6802183864199862">
        <ele>1545</ele>
      </trkpt>
      <trkpt lat="45.1114619492657" lon="2.6801954987602494">
        <ele>1547</ele>
      </trkpt>
      <trkpt lat="45.11142380316614" lon="2.6801249284760611">
        <ele>1549</ele>
      </trkpt>
      <trkpt lat="45.11140186915889" lon="2.6800991798588574">
        <ele>1550</ele>
      </trkpt>
      <trkpt lat="45.11137802784667" lon="2.6800829677665434">
        <ele>1551</ele>
      </trkpt>
      <trkpt lat="45.11133702078964" lon="2.6800915506389451">
        <ele>1552</ele>
      </trkpt>
      <trkpt lat="45.11130841121496" lon="2.6801068090787696">
        <ele>1553</ele>
      </trkpt>
      <trkpt lat="45.11126549685296" lon="2.6800781995040985">
        <ele>1555</ele>
      </trkpt>
      <trkpt lat="45.11122544344842" lon="2.6800190730497784">
        <ele>1557</ele>
      </trkpt>
      <trkpt lat="45.11119683387375" lon="2.6800200267022674">
        <ele>1558</ele>
      </trkpt>
      <trkpt lat="45.11117203126452" lon="2.6800319686993062">
        <ele>1559</ele>
      </trkpt>
      <trkpt lat="45.1111720312258" lon="2.6800319688074126">
        <ele>1559</ele>
      </trkpt>
      <trkpt lat="45.11116059507917" lon="2.680063894716763">
        <ele>1558</ele>
      </trkpt>
      <trkpt lat="45.11113770741943" lon="2.680127789433528">
        <ele>1558</ele>
      </trkpt>
      <trkpt lat="45.1111234026321" lon="2.6802441350371904">
        <ele>1557</ele>
      </trkpt>
      <trkpt lat="45.11112626358956" lon="2.6803251954987579">
        <ele>1556</ele>
      </trkpt>
      <trkpt lat="45.11110337592982" lon="2.6803967194354357">
        <ele>1556</ele>
      </trkpt>
      <trkpt lat="45.11108144192258" lon="2.680469197024602">
        <ele>1555</ele>
      </trkpt>
      <trkpt lat="45.11102613007822" lon="2.6805578867060822">
        <ele>1556</ele>
      </trkpt>
      <trkpt lat="45.11101277894337" lon="2.6806217814228472">
        <ele>1555</ele>
      </trkpt>
      <trkpt lat="45.11099942780852" lon="2.6806866297921017">
        <ele>1555</ele>
      </trkpt>
      <trkpt lat="45.1109403013542" lon="2.6808010680907852">
        <ele>1555</ele>
      </trkpt>
      <trkpt lat="45.11088212855237" lon="2.6809155063894692">
        <ele>1555</ele>
      </trkpt>
      <trkpt lat="45.11080774365823" lon="2.6810366202555764">
        <ele>1556</ele>
      </trkpt>
      <trkpt lat="45.11073431241657" lon="2.6811586877741727">
        <ele>1557</ele>
      </trkpt>
      <trkpt lat="45.11068186152967" lon="2.681227350753383">
        <ele>1558</ele>
      </trkpt>
      <trkpt lat="45.11062941064277" lon="2.6812969673850824">
        <ele>1559</ele>
      </trkpt>
      <trkpt lat="45.11056360862104" lon="2.6813684913217601">
        <ele>1560</ele>
      </trkpt>
      <trkpt lat="45.11046252145719" lon="2.6814571810032399">
        <ele>1562</ele>
      </trkpt>
      <trkpt lat="45.11042324292077" lon="2.6814674594987538">
        <ele>1563</ele>
      </trkpt>
      <trkpt lat="45.11042324292077" lon="2.6814674594987538">
        <ele>1563</ele>
      </trkpt>
      <trkpt lat="45.11036048064087" lon="2.6814838832729331">
        <ele>1565</ele>
      </trkpt>
      <trkpt lat="45.11029372496664" lon="2.6814905588403564">
        <ele>1566</ele>
      </trkpt>
      <trkpt lat="45.11022696929241" lon="2.6814972344077797">
        <ele>1568</ele>
      </trkpt>
      <trkpt lat="45.10984932290675" lon="2.6813589547968699">
        <ele>1573</ele>
      </trkpt>
      <trkpt lat="45.10974442113295" lon="2.6812931527751265">
        <ele>1572</ele>
      </trkpt>
      <trkpt lat="45.10964238031663" lon="2.6812187678809818">
        <ele>1572</ele>
      </trkpt>
      <trkpt lat="45.10954129315279" lon="2.6811443829868371">
        <ele>1572</ele>
      </trkpt>
      <trkpt lat="45.10950410070571" lon="2.6810785809650941">
        <ele>1573</ele>
      </trkpt>
      <trkpt lat="45.10946690825865" lon="2.6810137325958396">
        <ele>1573</ele>
      </trkpt>
      <trkpt lat="45.10939919893192" lon="2.6809307648292937">
        <ele>1574</ele>
      </trkpt>
      <trkpt lat="45.10932862864774" lon="2.6808773602899079">
        <ele>1574</ele>
      </trkpt>
      <trkpt lat="45.10927808506582" lon="2.6808010680907852">
        <ele>1576</ele>
      </trkpt>
      <trkpt lat="45.10921895861149" lon="2.6807715048636256">
        <ele>1576</ele>
      </trkpt>
      <trkpt lat="45.10914838832731" lon="2.6806923517070356">
        <ele>1578</ele>
      </trkpt>
      <trkpt lat="45.10908163265307" lon="2.6806532519549853">
        <ele>1579</ele>
      </trkpt>
      <trkpt lat="45.10903681098609" lon="2.6806008010680884">
        <ele>1580</ele>
      </trkpt>
      <trkpt lat="45.1089490749571" lon="2.6805569330535932">
        <ele>1580</ele>
      </trkpt>
      <trkpt lat="45.10886133892811" lon="2.6805140186915866">
        <ele>1581</ele>
      </trkpt>
      <trkpt lat="45.10875643715431" lon="2.6804253290101063">
        <ele>1584</ele>
      </trkpt>
      <trkpt lat="45.10868395956515" lon="2.6804043486553479">
        <ele>1585</ele>
      </trkpt>
      <trkpt lat="45.10862197215336" lon="2.6803709708182315">
        <ele>1586</ele>
      </trkpt>
      <trkpt lat="45.10855998474158" lon="2.6803385466336045">
        <ele>1587</ele>
      </trkpt>
      <trkpt lat="45.1085142094221" lon="2.6803366393286265">
        <ele>1587</ele>
      </trkpt>
      <trkpt lat="45.10846557314516" lon="2.6803633415983192">
        <ele>1586</ele>
      </trkpt>
      <trkpt lat="45.10836162502385" lon="2.6803642952508082">
        <ele>1585</ele>
      </trkpt>
      <trkpt lat="45.10825767690255" lon="2.6803662025557866">
        <ele>1587</ele>
      </trkpt>
      <trkpt lat="45.10818043105094" lon="2.6803738317756989">
        <ele>1589</ele>
      </trkpt>
      <trkpt lat="45.10814540029415" lon="2.6803772916035302">
        <ele>1590</ele>
      </trkpt>
      <trkpt lat="45.10814540029415" lon="2.6803772916035302">
        <ele>1590</ele>
      </trkpt>
      <trkpt lat="45.10810318519933" lon="2.6803814609956111">
        <ele>1591</ele>
      </trkpt>
      <trkpt lat="45.10805550257488" lon="2.6803585733358744">
        <ele>1593</ele>
      </trkpt>
      <trkpt lat="45.10793724966624" lon="2.6803795536906327">
        <ele>1595</ele>
      </trkpt>
      <trkpt lat="45.10784379172231" lon="2.680418653442683">
        <ele>1596</ele>
      </trkpt>
      <trkpt lat="45.10777417509061" lon="2.6804415411024198">
        <ele>1597</ele>
      </trkpt>
      <trkpt lat="45.10770455845891" lon="2.680465382414646">
        <ele>1597</ele>
      </trkpt>
      <trkpt lat="45.10763398817473" lon="2.680499713904251">
        <ele>1597</ele>
      </trkpt>
      <trkpt lat="45.10756437154302" lon="2.6805340453938564">
        <ele>1597</ele>
      </trkpt>
      <trkpt lat="45.10744802593936" lon="2.6805502574861699">
        <ele>1599</ele>
      </trkpt>
      <trkpt lat="45.1073316803357" lon="2.6805674232309724">
        <ele>1598</ele>
      </trkpt>
      <trkpt lat="45.10724585161169" lon="2.6805874499332423">
        <ele>1598</ele>
      </trkpt>
      <trkpt lat="45.10716479115012" lon="2.6806160595079129">
        <ele>1598</ele>
      </trkpt>
      <trkpt lat="45.10708468434104" lon="2.680645622735073">
        <ele>1597</ele>
      </trkpt>
      <trkpt lat="45.10701697501432" lon="2.6806761396147221">
        <ele>1597</ele>
      </trkpt>
      <trkpt lat="45.10695021934009" lon="2.6807066564943711">
        <ele>1597</ele>
      </trkpt>
      <trkpt lat="45.10683673469389" lon="2.6807858096509607">
        <ele>1597</ele>
      </trkpt>
      <trkpt lat="45.10672325004769" lon="2.6808659164600397">
        <ele>1596</ele>
      </trkpt>
      <trkpt lat="45.10664028228115" lon="2.6808621018500833">
        <ele>1596</ele>
      </trkpt>
      <trkpt lat="45.10664028228115" lon="2.6808621018500833">
        <ele>1596</ele>
      </trkpt>
      <trkpt lat="45.1066450505436" lon="2.6807819950410048">
        <ele>1598</ele>
      </trkpt>
      <trkpt lat="45.1066460954029" lon="2.6807644414046807">
        <ele>1599</ele>
      </trkpt>
      <trkpt lat="45.1066460954029" lon="2.6807644414046807">
        <ele>1599</ele>
      </trkpt>
      <trkpt lat="45.1066450505436" lon="2.6807819950410048">
        <ele>1598</ele>
      </trkpt>
      <trkpt lat="45.10664028228115" lon="2.6808621018500833">
        <ele>1596</ele>
      </trkpt>
      <trkpt lat="45.10664028228115" lon="2.6808621018500833">
        <ele>1596</ele>
      </trkpt>
      <trkpt lat="45.1066450505436" lon="2.6807819950410048">
        <ele>1598</ele>
      </trkpt>
      <trkpt lat="45.10664981880604" lon="2.6807018882319262">
        <ele>1600</ele>
      </trkpt>
      <trkpt lat="45.10667842838071" lon="2.6806103375929791">
        <ele>1602</ele>
      </trkpt>
      <trkpt lat="45.10668605760063" lon="2.6805435819187466">
        <ele>1603</ele>
      </trkpt>
      <trkpt lat="45.10669464047302" lon="2.6804777798970032">
        <ele>1604</ele>
      </trkpt>
      <trkpt lat="45.10674232309748" lon="2.6803833683005891">
        <ele>1606</ele>
      </trkpt>
      <trkpt lat="45.10679095937441" lon="2.680289910356664">
        <ele>1608</ele>
      </trkpt>
      <trkpt lat="45.10683387373643" lon="2.6802269692923875">
        <ele>1610</ele>
      </trkpt>
      <trkpt lat="45.10687678809843" lon="2.6801640282281114">
        <ele>1612</ele>
      </trkpt>
      <trkpt lat="45.10692447072288" lon="2.6801373259584187">
        <ele>1613</ele>
      </trkpt>
      <trkpt lat="45.10695594125502" lon="2.6801010871638353">
        <ele>1614</ele>
      </trkpt>
      <trkpt lat="45.10696547777991" lon="2.6800400534045372">
        <ele>1616</ele>
      </trkpt>
      <trkpt lat="45.10698645813467" lon="2.6799999999999979">
        <ele>1618</ele>
      </trkpt>
      <trkpt lat="45.10698645813467" lon="2.6800000000000157">
        <ele>1618</ele>
      </trkpt>
      <trkpt lat="45.10699980926952" lon="2.679973297730323">
        <ele>1618</ele>
      </trkpt>
      <trkpt lat="45.10708849895099" lon="2.6798683959565293">
        <ele>1621</ele>
      </trkpt>
      <trkpt lat="45.10708849895099" lon="2.6798683959565293">
        <ele>1621</ele>
      </trkpt>
      <trkpt lat="45.10717909593745" lon="2.6797510967003784">
        <ele>1625</ele>
      </trkpt>
      <trkpt lat="45.10720142117126" lon="2.679682028008278">
        <ele>1626</ele>
      </trkpt>
      <trkpt lat="45.10720142117126" lon="2.679682028008278">
        <ele>1626</ele>
      </trkpt>
      <trkpt lat="45.1072096128171" lon="2.6796566851039638">
        <ele>1627</ele>
      </trkpt>
      <trkpt lat="45.10724012969676" lon="2.6795632271600387">
        <ele>1629</ele>
      </trkpt>
      <trkpt lat="45.1072878123212" lon="2.6794640473011793">
        <ele>1632</ele>
      </trkpt>
      <trkpt lat="45.10735456799544" lon="2.6793963379744579">
        <ele>1635</ele>
      </trkpt>
      <trkpt lat="45.10742132366967" lon="2.6793448407400504">
        <ele>1639</ele>
      </trkpt>
      <trkpt lat="45.10748903299639" lon="2.6792933435056425">
        <ele>1643</ele>
      </trkpt>
      <trkpt lat="45.10756818615298" lon="2.6791836734694039">
        <ele>1647</ele>
      </trkpt>
      <trkpt lat="45.10764829296206" lon="2.6790740034331648">
        <ele>1649</ele>
      </trkpt>
      <trkpt lat="45.10770265115394" lon="2.678954796872036">
        <ele>1652</ele>
      </trkpt>
      <trkpt lat="45.10794773984362" lon="2.6785714285714444">
        <ele>1664</ele>
      </trkpt>
      <trkpt lat="45.10804691970247" lon="2.678468434102629">
        <ele>1669</ele>
      </trkpt>
      <trkpt lat="45.10814609956133" lon="2.6783654396338132">
        <ele>1675</ele>
      </trkpt>
      <trkpt lat="45.10824051115775" lon="2.678292008392158">
        <ele>1679</ele>
      </trkpt>
      <trkpt lat="45.10827770360482" lon="2.678212855235568">
        <ele>1682</ele>
      </trkpt>
      <trkpt lat="45.10828056456229" lon="2.6781565897387152">
        <ele>1683</ele>
      </trkpt>
      <trkpt lat="45.10833778371163" lon="2.6780955559794171">
        <ele>1687</ele>
      </trkpt>
      <trkpt lat="45.10841312225826" lon="2.6780688537097239">
        <ele>1689</ele>
      </trkpt>
      <trkpt lat="45.10849418271983" lon="2.6780593171848337">
        <ele>1691</ele>
      </trkpt>
      <trkpt lat="45.10855617013162" lon="2.6780249856952287">
        <ele>1694</ele>
      </trkpt>
      <trkpt lat="45.10855617013162" lon="2.6780249856952287">
        <ele>1694</ele>
      </trkpt>
      <trkpt lat="45.10860480640856" lon="2.6779649055884196">
        <ele>1697</ele>
      </trkpt>
      <trkpt lat="45.10866584016786" lon="2.6779229448789019">
        <ele>1700</ele>
      </trkpt>
      <trkpt lat="45.10866679382035" lon="2.6778781232119173">
        <ele>1701</ele>
      </trkpt>
      <trkpt lat="45.1086877741751" lon="2.6778437917223123">
        <ele>1703</ele>
      </trkpt>
      <trkpt lat="45.10879362960139" lon="2.6777665458707007">
        <ele>1709</ele>
      </trkpt>
      <trkpt lat="45.10890043868016" lon="2.6776893000190891">
        <ele>1716</ele>
      </trkpt>
      <trkpt lat="45.10892427999239" lon="2.6775891665077407">
        <ele>1721</ele>
      </trkpt>
      <trkpt lat="45.10897005531186" lon="2.6775309937059095">
        <ele>1726</ele>
      </trkpt>
      <trkpt lat="45.10898436009919" lon="2.6774547015067869">
        <ele>1729</ele>
      </trkpt>
      <trkpt lat="45.10910452031281" lon="2.6773841312225986">
        <ele>1736</ele>
      </trkpt>
      <trkpt lat="45.10908449361055" lon="2.6773049780660085">
        <ele>1737</ele>
      </trkpt>
      <trkpt lat="45.10909116917797" lon="2.6772506198741337">
        <ele>1739</ele>
      </trkpt>
      <trkpt lat="45.10913026893002" lon="2.6772305931718643">
        <ele>1742</ele>
      </trkpt>
      <trkpt lat="45.10915697119971" lon="2.6772010299447042">
        <ele>1744</ele>
      </trkpt>
      <trkpt lat="45.10923135609385" lon="2.6769073049780818">
        <ele>1748</ele>
      </trkpt>
      <trkpt lat="45.10925519740608" lon="2.6766383749761746">
        <ele>1753</ele>
      </trkpt>
      <trkpt lat="45.10930478733551" lon="2.6763246233072828">
        <ele>1748</ele>
      </trkpt>
      <trkpt lat="45.10931774852433" lon="2.676265916746142">
        <ele>1747</ele>
      </trkpt>
      <trkpt lat="45.10931774852433" lon="2.676265916746142">
        <ele>1747</ele>
      </trkpt>
      <trkpt lat="45.10932099942782" lon="2.6762511920656271">
        <ele>1746</ele>
      </trkpt>
      <trkpt lat="45.10933721152013" lon="2.6761777608239719">
        <ele>1745</ele>
      </trkpt>
      <trkpt lat="45.10934770169752" lon="2.6760871638375137">
        <ele>1744</ele>
      </trkpt>
      <trkpt lat="45.1093581918749" lon="2.6759965668510555">
        <ele>1744</ele>
      </trkpt>
      <trkpt lat="45.1093581918749" lon="2.6759965668510555">
        <ele>1744</ele>
      </trkpt>
      <trkpt lat="45.10936391378983" lon="2.675931718481801">
        <ele>1744</ele>
      </trkpt>
      <trkpt lat="45.10937058935725" lon="2.675867823765036">
        <ele>1743</ele>
      </trkpt>
      <trkpt lat="45.10941159641428" lon="2.6757753194735998">
        <ele>1740</ele>
      </trkpt>
      <trkpt lat="45.10951268357812" lon="2.6754730116345762">
        <ele>1729</ele>
      </trkpt>
      <trkpt lat="45.10952031279803" lon="2.6754100705703001">
        <ele>1728</ele>
      </trkpt>
      <trkpt lat="45.10951459088309" lon="2.6753528514209579">
        <ele>1727</ele>
      </trkpt>
      <trkpt lat="45.10949170322336" lon="2.6752965859241051">
        <ele>1726</ele>
      </trkpt>
      <trkpt lat="45.10944783520886" lon="2.6752479496471646">
        <ele>1726</ele>
      </trkpt>
      <trkpt lat="45.10938775510206" lon="2.6752155254625372">
        <ele>1727</ele>
      </trkpt>
      <trkpt lat="45.10937249666223" lon="2.6751926378028004">
        <ele>1727</ele>
      </trkpt>
      <trkpt lat="45.10936200648485" lon="2.6751602136181734">
        <ele>1726</ele>
      </trkpt>
      <trkpt lat="45.10937058935725" lon="2.6751172992561671">
        <ele>1725</ele>
      </trkpt>
      <trkpt lat="45.10943162311655" lon="2.6750991798588752">
        <ele>1723</ele>
      </trkpt>
      <trkpt lat="45.10949361052834" lon="2.6750820141140728">
        <ele>1721</ele>
      </trkpt>
      <trkpt lat="45.10957371733742" lon="2.6750410070570445">
        <ele>1719</ele>
      </trkpt>
      <trkpt lat="45.10965477779899" lon="2.6750000000000158">
        <ele>1717</ele>
      </trkpt>
      <trkpt lat="45.10974537478544" lon="2.6749618539004545">
        <ele>1714</ele>
      </trkpt>
      <trkpt lat="45.1098359717719" lon="2.6749246614533821">
        <ele>1712</ele>
      </trkpt>
      <trkpt lat="45.10989032996378" lon="2.6748722105664853">
        <ele>1710</ele>
      </trkpt>
      <trkpt lat="45.10994754911312" lon="2.6747901964524288">
        <ele>1707</ele>
      </trkpt>
      <trkpt lat="45.11000190730499" lon="2.674767308792692">
        <ele>1705</ele>
      </trkpt>
      <trkpt lat="45.11012016021363" lon="2.6746986458134816">
        <ele>1699</ele>
      </trkpt>
      <trkpt lat="45.11017165744804" lon="2.6746585924089423">
        <ele>1696</ele>
      </trkpt>
      <trkpt lat="45.11023841312227" lon="2.6745870684722646">
        <ele>1692</ele>
      </trkpt>
      <trkpt lat="45.11030326149152" lon="2.6745498760251922">
        <ele>1689</ele>
      </trkpt>
      <trkpt lat="45.11036810986078" lon="2.6745136372306093">
        <ele>1686</ele>
      </trkpt>
      <trkpt lat="45.11043868014497" lon="2.6745164981880762">
        <ele>1684</ele>
      </trkpt>
      <trkpt lat="45.11047396528706" lon="2.6745622735075498">
        <ele>1683</ele>
      </trkpt>
      <trkpt lat="45.11055693305361" lon="2.6745756246423964">
        <ele>1680</ele>
      </trkpt>
      <trkpt lat="45.11060175472059" lon="2.6745565515926155">
        <ele>1678</ele>
      </trkpt>
      <trkpt lat="45.11062082777038" lon="2.6744831203509603">
        <ele>1677</ele>
      </trkpt>
      <trkpt lat="45.11062368872784" lon="2.6743972916269469">
        <ele>1677</ele>
      </trkpt>
      <trkpt lat="45.11066660308985" lon="2.6742895288956863">
        <ele>1676</ele>
      </trkpt>
      <trkpt lat="45.11073431241657" lon="2.6742389853137678">
        <ele>1675</ele>
      </trkpt>
      <trkpt lat="45.11080297539578" lon="2.6741884417318489">
        <ele>1674</ele>
      </trkpt>
      <trkpt lat="45.11086591646006" lon="2.6741121495327262">
        <ele>1670</ele>
      </trkpt>
      <trkpt lat="45.11092885752433" lon="2.6740358573336036">
        <ele>1664</ele>
      </trkpt>
      <trkpt lat="45.11103662025559" lon="2.6739176044249633">
        <ele>1657</ele>
      </trkpt>
      <trkpt lat="45.11115391951174" lon="2.6738079343887247">
        <ele>1650</ele>
      </trkpt>
      <trkpt lat="45.11123784093078" lon="2.673765020026718">
        <ele>1646</ele>
      </trkpt>
      <trkpt lat="45.11132176234981" lon="2.6737221056647118">
        <ele>1642</ele>
      </trkpt>
      <trkpt lat="45.11137802784667" lon="2.6736563036429684">
        <ele>1640</ele>
      </trkpt>
      <trkpt lat="45.11142475681863" lon="2.673586687011269">
        <ele>1638</ele>
      </trkpt>
      <trkpt lat="45.11146385657068" lon="2.6735094411596574">
        <ele>1637</ele>
      </trkpt>
      <trkpt lat="45.11150390997522" lon="2.6734321953080458">
        <ele>1636</ele>
      </trkpt>
      <trkpt lat="45.11151821476255" lon="2.6734045393858636">
        <ele>1636</ele>
      </trkpt>
      <trkpt lat="45.111565897387" lon="2.6733435056265655">
        <ele>1635</ele>
      </trkpt>
      <trkpt lat="45.11160785809653" lon="2.6733311081442084">
        <ele>1634</ele>
      </trkpt>
      <trkpt lat="45.11169273316805" lon="2.6732910547396687">
        <ele>1631</ele>
      </trkpt>
      <trkpt lat="45.11176711806219" lon="2.6732767499523331">
        <ele>1628</ele>
      </trkpt>
      <trkpt lat="45.11184150295634" lon="2.673262445164998">
        <ele>1625</ele>
      </trkpt>
      <trkpt lat="45.11192256341791" lon="2.6732767499523331">
        <ele>1623</ele>
      </trkpt>
      <trkpt lat="45.11199313370209" lon="2.6732681670799319">
        <ele>1620</ele>
      </trkpt>
      <trkpt lat="45.11206370398628" lon="2.6732595842075306">
        <ele>1618</ele>
      </trkpt>
      <trkpt lat="45.11213522792296" lon="2.6732252527179257">
        <ele>1615</ele>
      </trkpt>
      <trkpt lat="45.11220007629221" lon="2.6731470532138246">
        <ele>1612</ele>
      </trkpt>
      <trkpt lat="45.11226778561893" lon="2.6730879267595049">
        <ele>1610</ele>
      </trkpt>
      <trkpt lat="45.11235361434295" lon="2.6730488270074546">
        <ele>1607</ele>
      </trkpt>
      <trkpt lat="45.11241750905971" lon="2.6730917413694608">
        <ele>1605</ele>
      </trkpt>
      <trkpt lat="45.11248521838643" lon="2.6730936486744388">
        <ele>1603</ele>
      </trkpt>
      <trkpt lat="45.11255674232311" lon="2.6730173564753161">
        <ele>1601</ele>
      </trkpt>
      <trkpt lat="45.11258535189778" lon="2.6729458325386388">
        <ele>1600</ele>
      </trkpt>
      <trkpt lat="45.11261396147246" lon="2.6728743086019615">
        <ele>1599</ele>
      </trkpt>
      <trkpt lat="45.1126616440969" lon="2.6727875262254592">
        <ele>1597</ele>
      </trkpt>
      <trkpt lat="45.1127312607286" lon="2.6727179095937599">
        <ele>1596</ele>
      </trkpt>
      <trkpt lat="45.11280087736031" lon="2.6726492466145495">
        <ele>1594</ele>
      </trkpt>
      <trkpt lat="45.11286954033952" lon="2.6725500667556901">
        <ele>1593</ele>
      </trkpt>
      <trkpt lat="45.11292771314135" lon="2.6724938012588373">
        <ele>1592</ele>
      </trkpt>
      <trkpt lat="45.11318519931338" lon="2.6723831775701092">
        <ele>1584</ele>
      </trkpt>
      <trkpt lat="45.11326530612246" lon="2.6723106999809429">
        <ele>1581</ele>
      </trkpt>
      <trkpt lat="45.11334541293154" lon="2.6722382223917762">
        <ele>1578</ele>
      </trkpt>
      <trkpt lat="45.11363913789816" lon="2.6720713332061954">
        <ele>1572</ele>
      </trkpt>
      <trkpt lat="45.11375071523938" lon="2.6719826435247156">
        <ele>1571</ele>
      </trkpt>
      <trkpt lat="45.11382605378601" lon="2.6719521266450665">
        <ele>1570</ele>
      </trkpt>
      <trkpt lat="45.11390139233265" lon="2.6719216097654175">
        <ele>1570</ele>
      </trkpt>
      <trkpt lat="45.11398054548923" lon="2.6718662979210537">
        <ele>1570</ele>
      </trkpt>
      <trkpt lat="45.11405969864582" lon="2.6718119397291784">
        <ele>1570</ele>
      </trkpt>
      <trkpt lat="45.11405969864582" lon="2.6718119397291784">
        <ele>1570</ele>
      </trkpt>
      <trkpt lat="45.11398742256697" lon="2.6716779851395209">
        <ele>1570</ele>
      </trkpt>
      <trkpt lat="45.11398742256697" lon="2.6716779851395209">
        <ele>1570</ele>
      </trkpt>
      <trkpt lat="45.11391569711999" lon="2.6716660308983564">
        <ele>1570</ele>
      </trkpt>
      <trkpt lat="45.11343982452796" lon="2.6717070379553851">
        <ele>1569</ele>
      </trkpt>
      <trkpt lat="45.11298111768073" lon="2.6717613961472599">
        <ele>1573</ele>
      </trkpt>
      <trkpt lat="45.11265401487699" lon="2.671792866679398">
        <ele>1577</ele>
      </trkpt>
      <trkpt lat="45.11240320427238" lon="2.6718043105092661">
        <ele>1579</ele>
      </trkpt>
      <trkpt lat="45.11232405111578" lon="2.6717995422468213">
        <ele>1579</ele>
      </trkpt>
      <trkpt lat="45.11221247377457" lon="2.6717642571047269">
        <ele>1577</ele>
      </trkpt>
      <trkpt lat="45.11210089643335" lon="2.6717299256151219">
        <ele>1576</ele>
      </trkpt>
      <trkpt lat="45.11198836543965" lon="2.6717165744802753">
        <ele>1576</ele>
      </trkpt>
      <trkpt lat="45.11186820522603" lon="2.6717146671752974">
        <ele>1575</ele>
      </trkpt>
      <trkpt lat="45.11174804501241" lon="2.671712759870319">
        <ele>1575</ele>
      </trkpt>
      <trkpt lat="45.11104711043297" lon="2.6717566278848146">
        <ele>1571</ele>
      </trkpt>
      <trkpt lat="45.11092790387184" lon="2.6717804691970404">
        <ele>1571</ele>
      </trkpt>
      <trkpt lat="45.11080869731072" lon="2.6718043105092661">
        <ele>1571</ele>
      </trkpt>
      <trkpt lat="45.11049113103186" lon="2.6719607095174678">
        <ele>1578</ele>
      </trkpt>
      <trkpt lat="45.11040530230785" lon="2.6719778752622703">
        <ele>1579</ele>
      </trkpt>
      <trkpt lat="45.11031756627886" lon="2.671972153347336">
        <ele>1578</ele>
      </trkpt>
      <trkpt lat="45.11002479496473" lon="2.671823383559047">
        <ele>1569</ele>
      </trkpt>
      <trkpt lat="45.10930478733551" lon="2.6718443639138059">
        <ele>1569</ele>
      </trkpt>
      <trkpt lat="45.10922658783141" lon="2.6718157543391348">
        <ele>1567</ele>
      </trkpt>
      <trkpt lat="45.10913599084495" lon="2.6717547205798367">
        <ele>1564</ele>
      </trkpt>
      <trkpt lat="45.10904539385849" lon="2.6716946404730275">
        <ele>1562</ele>
      </trkpt>
      <trkpt lat="45.10896719435439" lon="2.6716860576006263">
        <ele>1562</ele>
      </trkpt>
      <trkpt lat="45.10888994850278" lon="2.671677474728225">
        <ele>1563</ele>
      </trkpt>
      <trkpt lat="45.10878695403397" lon="2.6716355140187074">
        <ele>1562</ele>
      </trkpt>
      <trkpt lat="45.10868395956515" lon="2.6715935533091901">
        <ele>1561</ele>
      </trkpt>
      <trkpt lat="45.1086105283235" lon="2.6715792485218546">
        <ele>1561</ele>
      </trkpt>
      <trkpt lat="45.10853805073432" lon="2.671565897387008">
        <ele>1561</ele>
      </trkpt>
      <trkpt lat="45.10807552927714" lon="2.671355140186932">
        <ele>1558</ele>
      </trkpt>
      <trkpt lat="45.10798207133322" lon="2.6713208086973266">
        <ele>1558</ele>
      </trkpt>
      <trkpt lat="45.10788098416938" lon="2.6713112721724364">
        <ele>1559</ele>
      </trkpt>
      <trkpt lat="45.10752336448599" lon="2.6713675376692891">
        <ele>1569</ele>
      </trkpt>
      <trkpt lat="45.10744421132941" lon="2.6713513255769756">
        <ele>1569</ele>
      </trkpt>
      <trkpt lat="45.10732881937823" lon="2.6712874308602106">
        <ele>1568</ele>
      </trkpt>
      <trkpt lat="45.10692447072288" lon="2.6708039290482706">
        <ele>1562</ele>
      </trkpt>
      <trkpt lat="45.10688155636088" lon="2.670759107381286">
        <ele>1562</ele>
      </trkpt>
      <trkpt lat="45.10677093267215" lon="2.6706866297921197">
        <ele>1562</ele>
      </trkpt>
      <trkpt lat="45.10671371352281" lon="2.6706360862102008">
        <ele>1562</ele>
      </trkpt>
      <trkpt lat="45.10663265306124" lon="2.6704911310318677">
        <ele>1559</ele>
      </trkpt>
      <trkpt lat="45.10636563036431" lon="2.6701716574480416">
        <ele>1558</ele>
      </trkpt>
      <trkpt lat="45.10620064848371" lon="2.6697730307076259">
        <ele>1551</ele>
      </trkpt>
      <trkpt lat="45.10613770741943" lon="2.669659546061431">
        <ele>1550</ele>
      </trkpt>
      <trkpt lat="45.10557123784094" lon="2.6691989319092282">
        <ele>1555</ele>
      </trkpt>
      <trkpt lat="45.10551687964907" lon="2.669109288575259">
        <ele>1554</ele>
      </trkpt>
      <trkpt lat="45.10545393858479" lon="2.6689900820141301">
        <ele>1551</ele>
      </trkpt>
      <trkpt lat="45.105391951173" lon="2.6688718291054898">
        <ele>1549</ele>
      </trkpt>
      <trkpt lat="45.10496471485792" lon="2.6683110814419386">
        <ele>1542</ele>
      </trkpt>
      <trkpt lat="45.10491226397102" lon="2.6681918748808093">
        <ele>1539</ele>
      </trkpt>
      <trkpt lat="45.10477303070763" lon="2.6676549685294839">
        <ele>1530</ele>
      </trkpt>
      <trkpt lat="45.10472344077819" lon="2.6673765020026861">
        <ele>1530</ele>
      </trkpt>
      <trkpt lat="45.10466336067139" lon="2.6667470913599245">
        <ele>1537</ele>
      </trkpt>
      <trkpt lat="45.10466812893383" lon="2.6666650772458675">
        <ele>1539</ele>
      </trkpt>
      <trkpt lat="45.10469197024606" lon="2.6665782948693657">
        <ele>1540</ele>
      </trkpt>
      <trkpt lat="45.10474537478544" lon="2.6665182147625566">
        <ele>1541</ele>
      </trkpt>
      <trkpt lat="45.10480831584972" lon="2.6664791150105063">
        <ele>1542</ele>
      </trkpt>
      <trkpt lat="45.104871256914" lon="2.6664400152584555">
        <ele>1543</ele>
      </trkpt>
      <trkpt lat="45.10491607858098" lon="2.6663789814991574">
        <ele>1544</ele>
      </trkpt>
      <trkpt lat="45.10494278085067" lon="2.6663074575624801">
        <ele>1544</ele>
      </trkpt>
      <trkpt lat="45.10495708563801" lon="2.6661901583063292">
        <ele>1545</ele>
      </trkpt>
      <trkpt lat="45.10494564180814" lon="2.6661205416746299">
        <ele>1545</ele>
      </trkpt>
      <trkpt lat="45.10493419797827" lon="2.6660509250429301">
        <ele>1546</ele>
      </trkpt>
      <trkpt lat="45.10483024985697" lon="2.6657705512111547">
        <ele>1546</ele>
      </trkpt>
      <trkpt lat="45.1048092695022" lon="2.6656513446500254">
        <ele>1542</ele>
      </trkpt>
      <trkpt lat="45.10481403776465" lon="2.6655340453938745">
        <ele>1539</ele>
      </trkpt>
      <trkpt lat="45.10483024985697" lon="2.6654167461377232">
        <ele>1535</ele>
      </trkpt>
      <trkpt lat="45.10484646194928" lon="2.6652994468815723">
        <ele>1531</ele>
      </trkpt>
      <trkpt lat="45.10483215716194" lon="2.6651945451077785">
        <ele>1528</ele>
      </trkpt>
      <trkpt lat="45.10480259393479" lon="2.6651430478733711">
        <ele>1528</ele>
      </trkpt>
      <trkpt lat="45.10475491131033" lon="2.6650963189014081">
        <ele>1528</ele>
      </trkpt>
      <trkpt lat="45.10465191684152" lon="2.6650486362769565">
        <ele>1530</ele>
      </trkpt>
      <trkpt lat="45.10454987602519" lon="2.665000953652505">
        <ele>1532</ele>
      </trkpt>
      <trkpt lat="45.10449456418083" lon="2.6649475491131192">
        <ele>1532</ele>
      </trkpt>
      <trkpt lat="45.1044535571238" lon="2.6648712569139965">
        <ele>1531</ele>
      </trkpt>
      <trkpt lat="45.10442603381019" lon="2.6647098189984733">
        <ele>1528</ele>
      </trkpt>
      <trkpt lat="45.10442603381019" lon="2.6647098189984733">
        <ele>1528</ele>
      </trkpt>
      <trkpt lat="45.10429048254817" lon="2.6639147434674966">
        <ele>1516</ele>
      </trkpt>
      <trkpt lat="45.10428094602328" lon="2.6638127026511698">
        <ele>1515</ele>
      </trkpt>
      <trkpt lat="45.10427236315088" lon="2.6637106618348434">
        <ele>1514</ele>
      </trkpt>
      <trkpt lat="45.10440778180433" lon="2.6623850848750874">
        <ele>1513</ele>
      </trkpt>
      <trkpt lat="45.10440778180433" lon="2.6623211901583224">
        <ele>1514</ele>
      </trkpt>
      <trkpt lat="45.10440873545681" lon="2.6622572954415569">
        <ele>1514</ele>
      </trkpt>
      <trkpt lat="45.10438584779708" lon="2.6621657448026097">
        <ele>1516</ele>
      </trkpt>
      <trkpt lat="45.10438584779708" lon="2.6621657448026097">
        <ele>1516</ele>
      </trkpt>
      <trkpt lat="45.10438870875454" lon="2.6620923135609544">
        <ele>1517</ele>
      </trkpt>
      <trkpt lat="45.10437249666223" lon="2.6617957276368651">
        <ele>1521</ele>
      </trkpt>
      <trkpt lat="45.10437249666223" lon="2.6617957276368651">
        <ele>1521</ele>
      </trkpt>
      <trkpt lat="45.10425615105857" lon="2.661622162883861">
        <ele>1524</ele>
      </trkpt>
      <trkpt lat="45.10414075910739" lon="2.6613703986267563">
        <ele>1527</ele>
      </trkpt>
      <trkpt lat="45.10399485027657" lon="2.6611424756818773">
        <ele>1523</ele>
      </trkpt>
      <trkpt lat="45.10390043868016" lon="2.6608401678428542">
        <ele>1522</ele>
      </trkpt>
      <trkpt lat="45.10385466336069" lon="2.6606418081251353">
        <ele>1524</ele>
      </trkpt>
      <trkpt lat="45.10374213236698" lon="2.660411024222789">
        <ele>1523</ele>
      </trkpt>
      <trkpt lat="45.10362483311083" lon="2.6602565325195657">
        <ele>1521</ele>
      </trkpt>
      <trkpt lat="45.10353709708184" lon="2.6600972725538972">
        <ele>1521</ele>
      </trkpt>
      <trkpt lat="45.10350181193974" lon="2.6600000000000161">
        <ele>1521</ele>
      </trkpt>
      <trkpt lat="45.10350181193974" lon="2.6600000000000161">
        <ele>1521</ele>
      </trkpt>
      <trkpt lat="45.10353709708184" lon="2.6600972725538972">
        <ele>1521</ele>
      </trkpt>
      <trkpt lat="45.10362483311083" lon="2.6602565325195657">
        <ele>1521</ele>
      </trkpt>
      <trkpt lat="45.10374213236698" lon="2.660411024222789">
        <ele>1523</ele>
      </trkpt>
      <trkpt lat="45.10385466336069" lon="2.6606418081251353">
        <ele>1524</ele>
      </trkpt>
      <trkpt lat="45.10390043868016" lon="2.6608401678428542">
        <ele>1522</ele>
      </trkpt>
      <trkpt lat="45.10399485027657" lon="2.6611424756818773">
        <ele>1523</ele>
      </trkpt>
      <trkpt lat="45.10414075910739" lon="2.6613703986267563">
        <ele>1527</ele>
      </trkpt>
      <trkpt lat="45.10425615105857" lon="2.661622162883861">
        <ele>1524</ele>
      </trkpt>
      <trkpt lat="45.10437249666223" lon="2.6617957276368651">
        <ele>1521</ele>
      </trkpt>
      <trkpt lat="45.10437249666223" lon="2.6617957276368651">
        <ele>1521</ele>
      </trkpt>
      <trkpt lat="45.10440492084685" lon="2.6615382414648261">
        <ele>1523</ele>
      </trkpt>
      <trkpt lat="45.10438966240703" lon="2.6614419225634336">
        <ele>1525</ele>
      </trkpt>
      <trkpt lat="45.10437249666223" lon="2.661330345222217">
        <ele>1526</ele>
      </trkpt>
      <trkpt lat="45.1042790387183" lon="2.6611167270646736">
        <ele>1530</ele>
      </trkpt>
      <trkpt lat="45.10419797825674" lon="2.6605798207133482">
        <ele>1540</ele>
      </trkpt>
      <trkpt lat="45.10407781804312" lon="2.6600438680145113">
        <ele>1548</ele>
      </trkpt>
      <trkpt lat="45.10406255960329" lon="2.6600000000000161">
        <ele>1549</ele>
      </trkpt>
      <trkpt lat="45.10406255960329" lon="2.6600000000000055">
        <ele>1549</ele>
      </trkpt>
      <trkpt lat="45.10387469006295" lon="2.6594621399961911">
        <ele>1558</ele>
      </trkpt>
      <trkpt lat="45.10379839786383" lon="2.6592037001716631">
        <ele>1564</ele>
      </trkpt>
      <trkpt lat="45.10381365630366" lon="2.6591569711997005">
        <ele>1566</ele>
      </trkpt>
      <trkpt lat="45.10374213236698" lon="2.6589567041770037">
        <ele>1570</ele>
      </trkpt>
      <trkpt lat="45.10370493991991" lon="2.6589595651344706">
        <ele>1568</ele>
      </trkpt>
      <trkpt lat="45.10340358573337" lon="2.658592408926193">
        <ele>1566</ele>
      </trkpt>
      <trkpt lat="45.1033492275415" lon="2.6577427045584647">
        <ele>1594</ele>
      </trkpt>
      <trkpt lat="45.10326149151251" lon="2.6575290864009213">
        <ele>1595</ele>
      </trkpt>
      <trkpt lat="45.10325576959757" lon="2.6573717337402307">
        <ele>1599</ele>
      </trkpt>
      <trkpt lat="45.10306408544728" lon="2.6570761014686304">
        <ele>1593</ele>
      </trkpt>
      <trkpt lat="45.10295441541104" lon="2.6564342933435112">
        <ele>1602</ele>
      </trkpt>
      <trkpt lat="45.10285046728973" lon="2.65619874117872">
        <ele>1600</ele>
      </trkpt>
      <trkpt lat="45.1028533282472" lon="2.6559832157161987">
        <ele>1604</ele>
      </trkpt>
      <trkpt lat="45.10274747282092" lon="2.6557448025939405">
        <ele>1603</ele>
      </trkpt>
      <trkpt lat="45.10272935342363" lon="2.6555912645432063">
        <ele>1606</ele>
      </trkpt>
      <trkpt lat="45.10268071714668" lon="2.6554367728399826">
        <ele>1607</ele>
      </trkpt>
      <trkpt lat="45.10263017356477" lon="2.6550305168796546">
        <ele>1615</ele>
      </trkpt>
      <trkpt lat="45.1025405302308" lon="2.6548464619492713">
        <ele>1616</ele>
      </trkpt>
      <trkpt lat="45.10251668891857" lon="2.6547291626931204">
        <ele>1618</ele>
      </trkpt>
      <trkpt lat="45.10253194735839" lon="2.6546833873736468">
        <ele>1619</ele>
      </trkpt>
      <trkpt lat="45.10252717909595" lon="2.6546004196071009">
        <ele>1621</ele>
      </trkpt>
      <trkpt lat="45.10255960328058" lon="2.6544773984360157">
        <ele>1625</ele>
      </trkpt>
      <trkpt lat="45.1023755483502" lon="2.654369635704755">
        <ele>1626</ele>
      </trkpt>
      <trkpt lat="45.10231737554837" lon="2.6543019263780336">
        <ele>1628</ele>
      </trkpt>
      <trkpt lat="45.10231260728592" lon="2.6542351707038012">
        <ele>1630</ele>
      </trkpt>
      <trkpt lat="45.10238031661264" lon="2.6541178714476503">
        <ele>1632</ele>
      </trkpt>
      <trkpt lat="45.10232405111579" lon="2.6541026130078258">
        <ele>1632</ele>
      </trkpt>
      <trkpt lat="45.10234407781806" lon="2.6540234598512358">
        <ele>1631</ele>
      </trkpt>
      <trkpt lat="45.10242037001718" lon="2.6539643333969161">
        <ele>1630</ele>
      </trkpt>
      <trkpt lat="45.10242037001718" lon="2.6539643333969161">
        <ele>1630</ele>
      </trkpt>
      <trkpt lat="45.10233740225063" lon="2.6538832729353481">
        <ele>1631</ele>
      </trkpt>
      <trkpt lat="45.10212569139807" lon="2.653823192828539">
        <ele>1632</ele>
      </trkpt>
      <trkpt lat="45.10190444402061" lon="2.6536248331108201">
        <ele>1634</ele>
      </trkpt>
      <trkpt lat="45.10169082586307" lon="2.6533215716193075">
        <ele>1639</ele>
      </trkpt>
      <trkpt lat="45.10148865153539" lon="2.6531232119015886">
        <ele>1642</ele>
      </trkpt>
      <trkpt lat="45.10100801068092" lon="2.6528561892046594">
        <ele>1654</ele>
      </trkpt>
      <trkpt lat="45.10071905397675" lon="2.6526673660118312">
        <ele>1659</ele>
      </trkpt>
      <trkpt lat="45.10051783330156" lon="2.6523917604425002">
        <ele>1659</ele>
      </trkpt>
      <trkpt lat="45.1002279229449" lon="2.6520741941636525">
        <ele>1662</ele>
      </trkpt>
      <trkpt lat="45.10000000000002" lon="2.6514962807552984">
        <ele>1662</ele>
      </trkpt>
      <trkpt lat="45.1" lon="2.6514962807552984">
        <ele>1662</ele>
      </trkpt>
      <trkpt lat="45.09991035666604" lon="2.6512683578104195">
        <ele>1660</ele>
      </trkpt>
      <trkpt lat="45.09975395765783" lon="2.6509555597940166">
        <ele>1659</ele>
      </trkpt>
      <trkpt lat="45.09947739843602" lon="2.6504997139042588">
        <ele>1660</ele>
      </trkpt>
      <trkpt lat="45.09933148960519" lon="2.6497768453175721">
        <ele>1663</ele>
      </trkpt>
      <trkpt lat="45.09910070570285" lon="2.6492799923707859">
        <ele>1664</ele>
      </trkpt>
      <trkpt lat="45.09898054548923" lon="2.6488880411977931">
        <ele>1660</ele>
      </trkpt>
      <trkpt lat="45.09885084875072" lon="2.6485981308411271">
        <ele>1658</ele>
      </trkpt>
      <trkpt lat="45.09880221247378" lon="2.6484741560175529">
        <ele>1658</ele>
      </trkpt>
      <trkpt lat="45.09852946786192" lon="2.6480879267594943">
        <ele>1664</ele>
      </trkpt>
      <trkpt lat="45.09839595651345" lon="2.64780659927523">
        <ele>1669</ele>
      </trkpt>
      <trkpt lat="45.09831489605188" lon="2.6475948884226645">
        <ele>1673</ele>
      </trkpt>
      <trkpt lat="45.09826244516498" lon="2.6473097463284434">
        <ele>1673</ele>
      </trkpt>
      <trkpt lat="45.0981651726111" lon="2.6471810032424243">
        <ele>1672</ele>
      </trkpt>
      <trkpt lat="45.09797348846081" lon="2.6468081251192124">
        <ele>1674</ele>
      </trkpt>
      <trkpt lat="45.09792103757391" lon="2.6466326530612303">
        <ele>1675</ele>
      </trkpt>
      <trkpt lat="45.09784951363724" lon="2.6464857905779189">
        <ele>1675</ele>
      </trkpt>
      <trkpt lat="45.09777798970055" lon="2.6461129124547074">
        <ele>1675</ele>
      </trkpt>
      <trkpt lat="45.09763875643716" lon="2.6458554262826683">
        <ele>1679</ele>
      </trkpt>
      <trkpt lat="45.09765115391951" lon="2.645671371352285">
        <ele>1677</ele>
      </trkpt>
      <trkpt lat="45.09760251764258" lon="2.6455235552164846">
        <ele>1678</ele>
      </trkpt>
      <trkpt lat="45.09755388136563" lon="2.6454730116345662">
        <ele>1680</ele>
      </trkpt>
      <trkpt lat="45.09748617203891" lon="2.6455330917413753">
        <ele>1683</ele>
      </trkpt>
      <trkpt lat="45.09737554835019" lon="2.6454777798970111">
        <ele>1686</ele>
      </trkpt>
      <trkpt lat="45.09718386419989" lon="2.6453299637612111">
        <ele>1691</ele>
      </trkpt>
      <trkpt lat="45.09705988937632" lon="2.6449847415601813">
        <ele>1698</ele>
      </trkpt>
      <trkpt lat="45.09691684150296" lon="2.6446261682243049">
        <ele>1699</ele>
      </trkpt>
      <trkpt lat="45.09679668128934" lon="2.6444049208468492">
        <ele>1702</ele>
      </trkpt>
      <trkpt lat="45.09655349990464" lon="2.6441102422277378">
        <ele>1707</ele>
      </trkpt>
      <trkpt lat="45.0963131794774" lon="2.6439128361625079">
        <ele>1708</ele>
      </trkpt>
      <trkpt lat="45.09599465954607" lon="2.6436820522601621">
        <ele>1710</ele>
      </trkpt>
      <trkpt lat="45.09549399198932" lon="2.6435533091741426">
        <ele>1710</ele>
      </trkpt>
      <trkpt lat="45.09500667556743" lon="2.6435027655922241">
        <ele>1709</ele>
      </trkpt>
      <trkpt lat="45.09421037573908" lon="2.6434617585351954">
        <ele>1696</ele>
      </trkpt>
      <trkpt lat="45.09421037573908" lon="2.6434617585351954">
        <ele>1696</ele>
      </trkpt>
      <trkpt lat="45.09383654396338" lon="2.6432958230021035">
        <ele>1693</ele>
      </trkpt>
      <trkpt lat="45.0937135227923" lon="2.6433005912645489">
        <ele>1692</ele>
      </trkpt>
      <trkpt lat="45.09356093839406" lon="2.6431718481785293">
        <ele>1690</ele>
      </trkpt>
      <trkpt lat="45.09337211520123" lon="2.6430383368300649">
        <ele>1688</ele>
      </trkpt>
      <trkpt lat="45.09302403204273" lon="2.6428857524318197">
        <ele>1685</ele>
      </trkpt>
      <trkpt lat="45.09267690253672" lon="2.6426835781041444">
        <ele>1683</ele>
      </trkpt>
      <trkpt lat="45.09258535189777" lon="2.6426378027846709">
        <ele>1682</ele>
      </trkpt>
      <trkpt lat="45.09219912263971" lon="2.6426187297348904">
        <ele>1677</ele>
      </trkpt>
      <trkpt lat="45.09194259012016" lon="2.6426282662597806">
        <ele>1672</ele>
      </trkpt>
      <trkpt lat="45.09168224299066" lon="2.6427112340263266">
        <ele>1666</ele>
      </trkpt>
      <trkpt lat="45.0913999618539" lon="2.6427341216860634">
        <ele>1657</ele>
      </trkpt>
      <trkpt lat="45.09128933816518" lon="2.6428676330345278">
        <ele>1653</ele>
      </trkpt>
      <trkpt lat="45.09114629029182" lon="2.6429181766164467">
        <ele>1648</ele>
      </trkpt>
      <trkpt lat="45.09086973107" lon="2.6432033187106674">
        <ele>1641</ele>
      </trkpt>
      <trkpt lat="45.09067137135228" lon="2.643360671371358">
        <ele>1635</ele>
      </trkpt>
      <trkpt lat="45.09051592599657" lon="2.6434341026130137">
        <ele>1629</ele>
      </trkpt>
      <trkpt lat="45.09043105092505" lon="2.6435123021171143">
        <ele>1625</ele>
      </trkpt>
      <trkpt lat="45.09028514209422" lon="2.6437192447072344">
        <ele>1618</ele>
      </trkpt>
      <trkpt lat="45.09008964333398" lon="2.6438851802403263">
        <ele>1612</ele>
      </trkpt>
      <trkpt lat="45.08991798588595" lon="2.6439814991417183">
        <ele>1609</ele>
      </trkpt>
      <trkpt lat="45.08958325386229" lon="2.6441102422277378">
        <ele>1605</ele>
      </trkpt>
      <trkpt lat="45.08930001907305" lon="2.6441102422277378">
        <ele>1603</ele>
      </trkpt>
      <trkpt lat="45.08912454701507" lon="2.6440778180431108">
        <ele>1600</ele>
      </trkpt>
      <trkpt lat="45.0890434865535" lon="2.6440692351707096">
        <ele>1597</ele>
      </trkpt>
      <trkpt lat="45.08885466336068" lon="2.6439767308792734">
        <ele>1590</ele>
      </trkpt>
      <trkpt lat="45.088826053786" lon="2.6436820522601621">
        <ele>1588</ele>
      </trkpt>
      <trkpt lat="45.08875071523937" lon="2.6435952698836602">
        <ele>1585</ele>
      </trkpt>
      <trkpt lat="45.08875071523937" lon="2.6435952698836602">
        <ele>1585</ele>
      </trkpt>
      <trkpt lat="45.0886791913027" lon="2.6436915887850523">
        <ele>1583</ele>
      </trkpt>
      <trkpt lat="45.08854663360672" lon="2.643797444211335">
        <ele>1579</ele>
      </trkpt>
      <trkpt lat="45.08814609956132" lon="2.6439490749570913">
        <ele>1566</ele>
      </trkpt>
      <trkpt lat="45.08789910356666" lon="2.6439261872973545">
        <ele>1559</ele>
      </trkpt>
      <trkpt lat="45.08766259774939" lon="2.6439814991417183">
        <ele>1552</ele>
      </trkpt>
      <trkpt lat="45.08695021934007" lon="2.6443591455273756">
        <ele>1531</ele>
      </trkpt>
      <trkpt lat="45.08662216288385" lon="2.6445060080106866">
        <ele>1521</ele>
      </trkpt>
      <trkpt lat="45.08637802784666" lon="2.6445336639328687">
        <ele>1522</ele>
      </trkpt>
      <trkpt lat="45.08614724394431" lon="2.6444783520885045">
        <ele>1526</ele>
      </trkpt>
      <trkpt lat="45.08582872401297" lon="2.6443086019454567">
        <ele>1534</ele>
      </trkpt>
      <trkpt lat="45.08558554262827" lon="2.6441522029372555">
        <ele>1541</ele>
      </trkpt>
      <trkpt lat="45.08558554262827" lon="2.6441522029372555">
        <ele>1541</ele>
      </trkpt>
      <trkpt lat="45.08550829677666" lon="2.6439347701697558">
        <ele>1541</ele>
      </trkpt>
      <trkpt lat="45.08507724585161" lon="2.6432824718672574">
        <ele>1552</ele>
      </trkpt>
      <trkpt lat="45.08456036620256" lon="2.6425252717909649">
        <ele>1550</ele>
      </trkpt>
      <trkpt lat="45.08412740797254" lon="2.6417461377074249">
        <ele>1554</ele>
      </trkpt>
      <trkpt lat="45.08397577722678" lon="2.6410385275605628">
        <ele>1553</ele>
      </trkpt>
      <trkpt lat="45.08365821094793" lon="2.6402031279801697">
        <ele>1563</ele>
      </trkpt>
      <trkpt lat="45.08359336257868" lon="2.6400000000000059">
        <ele>1568</ele>
      </trkpt>
      <trkpt lat="45.08359336257868" lon="2.6399999999999952">
        <ele>1568</ele>
      </trkpt>
      <trkpt lat="45.08349799732978" lon="2.6397043677283953">
        <ele>1571</ele>
      </trkpt>
      <trkpt lat="45.0833225252718" lon="2.6392189586114774">
        <ele>1579</ele>
      </trkpt>
      <trkpt lat="45.0831918748808" lon="2.638891855807739">
        <ele>1571</ele>
      </trkpt>
      <trkpt lat="45.08283234789243" lon="2.6384398245279375">
        <ele>1565</ele>
      </trkpt>
      <trkpt lat="45.08275987030326" lon="2.6382328819378174">
        <ele>1565</ele>
      </trkpt>
      <trkpt lat="45.08261110051497" lon="2.6379486934960856">
        <ele>1567</ele>
      </trkpt>
      <trkpt lat="45.08248331108145" lon="2.6376273126072816">
        <ele>1571</ele>
      </trkpt>
      <trkpt lat="45.08234503147054" lon="2.6374136944497382">
        <ele>1567</ele>
      </trkpt>
      <trkpt lat="45.08218195689491" lon="2.6373660118252862">
        <ele>1562</ele>
      </trkpt>
      <trkpt lat="45.08217051306504" lon="2.6371104329582256">
        <ele>1560</ele>
      </trkpt>
      <trkpt lat="45.08195403395003" lon="2.6368252908640044">
        <ele>1556</ele>
      </trkpt>
      <trkpt lat="45.08190349036811" lon="2.636579248521834">
        <ele>1555</ele>
      </trkpt>
      <trkpt lat="45.08183768834637" lon="2.6361815754339073">
        <ele>1553</ele>
      </trkpt>
      <trkpt lat="45.08183864199886" lon="2.6359450696166271">
        <ele>1552</ele>
      </trkpt>
      <trkpt lat="45.08191302689301" lon="2.6358144192256296">
        <ele>1550</ele>
      </trkpt>
      <trkpt lat="45.08191684150296" lon="2.6356780469196979">
        <ele>1548</ele>
      </trkpt>
      <trkpt lat="45.08179954224681" lon="2.6352374594697645">
        <ele>1547</ele>
      </trkpt>
      <trkpt lat="45.08171752813275" lon="2.6349990463475064">
        <ele>1548</ele>
      </trkpt>
      <trkpt lat="45.08165172611101" lon="2.6349370589357193">
        <ele>1549</ele>
      </trkpt>
      <trkpt lat="45.08156399008202" lon="2.6347739843600948">
        <ele>1545</ele>
      </trkpt>
      <trkpt lat="45.08138661071906" lon="2.6346261682242944">
        <ele>1542</ele>
      </trkpt>
      <trkpt lat="45.08119588022125" lon="2.6343057409879793">
        <ele>1543</ele>
      </trkpt>
      <trkpt lat="45.08104329582301" lon="2.6340911691779469">
        <ele>1546</ele>
      </trkpt>
      <trkpt lat="45.08082490940302" lon="2.633765973679187">
        <ele>1551</ele>
      </trkpt>
      <trkpt lat="45.08058935723822" lon="2.633539004386797">
        <ele>1550</ele>
      </trkpt>
      <trkpt lat="45.08038622925806" lon="2.6333206179668083">
        <ele>1553</ele>
      </trkpt>
      <trkpt lat="45.0800963189014" lon="2.6330640854472587">
        <ele>1554</ele>
      </trkpt>
      <trkpt lat="45.08000000000001" lon="2.6329124547015024">
        <ele>1556</ele>
      </trkpt>
      <trkpt lat="45.07999999999999" lon="2.6329124547015024">
        <ele>1556</ele>
      </trkpt>
      <trkpt lat="45.07990272744611" lon="2.6328018310127743">
        <ele>1555</ele>
      </trkpt>
      <trkpt lat="45.07968148006866" lon="2.6325977493801211">
        <ele>1554</ele>
      </trkpt>
      <trkpt lat="45.07953366393286" lon="2.6324299065420513">
        <ele>1554</ele>
      </trkpt>
      <trkpt lat="45.07940110623688" lon="2.6321447644478306">
        <ele>1551</ele>
      </trkpt>
      <trkpt lat="45.07929906542056" lon="2.6318577150486315">
        <ele>1550</ele>
      </trkpt>
      <trkpt lat="45.07934960900247" lon="2.6316526797634898">
        <ele>1550</ele>
      </trkpt>
      <trkpt lat="45.07919797825672" lon="2.6315220293724919">
        <ele>1550</ele>
      </trkpt>
      <trkpt lat="45.0789910356666" lon="2.6311110051497191">
        <ele>1544</ele>
      </trkpt>
      <trkpt lat="45.07884512683577" lon="2.6308420751478114">
        <ele>1543</ele>
      </trkpt>
      <trkpt lat="45.07878123211901" lon="2.6306894907495662">
        <ele>1542</ele>
      </trkpt>
      <trkpt lat="45.07875071523936" lon="2.6303795536906307">
        <ele>1541</ele>
      </trkpt>
      <trkpt lat="45.07869254243753" lon="2.6302279229448744">
        <ele>1541</ele>
      </trkpt>
      <trkpt lat="45.07857238222391" lon="2.6299561319854998">
        <ele>1542</ele>
      </trkpt>
      <trkpt lat="45.0784865534999" lon="2.629721533473198">
        <ele>1540</ele>
      </trkpt>
      <trkpt lat="45.0783559031089" lon="2.6293972916269266">
        <ele>1538</ele>
      </trkpt>
      <trkpt lat="45.07831203509441" lon="2.6291359908449317">
        <ele>1535</ele>
      </trkpt>
      <trkpt lat="45.07830726683196" lon="2.6288470341407546">
        <ele>1532</ele>
      </trkpt>
      <trkpt lat="45.07837116154872" lon="2.6287011253099326">
        <ele>1530</ele>
      </trkpt>
      <trkpt lat="45.07836353232882" lon="2.6285504482166653">
        <ele>1528</ele>
      </trkpt>
      <trkpt lat="45.07813274842647" lon="2.6278943353042106">
        <ele>1514</ele>
      </trkpt>
      <trkpt lat="45.07795346175853" lon="2.6271237840930719">
        <ele>1503</ele>
      </trkpt>
      <trkpt lat="45.07769120732404" lon="2.6263732595842031">
        <ele>1498</ele>
      </trkpt>
      <trkpt lat="45.07757581537287" lon="2.6258363532328772">
        <ele>1499</ele>
      </trkpt>
      <trkpt lat="45.07747854281899" lon="2.625326149151245">
        <ele>1505</ele>
      </trkpt>
      <trkpt lat="45.07751954987602" lon="2.6249637612054122">
        <ele>1507</ele>
      </trkpt>
      <trkpt lat="45.07755674232309" lon="2.6245412931527707">
        <ele>1508</ele>
      </trkpt>
      <trkpt lat="45.07748235742895" lon="2.6243381651726065">
        <ele>1511</ele>
      </trkpt>
      <trkpt lat="45.07707705512111" lon="2.6234350562654924">
        <ele>1507</ele>
      </trkpt>
      <trkpt lat="45.07702174327675" lon="2.6231232119015786">
        <ele>1505</ele>
      </trkpt>
      <trkpt lat="45.07682242990654" lon="2.6228228113675329">
        <ele>1504</ele>
      </trkpt>
      <trkpt lat="45.07662693114629" lon="2.6225758153728735">
        <ele>1503</ele>
      </trkpt>
      <trkpt lat="45.07660118252908" lon="2.6223545679954179">
        <ele>1499</ele>
      </trkpt>
      <trkpt lat="45.07668987221056" lon="2.6221008964333352">
        <ele>1496</ele>
      </trkpt>
      <trkpt lat="45.07663646767117" lon="2.6218443639137852">
        <ele>1490</ele>
      </trkpt>
      <trkpt lat="45.07664886515353" lon="2.6217318329200792">
        <ele>1488</ele>
      </trkpt>
      <trkpt lat="45.07658020217432" lon="2.6215105855426235">
        <ele>1480</ele>
      </trkpt>
      <trkpt lat="45.07661358001144" lon="2.6213999618538959">
        <ele>1479</ele>
      </trkpt>
      <trkpt lat="45.07658497043676" lon="2.6210604615677999">
        <ele>1470</ele>
      </trkpt>
      <trkpt lat="45.07663646767117" lon="2.6207533854663314">
        <ele>1465</ele>
      </trkpt>
      <trkpt lat="45.07671180621781" lon="2.6206494373450271">
        <ele>1463</ele>
      </trkpt>
      <trkpt lat="45.07680526416173" lon="2.6199999999999957">
        <ele>1451</ele>
      </trkpt>
      <trkpt lat="45.07680526416173" lon="2.6200000000000134">
        <ele>1451</ele>
      </trkpt>
      <trkpt lat="45.07688918558077" lon="2.6193724966622298">
        <ele>1438</ele>
      </trkpt>
      <trkpt lat="45.07704367728399" lon="2.6187917222964088">
        <ele>1428</ele>
      </trkpt>
      <trkpt lat="45.07717146671752" lon="2.6184798779324949">
        <ele>1425</ele>
      </trkpt>
      <trkpt lat="45.07736315086782" lon="2.6178504672897334">
        <ele>1426</ele>
      </trkpt>
      <trkpt lat="45.07732500476826" lon="2.6176845317566415">
        <ele>1425</ele>
      </trkpt>
      <trkpt lat="45.07704653824146" lon="2.6172668319664449">
        <ele>1420</ele>
      </trkpt>
      <trkpt lat="45.0768434102613" lon="2.6168634369635839">
        <ele>1416</ele>
      </trkpt>
      <trkpt lat="45.07671466717527" lon="2.6165029563227296">
        <ele>1414</ele>
      </trkpt>
      <trkpt lat="45.07671943543772" lon="2.6158954796872158">
        <ele>1409</ele>
      </trkpt>
      <trkpt lat="45.0766250238413" lon="2.6154911310318658">
        <ele>1397</ele>
      </trkpt>
      <trkpt lat="45.07632366965477" lon="2.6150314705321516">
        <ele>1385</ele>
      </trkpt>
      <trkpt lat="45.07623211901582" lon="2.6144211329391704">
        <ele>1372</ele>
      </trkpt>
      <trkpt lat="45.07613103185199" lon="2.6135790577913545">
        <ele>1355</ele>
      </trkpt>
      <trkpt lat="45.07608907114247" lon="2.6133835590311025">
        <ele>1351</ele>
      </trkpt>
      <trkpt lat="45.07612244897958" lon="2.6131747091360045">
        <ele>1347</ele>
      </trkpt>
      <trkpt lat="45.07616154873163" lon="2.6130497806599413">
        <ele>1345</ele>
      </trkpt>
      <trkpt lat="45.07616822429906" lon="2.6129753957657966">
        <ele>1344</ele>
      </trkpt>
      <trkpt lat="45.07613961472439" lon="2.6129191302689438">
        <ele>1344</ele>
      </trkpt>
      <trkpt lat="45.0760604615678" lon="2.6128380698073759">
        <ele>1344</ele>
      </trkpt>
      <trkpt lat="45.07596223536143" lon="2.6127760823955888">
        <ele>1344</ele>
      </trkpt>
      <trkpt lat="45.07596223536143" lon="2.6127760823955888">
        <ele>1344</ele>
      </trkpt>
      <trkpt lat="45.07576673660117" lon="2.6123927140949976">
        <ele>1338</ele>
      </trkpt>
      <trkpt lat="45.0756780469197" lon="2.6122506198741315">
        <ele>1333</ele>
      </trkpt>
      <trkpt lat="45.07566278847987" lon="2.6121104329582439">
        <ele>1332</ele>
      </trkpt>
      <trkpt lat="45.07585733358763" lon="2.6109355330917552">
        <ele>1329</ele>
      </trkpt>
      <trkpt lat="45.07554358191874" lon="2.608161358001158">
        <ele>1345</ele>
      </trkpt>
      <trkpt lat="45.07471962616822" lon="2.6067842838069946">
        <ele>1347</ele>
      </trkpt>
      <trkpt lat="45.07471008964333" lon="2.6064114056837826">
        <ele>1347</ele>
      </trkpt>
      <trkpt lat="45.0748426473393" lon="2.6047911501049152">
        <ele>1355</ele>
      </trkpt>
      <trkpt lat="45.07480068662979" lon="2.6035447263017493">
        <ele>1360</ele>
      </trkpt>
      <trkpt lat="45.07471390425329" lon="2.6024899866488789">
        <ele>1367</ele>
      </trkpt>
      <trkpt lat="45.07490558840358" lon="2.6010928857524456">
        <ele>1385</ele>
      </trkpt>
      <trkpt lat="45.07487221056646" lon="2.6008659164600556">
        <ele>1387</ele>
      </trkpt>
      <trkpt lat="45.07496757581536" lon="2.6001392332634126">
        <ele>1391</ele>
      </trkpt>
      <trkpt lat="45.07495899294297" lon="2.6000000000000139">
        <ele>1392</ele>
      </trkpt>
      <trkpt lat="45.07495899294297" lon="2.6000000000000032">
        <ele>1392</ele>
      </trkpt>
      <trkpt lat="45.07488270074384" lon="2.5986696547778023">
        <ele>1388</ele>
      </trkpt>
      <trkpt lat="45.07481200901942" lon="2.5982555480642748">
        <ele>1388</ele>
      </trkpt>
      <trkpt lat="45.07481200901942" lon="2.5982555480642748">
        <ele>1388</ele>
      </trkpt>
      <trkpt lat="45.07470818233835" lon="2.5976473393095589">
        <ele>1389</ele>
      </trkpt>
      <trkpt lat="45.07448216669844" lon="2.5966717528132781">
        <ele>1391</ele>
      </trkpt>
      <trkpt lat="45.07434293343505" lon="2.5960318519931369">
        <ele>1387</ele>
      </trkpt>
      <trkpt lat="45.07409403013541" lon="2.5955836353232917">
        <ele>1384</ele>
      </trkpt>
      <trkpt lat="45.07352565325195" lon="2.5950276559221854">
        <ele>1375</ele>
      </trkpt>
      <trkpt lat="45.07306313179477" lon="2.5949218004959027">
        <ele>1373</ele>
      </trkpt>
      <trkpt lat="45.07243944306694" lon="2.5949475491131064">
        <ele>1374</ele>
      </trkpt>
      <trkpt lat="45.07189681480068" lon="2.59481594506962">
        <ele>1373</ele>
      </trkpt>
      <trkpt lat="45.07167079916078" lon="2.594637612054171">
        <ele>1371</ele>
      </trkpt>
      <trkpt lat="45.07137898149914" lon="2.5942942971581191">
        <ele>1370</ele>
      </trkpt>
      <trkpt lat="45.0712340263208" lon="2.5940291817661678">
        <ele>1370</ele>
      </trkpt>
      <trkpt lat="45.07105760061033" lon="2.5935485409116952">
        <ele>1370</ele>
      </trkpt>
      <trkpt lat="45.07091932099942" lon="2.5930726683196679">
        <ele>1370</ele>
      </trkpt>
      <trkpt lat="45.07072572954415" lon="2.5920608430288037">
        <ele>1364</ele>
      </trkpt>
      <trkpt lat="45.07068472248712" lon="2.5910509250429179">
        <ele>1354</ele>
      </trkpt>
      <trkpt lat="45.07069193600834" lon="2.5908115048383986">
        <ele>1352</ele>
      </trkpt>
      <trkpt lat="45.07069193600834" lon="2.5908115048383986">
        <ele>1352</ele>
      </trkpt>
      <trkpt lat="45.07070474918939" lon="2.5903862292580619">
        <ele>1345</ele>
      </trkpt>
      <trkpt lat="45.07052164791149" lon="2.5890873545679987">
        <ele>1325</ele>
      </trkpt>
      <trkpt lat="45.0704056836666" lon="2.5865559180283566">
        <ele>1295</ele>
      </trkpt>
      <trkpt lat="45.0704056836666" lon="2.5865559180283566">
        <ele>1295</ele>
      </trkpt>
      <trkpt lat="45.07039862674041" lon="2.5864018691588817">
        <ele>1294</ele>
      </trkpt>
      <trkpt lat="45.07048064085446" lon="2.5857810413885214">
        <ele>1288</ele>
      </trkpt>
      <trkpt lat="45.07045489223727" lon="2.5854844554644321">
        <ele>1285</ele>
      </trkpt>
      <trkpt lat="45.07047110432958" lon="2.5853871829105506">
        <ele>1284</ele>
      </trkpt>
      <trkpt lat="45.07057982071333" lon="2.5853719244707261">
        <ele>1284</ele>
      </trkpt>
      <trkpt lat="45.07074957085637" lon="2.5853862292580616">
        <ele>1284</ele>
      </trkpt>
      <trkpt lat="45.07080011443829" lon="2.5853538050734346">
        <ele>1284</ele>
      </trkpt>
      <trkpt lat="45.07075815372878" lon="2.5851993133702114">
        <ele>1283</ele>
      </trkpt>
      <trkpt lat="45.07076101468624" lon="2.5848321571619337">
        <ele>1279</ele>
      </trkpt>
      <trkpt lat="45.07078676330345" lon="2.5844096891092918">
        <ele>1275</ele>
      </trkpt>
      <trkpt lat="45.07070474918939" lon="2.5827913408354028">
        <ele>1258</ele>
      </trkpt>
      <trkpt lat="45.07076006103375" lon="2.5816879649055919">
        <ele>1245</ele>
      </trkpt>
      <trkpt lat="45.07070797996258" lon="2.5815317216920861">
        <ele>1243</ele>
      </trkpt>
      <trkpt lat="45.07070797996258" lon="2.5815317216920861">
        <ele>1243</ele>
      </trkpt>
      <trkpt lat="45.0706866297921" lon="2.5814676711806253">
        <ele>1242</ele>
      </trkpt>
      <trkpt lat="45.07057791340835" lon="2.5813656303642984">
        <ele>1239</ele>
      </trkpt>
      <trkpt lat="45.07054072096128" lon="2.5812969673850881">
        <ele>1237</ele>
      </trkpt>
      <trkpt lat="45.07055216479115" lon="2.5808468434102645">
        <ele>1233</ele>
      </trkpt>
      <trkpt lat="45.07057886706084" lon="2.5806608811749032">
        <ele>1232</ele>
      </trkpt>
      <trkpt lat="45.07056662821949" lon="2.5805114384805283">
        <ele>1230</ele>
      </trkpt>
      <trkpt lat="45.07056662821949" lon="2.5805114384805283">
        <ele>1230</ele>
      </trkpt>
      <trkpt lat="45.07056549546556" lon="2.580497606958847">
        <ele>1230</ele>
      </trkpt>
      <trkpt lat="45.07056549546556" lon="2.580497606958847">
        <ele>1230</ele>
      </trkpt>
      <trkpt lat="45.07054262826625" lon="2.5802183864199919">
        <ele>1226</ele>
      </trkpt>
      <trkpt lat="45.07054262826625" lon="2.5802183864199919">
        <ele>1226</ele>
      </trkpt>
      <trkpt lat="45.0704547043327" lon="2.5797495488618432">
        <ele>1224</ele>
      </trkpt>
      <trkpt lat="45.07044563832411" lon="2.5794975309555594">
        <ele>1224</ele>
      </trkpt>
      <trkpt lat="45.07057818478263" lon="2.579243071551037">
        <ele>1225</ele>
      </trkpt>
      <trkpt lat="45.07057818478263" lon="2.579243071551037">
        <ele>1225</ele>
      </trkpt>
      <trkpt lat="45.07059221819569" lon="2.5792227732214315">
        <ele>1225</ele>
      </trkpt>
      <trkpt lat="45.07067613961472" lon="2.5791312225824843">
        <ele>1226</ele>
      </trkpt>
      <trkpt lat="45.07082681670799" lon="2.5788365439633729">
        <ele>1229</ele>
      </trkpt>
      <trkpt lat="45.07083169326649" lon="2.5788190961761668">
        <ele>1229</ele>
      </trkpt>
      <trkpt lat="45.07083169326649" lon="2.5788190961761668">
        <ele>1229</ele>
      </trkpt>
      <trkpt lat="45.0710165935533" lon="2.5781575433911814">
        <ele>1227</ele>
      </trkpt>
      <trkpt lat="45.07113675376692" lon="2.5778628647720701">
        <ele>1226</ele>
      </trkpt>
      <trkpt lat="45.0711806992213" lon="2.5777041137188847">
        <ele>1225</ele>
      </trkpt>
      <trkpt lat="45.0711806992213" lon="2.5777041137188847">
        <ele>1225</ele>
      </trkpt>
      <trkpt lat="45.07168796490558" lon="2.5758716383749691">
        <ele>1221</ele>
      </trkpt>
      <trkpt lat="45.07171943543772" lon="2.5757943925233575">
        <ele>1221</ele>
      </trkpt>
      <trkpt lat="45.07175090596986" lon="2.5757171466717459">
        <ele>1222</ele>
      </trkpt>
      <trkpt lat="45.07181003242417" lon="2.5756265496852877">
        <ele>1222</ele>
      </trkpt>
      <trkpt lat="45.07182021888821" lon="2.5756113508341922">
        <ele>1222</ele>
      </trkpt>
      <trkpt lat="45.07182021888821" lon="2.5756113508341922">
        <ele>1222</ele>
      </trkpt>
      <trkpt lat="45.07187011253099" lon="2.5755369063513189">
        <ele>1223</ele>
      </trkpt>
      <trkpt lat="45.07196070951745" lon="2.5754663360671302">
        <ele>1222</ele>
      </trkpt>
      <trkpt lat="45.07205226015639" lon="2.5753957657829418">
        <ele>1221</ele>
      </trkpt>
      <trkpt lat="45.07238889948502" lon="2.5752317375548284">
        <ele>1216</ele>
      </trkpt>
      <trkpt lat="45.07248426473392" lon="2.5751716574480192">
        <ele>1216</ele>
      </trkpt>
      <trkpt lat="45.07257962998283" lon="2.5751115773412101">
        <ele>1214</ele>
      </trkpt>
      <trkpt lat="45.07257962998283" lon="2.5751115773412101">
        <ele>1214</ele>
      </trkpt>
      <trkpt lat="45.07266641235933" lon="2.5750200267022629">
        <ele>1213</ele>
      </trkpt>
      <trkpt lat="45.07275414838832" lon="2.5749284760633158">
        <ele>1211</ele>
      </trkpt>
      <trkpt lat="45.07280946023268" lon="2.5748388327293465">
        <ele>1210</ele>
      </trkpt>
      <trkpt lat="45.07286477207705" lon="2.5747491893953773">
        <ele>1210</ele>
      </trkpt>
      <trkpt lat="45.07307362197215" lon="2.5742456608811679">
        <ele>1208</ele>
      </trkpt>
      <trkpt lat="45.07317184817852" lon="2.5738737364104454">
        <ele>1205</ele>
      </trkpt>
      <trkpt lat="45.07321182080177" lon="2.5736915454013167">
        <ele>1203</ele>
      </trkpt>
      <trkpt lat="45.07321182080177" lon="2.5736915454013167">
        <ele>1203</ele>
      </trkpt>
      <trkpt lat="45.07326244516498" lon="2.5734608048826941">
        <ele>1201</ele>
      </trkpt>
      <trkpt lat="45.07334064466907" lon="2.5725157352660624">
        <ele>1202</ele>
      </trkpt>
      <trkpt lat="45.07337020789623" lon="2.572398436009911">
        <ele>1203</ele>
      </trkpt>
      <trkpt lat="45.0733997711234" lon="2.5722811367537601">
        <ele>1204</ele>
      </trkpt>
      <trkpt lat="45.07344650009536" lon="2.572188632462324">
        <ele>1204</ele>
      </trkpt>
      <trkpt lat="45.07349322906732" lon="2.5720961281708878">
        <ele>1205</ele>
      </trkpt>
      <trkpt lat="45.07356856761395" lon="2.5720131604043419">
        <ele>1204</ele>
      </trkpt>
      <trkpt lat="45.07364390616059" lon="2.571931146290285">
        <ele>1203</ele>
      </trkpt>
      <trkpt lat="45.07373831775701" lon="2.571880602708366">
        <ele>1201</ele>
      </trkpt>
      <trkpt lat="45.07383272935342" lon="2.5718310127789366">
        <ele>1200</ele>
      </trkpt>
      <trkpt lat="45.07415792485218" lon="2.571704176997895">
        <ele>1193</ele>
      </trkpt>
      <trkpt lat="45.07427140949837" lon="2.5717108525653183">
        <ele>1190</ele>
      </trkpt>
      <trkpt lat="45.07438584779705" lon="2.5717184817852305">
        <ele>1188</ele>
      </trkpt>
      <trkpt lat="45.07465096318901" lon="2.5717871447644409">
        <ele>1181</ele>
      </trkpt>
      <trkpt lat="45.07472534808315" lon="2.5717785618920397">
        <ele>1180</ele>
      </trkpt>
      <trkpt lat="45.0747997329773" lon="2.5717699790196384">
        <ele>1179</ele>
      </trkpt>
      <trkpt lat="45.074869349609" lon="2.5717480450123906">
        <ele>1178</ele>
      </trkpt>
      <trkpt lat="45.07493991989318" lon="2.5717261110051428">
        <ele>1177</ele>
      </trkpt>
      <trkpt lat="45.07504386801449" lon="2.5716469578485532">
        <ele>1176</ele>
      </trkpt>
      <trkpt lat="45.07505538658492" lon="2.5716191394143015">
        <ele>1176</ele>
      </trkpt>
      <trkpt lat="45.07505538658492" lon="2.5716191394143015">
        <ele>1176</ele>
      </trkpt>
      <trkpt lat="45.07509441159641" lon="2.571524890329957">
        <ele>1175</ele>
      </trkpt>
      <trkpt lat="45.07510108716383" lon="2.5714543200457687">
        <ele>1176</ele>
      </trkpt>
      <trkpt lat="45.07510776273126" lon="2.5713837497615799">
        <ele>1176</ele>
      </trkpt>
      <trkpt lat="45.07510490177378" lon="2.5712778943352972">
        <ele>1178</ele>
      </trkpt>
      <trkpt lat="45.07510204081632" lon="2.5711720389090149">
        <ele>1179</ele>
      </trkpt>
      <trkpt lat="45.0754167461377" lon="2.5703757390806721">
        <ele>1171</ele>
      </trkpt>
      <trkpt lat="45.07546728971962" lon="2.5698111768071645">
        <ele>1174</ele>
      </trkpt>
      <trkpt lat="45.0754949456418" lon="2.569730116345597">
        <ele>1174</ele>
      </trkpt>
      <trkpt lat="45.07552355521647" lon="2.569650009536518">
        <ele>1173</ele>
      </trkpt>
      <trkpt lat="45.07602994468815" lon="2.5690043868014429">
        <ele>1160</ele>
      </trkpt>
      <trkpt lat="45.07607095174518" lon="2.5689099752050284">
        <ele>1159</ele>
      </trkpt>
      <trkpt lat="45.07611195880221" lon="2.5688165172611033">
        <ele>1159</ele>
      </trkpt>
      <trkpt lat="45.07622735075338" lon="2.568081251192059">
        <ele>1162</ele>
      </trkpt>
      <trkpt lat="45.07635323288193" lon="2.5675023841312159">
        <ele>1163</ele>
      </trkpt>
      <trkpt lat="45.07654491703223" lon="2.5668710661834759">
        <ele>1161</ele>
      </trkpt>
      <trkpt lat="45.07668891855807" lon="2.5665792485218319">
        <ele>1158</ele>
      </trkpt>
      <trkpt lat="45.07697787526224" lon="2.566091932099936">
        <ele>1152</ele>
      </trkpt>
      <trkpt lat="45.0771562082777" lon="2.5655626549685224">
        <ele>1150</ele>
      </trkpt>
      <trkpt lat="45.07721517428627" lon="2.5653291185398239">
        <ele>1148</ele>
      </trkpt>
      <trkpt lat="45.07721517428627" lon="2.5653291185398239">
        <ele>1148</ele>
      </trkpt>
      <trkpt lat="45.07730116345603" lon="2.5649885561701247">
        <ele>1146</ele>
      </trkpt>
      <trkpt lat="45.07736982643524" lon="2.5640091550638879">
        <ele>1140</ele>
      </trkpt>
      <trkpt lat="45.07739748235742" lon="2.5631155826816641">
        <ele>1138</ele>
      </trkpt>
      <trkpt lat="45.07749094030135" lon="2.5622010299446814">
        <ele>1135</ele>
      </trkpt>
      <trkpt lat="45.07753099370589" lon="2.5621123402632011">
        <ele>1134</ele>
      </trkpt>
      <trkpt lat="45.07757200076291" lon="2.5620236505817213">
        <ele>1134</ele>
      </trkpt>
      <trkpt lat="45.07763112721724" lon="2.5619464047301097">
        <ele>1134</ele>
      </trkpt>
      <trkpt lat="45.07769025367156" lon="2.5618691588784976">
        <ele>1133</ele>
      </trkpt>
      <trkpt lat="45.07776368491321" lon="2.561761396147237">
        <ele>1132</ele>
      </trkpt>
      <trkpt lat="45.0777903871829" lon="2.5616841502956254">
        <ele>1132</ele>
      </trkpt>
      <trkpt lat="45.07781804310508" lon="2.5616078580965027">
        <ele>1132</ele>
      </trkpt>
      <trkpt lat="45.07787240129696" lon="2.5614867442303955">
        <ele>1132</ele>
      </trkpt>
      <trkpt lat="45.07793248140377" lon="2.5614199885561635">
        <ele>1131</ele>
      </trkpt>
      <trkpt lat="45.07802307839023" lon="2.5614028228113606">
        <ele>1128</ele>
      </trkpt>
      <trkpt lat="45.0780955559794" lon="2.5614466908258562">
        <ele>1125</ele>
      </trkpt>
      <trkpt lat="45.07815086782376" lon="2.5615391951172923">
        <ele>1121</ele>
      </trkpt>
      <trkpt lat="45.07815182147625" lon="2.5616069044440137">
        <ele>1121</ele>
      </trkpt>
      <trkpt lat="45.07815277512874" lon="2.5616755674232241">
        <ele>1120</ele>
      </trkpt>
      <trkpt lat="45.07812702651153" lon="2.5617385084875002">
        <ele>1120</ele>
      </trkpt>
      <trkpt lat="45.07810127789433" lon="2.5618024032042657">
        <ele>1120</ele>
      </trkpt>
      <trkpt lat="45.07800305168796" lon="2.5619025367156141">
        <ele>1122</ele>
      </trkpt>
      <trkpt lat="45.07789433530421" lon="2.5619731069998024">
        <ele>1124</ele>
      </trkpt>
      <trkpt lat="45.07778561892046" lon="2.5620446309364797">
        <ele>1127</ele>
      </trkpt>
      <trkpt lat="45.07766164409689" lon="2.5622925805836285">
        <ele>1127</ele>
      </trkpt>
      <trkpt lat="45.07776845317566" lon="2.5629677665458637">
        <ele>1122</ele>
      </trkpt>
      <trkpt lat="45.07781708945259" lon="2.5630392904825414">
        <ele>1120</ele>
      </trkpt>
      <trkpt lat="45.07786667938203" lon="2.5631117680717077">
        <ele>1118</ele>
      </trkpt>
      <trkpt lat="45.07818806027083" lon="2.5642323097463215">
        <ele>1109</ele>
      </trkpt>
      <trkpt lat="45.07825592014822" lon="2.564817544259387">
        <ele>1106</ele>
      </trkpt>
      <trkpt lat="45.07825592014822" lon="2.564817544259387">
        <ele>1106</ele>
      </trkpt>
      <trkpt lat="45.0783301544917" lon="2.5654577531947291">
        <ele>1101</ele>
      </trkpt>
      <trkpt lat="45.07818519931336" lon="2.5662864772076985">
        <ele>1101</ele>
      </trkpt>
      <trkpt lat="45.07809460232691" lon="2.5666297921037504">
        <ele>1100</ele>
      </trkpt>
      <trkpt lat="45.07789624260919" lon="2.566902536715614">
        <ele>1101</ele>
      </trkpt>
      <trkpt lat="45.07780469197024" lon="2.5669998092694954">
        <ele>1103</ele>
      </trkpt>
      <trkpt lat="45.07771409498378" lon="2.5670970818233769">
        <ele>1104</ele>
      </trkpt>
      <trkpt lat="45.07767880984169" lon="2.567160976540142">
        <ele>1104</ele>
      </trkpt>
      <trkpt lat="45.07764447835208" lon="2.567224871256907">
        <ele>1104</ele>
      </trkpt>
      <trkpt lat="45.07768262445164" lon="2.567514781613573">
        <ele>1099</ele>
      </trkpt>
      <trkpt lat="45.07767880984169" lon="2.567598703032608">
        <ele>1099</ele>
      </trkpt>
      <trkpt lat="45.07767594888422" lon="2.5676835781041318">
        <ele>1098</ele>
      </trkpt>
      <trkpt lat="45.07756913980545" lon="2.5679525081060395">
        <ele>1100</ele>
      </trkpt>
      <trkpt lat="45.07765973679191" lon="2.5683053595269816">
        <ele>1095</ele>
      </trkpt>
      <trkpt lat="45.07785046728971" lon="2.5685571237840863">
        <ele>1087</ele>
      </trkpt>
      <trkpt lat="45.07788193782185" lon="2.5686782376501935">
        <ele>1085</ele>
      </trkpt>
      <trkpt lat="45.07791340835399" lon="2.5687993515163008">
        <ele>1083</ele>
      </trkpt>
      <trkpt lat="45.07788003051687" lon="2.5690425329010043">
        <ele>1083</ele>
      </trkpt>
      <trkpt lat="45.07779229448789" lon="2.5693810795346108">
        <ele>1083</ele>
      </trkpt>
      <trkpt lat="45.0776254053023" lon="2.5699704367728331">
        <ele>1085</ele>
      </trkpt>
      <trkpt lat="45.07757962998283" lon="2.5702374594697623">
        <ele>1085</ele>
      </trkpt>
      <trkpt lat="45.07767690253671" lon="2.5705149723440708">
        <ele>1080</ele>
      </trkpt>
      <trkpt lat="45.07768167079915" lon="2.5705836353232812">
        <ele>1079</ele>
      </trkpt>
      <trkpt lat="45.07768739271409" lon="2.570653251954981">
        <ele>1078</ele>
      </trkpt>
      <trkpt lat="45.07765306122448" lon="2.5707629219912196">
        <ele>1079</ele>
      </trkpt>
      <trkpt lat="45.07761872973488" lon="2.5708725920274582">
        <ele>1079</ele>
      </trkpt>
      <trkpt lat="45.07761014686248" lon="2.5709689109288507">
        <ele>1079</ele>
      </trkpt>
      <trkpt lat="45.07770169750142" lon="2.5713684913217554">
        <ele>1074</ele>
      </trkpt>
      <trkpt lat="45.0776683196643" lon="2.571702269692917">
        <ele>1074</ele>
      </trkpt>
      <trkpt lat="45.07755388136562" lon="2.5720989891283548">
        <ele>1075</ele>
      </trkpt>
      <trkpt lat="45.07749666221628" lon="2.5730164028228044">
        <ele>1065</ele>
      </trkpt>
      <trkpt lat="45.0774079725348" lon="2.5732853328247121">
        <ele>1064</ele>
      </trkpt>
      <trkpt lat="45.07736410452031" lon="2.5733835590310821">
        <ele>1065</ele>
      </trkpt>
      <trkpt lat="45.0773211901583" lon="2.5734817852374525">
        <ele>1067</ele>
      </trkpt>
      <trkpt lat="45.07723536143428" lon="2.5738107953461689">
        <ele>1067</ele>
      </trkpt>
      <trkpt lat="45.07723059317184" lon="2.5739042532900944">
        <ele>1067</ele>
      </trkpt>
      <trkpt lat="45.07722677856189" lon="2.5739977112340195">
        <ele>1066</ele>
      </trkpt>
      <trkpt lat="45.07723822239176" lon="2.5740892618729667">
        <ele>1064</ele>
      </trkpt>
      <trkpt lat="45.07724966622163" lon="2.5741808125119139">
        <ele>1064</ele>
      </trkpt>
      <trkpt lat="45.07731356093839" lon="2.5742466145336573">
        <ele>1062</ele>
      </trkpt>
      <trkpt lat="45.07737840930764" lon="2.5743133702078893">
        <ele>1061</ele>
      </trkpt>
      <trkpt lat="45.07748521838641" lon="2.5742685485409047">
        <ele>1058</ele>
      </trkpt>
      <trkpt lat="45.07758725920274" lon="2.5741722296395126">
        <ele>1057</ele>
      </trkpt>
      <trkpt lat="45.07763208086973" lon="2.5740930764829226">
        <ele>1058</ele>
      </trkpt>
      <trkpt lat="45.0776778561892" lon="2.5740139233263331">
        <ele>1058</ele>
      </trkpt>
      <trkpt lat="45.07802021743276" lon="2.5729792103757321">
        <ele>1057</ele>
      </trkpt>
      <trkpt lat="45.07843124165554" lon="2.5724566088117422">
        <ele>1050</ele>
      </trkpt>
      <trkpt lat="45.07847129506008" lon="2.5723641045203061">
        <ele>1050</ele>
      </trkpt>
      <trkpt lat="45.0785123021171" lon="2.5722716002288699">
        <ele>1050</ele>
      </trkpt>
      <trkpt lat="45.07863913789814" lon="2.5718472248712501">
        <ele>1049</ele>
      </trkpt>
      <trkpt lat="45.07886324623306" lon="2.5715115391951104">
        <ele>1046</ele>
      </trkpt>
      <trkpt lat="45.07907686439061" lon="2.5711777608239488">
        <ele>1041</ele>
      </trkpt>
      <trkpt lat="45.07934102613007" lon="2.5708687774175023">
        <ele>1039</ele>
      </trkpt>
      <trkpt lat="45.07952508106045" lon="2.5704405874499265">
        <ele>1036</ele>
      </trkpt>
      <trkpt lat="45.07999999999999" lon="2.5697987793248074">
        <ele>1025</ele>
      </trkpt>
      <trkpt lat="45.08000000000001" lon="2.5697987793248074">
        <ele>1025</ele>
      </trkpt>
      <trkpt lat="45.08006294106428" lon="2.5697119969483051">
        <ele>1024</ele>
      </trkpt>
      <trkpt lat="45.08012588212856" lon="2.5696261682242922">
        <ele>1024</ele>
      </trkpt>
      <trkpt lat="45.08036143429334" lon="2.5693658210947863">
        <ele>1019</ele>
      </trkpt>
      <trkpt lat="45.08065802021743" lon="2.5690844936105215">
        <ele>1013</ele>
      </trkpt>
      <trkpt lat="45.08077150486363" lon="2.5690167842838001">
        <ele>1012</ele>
      </trkpt>
      <trkpt lat="45.08088498950983" lon="2.5689500286095677">
        <ele>1012</ele>
      </trkpt>
      <trkpt lat="45.08099084493611" lon="2.5688460804882634">
        <ele>1011</ele>
      </trkpt>
      <trkpt lat="45.08109670036239" lon="2.5687430860194476">
        <ele>1011</ele>
      </trkpt>
      <trkpt lat="45.08131127217242" lon="2.5684112149532643">
        <ele>1007</ele>
      </trkpt>
      <trkpt lat="45.08142380316613" lon="2.5683053595269816">
        <ele>1005</ele>
      </trkpt>
      <trkpt lat="45.08153633415984" lon="2.5682004577531878">
        <ele>1006</ele>
      </trkpt>
      <trkpt lat="45.08193400724776" lon="2.567775128743079">
        <ele>1005</ele>
      </trkpt>
      <trkpt lat="45.08205035285143" lon="2.5677064657638686">
        <ele>1004</ele>
      </trkpt>
      <trkpt lat="45.08216765210758" lon="2.5676387564371477">
        <ele>1002</ele>
      </trkpt>
      <trkpt lat="45.08241274079726" lon="2.5675443448407331">
        <ele>999</ele>
      </trkpt>
      <trkpt lat="45.08252622544345" lon="2.5675548350181128">
        <ele>997</ele>
      </trkpt>
      <trkpt lat="45.08263589547969" lon="2.5676034712950533">
        <ele>997</ele>
      </trkpt>
      <trkpt lat="45.0827217242037" lon="2.5676807171466649">
        <ele>997</ele>
      </trkpt>
      <trkpt lat="45.08277703604806" lon="2.5677121876788029">
        <ele>997</ele>
      </trkpt>
      <trkpt lat="45.08286381842457" lon="2.5676950219340005">
        <ele>996</ele>
      </trkpt>
      <trkpt lat="45.08295632271601" lon="2.567628266259768">
        <ele>995</ele>
      </trkpt>
      <trkpt lat="45.0830698073622" lon="2.5675929811176741">
        <ele>993</ele>
      </trkpt>
      <trkpt lat="45.08316231165364" lon="2.5676158687774109">
        <ele>993</ele>
      </trkpt>
      <trkpt lat="45.08326912073241" lon="2.5676053786000312">
        <ele>991</ele>
      </trkpt>
      <trkpt lat="45.08335208849896" lon="2.567532901010865">
        <ele>989</ele>
      </trkpt>
      <trkpt lat="45.08339404920847" lon="2.5674670989891215">
        <ele>988</ele>
      </trkpt>
      <trkpt lat="45.08343696357048" lon="2.5674022506198675">
        <ele>988</ele>
      </trkpt>
      <trkpt lat="45.08354186534427" lon="2.5673087926759419">
        <ele>986</ele>
      </trkpt>
      <trkpt lat="45.08404157924853" lon="2.5670093457943857">
        <ele>979</ele>
      </trkpt>
      <trkpt lat="45.08404157924853" lon="2.5670093457943857">
        <ele>979</ele>
      </trkpt>
      <trkpt lat="45.08415411024223" lon="2.5669158878504605">
        <ele>977</ele>
      </trkpt>
      <trkpt lat="45.08426759488842" lon="2.5668233835590244">
        <ele>975</ele>
      </trkpt>
      <trkpt lat="45.08433911882511" lon="2.5668128933816448">
        <ele>975</ele>
      </trkpt>
      <trkpt lat="45.08441064276178" lon="2.5668024032042656">
        <ele>975</ele>
      </trkpt>
      <trkpt lat="45.08521838641999" lon="2.5669111195880152">
        <ele>970</ele>
      </trkpt>
      <trkpt lat="45.08527465191685" lon="2.5669988556170065">
        <ele>970</ele>
      </trkpt>
      <trkpt lat="45.08533187106619" lon="2.5670865916459973">
        <ele>969</ele>
      </trkpt>
      <trkpt lat="45.08587545298494" lon="2.5690043868014429">
        <ele>961</ele>
      </trkpt>
      <trkpt lat="45.0869740606523" lon="2.5717308792675881">
        <ele>944</ele>
      </trkpt>
      <trkpt lat="45.08768453175663" lon="2.5727150486362702">
        <ele>935</ele>
      </trkpt>
      <trkpt lat="45.08791817661645" lon="2.5737001716574412">
        <ele>935</ele>
      </trkpt>
      <trkpt lat="45.0879916078581" lon="2.5737860003814541">
        <ele>935</ele>
      </trkpt>
      <trkpt lat="45.08805359526988" lon="2.5737917222963884">
        <ele>935</ele>
      </trkpt>
      <trkpt lat="45.08811558268167" lon="2.5737974442113227">
        <ele>935</ele>
      </trkpt>
      <trkpt lat="45.08821285523555" lon="2.573723059317178">
        <ele>934</ele>
      </trkpt>
      <trkpt lat="45.08827484264734" lon="2.573659164600413">
        <ele>934</ele>
      </trkpt>
      <trkpt lat="45.08833683005913" lon="2.5735952698836475">
        <ele>934</ele>
      </trkpt>
      <trkpt lat="45.08833683005913" lon="2.5735952698836475">
        <ele>934</ele>
      </trkpt>
      <trkpt lat="45.08843982452795" lon="2.573352088498944">
        <ele>936</ele>
      </trkpt>
      <trkpt lat="45.08851897768454" lon="2.5730192637802718">
        <ele>938</ele>
      </trkpt>
      <trkpt lat="45.08855998474156" lon="2.5725224108334857">
        <ele>939</ele>
      </trkpt>
      <trkpt lat="45.08857635305876" lon="2.5711919004790205">
        <ele>940</ele>
      </trkpt>
      <trkpt lat="45.08857635305876" lon="2.5711919004790205">
        <ele>940</ele>
      </trkpt>
      <trkpt lat="45.0886000381461" lon="2.5692666412359269">
        <ele>937</ele>
      </trkpt>
      <trkpt lat="45.08883654396338" lon="2.5677121876788029">
        <ele>934</ele>
      </trkpt>
      <trkpt lat="45.08947453747854" lon="2.5664829296204394">
        <ele>940</ele>
      </trkpt>
      <trkpt lat="45.08981689872211" lon="2.5644688155636017">
        <ele>932</ele>
      </trkpt>
      <trkpt lat="45.09013255769598" lon="2.5632939156971131">
        <ele>927</ele>
      </trkpt>
      <trkpt lat="45.09013255769598" lon="2.5632939156971131">
        <ele>927</ele>
      </trkpt>
      <trkpt lat="45.0902345985123" lon="2.5632462330726615">
        <ele>929</ele>
      </trkpt>
      <trkpt lat="45.09042914362007" lon="2.5630383368300524">
        <ele>931</ele>
      </trkpt>
      <trkpt lat="45.09173469387756" lon="2.5622019835971703">
        <ele>943</ele>
      </trkpt>
      <trkpt lat="45.09185008582872" lon="2.5621056646957778">
        <ele>943</ele>
      </trkpt>
      <trkpt lat="45.09217909593745" lon="2.5615592218195622">
        <ele>942</ele>
      </trkpt>
      <trkpt lat="45.09234312416556" lon="2.5614896051878628">
        <ele>945</ele>
      </trkpt>
      <trkpt lat="45.09234312416556" lon="2.5614896051878628">
        <ele>945</ele>
      </trkpt>
      <trkpt lat="45.09244135037193" lon="2.5616650772458449">
        <ele>946</ele>
      </trkpt>
      <trkpt lat="45.09249856952127" lon="2.5618462712187609">
        <ele>947</ele>
      </trkpt>
      <trkpt lat="45.09250715239367" lon="2.5622277322143741">
        <ele>947</ele>
      </trkpt>
      <trkpt lat="45.09254243753576" lon="2.5629792103757323">
        <ele>950</ele>
      </trkpt>
      <trkpt lat="45.09258535189777" lon="2.5634970436772773">
        <ele>952</ele>
      </trkpt>
      <trkpt lat="45.09283044058746" lon="2.5652994468815495">
        <ele>950</ele>
      </trkpt>
      <trkpt lat="45.09288003051688" lon="2.5657181003242351">
        <ele>948</ele>
      </trkpt>
      <trkpt lat="45.09287621590693" lon="2.5661720389090146">
        <ele>950</ele>
      </trkpt>
      <trkpt lat="45.09290864009155" lon="2.5670627503337715">
        <ele>952</ele>
      </trkpt>
      <trkpt lat="45.09295060080107" lon="2.5673927140949768">
        <ele>952</ele>
      </trkpt>
      <trkpt lat="45.09308888041198" lon="2.5682300209803479">
        <ele>951</ele>
      </trkpt>
      <trkpt lat="45.09323765020027" lon="2.5691913026892932">
        <ele>954</ele>
      </trkpt>
      <trkpt lat="45.09349704367729" lon="2.5706570665649369">
        <ele>953</ele>
      </trkpt>
      <trkpt lat="45.09358573335876" lon="2.5709507915315593">
        <ele>953</ele>
      </trkpt>
      <trkpt lat="45.09401487697883" lon="2.5716679382033121">
        <ele>943</ele>
      </trkpt>
      <trkpt lat="45.09423135609384" lon="2.5721142475681793">
        <ele>942</ele>
      </trkpt>
      <trkpt lat="45.09436296013733" lon="2.5726292199122573">
        <ele>946</ele>
      </trkpt>
      <trkpt lat="45.09471008964334" lon="2.5737888613389215">
        <ele>950</ele>
      </trkpt>
      <trkpt lat="45.09483787907687" lon="2.5742542437535696">
        <ele>953</ele>
      </trkpt>
      <trkpt lat="45.09503719244707" lon="2.5746366584016718">
        <ele>950</ele>
      </trkpt>
      <trkpt lat="45.09545203127981" lon="2.5754815945069547">
        <ele>939</ele>
      </trkpt>
      <trkpt lat="45.09557982071333" lon="2.5759212283043991">
        <ele>937</ele>
      </trkpt>
      <trkpt lat="45.09563608621019" lon="2.5763999618538937">
        <ele>938</ele>
      </trkpt>
      <trkpt lat="45.09555121113866" lon="2.5781527751287361">
        <ele>936</ele>
      </trkpt>
      <trkpt lat="45.09544440205989" lon="2.5785285142094154">
        <ele>941</ele>
      </trkpt>
      <trkpt lat="45.09543105092504" lon="2.5788193782185704">
        <ele>941</ele>
      </trkpt>
      <trkpt lat="45.09542342170514" lon="2.579301926378021">
        <ele>940</ele>
      </trkpt>
      <trkpt lat="45.09536715620828" lon="2.5796852946786122">
        <ele>942</ele>
      </trkpt>
      <trkpt lat="45.09538432195308" lon="2.579999999999993">
        <ele>940</ele>
      </trkpt>
      <trkpt lat="45.09538432195308" lon="2.5800000000000036">
        <ele>940</ele>
      </trkpt>
      <trkpt lat="45.0954091169178" lon="2.5804663360671407">
        <ele>941</ele>
      </trkpt>
      <trkpt lat="45.09616822429907" lon="2.5843400724775925">
        <ele>949</ele>
      </trkpt>
      <trkpt lat="45.09657257295442" lon="2.5858649628075563">
        <ele>948</ele>
      </trkpt>
      <trkpt lat="45.09667175281328" lon="2.5861386610719088">
        <ele>947</ele>
      </trkpt>
      <trkpt lat="45.09684245660881" lon="2.5863904253290135">
        <ele>948</ele>
      </trkpt>
      <trkpt lat="45.09722773221439" lon="2.5865601754720613">
        <ele>942</ele>
      </trkpt>
      <trkpt lat="45.0973917604425" lon="2.5865925996566883">
        <ele>939</ele>
      </trkpt>
      <trkpt lat="45.09753194735838" lon="2.5866841502956355">
        <ele>937</ele>
      </trkpt>
      <trkpt lat="45.09760919321" lon="2.5868024032042758">
        <ele>937</ele>
      </trkpt>
      <trkpt lat="45.0978876597368" lon="2.5880459660499748">
        <ele>945</ele>
      </trkpt>
      <trkpt lat="45.09795946662353" lon="2.5882539839383543">
        <ele>946</ele>
      </trkpt>
      <trkpt lat="45.09795946662353" lon="2.5882539839383543">
        <ele>946</ele>
      </trkpt>
      <trkpt lat="45.09798016402823" lon="2.5883139423993931">
        <ele>946</ele>
      </trkpt>
      <trkpt lat="45.09846748045013" lon="2.5891007057028452">
        <ele>947</ele>
      </trkpt>
      <trkpt lat="45.09869444974252" lon="2.5894344840740069">
        <ele>949</ele>
      </trkpt>
      <trkpt lat="45.09952412740797" lon="2.5904558458897613">
        <ele>948</ele>
      </trkpt>
      <trkpt lat="45.09973583826054" lon="2.59082204844555">
        <ele>947</ele>
      </trkpt>
      <trkpt lat="45.09988556170132" lon="2.5913494182719852">
        <ele>950</ele>
      </trkpt>
      <trkpt lat="45.1" lon="2.5915277512874342">
        <ele>947</ele>
      </trkpt>
      <trkpt lat="45.10000000000002" lon="2.5915277512874342">
        <ele>947</ele>
      </trkpt>
      <trkpt lat="45.10015544535572" lon="2.5917699790196487">
        <ele>948</ele>
      </trkpt>
      <trkpt lat="45.10091550638948" lon="2.5927407972534842">
        <ele>940</ele>
      </trkpt>
      <trkpt lat="45.1011491512493" lon="2.5932939156971235">
        <ele>941</ele>
      </trkpt>
      <trkpt lat="45.10143429334352" lon="2.5941150104901807">
        <ele>941</ele>
      </trkpt>
      <trkpt lat="45.10149914171277" lon="2.5943686820522638">
        <ele>941</ele>
      </trkpt>
      <trkpt lat="45.10155349990465" lon="2.5944583253862326">
        <ele>941</ele>
      </trkpt>
      <trkpt lat="45.10167175281329" lon="2.5945336639328662">
        <ele>940</ele>
      </trkpt>
      <trkpt lat="45.10167175281329" lon="2.5945336639328662">
        <ele>940</ele>
      </trkpt>
      <trkpt lat="45.10178428380699" lon="2.594555597940114">
        <ele>940</ele>
      </trkpt>
      <trkpt lat="45.10178428380699" lon="2.594555597940114">
        <ele>940</ele>
      </trkpt>
      <trkpt lat="45.10222677856191" lon="2.5945975586496317">
        <ele>942</ele>
      </trkpt>
      <trkpt lat="45.10248712569141" lon="2.5946109097844778">
        <ele>944</ele>
      </trkpt>
      <trkpt lat="45.10268262445167" lon="2.5945403395002895">
        <ele>944</ele>
      </trkpt>
      <trkpt lat="45.10268262445167" lon="2.5945403395002895">
        <ele>944</ele>
      </trkpt>
      <trkpt lat="45.1027484264734" lon="2.5945050543581951">
        <ele>944</ele>
      </trkpt>
      <trkpt lat="45.10281518214764" lon="2.5944707228685902">
        <ele>944</ele>
      </trkpt>
      <trkpt lat="45.10281518214764" lon="2.5944707228685902">
        <ele>944</ele>
      </trkpt>
      <trkpt lat="45.10287335494947" lon="2.594444020598897">
        <ele>944</ele>
      </trkpt>
      <trkpt lat="45.10283425519742" lon="2.5942189586114854">
        <ele>943</ele>
      </trkpt>
      <trkpt lat="45.10273888994852" lon="2.593892809460236">
        <ele>943</ele>
      </trkpt>
      <trkpt lat="45.10263017356477" lon="2.5937020789624294">
        <ele>942</ele>
      </trkpt>
      <trkpt lat="45.10239080679002" lon="2.5935523555216515">
        <ele>941</ele>
      </trkpt>
      <trkpt lat="45.10230402441352" lon="2.5934493610528357">
        <ele>940</ele>
      </trkpt>
      <trkpt lat="45.10222963951937" lon="2.5932633988174745">
        <ele>940</ele>
      </trkpt>
      <trkpt lat="45.10218672515737" lon="2.5930650390997556">
        <ele>940</ele>
      </trkpt>
      <trkpt lat="45.10212664505056" lon="2.5926187297348879">
        <ele>940</ele>
      </trkpt>
      <trkpt lat="45.10214190349038" lon="2.5924909403013574">
        <ele>940</ele>
      </trkpt>
      <trkpt lat="45.10229448788863" lon="2.5920741941636503">
        <ele>940</ele>
      </trkpt>
      <trkpt lat="45.10242704558461" lon="2.5919263780278499">
        <ele>941</ele>
      </trkpt>
      <trkpt lat="45.10329582300211" lon="2.5911491512492884">
        <ele>950</ele>
      </trkpt>
      <trkpt lat="45.10336353232884" lon="2.591000381460999">
        <ele>952</ele>
      </trkpt>
      <trkpt lat="45.10336543963381" lon="2.5907600610337629">
        <ele>955</ele>
      </trkpt>
      <trkpt lat="45.10318519931339" lon="2.5900848750715273">
        <ele>963</ele>
      </trkpt>
      <trkpt lat="45.10306694640474" lon="2.5898846080488305">
        <ele>964</ele>
      </trkpt>
      <trkpt lat="45.10263780278468" lon="2.5890263208087005">
        <ele>969</ele>
      </trkpt>
      <trkpt lat="45.10259980087856" lon="2.588918202709614">
        <ele>971</ele>
      </trkpt>
      <trkpt lat="45.10259980087856" lon="2.588918202709614">
        <ele>971</ele>
      </trkpt>
      <trkpt lat="45.10257009345796" lon="2.588833683005916">
        <ele>972</ele>
      </trkpt>
      <trkpt lat="45.10239748235744" lon="2.5882614915124962">
        <ele>978</ele>
      </trkpt>
      <trkpt lat="45.10210852565326" lon="2.5876292199122672">
        <ele>980</ele>
      </trkpt>
      <trkpt lat="45.10196547777991" lon="2.5872925805836386">
        <ele>982</ele>
      </trkpt>
      <trkpt lat="45.10186820522603" lon="2.5868643906160629">
        <ele>985</ele>
      </trkpt>
      <trkpt lat="45.10187423333535" lon="2.5868147549073557">
        <ele>986</ele>
      </trkpt>
      <trkpt lat="45.10187423333535" lon="2.5868147549073557">
        <ele>986</ele>
      </trkpt>
      <trkpt lat="45.10188089450217" lon="2.5867599065763578">
        <ele>987</ele>
      </trkpt>
      <trkpt lat="45.10188089450217" lon="2.5867599065763578">
        <ele>987</ele>
      </trkpt>
      <trkpt lat="45.10191302689302" lon="2.5864953271028073">
        <ele>991</ele>
      </trkpt>
      <trkpt lat="45.10184054930384" lon="2.5858678237650232">
        <ele>995</ele>
      </trkpt>
      <trkpt lat="45.10184054930384" lon="2.5858678237650232">
        <ele>995</ele>
      </trkpt>
      <trkpt lat="45.10180812511922" lon="2.5851354186534463">
        <ele>998</ele>
      </trkpt>
      <trkpt lat="45.10175281327486" lon="2.5841493419797859">
        <ele>997</ele>
      </trkpt>
      <trkpt lat="45.10175622856439" lon="2.5840914717960684">
        <ele>997</ele>
      </trkpt>
      <trkpt lat="45.10175622856576" lon="2.5840914717728132">
        <ele>997</ele>
      </trkpt>
      <trkpt lat="45.10196357047493" lon="2.5842046538241501">
        <ele>1005</ele>
      </trkpt>
      <trkpt lat="45.10196357047493" lon="2.5842046538241501">
        <ele>1005</ele>
      </trkpt>
      <trkpt lat="45.10192828533284" lon="2.5843248140377679">
        <ele>1003</ele>
      </trkpt>
      <trkpt lat="45.10194926568759" lon="2.5845365248903334">
        <ele>1004</ele>
      </trkpt>
      <trkpt lat="45.10194354377266" lon="2.5847997329773067">
        <ele>1004</ele>
      </trkpt>
      <trkpt lat="45.10199218004961" lon="2.5850915506389507">
        <ele>1005</ele>
      </trkpt>
      <trkpt lat="45.10212473774558" lon="2.585421514400156">
        <ele>1007</ele>
      </trkpt>
      <trkpt lat="45.1021838641999" lon="2.5854701506770965">
        <ele>1009</ele>
      </trkpt>
      <trkpt lat="45.10226873927142" lon="2.5853843219530837">
        <ele>1012</ele>
      </trkpt>
      <trkpt lat="45.1024012969674" lon="2.5851401869158912">
        <ele>1018</ele>
      </trkpt>
      <trkpt lat="45.10251764257106" lon="2.5848588594316264">
        <ele>1023</ele>
      </trkpt>
      <trkpt lat="45.102642286651" lon="2.5846551400751632">
        <ele>1027</ele>
      </trkpt>
      <trkpt lat="45.102642286651" lon="2.5846551400751632">
        <ele>1027</ele>
      </trkpt>
      <trkpt lat="45.10266039095897" lon="2.5846509108666904">
        <ele>1028</ele>
      </trkpt>
      <trkpt lat="45.10266039095897" lon="2.5846509108666904">
        <ele>1028</ele>
      </trkpt>
      <trkpt lat="45.10269502193402" lon="2.5845689490749604">
        <ele>1029</ele>
      </trkpt>
      <trkpt lat="45.10269502193402" lon="2.5845689490749604">
        <ele>1029</ele>
      </trkpt>
      <trkpt lat="45.10288765973681" lon="2.5841369444974287">
        <ele>1034</ele>
      </trkpt>
      <trkpt lat="45.10299732977305" lon="2.5839547968720233">
        <ele>1037</ele>
      </trkpt>
      <trkpt lat="45.10340549303835" lon="2.583223345412935">
        <ele>1047</ele>
      </trkpt>
      <trkpt lat="45.10371066183484" lon="2.5826540148769821">
        <ele>1048</ele>
      </trkpt>
      <trkpt lat="45.10382223917606" lon="2.58255769597559">
        <ele>1050</ele>
      </trkpt>
      <trkpt lat="45.10404920846845" lon="2.5823354949456454">
        <ele>1054</ele>
      </trkpt>
      <trkpt lat="45.10416078580966" lon="2.5823269120732437">
        <ele>1057</ele>
      </trkpt>
      <trkpt lat="45.10443066946406" lon="2.5827102803738353">
        <ele>1072</ele>
      </trkpt>
      <trkpt lat="45.10448216669847" lon="2.5828600038146132">
        <ele>1077</ele>
      </trkpt>
      <trkpt lat="45.10437345031472" lon="2.5832490940301387">
        <ele>1080</ele>
      </trkpt>
      <trkpt lat="45.1042189586115" lon="2.5834064466908293">
        <ele>1077</ele>
      </trkpt>
      <trkpt lat="45.10427370094331" lon="2.5837479345702579">
        <ele>1079</ele>
      </trkpt>
      <trkpt lat="45.10427370094331" lon="2.5837479345702579">
        <ele>1079</ele>
      </trkpt>
      <trkpt lat="45.1042790387183" lon="2.5837812321190192">
        <ele>1080</ele>
      </trkpt>
      <trkpt lat="45.10444783520887" lon="2.5844468815563642">
        <ele>1087</ele>
      </trkpt>
      <trkpt lat="45.10454415411026" lon="2.584581346557318">
        <ele>1090</ele>
      </trkpt>
      <trkpt lat="45.10461472439444" lon="2.5847558649628111">
        <ele>1092</ele>
      </trkpt>
      <trkpt lat="45.10466717528134" lon="2.585128743086023">
        <ele>1092</ele>
      </trkpt>
      <trkpt lat="45.10480545489225" lon="2.585679954224684">
        <ele>1093</ele>
      </trkpt>
      <trkpt lat="45.10496280755294" lon="2.5859269502193434">
        <ele>1095</ele>
      </trkpt>
      <trkpt lat="45.1050972725539" lon="2.5860747663551438">
        <ele>1097</ele>
      </trkpt>
      <trkpt lat="45.1054711043296" lon="2.5870637039862707">
        <ele>1092</ele>
      </trkpt>
      <trkpt lat="45.10557791340837" lon="2.5871829105474">
        <ele>1093</ele>
      </trkpt>
      <trkpt lat="45.10620064848371" lon="2.5876406637421359">
        <ele>1097</ele>
      </trkpt>
      <trkpt lat="45.10635418653444" lon="2.587699790196456">
        <ele>1099</ele>
      </trkpt>
      <trkpt lat="45.1066269311463" lon="2.5876082395575088">
        <ele>1108</ele>
      </trkpt>
      <trkpt lat="45.10685580774367" lon="2.5875853518977721">
        <ele>1113</ele>
      </trkpt>
      <trkpt lat="45.10723059317186" lon="2.5874947549113139">
        <ele>1122</ele>
      </trkpt>
      <trkpt lat="45.10757295441542" lon="2.5875367156208311">
        <ele>1128</ele>
      </trkpt>
      <trkpt lat="45.10794392523366" lon="2.587555788670612">
        <ele>1132</ele>
      </trkpt>
      <trkpt lat="45.10829010108718" lon="2.5876282662597783">
        <ele>1135</ele>
      </trkpt>
      <trkpt lat="45.10810032424186" lon="2.5873440778180465">
        <ele>1139</ele>
      </trkpt>
      <trkpt lat="45.10791626931147" lon="2.5870989891283651">
        <ele>1144</ele>
      </trkpt>
      <trkpt lat="45.10781613580013" lon="2.5869435437726525">
        <ele>1147</ele>
      </trkpt>
      <trkpt lat="45.10782662597751" lon="2.5869101659355365">
        <ele>1148</ele>
      </trkpt>
      <trkpt lat="45.10805264161741" lon="2.5870532138088915">
        <ele>1146</ele>
      </trkpt>
      <trkpt lat="45.10857238222393" lon="2.5871275987030362">
        <ele>1153</ele>
      </trkpt>
      <trkpt lat="45.10880221247379" lon="2.5872010299446915">
        <ele>1155</ele>
      </trkpt>
      <trkpt lat="45.10908544726303" lon="2.5872315468243405">
        <ele>1160</ele>
      </trkpt>
      <trkpt lat="45.10921132939158" lon="2.5872582490940337">
        <ele>1163</ele>
      </trkpt>
      <trkpt lat="45.1092885752432" lon="2.5873745946976956">
        <ele>1162</ele>
      </trkpt>
      <trkpt lat="45.10942017928668" lon="2.5876234979973334">
        <ele>1164</ele>
      </trkpt>
      <trkpt lat="45.10960232691209" lon="2.5879963761205449">
        <ele>1169</ele>
      </trkpt>
      <trkpt lat="45.10963189013925" lon="2.5884388708754562">
        <ele>1169</ele>
      </trkpt>
      <trkpt lat="45.10985027655924" lon="2.5886048064085481">
        <ele>1177</ele>
      </trkpt>
      <trkpt lat="45.1106189204654" lon="2.5896194926568792">
        <ele>1198</ele>
      </trkpt>
      <trkpt lat="45.11147148579059" lon="2.5900362387945868">
        <ele>1211</ele>
      </trkpt>
      <trkpt lat="45.11197692160978" lon="2.5901249284760666">
        <ele>1221</ele>
      </trkpt>
      <trkpt lat="45.11226873927142" lon="2.5902489032996412">
        <ele>1224</ele>
      </trkpt>
      <trkpt lat="45.1124880793439" lon="2.5905998474156053">
        <ele>1220</ele>
      </trkpt>
      <trkpt lat="45.11262159069236" lon="2.5909450696166352">
        <ele>1216</ele>
      </trkpt>
      <trkpt lat="45.11269502193402" lon="2.5909927522410867">
        <ele>1217</ele>
      </trkpt>
      <trkpt lat="45.11306027083732" lon="2.5912330726683233">
        <ele>1224</ele>
      </trkpt>
      <trkpt lat="45.11315468243374" lon="2.5912769406828184">
        <ele>1226</ele>
      </trkpt>
      <trkpt lat="45.11318806027085" lon="2.5911586877741786">
        <ele>1230</ele>
      </trkpt>
      <trkpt lat="45.11321285523557" lon="2.5910032424184659">
        <ele>1235</ele>
      </trkpt>
      <trkpt lat="45.11326721342744" lon="2.5909393477017009">
        <ele>1238</ele>
      </trkpt>
      <trkpt lat="45.11375643715431" lon="2.59117680717147">
        <ele>1254</ele>
      </trkpt>
      <trkpt lat="45.11432386038529" lon="2.5915296585924121">
        <ele>1268</ele>
      </trkpt>
      <trkpt lat="45.11461090978449" lon="2.5918844173183326">
        <ele>1272</ele>
      </trkpt>
      <trkpt lat="45.11498474156019" lon="2.5920608430288037">
        <ele>1284</ele>
      </trkpt>
      <trkpt lat="45.11526797634943" lon="2.592211520122071">
        <ele>1295</ele>
      </trkpt>
      <trkpt lat="45.11527655922183" lon="2.5920541674613804">
        <ele>1298</ele>
      </trkpt>
      <trkpt lat="45.11520217432769" lon="2.5914533663932895">
        <ele>1308</ele>
      </trkpt>
      <trkpt lat="45.11535475872594" lon="2.5912550066755706">
        <ele>1319</ele>
      </trkpt>
      <trkpt lat="45.11563894716767" lon="2.5916116727064691">
        <ele>1321</ele>
      </trkpt>
      <trkpt lat="45.11597654014879" lon="2.5923402632080905">
        <ele>1324</ele>
      </trkpt>
      <trkpt lat="45.11602613007821" lon="2.5922744611863471">
        <ele>1327</ele>
      </trkpt>
      <trkpt lat="45.11607381270267" lon="2.5920122067518632">
        <ele>1331</ele>
      </trkpt>
      <trkpt lat="45.11604329582302" lon="2.5915096318901427">
        <ele>1335</ele>
      </trkpt>
      <trkpt lat="45.11602136181577" lon="2.5913179477398471">
        <ele>1336</ele>
      </trkpt>
      <trkpt lat="45.11606999809271" lon="2.5909393477017009">
        <ele>1340</ele>
      </trkpt>
      <trkpt lat="45.11613389280947" lon="2.5907438489414489">
        <ele>1342</ele>
      </trkpt>
      <trkpt lat="45.11623688727829" lon="2.5905216479115043">
        <ele>1342</ele>
      </trkpt>
      <trkpt lat="45.11631794773986" lon="2.5904615678046952">
        <ele>1342</ele>
      </trkpt>
      <trkpt lat="45.11638661071907" lon="2.5904787335494981">
        <ele>1342</ele>
      </trkpt>
      <trkpt lat="45.11653633415985" lon="2.5905569330535987">
        <ele>1341</ele>
      </trkpt>
      <trkpt lat="45.11658592408928" lon="2.5905254625214607">
        <ele>1341</ele>
      </trkpt>
      <trkpt lat="45.11658592408928" lon="2.5905254625214607">
        <ele>1341</ele>
      </trkpt>
      <trkpt lat="45.11682910547398" lon="2.590706656494377">
        <ele>1340</ele>
      </trkpt>
      <trkpt lat="45.11734121686059" lon="2.5910699980926983">
        <ele>1339</ele>
      </trkpt>
      <trkpt lat="45.1174966622163" lon="2.591143429334354">
        <ele>1339</ele>
      </trkpt>
      <trkpt lat="45.11758630555027" lon="2.591144382986843">
        <ele>1340</ele>
      </trkpt>
      <trkpt lat="45.117696929239" lon="2.5910871638375008">
        <ele>1341</ele>
      </trkpt>
      <trkpt lat="45.11795346175855" lon="2.5910576006103412">
        <ele>1344</ele>
      </trkpt>
      <trkpt lat="45.11806885370972" lon="2.5908811748998697">
        <ele>1344</ele>
      </trkpt>
      <trkpt lat="45.11812988746902" lon="2.59074289528896">
        <ele>1344</ele>
      </trkpt>
      <trkpt lat="45.11814323860386" lon="2.5906465763875679">
        <ele>1344</ele>
      </trkpt>
      <trkpt lat="45.11822239176045" lon="2.5904234217051338">
        <ele>1343</ele>
      </trkpt>
      <trkpt lat="45.11828437917224" lon="2.5902050352851456">
        <ele>1342</ele>
      </trkpt>
      <trkpt lat="45.11832920083923" lon="2.589931337020793">
        <ele>1340</ele>
      </trkpt>
      <trkpt lat="45.11846557314516" lon="2.5894821666984584">
        <ele>1337</ele>
      </trkpt>
      <trkpt lat="45.11870684722489" lon="2.5891932099942814">
        <ele>1338</ele>
      </trkpt>
      <trkpt lat="45.11870684722489" lon="2.5891932099942814">
        <ele>1338</ele>
      </trkpt>
      <trkpt lat="45.11887659736793" lon="2.5891827198169022">
        <ele>1341</ele>
      </trkpt>
      <trkpt lat="45.11905779134085" lon="2.5894068281518248">
        <ele>1346</ele>
      </trkpt>
      <trkpt lat="45.11931623116538" lon="2.5897472820904097">
        <ele>1354</ele>
      </trkpt>
      <trkpt lat="45.11954606141524" lon="2.5901087163837531">
        <ele>1363</ele>
      </trkpt>
      <trkpt lat="45.1197139042533" lon="2.59033854663361">
        <ele>1369</ele>
      </trkpt>
      <trkpt lat="45.12000000000001" lon="2.5904196070951779">
        <ele>1377</ele>
      </trkpt>
      <trkpt lat="45.12" lon="2.5904196070951779">
        <ele>1377</ele>
      </trkpt>
      <trkpt lat="45.1200524508869" lon="2.5904339118825135">
        <ele>1378</ele>
      </trkpt>
      <trkpt lat="45.1201478161358" lon="2.5905397673087962">
        <ele>1381</ele>
      </trkpt>
      <trkpt lat="45.12028418844173" lon="2.5907219149342016">
        <ele>1386</ele>
      </trkpt>
      <trkpt lat="45.12051687964905" lon="2.5908096509631924">
        <ele>1392</ele>
      </trkpt>
      <trkpt lat="45.12057600610337" lon="2.590855426282666">
        <ele>1394</ele>
      </trkpt>
      <trkpt lat="45.12076864390615" lon="2.5909536524890364">
        <ele>1399</ele>
      </trkpt>
      <trkpt lat="45.12089834064466" lon="2.5910375739080713">
        <ele>1402</ele>
      </trkpt>
      <trkpt lat="45.12104615678047" lon="2.5911157734121719">
        <ele>1406</ele>
      </trkpt>
      <trkpt lat="45.12126740415792" lon="2.5911796681289374">
        <ele>1412</ele>
      </trkpt>
      <trkpt lat="45.12137421323669" lon="2.5912283044058779">
        <ele>1414</ele>
      </trkpt>
      <trkpt lat="45.12155063894716" lon="2.5913417890520729">
        <ele>1419</ele>
      </trkpt>
      <trkpt lat="45.12155063894716" lon="2.5913417890520729">
        <ele>1419</ele>
      </trkpt>
      <trkpt lat="45.12161071905397" lon="2.5913112721724239">
        <ele>1420</ele>
      </trkpt>
      <trkpt lat="45.12168319664314" lon="2.5912998283425552">
        <ele>1422</ele>
      </trkpt>
      <trkpt lat="45.12177570093458" lon="2.591405683768838">
        <ele>1424</ele>
      </trkpt>
      <trkpt lat="45.12191016593553" lon="2.59158115582682">
        <ele>1428</ele>
      </trkpt>
      <trkpt lat="45.12235361434293" lon="2.5919158878504707">
        <ele>1439</ele>
      </trkpt>
      <trkpt lat="45.12278657257295" lon="2.5922592027465226">
        <ele>1451</ele>
      </trkpt>
      <trkpt lat="45.12308315849704" lon="2.5923669654777832">
        <ele>1458</ele>
      </trkpt>
      <trkpt lat="45.12323192828533" lon="2.5924899866488684">
        <ele>1463</ele>
      </trkpt>
      <trkpt lat="45.12342075147816" lon="2.5926072859050198">
        <ele>1467</ele>
      </trkpt>
      <trkpt lat="45.12354567995422" lon="2.5927150486362804">
        <ele>1470</ele>
      </trkpt>
      <trkpt lat="45.12362960137325" lon="2.5928418844173216">
        <ele>1473</ele>
      </trkpt>
      <trkpt lat="45.12390616059508" lon="2.5933072668319697">
        <ele>1482</ele>
      </trkpt>
      <trkpt lat="45.12403108907114" lon="2.5933358764066408">
        <ele>1485</ele>
      </trkpt>
      <trkpt lat="45.12426378027846" lon="2.5935533091741405">
        <ele>1491</ele>
      </trkpt>
      <trkpt lat="45.12441445737173" lon="2.5937602517642606">
        <ele>1496</ele>
      </trkpt>
      <trkpt lat="45.12458992942971" lon="2.5940635132557732">
        <ele>1503</ele>
      </trkpt>
      <trkpt lat="45.12458992942971" lon="2.5940635132557732">
        <ele>1503</ele>
      </trkpt>
      <trkpt lat="45.12472439443066" lon="2.5940444402059923">
        <ele>1506</ele>
      </trkpt>
      <trkpt lat="45.1249647148579" lon="2.5939443066946439">
        <ele>1509</ele>
      </trkpt>
      <trkpt lat="45.12529563227159" lon="2.5937659736791949">
        <ele>1511</ele>
      </trkpt>
      <trkpt lat="45.12550162120922" lon="2.5935094411596449">
        <ele>1511</ele>
      </trkpt>
      <trkpt lat="45.12574480259393" lon="2.5932662597749414">
        <ele>1510</ele>
      </trkpt>
      <trkpt lat="45.12600705702842" lon="2.5930764829296238">
        <ele>1510</ele>
      </trkpt>
      <trkpt lat="45.12637421323669" lon="2.5928561892046571">
        <ele>1511</ele>
      </trkpt>
      <trkpt lat="45.12666126263589" lon="2.5927007438489449">
        <ele>1512</ele>
      </trkpt>
      <trkpt lat="45.12714476444783" lon="2.592502384131226">
        <ele>1513</ele>
      </trkpt>
      <trkpt lat="45.12750619874117" lon="2.5924842647339346">
        <ele>1518</ele>
      </trkpt>
      <trkpt lat="45.12807362197215" lon="2.5922191493419833">
        <ele>1505</ele>
      </trkpt>
      <trkpt lat="45.12834445927903" lon="2.5919378218577185">
        <ele>1507</ele>
      </trkpt>
      <trkpt lat="45.1287211520122" lon="2.5913036429525116">
        <ele>1513</ele>
      </trkpt>
      <trkpt lat="45.12878886133893" lon="2.591143429334354">
        <ele>1516</ele>
      </trkpt>
      <trkpt lat="45.12887850467289" lon="2.5907228685866905">
        <ele>1525</ele>
      </trkpt>
      <trkpt lat="45.1290082014114" lon="2.5898388327293569">
        <ele>1539</ele>
      </trkpt>
      <trkpt lat="45.12905016212092" lon="2.5894602326912106">
        <ele>1541</ele>
      </trkpt>
      <trkpt lat="45.12912550066756" lon="2.5889614724394465">
        <ele>1546</ele>
      </trkpt>
      <trkpt lat="45.12920560747663" lon="2.5882347892428035">
        <ele>1547</ele>
      </trkpt>
      <trkpt lat="45.12923135609383" lon="2.5880888804119815">
        <ele>1545</ele>
      </trkpt>
      <trkpt lat="45.1293477016975" lon="2.5876959755864997">
        <ele>1541</ele>
      </trkpt>
      <trkpt lat="45.12950791531566" lon="2.5873803166126299">
        <ele>1538</ele>
      </trkpt>
      <trkpt lat="45.12963665840167" lon="2.5872754148388362">
        <ele>1538</ele>
      </trkpt>
      <trkpt lat="45.12978542818996" lon="2.5871724203700204">
        <ele>1537</ele>
      </trkpt>
      <trkpt lat="45.12997901964523" lon="2.5870217432767535">
        <ele>1536</ele>
      </trkpt>
      <trkpt lat="45.12997901964523" lon="2.5870217432767535">
        <ele>1536</ele>
      </trkpt>
      <trkpt lat="45.13012874308601" lon="2.5869311462902953">
        <ele>1533</ele>
      </trkpt>
      <trkpt lat="45.13025748617203" lon="2.5868682052260192">
        <ele>1530</ele>
      </trkpt>
      <trkpt lat="45.13056742323097" lon="2.5867709326721378">
        <ele>1525</ele>
      </trkpt>
      <trkpt lat="45.13078676330345" lon="2.5868567613961506">
        <ele>1524</ele>
      </trkpt>
      <trkpt lat="45.13083730688537" lon="2.586746137707423">
        <ele>1523</ele>
      </trkpt>
      <trkpt lat="45.13080297539576" lon="2.5864447835208884">
        <ele>1518</ele>
      </trkpt>
      <trkpt lat="45.13077627312607" lon="2.5860385275605604">
        <ele>1511</ele>
      </trkpt>
      <trkpt lat="45.13072668319664" lon="2.5854644287621626">
        <ele>1506</ele>
      </trkpt>
      <trkpt lat="45.13066946404729" lon="2.585048636276944">
        <ele>1503</ele>
      </trkpt>
      <trkpt lat="45.13061224489795" lon="2.584467861911123">
        <ele>1496</ele>
      </trkpt>
      <trkpt lat="45.13055407209612" lon="2.5839795918367381">
        <ele>1491</ele>
      </trkpt>
      <trkpt lat="45.13053499904634" lon="2.5837278275796334">
        <ele>1489</ele>
      </trkpt>
      <trkpt lat="45.13056170131603" lon="2.5834207514781649">
        <ele>1486</ele>
      </trkpt>
      <trkpt lat="45.1305731451459" lon="2.5831213045966086">
        <ele>1484</ele>
      </trkpt>
      <trkpt lat="45.13063990082014" lon="2.5824041579248558">
        <ele>1480</ele>
      </trkpt>
      <trkpt lat="45.13063990082014" lon="2.5824041579248558">
        <ele>1480</ele>
      </trkpt>
      <trkpt lat="45.13083921419035" lon="2.5817909593744073">
        <ele>1479</ele>
      </trkpt>
      <trkpt lat="45.13098989128361" lon="2.5812311653633451">
        <ele>1473</ele>
      </trkpt>
      <trkpt lat="45.13125405302307" lon="2.5803843219530838">
        <ele>1466</ele>
      </trkpt>
      <trkpt lat="45.1313732595842" lon="2.5801182529086435">
        <ele>1463</ele>
      </trkpt>
      <trkpt lat="45.13146767118062" lon="2.5800000000000036">
        <ele>1460</ele>
      </trkpt>
      <trkpt lat="45.13146767118062" lon="2.579999999999993">
        <ele>1460</ele>
      </trkpt>
      <trkpt lat="45.13151249284761" lon="2.5799446881556292">
        <ele>1458</ele>
      </trkpt>
      <trkpt lat="45.13174518405493" lon="2.5793400724775823">
        <ele>1452</ele>
      </trkpt>
      <trkpt lat="45.13181480068663" lon="2.5790148769788219">
        <ele>1450</ele>
      </trkpt>
      <trkpt lat="45.13187392714094" lon="2.5786114819759614">
        <ele>1450</ele>
      </trkpt>
      <trkpt lat="45.13193400724776" lon="2.5784894144573651">
        <ele>1448</ele>
      </trkpt>
      <trkpt lat="45.13210947930574" lon="2.578283425519734">
        <ele>1444</ele>
      </trkpt>
      <trkpt lat="45.13227255388136" lon="2.5780307076101399">
        <ele>1441</ele>
      </trkpt>
      <trkpt lat="45.13257486172039" lon="2.5775901201602069">
        <ele>1436</ele>
      </trkpt>
      <trkpt lat="45.13264638565706" lon="2.5774127407972465">
        <ele>1435</ele>
      </trkpt>
      <trkpt lat="45.132695021934" lon="2.5772401296967318">
        <ele>1434</ele>
      </trkpt>
      <trkpt lat="45.132695021934" lon="2.5772401296967318">
        <ele>1434</ele>
      </trkpt>
      <trkpt lat="45.13278466526797" lon="2.5773040244134968">
        <ele>1432</ele>
      </trkpt>
      <trkpt lat="45.13278657257295" lon="2.5773927140949771">
        <ele>1432</ele>
      </trkpt>
      <trkpt lat="45.13278847987793" lon="2.5774814037764568">
        <ele>1431</ele>
      </trkpt>
      <trkpt lat="45.13286572572954" lon="2.5780488270074318">
        <ele>1426</ele>
      </trkpt>
      <trkpt lat="45.13290482548159" lon="2.5781146290291748">
        <ele>1424</ele>
      </trkpt>
      <trkpt lat="45.13294392523364" lon="2.5781804310509182">
        <ele>1423</ele>
      </trkpt>
      <trkpt lat="45.13295536906351" lon="2.5782548159450629">
        <ele>1422</ele>
      </trkpt>
      <trkpt lat="45.1330087736029" lon="2.5783387373640978">
        <ele>1421</ele>
      </trkpt>
      <trkpt lat="45.13311844363913" lon="2.5784379172229572">
        <ele>1418</ele>
      </trkpt>
      <trkpt lat="45.13321190158306" lon="2.5784531756627818">
        <ele>1415</ele>
      </trkpt>
      <trkpt lat="45.13328914743467" lon="2.5785285142094154">
        <ele>1413</ele>
      </trkpt>
      <trkpt lat="45.13332538622925" lon="2.5785990844936038">
        <ele>1412</ele>
      </trkpt>
      <trkpt lat="45.13336257867633" lon="2.5786706084302811">
        <ele>1411</ele>
      </trkpt>
      <trkpt lat="45.13348083158497" lon="2.5787030326149085">
        <ele>1408</ele>
      </trkpt>
      <trkpt lat="45.1335733358764" lon="2.578722105664689">
        <ele>1405</ele>
      </trkpt>
      <trkpt lat="45.13366584016784" lon="2.5787411787144698">
        <ele>1403</ele>
      </trkpt>
      <trkpt lat="45.13371733740225" lon="2.5788050734312349">
        <ele>1401</ele>
      </trkpt>
      <trkpt lat="45.13376978828914" lon="2.5788699218004889">
        <ele>1399</ele>
      </trkpt>
      <trkpt lat="45.13388613389281" lon="2.5789013923326274">
        <ele>1396</ele>
      </trkpt>
      <trkpt lat="45.13390520694259" lon="2.5789767308792606">
        <ele>1394</ele>
      </trkpt>
      <trkpt lat="45.13391760442494" lon="2.57907591073812">
        <ele>1393</ele>
      </trkpt>
      <trkpt lat="45.13393095555979" lon="2.5791750905969795">
        <ele>1392</ele>
      </trkpt>
      <trkpt lat="45.13398436009918" lon="2.5792733168033499">
        <ele>1390</ele>
      </trkpt>
      <trkpt lat="45.13403871829105" lon="2.5793248140377578">
        <ele>1388</ele>
      </trkpt>
      <trkpt lat="45.13412359336257" lon="2.5793438870875383">
        <ele>1386</ele>
      </trkpt>
      <trkpt lat="45.13420942208658" lon="2.5793629601373191">
        <ele>1384</ele>
      </trkpt>
      <trkpt lat="45.13427236315086" lon="2.5794611863436896">
        <ele>1382</ele>
      </trkpt>
      <trkpt lat="45.13433530421514" lon="2.57955941255006">
        <ele>1380</ele>
      </trkpt>
      <trkpt lat="45.1344173183292" lon="2.5796090024794895">
        <ele>1377</ele>
      </trkpt>
      <trkpt lat="45.13452412740797" lon="2.5796233072668251">
        <ele>1374</ele>
      </trkpt>
      <trkpt lat="45.13463093648674" lon="2.5796376120541606">
        <ele>1371</ele>
      </trkpt>
      <trkpt lat="45.13467671180621" lon="2.5796891092885685">
        <ele>1370</ele>
      </trkpt>
      <trkpt lat="45.13477398436009" lon="2.5797358382605311">
        <ele>1367</ele>
      </trkpt>
      <trkpt lat="45.13487125691397" lon="2.5797835208849826">
        <ele>1364</ele>
      </trkpt>
      <trkpt lat="45.13495136372305" lon="2.5798054548922305">
        <ele>1361</ele>
      </trkpt>
      <trkpt lat="45.13503242418462" lon="2.5798283425519672">
        <ele>1359</ele>
      </trkpt>
      <trkpt lat="45.13530230783902" lon="2.579999999999993">
        <ele>1354</ele>
      </trkpt>
      <trkpt lat="45.13530230783902" lon="2.5800000000000036">
        <ele>1354</ele>
      </trkpt>
      <trkpt lat="45.13531089071142" lon="2.5800057219149375">
        <ele>1353</ele>
      </trkpt>
      <trkpt lat="45.13531089071142" lon="2.5800057219149375">
        <ele>1353</ele>
      </trkpt>
      <trkpt lat="45.1353299637612" lon="2.5803023078390268">
        <ele>1354</ele>
      </trkpt>
      <trkpt lat="45.13572096128171" lon="2.5806275033377872">
        <ele>1346</ele>
      </trkpt>
      <trkpt lat="45.13583539958039" lon="2.5807552927713173">
        <ele>1343</ele>
      </trkpt>
      <trkpt lat="45.13623974823574" lon="2.5811234026320844">
        <ele>1341</ele>
      </trkpt>
      <trkpt lat="45.13638565706656" lon="2.5813351134846494">
        <ele>1342</ele>
      </trkpt>
      <trkpt lat="45.13652584398245" lon="2.5815029563227192">
        <ele>1341</ele>
      </trkpt>
      <trkpt lat="45.13661453366393" lon="2.581573526606908">
        <ele>1341</ele>
      </trkpt>
      <trkpt lat="45.13666507724584" lon="2.5815840167842872">
        <ele>1340</ele>
      </trkpt>
      <trkpt lat="45.13671657448025" lon="2.5815344268548577">
        <ele>1339</ele>
      </trkpt>
      <trkpt lat="45.13675853518977" lon="2.581460041960713">
        <ele>1338</ele>
      </trkpt>
      <trkpt lat="45.13676616440969" lon="2.5813322525271825">
        <ele>1336</ele>
      </trkpt>
      <trkpt lat="45.13674995231737" lon="2.5812235361434328">
        <ele>1335</ele>
      </trkpt>
      <trkpt lat="45.13660213618157" lon="2.5808172801831049">
        <ele>1332</ele>
      </trkpt>
      <trkpt lat="45.13654110242227" lon="2.5805807743658247">
        <ele>1331</ele>
      </trkpt>
      <trkpt lat="45.13651726111005" lon="2.5803871829105507">
        <ele>1330</ele>
      </trkpt>
      <trkpt lat="45.13654396337974" lon="2.5802050352851453">
        <ele>1328</ele>
      </trkpt>
      <trkpt lat="45.13672325004768" lon="2.5800000000000036">
        <ele>1322</ele>
      </trkpt>
      <trkpt lat="45.13672325004768" lon="2.579999999999993">
        <ele>1322</ele>
      </trkpt>
      <trkpt lat="45.13675758153728" lon="2.5799609002479427">
        <ele>1321</ele>
      </trkpt>
      <trkpt lat="45.13696261682242" lon="2.5798235742895219">
        <ele>1317</ele>
      </trkpt>
      <trkpt lat="45.13704844554644" lon="2.5796538241464742">
        <ele>1315</ele>
      </trkpt>
      <trkpt lat="45.13718386419988" lon="2.5795422468052571">
        <ele>1312</ele>
      </trkpt>
      <trkpt lat="45.13790482548159" lon="2.5791703223345346">
        <ele>1291</ele>
      </trkpt>
      <trkpt lat="45.13808983406446" lon="2.5790997520503463">
        <ele>1287</ele>
      </trkpt>
      <trkpt lat="45.13820045775319" lon="2.5791064276177691">
        <ele>1285</ele>
      </trkpt>
      <trkpt lat="45.13833110814419" lon="2.5791798588594248">
        <ele>1281</ele>
      </trkpt>
      <trkpt lat="45.13855521647911" lon="2.5793467480450056">
        <ele>1279</ele>
      </trkpt>
      <trkpt lat="45.13879649055884" lon="2.5794106427617707">
        <ele>1277</ele>
      </trkpt>
      <trkpt lat="45.13891569711996" lon="2.5794840740034264">
        <ele>1276</ele>
      </trkpt>
      <trkpt lat="45.13931813847034" lon="2.579592790387176">
        <ele>1273</ele>
      </trkpt>
      <trkpt lat="45.13972439443067" lon="2.5795193591455203">
        <ele>1269</ele>
      </trkpt>
      <trkpt lat="45.13990463475109" lon="2.5793305359526921">
        <ele>1265</ele>
      </trkpt>
      <trkpt lat="45.13999999999999" lon="2.5792904825481529">
        <ele>1263</ele>
      </trkpt>
      <trkpt lat="45.14000000000001" lon="2.5792904825481529">
        <ele>1263</ele>
      </trkpt>
      <trkpt lat="45.14016498188061" lon="2.579221819568942">
        <ele>1260</ele>
      </trkpt>
      <trkpt lat="45.14038813656304" lon="2.5791960709517383">
        <ele>1257</ele>
      </trkpt>
      <trkpt lat="45.14081918748808" lon="2.5792447072286793">
        <ele>1252</ele>
      </trkpt>
      <trkpt lat="45.14081918748808" lon="2.5792447072286793">
        <ele>1252</ele>
      </trkpt>
      <trkpt lat="45.14093171848179" lon="2.5793543772649179">
        <ele>1250</ele>
      </trkpt>
      <trkpt lat="45.1410442494755" lon="2.5796414266641166">
        <ele>1250</ele>
      </trkpt>
      <trkpt lat="45.14116250238413" lon="2.579820713332055">
        <ele>1249</ele>
      </trkpt>
      <trkpt lat="45.14130078199505" lon="2.579999999999993">
        <ele>1247</ele>
      </trkpt>
      <trkpt lat="45.14130078199505" lon="2.5800000000000036">
        <ele>1247</ele>
      </trkpt>
      <trkpt lat="45.14137993515163" lon="2.5801153919511766">
        <ele>1242</ele>
      </trkpt>
      <trkpt lat="45.14139519359146" lon="2.5802365058172838">
        <ele>1240</ele>
      </trkpt>
      <trkpt lat="45.14135895479688" lon="2.580361434293347">
        <ele>1239</ele>
      </trkpt>
      <trkpt lat="45.14132748426474" lon="2.5805426282662633">
        <ele>1237</ele>
      </trkpt>
      <trkpt lat="45.14121018500859" lon="2.580764829296208">
        <ele>1238</ele>
      </trkpt>
      <trkpt lat="45.14052355521648" lon="2.5813742132367001">
        <ele>1240</ele>
      </trkpt>
      <trkpt lat="45.14018691588786" lon="2.5817423230974668">
        <ele>1241</ele>
      </trkpt>
      <trkpt lat="45.14000000000001" lon="2.5820560747663586">
        <ele>1237</ele>
      </trkpt>
      <trkpt lat="45.13999999999999" lon="2.5820560747663586">
        <ele>1237</ele>
      </trkpt>
      <trkpt lat="45.13956131985504" lon="2.582819950410074">
        <ele>1242</ele>
      </trkpt>
      <trkpt lat="45.1393381651726" lon="2.5833053595269919">
        <ele>1242</ele>
      </trkpt>
      <trkpt lat="45.13909021552546" lon="2.5840244135037227">
        <ele>1237</ele>
      </trkpt>
      <trkpt lat="45.13897959183673" lon="2.5845241274079758">
        <ele>1232</ele>
      </trkpt>
      <trkpt lat="45.13884703414075" lon="2.5849933244325802">
        <ele>1229</ele>
      </trkpt>
      <trkpt lat="45.13877551020408" lon="2.5854701506770965">
        <ele>1227</ele>
      </trkpt>
      <trkpt lat="45.13878123211901" lon="2.5858373068853742">
        <ele>1220</ele>
      </trkpt>
      <trkpt lat="45.13884226587831" lon="2.586228304405878">
        <ele>1214</ele>
      </trkpt>
      <trkpt lat="45.13897062462004" lon="2.5866511332021891">
        <ele>1204</ele>
      </trkpt>
      <trkpt lat="45.13897062458702" lon="2.5866511333086541">
        <ele>1204</ele>
      </trkpt>
      <trkpt lat="45.13893572382224" lon="2.5867633034522255">
        <ele>1205</ele>
      </trkpt>
      <trkpt lat="45.13889471676521" lon="2.5869549876025211">
        <ele>1206</ele>
      </trkpt>
      <trkpt lat="45.13894621399962" lon="2.5872248712569172">
        <ele>1202</ele>
      </trkpt>
      <trkpt lat="45.13890520694259" lon="2.5875367156208311">
        <ele>1203</ele>
      </trkpt>
      <trkpt lat="45.13873354949456" lon="2.588249094030139">
        <ele>1203</ele>
      </trkpt>
      <trkpt lat="45.13856570665649" lon="2.5885924089261909">
        <ele>1204</ele>
      </trkpt>
      <trkpt lat="45.13847701697501" lon="2.5887306885371006">
        <ele>1205</ele>
      </trkpt>
      <trkpt lat="45.13833110814419" lon="2.5888622925805871">
        <ele>1209</ele>
      </trkpt>
      <trkpt lat="45.13815658973869" lon="2.5889643333969135">
        <ele>1211</ele>
      </trkpt>
      <trkpt lat="45.13795823002098" lon="2.5891121495327138">
        <ele>1211</ele>
      </trkpt>
      <trkpt lat="45.13786381842456" lon="2.5891483883272968">
        <ele>1211</ele>
      </trkpt>
      <trkpt lat="45.13766831966431" lon="2.5891607858096544">
        <ele>1215</ele>
      </trkpt>
      <trkpt lat="45.13753671562083" lon="2.5891541102422311">
        <ele>1218</ele>
      </trkpt>
      <trkpt lat="45.13738508487506" lon="2.5891293152775163">
        <ele>1222</ele>
      </trkpt>
      <trkpt lat="45.13720389090215" lon="2.5891111958802249">
        <ele>1225</ele>
      </trkpt>
      <trkpt lat="45.13691684150295" lon="2.5891216860576041">
        <ele>1227</ele>
      </trkpt>
      <trkpt lat="45.13652489032996" lon="2.5891646004196107">
        <ele>1231</ele>
      </trkpt>
      <trkpt lat="45.13628838451268" lon="2.5892799923707837">
        <ele>1233</ele>
      </trkpt>
      <trkpt lat="45.13577245851612" lon="2.5897377455655195">
        <ele>1233</ele>
      </trkpt>
      <trkpt lat="45.13544058744993" lon="2.5903004005340486">
        <ele>1233</ele>
      </trkpt>
      <trkpt lat="45.13529277131413" lon="2.5910242227732247">
        <ele>1227</ele>
      </trkpt>
      <trkpt lat="45.13493419797825" lon="2.5917289719626204">
        <ele>1232</ele>
      </trkpt>
      <trkpt lat="45.13474156017547" lon="2.5921523936677509">
        <ele>1237</ele>
      </trkpt>
      <trkpt lat="45.13461853900439" lon="2.5924918939538468">
        <ele>1239</ele>
      </trkpt>
      <trkpt lat="45.13444211329391" lon="2.5930926950219373">
        <ele>1241</ele>
      </trkpt>
      <trkpt lat="45.13439061605951" lon="2.5932357428952924">
        <ele>1242</ele>
      </trkpt>
      <trkpt lat="45.13430478733549" lon="2.5936925424375392">
        <ele>1243</ele>
      </trkpt>
      <trkpt lat="45.13428952889566" lon="2.5942046538241499">
        <ele>1242</ele>
      </trkpt>
      <trkpt lat="45.1342342170513" lon="2.5943524699599498">
        <ele>1242</ele>
      </trkpt>
      <trkpt lat="45.13423517070379" lon="2.594412550066759">
        <ele>1242</ele>
      </trkpt>
      <trkpt lat="45.13419607095174" lon="2.5948750715239401">
        <ele>1237</ele>
      </trkpt>
      <trkpt lat="45.13408544726301" lon="2.595736219721537">
        <ele>1230</ele>
      </trkpt>
      <trkpt lat="45.133956704177" lon="2.5960480640854509">
        <ele>1231</ele>
      </trkpt>
      <trkpt lat="45.13379267594888" lon="2.5964161739462175">
        <ele>1231</ele>
      </trkpt>
      <trkpt lat="45.13360194545108" lon="2.596723250047686">
        <ele>1232</ele>
      </trkpt>
      <trkpt lat="45.13316707991608" lon="2.5972639710089678">
        <ele>1235</ele>
      </trkpt>
      <trkpt lat="45.13297730307076" lon="2.5974613770741977">
        <ele>1235</ele>
      </trkpt>
      <trkpt lat="45.13273412168606" lon="2.5977341216860612">
        <ele>1234</ele>
      </trkpt>
      <trkpt lat="45.13211424756818" lon="2.5986820522601599">
        <ele>1227</ele>
      </trkpt>
      <trkpt lat="45.13178428380698" lon="2.5993457943925269">
        <ele>1221</ele>
      </trkpt>
      <trkpt lat="45.13161453366393" lon="2.5995050543581955">
        <ele>1222</ele>
      </trkpt>
      <trkpt lat="45.13116822429906" lon="2.6000000000000032">
        <ele>1225</ele>
      </trkpt>
      <trkpt lat="45.13116822429906" lon="2.6000000000000139">
        <ele>1225</ele>
      </trkpt>
      <trkpt lat="45.13108430288003" lon="2.600091550638961">
        <ele>1226</ele>
      </trkpt>
      <trkpt lat="45.13082395575052" lon="2.6004815945069755">
        <ele>1230</ele>
      </trkpt>
      <trkpt lat="45.13074861720388" lon="2.6009746328438053">
        <ele>1230</ele>
      </trkpt>
      <trkpt lat="45.13078294869349" lon="2.6015449170322471">
        <ele>1230</ele>
      </trkpt>
      <trkpt lat="45.1309212283044" lon="2.6018224299065555">
        <ele>1230</ele>
      </trkpt>
      <trkpt lat="45.13116345603662" lon="2.6020837306885509">
        <ele>1232</ele>
      </trkpt>
      <trkpt lat="45.13137612054167" lon="2.6023278657257434">
        <ele>1235</ele>
      </trkpt>
      <trkpt lat="45.13170036238794" lon="2.6024032042723766">
        <ele>1233</ele>
      </trkpt>
      <trkpt lat="45.13233072668319" lon="2.6024442113294053">
        <ele>1231</ele>
      </trkpt>
      <trkpt lat="45.1326778561892" lon="2.6023898531375305">
        <ele>1229</ele>
      </trkpt>
      <trkpt lat="45.1329820713332" lon="2.6023545679954361">
        <ele>1228</ele>
      </trkpt>
      <trkpt lat="45.13330345222201" lon="2.6023707800877496">
        <ele>1228</ele>
      </trkpt>
      <trkpt lat="45.1341817661644" lon="2.6024899866488789">
        <ele>1228</ele>
      </trkpt>
      <trkpt lat="45.134738699218" lon="2.6026587831394377">
        <ele>1229</ele>
      </trkpt>
      <trkpt lat="45.13511729925614" lon="2.6027894335304351">
        <ele>1227</ele>
      </trkpt>
      <trkpt lat="45.13541102422277" lon="2.6029162693114767">
        <ele>1223</ele>
      </trkpt>
      <trkpt lat="45.13566469578485" lon="2.6032519549876163">
        <ele>1222</ele>
      </trkpt>
      <trkpt lat="45.13566469578485" lon="2.6032519549876163">
        <ele>1222</ele>
      </trkpt>
      <trkpt lat="45.135781995041" lon="2.6037898149914307">
        <ele>1225</ele>
      </trkpt>
      <trkpt lat="45.13591550638947" lon="2.6042151440015395">
        <ele>1224</ele>
      </trkpt>
      <trkpt lat="45.13600705702842" lon="2.6046671752813411">
        <ele>1222</ele>
      </trkpt>
      <trkpt lat="45.13610242227732" lon="2.6050267022697065">
        <ele>1221</ele>
      </trkpt>
      <trkpt lat="45.13643524699599" lon="2.6058773602899241">
        <ele>1220</ele>
      </trkpt>
      <trkpt lat="45.1365821094793" lon="2.6060690444402197">
        <ele>1218</ele>
      </trkpt>
      <trkpt lat="45.13676711806217" lon="2.6062740797253618">
        <ele>1214</ele>
      </trkpt>
      <trkpt lat="45.13689013923326" lon="2.606513446500109">
        <ele>1213</ele>
      </trkpt>
      <trkpt lat="45.13707133320617" lon="2.6071514400152722">
        <ele>1215</ele>
      </trkpt>
      <trkpt lat="45.13708853670142" lon="2.6072257154233127">
        <ele>1215</ele>
      </trkpt>
      <trkpt lat="45.13708853670142" lon="2.6072257154233127">
        <ele>1215</ele>
      </trkpt>
      <trkpt lat="45.13719149341979" lon="2.6076702269693062">
        <ele>1215</ele>
      </trkpt>
      <trkpt lat="45.13733454129315" lon="2.6081356093839543">
        <ele>1210</ele>
      </trkpt>
      <trkpt lat="45.13752431813847" lon="2.6085142094221001">
        <ele>1204</ele>
      </trkpt>
      <trkpt lat="45.13769597558649" lon="2.6091655540721099">
        <ele>1205</ele>
      </trkpt>
      <trkpt lat="45.13795918367347" lon="2.6102431813847171">
        <ele>1197</ele>
      </trkpt>
      <trkpt lat="45.13795918367347" lon="2.6102431813847171">
        <ele>1197</ele>
      </trkpt>
      <trkpt lat="45.1381213045966" lon="2.6107619683387511">
        <ele>1191</ele>
      </trkpt>
      <trkpt lat="45.13824909403013" lon="2.6109870303261626">
        <ele>1186</ele>
      </trkpt>
      <trkpt lat="45.13851039481212" lon="2.6110528323479061">
        <ele>1181</ele>
      </trkpt>
      <trkpt lat="45.13851039481212" lon="2.6110528323479061">
        <ele>1181</ele>
      </trkpt>
      <trkpt lat="45.13845222201029" lon="2.6111796681289476">
        <ele>1181</ele>
      </trkpt>
      <trkpt lat="45.13845222201029" lon="2.6111796681289476">
        <ele>1181</ele>
      </trkpt>
      <trkpt lat="45.13848273888994" lon="2.6112073240511293">
        <ele>1181</ele>
      </trkpt>
      <trkpt lat="45.13849322906732" lon="2.6113103185199451">
        <ele>1180</ele>
      </trkpt>
      <trkpt lat="45.13842456608811" lon="2.6116231165363479">
        <ele>1179</ele>
      </trkpt>
      <trkpt lat="45.13844077818042" lon="2.6120360480640992">
        <ele>1181</ele>
      </trkpt>
      <trkpt lat="45.13854567995422" lon="2.6122744611863573">
        <ele>1182</ele>
      </trkpt>
      <trkpt lat="45.13857619683387" lon="2.6124537478542957">
        <ele>1183</ele>
      </trkpt>
      <trkpt lat="45.13859813084112" lon="2.6130822048445683">
        <ele>1187</ele>
      </trkpt>
      <trkpt lat="45.13867251573526" lon="2.6132738889948639">
        <ele>1187</ele>
      </trkpt>
      <trkpt lat="45.13860576006103" lon="2.6135199313370343">
        <ele>1190</ele>
      </trkpt>
      <trkpt lat="45.13862674041579" lon="2.6141350371924608">
        <ele>1194</ele>
      </trkpt>
      <trkpt lat="45.13855235552165" lon="2.6147835208850032">
        <ele>1197</ele>
      </trkpt>
      <trkpt lat="45.13856761396147" lon="2.6152078962426226">
        <ele>1199</ele>
      </trkpt>
      <trkpt lat="45.13847320236506" lon="2.615711424756832">
        <ele>1201</ele>
      </trkpt>
      <trkpt lat="45.13829486934961" lon="2.6163894716765346">
        <ele>1207</ele>
      </trkpt>
      <trkpt lat="45.13821476254053" lon="2.6169073049780796">
        <ele>1213</ele>
      </trkpt>
      <trkpt lat="45.13803833683006" lon="2.6173393095556117">
        <ele>1218</ele>
      </trkpt>
      <trkpt lat="45.13778561892046" lon="2.6178170894526169">
        <ele>1223</ele>
      </trkpt>
      <trkpt lat="45.1374957085638" lon="2.6182204844554779">
        <ele>1226</ele>
      </trkpt>
      <trkpt lat="45.13716955941255" lon="2.6184617585352035">
        <ele>1230</ele>
      </trkpt>
      <trkpt lat="45.13690635132557" lon="2.6187488079344026">
        <ele>1232</ele>
      </trkpt>
      <trkpt lat="45.13654205607476" lon="2.6190730497806736">
        <ele>1232</ele>
      </trkpt>
      <trkpt lat="45.13617585351897" lon="2.6198092695022068">
        <ele>1239</ele>
      </trkpt>
      <trkpt lat="45.13611481975968" lon="2.6199017737936434">
        <ele>1240</ele>
      </trkpt>
      <trkpt lat="45.13615391951173" lon="2.6200000000000134">
        <ele>1240</ele>
      </trkpt>
      <trkpt lat="45.13615391951173" lon="2.6199999999999957">
        <ele>1240</ele>
      </trkpt>
      <trkpt lat="45.13617776082395" lon="2.6200600801068044">
        <ele>1240</ele>
      </trkpt>
      <trkpt lat="45.13625596032805" lon="2.6201516307457515">
        <ele>1241</ele>
      </trkpt>
      <trkpt lat="45.13630173564753" lon="2.620297539576574">
        <ele>1242</ele>
      </trkpt>
      <trkpt lat="45.13633225252718" lon="2.6204444020598849">
        <ele>1244</ele>
      </trkpt>
      <trkpt lat="45.13633415983215" lon="2.6206141522029327">
        <ele>1246</ele>
      </trkpt>
      <trkpt lat="45.13639233263398" lon="2.6209383940492037">
        <ele>1251</ele>
      </trkpt>
      <trkpt lat="45.13682052260156" lon="2.6212788479877887">
        <ele>1259</ele>
      </trkpt>
      <trkpt lat="45.13708945260347" lon="2.6215201220675142">
        <ele>1267</ele>
      </trkpt>
      <trkpt lat="45.1371905397673" lon="2.6216612626358908">
        <ele>1271</ele>
      </trkpt>
      <trkpt lat="45.1372429906542" lon="2.6220207896242562">
        <ele>1280</ele>
      </trkpt>
      <trkpt lat="45.1373650581728" lon="2.6222954415410977">
        <ele>1288</ele>
      </trkpt>
      <trkpt lat="45.13740701888231" lon="2.6225538813656257">
        <ele>1294</ele>
      </trkpt>
      <trkpt lat="45.13742323097463" lon="2.6227274461186298">
        <ele>1298</ele>
      </trkpt>
      <trkpt lat="45.13701411405683" lon="2.6231308411214909">
        <ele>1305</ele>
      </trkpt>
      <trkpt lat="45.13714190349037" lon="2.6237707419416321">
        <ele>1318</ele>
      </trkpt>
      <trkpt lat="45.13743848941445" lon="2.6240158306313135">
        <ele>1327</ele>
      </trkpt>
      <trkpt lat="45.13792485218386" lon="2.6239032996376075">
        <ele>1335</ele>
      </trkpt>
      <trkpt lat="45.13839309555598" lon="2.6238460804882657">
        <ele>1345</ele>
      </trkpt>
      <trkpt lat="45.1390339500286" lon="2.6233587640663698">
        <ele>1353</ele>
      </trkpt>
      <trkpt lat="45.13933053595269" lon="2.6229849322906689">
        <ele>1350</ele>
      </trkpt>
      <trkpt lat="45.13944211329391" lon="2.623288193782181">
        <ele>1352</ele>
      </trkpt>
      <trkpt lat="45.13944211329391" lon="2.623288193782181">
        <ele>1352</ele>
      </trkpt>
      <trkpt lat="45.13952412740797" lon="2.6232433721151969">
        <ele>1352</ele>
      </trkpt>
      <trkpt lat="45.13970150677093" lon="2.6231708945260301">
        <ele>1351</ele>
      </trkpt>
      <trkpt lat="45.13970150677093" lon="2.6231708945260301">
        <ele>1351</ele>
      </trkpt>
      <trkpt lat="45.13922468052641" lon="2.6246748045012351">
        <ele>1351</ele>
      </trkpt>
      <trkpt lat="45.13902918176616" lon="2.6252593934770125">
        <ele>1349</ele>
      </trkpt>
      <trkpt lat="45.13902250619874" lon="2.6253671562082732">
        <ele>1347</ele>
      </trkpt>
      <trkpt lat="45.13896814800686" lon="2.6257648292961999">
        <ele>1342</ele>
      </trkpt>
      <trkpt lat="45.13897959183673" lon="2.6259526988365396">
        <ele>1338</ele>
      </trkpt>
      <trkpt lat="45.1388079343887" lon="2.6259851230211666">
        <ele>1339</ele>
      </trkpt>
      <trkpt lat="45.138738317757" lon="2.6258888041197741">
        <ele>1342</ele>
      </trkpt>
      <trkpt lat="45.13852756055693" lon="2.6259975205035238">
        <ele>1340</ele>
      </trkpt>
      <trkpt lat="45.13873164218958" lon="2.6262178142284904">
        <ele>1332</ele>
      </trkpt>
      <trkpt lat="45.13890711424757" lon="2.6262063703986223">
        <ele>1332</ele>
      </trkpt>
      <trkpt lat="45.13899580392904" lon="2.6262235361434247">
        <ele>1331</ele>
      </trkpt>
      <trkpt lat="45.13905111577341" lon="2.6263103185199266">
        <ele>1329</ele>
      </trkpt>
      <trkpt lat="45.13920942208659" lon="2.6267385084875028">
        <ele>1317</ele>
      </trkpt>
      <trkpt lat="45.13924852183864" lon="2.6268834636658358">
        <ele>1311</ele>
      </trkpt>
      <trkpt lat="45.13917890520694" lon="2.6270141140568333">
        <ele>1309</ele>
      </trkpt>
      <trkpt lat="45.13922181956895" lon="2.6271609765401442">
        <ele>1304</ele>
      </trkpt>
      <trkpt lat="45.13956131985504" lon="2.62718481785237">
        <ele>1295</ele>
      </trkpt>
      <trkpt lat="45.13965096318901" lon="2.6273145145908785">
        <ele>1290</ele>
      </trkpt>
      <trkpt lat="45.13971771886324" lon="2.6275023841312182">
        <ele>1285</ele>
      </trkpt>
      <trkpt lat="45.13974251382795" lon="2.6278590501621162">
        <ele>1273</ele>
      </trkpt>
      <trkpt lat="45.1399914171276" lon="2.6280230783902301">
        <ele>1264</ele>
      </trkpt>
      <trkpt lat="45.13999999999999" lon="2.6280373831775656">
        <ele>1263</ele>
      </trkpt>
      <trkpt lat="45.14000000000001" lon="2.6280373831775656">
        <ele>1263</ele>
      </trkpt>
      <trkpt lat="45.14025557886707" lon="2.6284836925424329">
        <ele>1241</ele>
      </trkpt>
      <trkpt lat="45.14039576578296" lon="2.6284407781804267">
        <ele>1239</ele>
      </trkpt>
      <trkpt lat="45.14054548922373" lon="2.6284989509822574">
        <ele>1232</ele>
      </trkpt>
      <trkpt lat="45.14041960709518" lon="2.6287898149914124">
        <ele>1225</ele>
      </trkpt>
      <trkpt lat="45.14000000000001" lon="2.6291941636467624">
        <ele>1221</ele>
      </trkpt>
      <trkpt lat="45.13999999999999" lon="2.6291941636467624">
        <ele>1221</ele>
      </trkpt>
      <trkpt lat="45.13984646194926" lon="2.6293419797825628">
        <ele>1217</ele>
      </trkpt>
      <trkpt lat="45.13919511729925" lon="2.6297530040053361">
        <ele>1204</ele>
      </trkpt>
      <trkpt lat="45.13894812130459" lon="2.629899866488647">
        <ele>1199</ele>
      </trkpt>
      <trkpt lat="45.13857238222391" lon="2.629980926950215">
        <ele>1200</ele>
      </trkpt>
      <trkpt lat="45.13795346175853" lon="2.6302345985122977">
        <ele>1197</ele>
      </trkpt>
      <trkpt lat="45.13783902345985" lon="2.6305273698264307">
        <ele>1190</ele>
      </trkpt>
      <trkpt lat="45.13783902345985" lon="2.6305273698264307">
        <ele>1190</ele>
      </trkpt>
      <trkpt lat="45.1381556360862" lon="2.6305006675567379">
        <ele>1188</ele>
      </trkpt>
      <trkpt lat="45.13831203509441" lon="2.6305168796490515">
        <ele>1185</ele>
      </trkpt>
      <trkpt lat="45.13846175853519" lon="2.6304787335494901">
        <ele>1185</ele>
      </trkpt>
      <trkpt lat="45.13884703414075" lon="2.6305445355712331">
        <ele>1181</ele>
      </trkpt>
      <trkpt lat="45.13897768453175" lon="2.6305264161739417">
        <ele>1180</ele>
      </trkpt>
      <trkpt lat="45.13922277322143" lon="2.630562654968525">
        <ele>1177</ele>
      </trkpt>
      <trkpt lat="45.13944497425138" lon="2.6306494373450269">
        <ele>1174</ele>
      </trkpt>
      <trkpt lat="45.13968148006866" lon="2.6308077436582065">
        <ele>1167</ele>
      </trkpt>
      <trkpt lat="45.13999999999999" lon="2.6308630555025703">
        <ele>1163</ele>
      </trkpt>
      <trkpt lat="45.14000000000001" lon="2.6308630555025703">
        <ele>1163</ele>
      </trkpt>
      <trkpt lat="45.14003814609957" lon="2.6308697310699936">
        <ele>1162</ele>
      </trkpt>
      <trkpt lat="45.14022887659738" lon="2.6307734121686011">
        <ele>1160</ele>
      </trkpt>
      <trkpt lat="45.14028895670418" lon="2.6304310509250382">
        <ele>1168</ele>
      </trkpt>
      <trkpt lat="45.14041769979021" lon="2.6302784665267929">
        <ele>1168</ele>
      </trkpt>
      <trkpt lat="45.14063990082015" lon="2.6303156589738652">
        <ele>1161</ele>
      </trkpt>
      <trkpt lat="45.14074480259394" lon="2.6302756055693259">
        <ele>1158</ele>
      </trkpt>
      <trkpt lat="45.14089357238223" lon="2.6302784665267929">
        <ele>1154</ele>
      </trkpt>
      <trkpt lat="45.14096128170895" lon="2.6302345985122977">
        <ele>1152</ele>
      </trkpt>
      <trkpt lat="45.14099942780851" lon="2.6302622544344794">
        <ele>1151</ele>
      </trkpt>
      <trkpt lat="45.14105569330537" lon="2.630420560747659">
        <ele>1145</ele>
      </trkpt>
      <trkpt lat="45.14106332252528" lon="2.6305369063513209">
        <ele>1142</ele>
      </trkpt>
      <trkpt lat="45.14088308220485" lon="2.6307171466717483">
        <ele>1143</ele>
      </trkpt>
      <trkpt lat="45.14086591646005" lon="2.6309860766736555">
        <ele>1138</ele>
      </trkpt>
      <trkpt lat="45.14091741369445" lon="2.6310709517451794">
        <ele>1135</ele>
      </trkpt>
      <trkpt lat="45.14098798397865" lon="2.6312979210375693">
        <ele>1129</ele>
      </trkpt>
      <trkpt lat="45.1411663169941" lon="2.6318043105092457">
        <ele>1117</ele>
      </trkpt>
      <trkpt lat="45.1411663169941" lon="2.6318043105092457">
        <ele>1117</ele>
      </trkpt>
      <trkpt lat="45.14151153919512" lon="2.6314600419607048">
        <ele>1116</ele>
      </trkpt>
      <trkpt lat="45.141608811749" lon="2.6313436963570429">
        <ele>1116</ele>
      </trkpt>
      <trkpt lat="45.14170036238795" lon="2.6311892046538197">
        <ele>1115</ele>
      </trkpt>
      <trkpt lat="45.14185390043868" lon="2.6310528323478879">
        <ele>1110</ele>
      </trkpt>
      <trkpt lat="45.14198836543964" lon="2.6308401678428335">
        <ele>1107</ele>
      </trkpt>
      <trkpt lat="45.14217528132749" lon="2.6307133320617919">
        <ele>1101</ele>
      </trkpt>
      <trkpt lat="45.14233644859814" lon="2.6303824146480976">
        <ele>1098</ele>
      </trkpt>
      <trkpt lat="45.14236219721534" lon="2.6302422277322099">
        <ele>1099</ele>
      </trkpt>
      <trkpt lat="45.14241464810224" lon="2.6300820141140524">
        <ele>1099</ele>
      </trkpt>
      <trkpt lat="45.14255769597559" lon="2.629546061415216">
        <ele>1097</ele>
      </trkpt>
      <trkpt lat="45.14275128743087" lon="2.629092122830436">
        <ele>1093</ele>
      </trkpt>
      <trkpt lat="45.14300495899295" lon="2.6287192447072241">
        <ele>1088</ele>
      </trkpt>
      <trkpt lat="45.14323765020027" lon="2.6281699408735411">
        <ele>1086</ele>
      </trkpt>
      <trkpt lat="45.14329677665459" lon="2.6280164028228068">
        <ele>1085</ele>
      </trkpt>
      <trkpt lat="45.14334350562655" lon="2.6279782567232455">
        <ele>1083</ele>
      </trkpt>
      <trkpt lat="45.14356284569903" lon="2.6278828914743424">
        <ele>1077</ele>
      </trkpt>
      <trkpt lat="45.14362578676331" lon="2.6277970627503291">
        <ele>1076</ele>
      </trkpt>
      <trkpt lat="45.14366393286287" lon="2.6276845317566235">
        <ele>1076</ele>
      </trkpt>
      <trkpt lat="45.14376883463667" lon="2.6276330345222156">
        <ele>1073</ele>
      </trkpt>
      <trkpt lat="45.14376883463667" lon="2.6276330345222156">
        <ele>1073</ele>
      </trkpt>
      <trkpt lat="45.14406542056075" lon="2.6272124737745521">
        <ele>1074</ele>
      </trkpt>
      <trkpt lat="45.14464333396911" lon="2.6262054167461333">
        <ele>1079</ele>
      </trkpt>
      <trkpt lat="45.14496280755294" lon="2.625424375357615">
        <ele>1073</ele>
      </trkpt>
      <trkpt lat="45.14532042723632" lon="2.6250419607095128">
        <ele>1066</ele>
      </trkpt>
      <trkpt lat="45.14543105092505" lon="2.6248626740415748">
        <ele>1066</ele>
      </trkpt>
      <trkpt lat="45.1460089643334" lon="2.6240511157734074">
        <ele>1055</ele>
      </trkpt>
      <trkpt lat="45.14626263589548" lon="2.6229496471485745">
        <ele>1062</ele>
      </trkpt>
      <trkpt lat="45.14665840167844" lon="2.6221457181003198">
        <ele>1039</ele>
      </trkpt>
      <trkpt lat="45.14728685866871" lon="2.6216851039481166">
        <ele>1017</ele>
      </trkpt>
      <trkpt lat="45.14756151058555" lon="2.6216460041960663">
        <ele>1010</ele>
      </trkpt>
      <trkpt lat="45.14769979019646" lon="2.6217795155445311">
        <ele>1010</ele>
      </trkpt>
      <trkpt lat="45.14786381842458" lon="2.6222925805836308">
        <ele>1013</ele>
      </trkpt>
      <trkpt lat="45.14786381842458" lon="2.6222925805836308">
        <ele>1013</ele>
      </trkpt>
      <trkpt lat="45.14838641998856" lon="2.6221495327102757">
        <ele>1004</ele>
      </trkpt>
      <trkpt lat="45.14852279229449" lon="2.6222506198741131">
        <ele>1001</ele>
      </trkpt>
      <trkpt lat="45.14860766736602" lon="2.6224032042723584">
        <ele>999</ele>
      </trkpt>
      <trkpt lat="45.14866584016785" lon="2.6225700934579392">
        <ele>997</ele>
      </trkpt>
      <trkpt lat="45.14866584016785" lon="2.6228304405874452">
        <ele>996</ele>
      </trkpt>
      <trkpt lat="45.14859908449362" lon="2.6231003242418418">
        <ele>997</ele>
      </trkpt>
      <trkpt lat="45.14857333587641" lon="2.6234598512302072">
        <ele>995</ele>
      </trkpt>
      <trkpt lat="45.14853614342934" lon="2.6238584779706229">
        <ele>991</ele>
      </trkpt>
      <trkpt lat="45.14856761396148" lon="2.6243763112721679">
        <ele>984</ele>
      </trkpt>
      <trkpt lat="45.14864009155065" lon="2.6245708563799308">
        <ele>979</ele>
      </trkpt>
      <trkpt lat="45.14878695403396" lon="2.6245336639328585">
        <ele>975</ele>
      </trkpt>
      <trkpt lat="45.14878695403396" lon="2.6245336639328585">
        <ele>975</ele>
      </trkpt>
      <trkpt lat="45.14891474346749" lon="2.6239261872973443">
        <ele>977</ele>
      </trkpt>
      <trkpt lat="45.1488870875453" lon="2.6236086210184961">
        <ele>982</ele>
      </trkpt>
      <trkpt lat="45.14895384321954" lon="2.6234369635704704">
        <ele>981</ele>
      </trkpt>
      <trkpt lat="45.148956704177" lon="2.6232633988174663">
        <ele>983</ele>
      </trkpt>
      <trkpt lat="45.14915029563227" lon="2.6229448788861291">
        <ele>979</ele>
      </trkpt>
      <trkpt lat="45.14921323669655" lon="2.622674995231733">
        <ele>980</ele>
      </trkpt>
      <trkpt lat="45.14939919893192" lon="2.6226378027846606">
        <ele>975</ele>
      </trkpt>
      <trkpt lat="45.14954701506772" lon="2.6224575624642337">
        <ele>972</ele>
      </trkpt>
      <trkpt lat="45.14971962616823" lon="2.6220732405111531">
        <ele>970</ele>
      </trkpt>
      <trkpt lat="45.14987411787146" lon="2.6215267976349375">
        <ele>970</ele>
      </trkpt>
      <trkpt lat="45.14994945641808" lon="2.6212330726683151">
        <ele>970</ele>
      </trkpt>
      <trkpt lat="45.15024127407973" lon="2.6209078771695546">
        <ele>963</ele>
      </trkpt>
      <trkpt lat="45.15036334159833" lon="2.6206618348273842">
        <ele>961</ele>
      </trkpt>
      <trkpt lat="45.15061987411788" lon="2.6199999999999957">
        <ele>960</ele>
      </trkpt>
      <trkpt lat="45.15061987411788" lon="2.6200000000000134">
        <ele>960</ele>
      </trkpt>
      <trkpt lat="45.1506446690826" lon="2.6199351516307594">
        <ele>960</ele>
      </trkpt>
      <trkpt lat="45.15067327865727" lon="2.6196595460614289">
        <ele>962</ele>
      </trkpt>
      <trkpt lat="45.15079916078582" lon="2.6193353042151575">
        <ele>962</ele>
      </trkpt>
      <trkpt lat="45.1508611481976" lon="2.6188327293534375">
        <ele>964</ele>
      </trkpt>
      <trkpt lat="45.15098226206371" lon="2.6184188441731968">
        <ele>964</ele>
      </trkpt>
      <trkpt lat="45.15101703924645" lon="2.6182742443081217">
        <ele>963</ele>
      </trkpt>
      <trkpt lat="45.15101703924645" lon="2.6182742443081217">
        <ele>963</ele>
      </trkpt>
      <trkpt lat="45.15103749244331" lon="2.618167709526674">
        <ele>963</ele>
      </trkpt>
      <trkpt lat="45.15103749244331" lon="2.618167709526674">
        <ele>963</ele>
      </trkpt>
      <trkpt lat="45.15105092504292" lon="2.617780850658034">
        <ele>962</ele>
      </trkpt>
      <trkpt lat="45.15100514972345" lon="2.6175929811176943">
        <ele>963</ele>
      </trkpt>
      <trkpt lat="45.15101087163838" lon="2.6173431241655676">
        <ele>963</ele>
      </trkpt>
      <trkpt lat="45.15101087163838" lon="2.6173431241655676">
        <ele>963</ele>
      </trkpt>
      <trkpt lat="45.15107285905017" lon="2.6173278657257431">
        <ele>961</ele>
      </trkpt>
      <trkpt lat="45.15115105855427" lon="2.6172878123212038">
        <ele>959</ele>
      </trkpt>
      <trkpt lat="45.15123116536335" lon="2.6172267785619057">
        <ele>958</ele>
      </trkpt>
      <trkpt lat="45.15130268930002" lon="2.6171228304406009">
        <ele>956</ele>
      </trkpt>
      <trkpt lat="45.15135418653443" lon="2.6170255578867199">
        <ele>955</ele>
      </trkpt>
      <trkpt lat="45.15135946028974" lon="2.6169996913725972">
        <ele>954</ele>
      </trkpt>
      <trkpt lat="45.15135946028974" lon="2.6169996913725972">
        <ele>954</ele>
      </trkpt>
      <trkpt lat="45.1513742132367" lon="2.6169273316803494">
        <ele>954</ele>
      </trkpt>
      <trkpt lat="45.15138019544852" lon="2.6168979903557226">
        <ele>954</ele>
      </trkpt>
      <trkpt lat="45.15138019544852" lon="2.6168979903557226">
        <ele>954</ele>
      </trkpt>
      <trkpt lat="45.15138516228367" lon="2.6168736292118702">
        <ele>954</ele>
      </trkpt>
      <trkpt lat="45.15138516228367" lon="2.6168736292118702">
        <ele>954</ele>
      </trkpt>
      <trkpt lat="45.15139423993897" lon="2.616829105473979">
        <ele>953</ele>
      </trkpt>
      <trkpt lat="45.15140186915888" lon="2.6167623497997465">
        <ele>953</ele>
      </trkpt>
      <trkpt lat="45.1514094983788" lon="2.6166965477780035">
        <ele>953</ele>
      </trkpt>
      <trkpt lat="45.15140377646386" lon="2.6166250238413258">
        <ele>953</ele>
      </trkpt>
      <trkpt lat="45.15138565706657" lon="2.6165267976349553">
        <ele>953</ele>
      </trkpt>
      <trkpt lat="45.15135609383941" lon="2.6164867442304161">
        <ele>954</ele>
      </trkpt>
      <trkpt lat="45.15125309937059" lon="2.6163789814991554">
        <ele>956</ele>
      </trkpt>
      <trkpt lat="45.15115105855427" lon="2.6162712187678947">
        <ele>958</ele>
      </trkpt>
      <trkpt lat="45.15111291245471" lon="2.616198741178728">
        <ele>958</ele>
      </trkpt>
      <trkpt lat="45.15108144192257" lon="2.6160814419225771">
        <ele>959</ele>
      </trkpt>
      <trkpt lat="45.15109193209995" lon="2.6159946595460752">
        <ele>959</ele>
      </trkpt>
      <trkpt lat="45.15111863436964" lon="2.6159193209994416">
        <ele>958</ele>
      </trkpt>
      <trkpt lat="45.15117394621401" lon="2.6158353995804067">
        <ele>957</ele>
      </trkpt>
      <trkpt lat="45.15125405302308" lon="2.6157791340835534">
        <ele>956</ele>
      </trkpt>
      <trkpt lat="45.15142185872551" lon="2.6156931394715039">
        <ele>954</ele>
      </trkpt>
      <trkpt lat="45.15142185872551" lon="2.6156931394715039">
        <ele>954</ele>
      </trkpt>
      <trkpt lat="45.15159832157163" lon="2.6156027083730824">
        <ele>950</ele>
      </trkpt>
      <trkpt lat="45.15178523745948" lon="2.6154835018119535">
        <ele>946</ele>
      </trkpt>
      <trkpt lat="45.15187201983598" lon="2.6154606141522168">
        <ele>943</ele>
      </trkpt>
      <trkpt lat="45.15195212664506" lon="2.6154901773793764">
        <ele>941</ele>
      </trkpt>
      <trkpt lat="45.15195212664506" lon="2.6154901773793764">
        <ele>941</ele>
      </trkpt>
      <trkpt lat="45.15199313370209" lon="2.61553595269885">
        <ele>940</ele>
      </trkpt>
      <trkpt lat="45.15202746519169" lon="2.615614152202951">
        <ele>939</ele>
      </trkpt>
      <trkpt lat="45.15204463093649" lon="2.6157228685867007">
        <ele>938</ele>
      </trkpt>
      <trkpt lat="45.1519921800496" lon="2.6159517451840686">
        <ele>939</ele>
      </trkpt>
      <trkpt lat="45.15197787526226" lon="2.6160442494755047">
        <ele>940</ele>
      </trkpt>
      <trkpt lat="45.15200171657449" lon="2.6168004958993079">
        <ele>939</ele>
      </trkpt>
      <trkpt lat="45.15229543868899" lon="2.6176132487068555">
        <ele>930</ele>
      </trkpt>
      <trkpt lat="45.15229543868899" lon="2.6176132487068555">
        <ele>930</ele>
      </trkpt>
      <trkpt lat="45.15230879267595" lon="2.6176502002670365">
        <ele>930</ele>
      </trkpt>
      <trkpt lat="45.15230974632844" lon="2.617961090978461">
        <ele>928</ele>
      </trkpt>
      <trkpt lat="45.15223726873928" lon="2.6183988174709274">
        <ele>927</ele>
      </trkpt>
      <trkpt lat="45.15235078435123" lon="2.618865897764183">
        <ele>921</ele>
      </trkpt>
      <trkpt lat="45.15235078435123" lon="2.618865897764183">
        <ele>921</ele>
      </trkpt>
      <trkpt lat="45.15244516498188" lon="2.61925424375359">
        <ele>916</ele>
      </trkpt>
      <trkpt lat="45.1524442113294" lon="2.6196366584016921">
        <ele>914</ele>
      </trkpt>
      <trkpt lat="45.15243467480451" lon="2.6199094030135557">
        <ele>912</ele>
      </trkpt>
      <trkpt lat="45.15244325767691" lon="2.6200000000000134">
        <ele>912</ele>
      </trkpt>
      <trkpt lat="45.15244325767691" lon="2.6199999999999957">
        <ele>912</ele>
      </trkpt>
      <trkpt lat="45.15244993324433" lon="2.6200781995040963">
        <ele>911</ele>
      </trkpt>
      <trkpt lat="45.15245660881175" lon="2.6201573526606858">
        <ele>911</ele>
      </trkpt>
      <trkpt lat="45.15247377455655" lon="2.6202679763494139">
        <ele>910</ele>
      </trkpt>
      <trkpt lat="45.15248404221433" lon="2.620334145699474">
        <ele>910</ele>
      </trkpt>
      <trkpt lat="45.15248404221842" lon="2.6203341457258489">
        <ele>910</ele>
      </trkpt>
      <trkpt lat="45.15249094030136" lon="2.6203786000381415">
        <ele>910</ele>
      </trkpt>
      <trkpt lat="45.15255483501812" lon="2.6206313179477352">
        <ele>908</ele>
      </trkpt>
      <trkpt lat="45.15258153728782" lon="2.6206952126645007">
        <ele>907</ele>
      </trkpt>
      <trkpt lat="45.15260919321" lon="2.6207600610337547">
        <ele>906</ele>
      </trkpt>
      <trkpt lat="45.15281041388518" lon="2.6210518786953987">
        <ele>903</ele>
      </trkpt>
      <trkpt lat="45.15284188441733" lon="2.6211205416746091">
        <ele>902</ele>
      </trkpt>
      <trkpt lat="45.15285332824719" lon="2.6212130459660452">
        <ele>902</ele>
      </trkpt>
      <trkpt lat="45.15285428189968" lon="2.6212855235552119">
        <ele>902</ele>
      </trkpt>
      <trkpt lat="45.15283234789243" lon="2.6213990082014069">
        <ele>903</ele>
      </trkpt>
      <trkpt lat="45.15281136753767" lon="2.6215134465000909">
        <ele>903</ele>
      </trkpt>
      <trkpt lat="45.15281136753767" lon="2.621605950791527">
        <ele>903</ele>
      </trkpt>
      <trkpt lat="45.15283044058746" lon="2.6217089452603424">
        <ele>903</ele>
      </trkpt>
      <trkpt lat="45.15297253480832" lon="2.6220846843410217">
        <ele>901</ele>
      </trkpt>
      <trkpt lat="45.15301068090788" lon="2.6221953080297493">
        <ele>900</ele>
      </trkpt>
      <trkpt lat="45.15301361465237" lon="2.6222038158887444">
        <ele>900</ele>
      </trkpt>
      <trkpt lat="45.15301361465237" lon="2.6222038158887444">
        <ele>900</ele>
      </trkpt>
      <trkpt lat="45.15302718967786" lon="2.6222431834626647">
        <ele>900</ele>
      </trkpt>
      <trkpt lat="45.15302718967786" lon="2.6222431834626647">
        <ele>900</ele>
      </trkpt>
      <trkpt lat="45.15304882700745" lon="2.6223059317184774">
        <ele>900</ele>
      </trkpt>
      <trkpt lat="45.15304857632916" lon="2.622377625708582">
        <ele>900</ele>
      </trkpt>
      <trkpt lat="45.15304882700745" lon="2.6223774556551547">
        <ele>900</ele>
      </trkpt>
      <trkpt lat="45.15315563608622" lon="2.6223049780659884">
        <ele>898</ele>
      </trkpt>
      <trkpt lat="45.15324051115774" lon="2.6221094793057365">
        <ele>897</ele>
      </trkpt>
      <trkpt lat="45.15344554644288" lon="2.6216765210757154">
        <ele>898</ele>
      </trkpt>
      <trkpt lat="45.15344554644288" lon="2.6216765210757154">
        <ele>898</ele>
      </trkpt>
      <trkpt lat="45.1535399580393" lon="2.6217242037001669">
        <ele>899</ele>
      </trkpt>
      <trkpt lat="45.1535399580393" lon="2.6217242037001669">
        <ele>899</ele>
      </trkpt>
      <trkpt lat="45.1537745565516" lon="2.622011253099366">
        <ele>903</ele>
      </trkpt>
      <trkpt lat="45.15380283712977" lon="2.622083568733061">
        <ele>903</ele>
      </trkpt>
      <trkpt lat="45.15380283712977" lon="2.622083568733061">
        <ele>903</ele>
      </trkpt>
      <trkpt lat="45.1539834064467" lon="2.6225452984932245">
        <ele>907</ele>
      </trkpt>
      <trkpt lat="45.15412836162503" lon="2.6227913408353949">
        <ele>908</ele>
      </trkpt>
      <trkpt lat="45.15412836162503" lon="2.6227913408353949">
        <ele>908</ele>
      </trkpt>
      <trkpt lat="45.15414297588086" lon="2.6227764221158982">
        <ele>909</ele>
      </trkpt>
      <trkpt lat="45.15414297588086" lon="2.6227764221158982">
        <ele>909</ele>
      </trkpt>
      <trkpt lat="45.15413957421571" lon="2.6227798946490797">
        <ele>908</ele>
      </trkpt>
      <trkpt lat="45.15413957421571" lon="2.6227798946490797">
        <ele>908</ele>
      </trkpt>
      <trkpt lat="45.1541741369445" lon="2.6227446118634323">
        <ele>909</ele>
      </trkpt>
      <trkpt lat="45.15422181956895" lon="2.6226616440968864">
        <ele>910</ele>
      </trkpt>
      <trkpt lat="45.15437058935724" lon="2.622189586114815">
        <ele>912</ele>
      </trkpt>
      <trkpt lat="45.15437058935724" lon="2.622189586114815">
        <ele>912</ele>
      </trkpt>
      <trkpt lat="45.15442017928667" lon="2.622269692923894">
        <ele>913</ele>
      </trkpt>
      <trkpt lat="45.15451172992562" lon="2.6225395765782902">
        <ele>915</ele>
      </trkpt>
      <trkpt lat="45.15451172992562" lon="2.6225395765782902">
        <ele>915</ele>
      </trkpt>
      <trkpt lat="45.15459755864963" lon="2.6223221438107909">
        <ele>915</ele>
      </trkpt>
      <trkpt lat="45.15472916269312" lon="2.6220741941636421">
        <ele>917</ele>
      </trkpt>
      <trkpt lat="45.15486648865154" lon="2.6222544344840695">
        <ele>919</ele>
      </trkpt>
      <trkpt lat="45.15486648865154" lon="2.6222544344840695">
        <ele>919</ele>
      </trkpt>
      <trkpt lat="45.1548960518787" lon="2.6223488460804836">
        <ele>920</ele>
      </trkpt>
      <trkpt lat="45.1551220675186" lon="2.6226053786000336">
        <ele>923</ele>
      </trkpt>
    </trkseg>
  </trk>
</gpx>