<?xml version="1.0" encoding="UTF-8" standalone="yes"?>
<gpx
 version="1.1"
 creator="Generated by MapOut iPhone App. See https://mapout.app"
 xmlns="http://www.topografix.com/GPX/1/1"
 xmlns:xsi="http://www.w3.org/2001/XMLSchema-instance"
 xmlns:gpxx="http://www.garmin.com/xmlschemas/GpxExtensions/v3"
 xmlns:mapout="https://mapout.app/xmlschemas/MapOutExtensions"
 xsi:schemaLocation="http://www.topografix.com/GPX/1/1 https://www.topografix.com/GPX/1/1/gpx.xsd http://www.garmin.com/xmlschemas/GpxExtensions/v3 https://www8.garmin.com/xmlschemas/GpxExtensionsv3.xsd https://mapout.app/xmlschemas/MapOutExtensions https://mapout.app/xmlschemas/MapOutExtensions.xsd">
  <metadata>
    <name>GR 10</name>
    <desc>National Hiking Route</desc>
    <author><name>Chloé </name></author>
    <time>2022-06-22T10:53:32Z</time>
    <bounds minlat="42.40927140949837" minlon="2.3882319761277668" maxlat="42.54665986728788" maxlon="3.1291194467667971"/>
  </metadata>
  <wpt lat="42.43930760956508" lon="2.8269416984677007">
    <ele>715</ele>
    <name>Waypoint</name>
    <sym>Camping</sym>
    <extensions>
      <mapout:extension>
        <mapout:color>05BB6E</mapout:color>
      </mapout:extension>
    </extensions>
  </wpt>
  <wpt lat="42.42590691202825" lon="2.7023853390055406">
    <ele>1055</ele>
    <name>Waypoint</name>
    <sym>Camping</sym>
    <extensions>
      <mapout:extension>
        <mapout:color>05BB6E</mapout:color>
      </mapout:extension>
    </extensions>
  </wpt>
  <wpt lat="42.47447063982268" lon="2.6180816203464317">
    <ele>393</ele>
    <name>Ribera de Bonabosc</name>
    <sym>Camping</sym>
    <extensions>
      <mapout:extension>
        <mapout:color>05BB6E</mapout:color>
      </mapout:extension>
    </extensions>
  </wpt>
  <wpt lat="42.47591238954662" lon="2.9569866313100608">
    <ele>1036</ele>
    <name>Refuge de la Tagnarède</name>
    <sym>Camping</sym>
    <extensions>
      <mapout:extension>
        <mapout:color>05BB6E</mapout:color>
      </mapout:extension>
    </extensions>
  </wpt>
  <wpt lat="42.54069797579226" lon="2.3932526811317216">
    <ele>701</ele>
    <name>Waypoint</name>
    <sym>Camping</sym>
    <extensions>
      <mapout:extension>
        <mapout:color>05BB6E</mapout:color>
      </mapout:extension>
    </extensions>
  </wpt>
  <wpt lat="42.48590482506074" lon="3.0693388625593161">
    <ele>385</ele>
    <name>Waypoint</name>
    <sym>Camping</sym>
    <extensions>
      <mapout:extension>
        <mapout:color>05BB6E</mapout:color>
      </mapout:extension>
    </extensions>
  </wpt>
  <wpt lat="42.53671591389928" lon="2.4337034557067336">
    <ele>1742</ele>
    <name>Refuge Bonne-Aigue</name>
    <sym>Camping</sym>
    <extensions>
      <mapout:extension>
        <mapout:color>05BB6E</mapout:color>
      </mapout:extension>
    </extensions>
  </wpt>
  <wpt lat="42.53227485893157" lon="2.4945032068411144">
    <ele>1711</ele>
    <name>Route Forestière du Llech</name>
    <sym>Camping</sym>
    <extensions>
      <mapout:extension>
        <mapout:color>05BB6E</mapout:color>
      </mapout:extension>
    </extensions>
  </wpt>
  <trk>
    <name>GR 10</name>
    <extensions>
      <gpxx:TrackExtension>
        <gpxx:DisplayColor>DarkCyan</gpxx:DisplayColor>
      </gpxx:TrackExtension>
      <mapout:extension>
        <mapout:color>05BB6E</mapout:color>
      </mapout:extension>
    </extensions>
    <trkseg>
      <trkpt lat="42.48201757611523" lon="3.1291194467667971">
        <ele>7</ele>
      </trkpt>
      <trkpt lat="42.48198455082969" lon="3.1290387182910502">
        <ele>7</ele>
      </trkpt>
      <trkpt lat="42.48178142284952" lon="3.1287917222963908">
        <ele>7</ele>
      </trkpt>
      <trkpt lat="42.4816612626359" lon="3.1286839595651301">
        <ele>7</ele>
      </trkpt>
      <trkpt lat="42.48154205607477" lon="3.128576196833869">
        <ele>7</ele>
      </trkpt>
      <trkpt lat="42.4814609956132" lon="3.1285237459469726">
        <ele>7</ele>
      </trkpt>
      <trkpt lat="42.4814609956132" lon="3.1285237459469726">
        <ele>7</ele>
      </trkpt>
      <trkpt lat="42.48141998855618" lon="3.1284541293152728">
        <ele>7</ele>
      </trkpt>
      <trkpt lat="42.48137993515164" lon="3.1283845126835734">
        <ele>7</ele>
      </trkpt>
      <trkpt lat="42.48119969483121" lon="3.1280440587449889">
        <ele>6</ele>
      </trkpt>
      <trkpt lat="42.48114152202938" lon="3.1279267594888376">
        <ele>6</ele>
      </trkpt>
      <trkpt lat="42.48108334922755" lon="3.1278094602326867">
        <ele>5</ele>
      </trkpt>
      <trkpt lat="42.48070284188443" lon="3.1271600228876553">
        <ele>4</ele>
      </trkpt>
      <trkpt lat="42.48064943734504" lon="3.1271266450505388">
        <ele>4</ele>
      </trkpt>
      <trkpt lat="42.48061033759299" lon="3.1271304596604952">
        <ele>4</ele>
      </trkpt>
      <trkpt lat="42.48052641617396" lon="3.127183864199881">
        <ele>4</ele>
      </trkpt>
      <trkpt lat="42.48044344840741" lon="3.1272372687392669">
        <ele>4</ele>
      </trkpt>
      <trkpt lat="42.48035475872593" lon="3.1272773221438062">
        <ele>3</ele>
      </trkpt>
      <trkpt lat="42.48032042723632" lon="3.1272429906542012">
        <ele>4</ele>
      </trkpt>
      <trkpt lat="42.48024604234218" lon="3.127153347320232">
        <ele>4</ele>
      </trkpt>
      <trkpt lat="42.48017261110052" lon="3.1270646576387517">
        <ele>4</ele>
      </trkpt>
      <trkpt lat="42.48008582872402" lon="3.1269559412550021">
        <ele>4</ele>
      </trkpt>
      <trkpt lat="42.48000000000001" lon="3.1268472248712524">
        <ele>4</ele>
      </trkpt>
      <trkpt lat="42.48" lon="3.1268472248712524">
        <ele>4</ele>
      </trkpt>
      <trkpt lat="42.47994468815563" lon="3.1267776082395531">
        <ele>4</ele>
      </trkpt>
      <trkpt lat="42.47983692542437" lon="3.1266860576006059">
        <ele>4</ele>
      </trkpt>
      <trkpt lat="42.47925710471105" lon="3.1262483311081395">
        <ele>5</ele>
      </trkpt>
      <trkpt lat="42.47906828151822" lon="3.1261367537669229">
        <ele>5</ele>
      </trkpt>
      <trkpt lat="42.47902250619874" lon="3.1261234026320763">
        <ele>5</ele>
      </trkpt>
      <trkpt lat="42.47902250619874" lon="3.1261234026320763">
        <ele>5</ele>
      </trkpt>
      <trkpt lat="42.47892714094984" lon="3.1260270837306838">
        <ele>5</ele>
      </trkpt>
      <trkpt lat="42.47892714094984" lon="3.1260270837306838">
        <ele>5</ele>
      </trkpt>
      <trkpt lat="42.47891951172993" lon="3.1259555597940065">
        <ele>5</ele>
      </trkpt>
      <trkpt lat="42.47893763112722" lon="3.1257257295441496">
        <ele>5</ele>
      </trkpt>
      <trkpt lat="42.47898912836163" lon="3.1253299637612009">
        <ele>6</ele>
      </trkpt>
      <trkpt lat="42.47898626740416" lon="3.1251554453557078">
        <ele>6</ele>
      </trkpt>
      <trkpt lat="42.47902250619874" lon="3.1250534045393814">
        <ele>6</ele>
      </trkpt>
      <trkpt lat="42.47927140949838" lon="3.1246643143238559">
        <ele>7</ele>
      </trkpt>
      <trkpt lat="42.47940587449933" lon="3.12440396719435">
        <ele>8</ele>
      </trkpt>
      <trkpt lat="42.47952794201792" lon="3.1240148769788245">
        <ele>9</ele>
      </trkpt>
      <trkpt lat="42.47954892237269" lon="3.1238975777226732">
        <ele>9</ele>
      </trkpt>
      <trkpt lat="42.47954892237269" lon="3.1238975777226732">
        <ele>9</ele>
      </trkpt>
      <trkpt lat="42.47959660499714" lon="3.1236543963379697">
        <ele>10</ele>
      </trkpt>
      <trkpt lat="42.47959660499714" lon="3.1236543963379697">
        <ele>10</ele>
      </trkpt>
      <trkpt lat="42.47962044630936" lon="3.1235561701315997">
        <ele>10</ele>
      </trkpt>
      <trkpt lat="42.47964524127408" lon="3.1234588975777182">
        <ele>10</ele>
      </trkpt>
      <trkpt lat="42.47964524127408" lon="3.1234588975777182">
        <ele>10</ele>
      </trkpt>
      <trkpt lat="42.47966145336639" lon="3.1233759298111723">
        <ele>11</ele>
      </trkpt>
      <trkpt lat="42.47967766545871" lon="3.1232939156971153">
        <ele>11</ele>
      </trkpt>
      <trkpt lat="42.47967385084875" lon="3.1232414648102185">
        <ele>11</ele>
      </trkpt>
      <trkpt lat="42.47965000953652" lon="3.1231880602708326">
        <ele>11</ele>
      </trkpt>
      <trkpt lat="42.47961853900438" lon="3.123159450696162">
        <ele>11</ele>
      </trkpt>
      <trkpt lat="42.47952222010299" lon="3.123109860766732">
        <ele>10</ele>
      </trkpt>
      <trkpt lat="42.47942685485409" lon="3.1230602708373025">
        <ele>10</ele>
      </trkpt>
      <trkpt lat="42.47942685485409" lon="3.1230602708373025">
        <ele>10</ele>
      </trkpt>
      <trkpt lat="42.47943353042152" lon="3.1230164028228069">
        <ele>10</ele>
      </trkpt>
      <trkpt lat="42.47948312035094" lon="3.1229877932481358">
        <ele>10</ele>
      </trkpt>
      <trkpt lat="42.47957276368491" lon="3.1229868395956468">
        <ele>11</ele>
      </trkpt>
      <trkpt lat="42.47964619492657" lon="3.1229715811558223">
        <ele>11</ele>
      </trkpt>
      <trkpt lat="42.47971962616823" lon="3.1229572763684867">
        <ele>12</ele>
      </trkpt>
      <trkpt lat="42.47976349418272" lon="3.1229572763684867">
        <ele>12</ele>
      </trkpt>
      <trkpt lat="42.47984455464429" lon="3.1229296204463046">
        <ele>12</ele>
      </trkpt>
      <trkpt lat="42.47992561510586" lon="3.1229019645241229">
        <ele>13</ele>
      </trkpt>
      <trkpt lat="42.48" lon="3.1228476063322481">
        <ele>13</ele>
      </trkpt>
      <trkpt lat="42.48000000000001" lon="3.1228476063322481">
        <ele>13</ele>
      </trkpt>
      <trkpt lat="42.48002765592219" lon="3.1228275796299783">
        <ele>13</ele>
      </trkpt>
      <trkpt lat="42.48013923326341" lon="3.1226158687774128">
        <ele>14</ele>
      </trkpt>
      <trkpt lat="42.48029849322908" lon="3.122351707037951">
        <ele>16</ele>
      </trkpt>
      <trkpt lat="42.48033377837117" lon="3.1222277322143763">
        <ele>17</ele>
      </trkpt>
      <trkpt lat="42.48039385847798" lon="3.1218634369635661">
        <ele>20</ele>
      </trkpt>
      <trkpt lat="42.48045107762732" lon="3.1212235361434248">
        <ele>24</ele>
      </trkpt>
      <trkpt lat="42.48045489223728" lon="3.1210680907877122">
        <ele>25</ele>
      </trkpt>
      <trkpt lat="42.48043105092506" lon="3.120829677665454">
        <ele>27</ele>
      </trkpt>
      <trkpt lat="42.48046442876217" lon="3.1204453557123739">
        <ele>30</ele>
      </trkpt>
      <trkpt lat="42.48048254815946" lon="3.1199999999999957">
        <ele>32</ele>
      </trkpt>
      <trkpt lat="42.48048254815946" lon="3.1200000000000134">
        <ele>32</ele>
      </trkpt>
      <trkpt lat="42.4804882700744" lon="3.1198493229067465">
        <ele>33</ele>
      </trkpt>
      <trkpt lat="42.48053499904636" lon="3.1195308029754094">
        <ele>36</ele>
      </trkpt>
      <trkpt lat="42.48059031089072" lon="3.1192208659164735">
        <ele>38</ele>
      </trkpt>
      <trkpt lat="42.48059603280566" lon="3.1191207324051251">
        <ele>39</ele>
      </trkpt>
      <trkpt lat="42.48058744993325" lon="3.1190129696738644">
        <ele>38</ele>
      </trkpt>
      <trkpt lat="42.48070951745185" lon="3.1187144764447972">
        <ele>39</ele>
      </trkpt>
      <trkpt lat="42.48081537287813" lon="3.1185170703795673">
        <ele>41</ele>
      </trkpt>
      <trkpt lat="42.48085542628267" lon="3.1183845126835918">
        <ele>41</ele>
      </trkpt>
      <trkpt lat="42.48101087163838" lon="3.1180507343124302">
        <ele>40</ele>
      </trkpt>
      <trkpt lat="42.48119588022126" lon="3.1177760823955887">
        <ele>42</ele>
      </trkpt>
      <trkpt lat="42.48141426664125" lon="3.117489986648879">
        <ele>45</ele>
      </trkpt>
      <trkpt lat="42.48146004196072" lon="3.1173545679954362">
        <ele>46</ele>
      </trkpt>
      <trkpt lat="42.48149532710281" lon="3.1170503528514346">
        <ele>44</ele>
      </trkpt>
      <trkpt lat="42.48152012206753" lon="3.1169816898722242">
        <ele>44</ele>
      </trkpt>
      <trkpt lat="42.48152012206753" lon="3.1169816898722242">
        <ele>44</ele>
      </trkpt>
      <trkpt lat="42.48144669082587" lon="3.1165182147625541">
        <ele>42</ele>
      </trkpt>
      <trkpt lat="42.48139137898151" lon="3.1164028228113811">
        <ele>43</ele>
      </trkpt>
      <trkpt lat="42.48125786763304" lon="3.1161882510013488">
        <ele>45</ele>
      </trkpt>
      <trkpt lat="42.48120637039864" lon="3.1160461567804827">
        <ele>47</ele>
      </trkpt>
      <trkpt lat="42.48110432958231" lon="3.1156170131604179">
        <ele>53</ele>
      </trkpt>
      <trkpt lat="42.48110432958231" lon="3.1156170131604179">
        <ele>53</ele>
      </trkpt>
      <trkpt lat="42.48101373259585" lon="3.1156065229830388">
        <ele>54</ele>
      </trkpt>
      <trkpt lat="42.48099942780851" lon="3.11553595269885">
        <ele>55</ele>
      </trkpt>
      <trkpt lat="42.48094125500668" lon="3.1154672897196396">
        <ele>57</ele>
      </trkpt>
      <trkpt lat="42.48091836734694" lon="3.1154072096128309">
        <ele>58</ele>
      </trkpt>
      <trkpt lat="42.48090120160214" lon="3.1153337783711752">
        <ele>59</ele>
      </trkpt>
      <trkpt lat="42.4808611481976" lon="3.1153213808888176">
        <ele>60</ele>
      </trkpt>
      <trkpt lat="42.48079725348084" lon="3.1152679763494318">
        <ele>61</ele>
      </trkpt>
      <trkpt lat="42.48073335876408" lon="3.1152155254625349">
        <ele>62</ele>
      </trkpt>
      <trkpt lat="42.48069139805456" lon="3.1151525843982588">
        <ele>63</ele>
      </trkpt>
      <trkpt lat="42.48063322525272" lon="3.1150915506389607">
        <ele>63</ele>
      </trkpt>
      <trkpt lat="42.48058935723823" lon="3.1150057219149478">
        <ele>65</ele>
      </trkpt>
      <trkpt lat="42.48053976730881" lon="3.1149704367728535">
        <ele>65</ele>
      </trkpt>
      <trkpt lat="42.48049494564182" lon="3.1149561319855179">
        <ele>65</ele>
      </trkpt>
      <trkpt lat="42.48044630936488" lon="3.1148960518787092">
        <ele>65</ele>
      </trkpt>
      <trkpt lat="42.48044821666986" lon="3.1148245279420315">
        <ele>66</ele>
      </trkpt>
      <trkpt lat="42.48037764638567" lon="3.1147854281899812">
        <ele>66</ele>
      </trkpt>
      <trkpt lat="42.48031661262637" lon="3.1146776654587205">
        <ele>67</ele>
      </trkpt>
      <trkpt lat="42.48031279801641" lon="3.1146175853519114">
        <ele>68</ele>
      </trkpt>
      <trkpt lat="42.48029563227161" lon="3.1145622735075476">
        <ele>69</ele>
      </trkpt>
      <trkpt lat="42.48031756627886" lon="3.1144964714858041">
        <ele>70</ele>
      </trkpt>
      <trkpt lat="42.48032519549877" lon="3.1144459279038856">
        <ele>70</ele>
      </trkpt>
      <trkpt lat="42.48031184436392" lon="3.1143887087545434">
        <ele>71</ele>
      </trkpt>
      <trkpt lat="42.48027942017929" lon="3.1143600991798723">
        <ele>71</ele>
      </trkpt>
      <trkpt lat="42.48026511539196" lon="3.1142771314133268">
        <ele>72</ele>
      </trkpt>
      <trkpt lat="42.48025081060462" lon="3.1141941636467809">
        <ele>73</ele>
      </trkpt>
      <trkpt lat="42.48022601563991" lon="3.1141255006675705">
        <ele>74</ele>
      </trkpt>
      <trkpt lat="42.48023841312227" lon="3.1140396719435572">
        <ele>74</ele>
      </trkpt>
      <trkpt lat="42.48024222773223" lon="3.1139776845317702">
        <ele>75</ele>
      </trkpt>
      <trkpt lat="42.48024604234218" lon="3.1139156971199831">
        <ele>75</ele>
      </trkpt>
      <trkpt lat="42.48021266450506" lon="3.1139052069426039">
        <ele>75</ele>
      </trkpt>
      <trkpt lat="42.48021647911502" lon="3.1136591646004335">
        <ele>77</ele>
      </trkpt>
      <trkpt lat="42.48019073049782" lon="3.1136000381461133">
        <ele>77</ele>
      </trkpt>
      <trkpt lat="42.48014209422087" lon="3.1135437726492601">
        <ele>77</ele>
      </trkpt>
      <trkpt lat="42.4801659355331" lon="3.1134388708754668">
        <ele>78</ele>
      </trkpt>
      <trkpt lat="42.4801573526607" lon="3.1133425519740743">
        <ele>79</ele>
      </trkpt>
      <trkpt lat="42.4801487697883" lon="3.1132462330726818">
        <ele>79</ele>
      </trkpt>
      <trkpt lat="42.48022315468244" lon="3.1129191302689438">
        <ele>81</ele>
      </trkpt>
      <trkpt lat="42.48020598893764" lon="3.112817089452617">
        <ele>81</ele>
      </trkpt>
      <trkpt lat="42.48020598893764" lon="3.112817089452617">
        <ele>81</ele>
      </trkpt>
      <trkpt lat="42.48026606904445" lon="3.1125414838832866">
        <ele>84</ele>
      </trkpt>
      <trkpt lat="42.48031565897388" lon="3.1124604234217186">
        <ele>84</ele>
      </trkpt>
      <trkpt lat="42.4804787335495" lon="3.1122916269311598">
        <ele>88</ele>
      </trkpt>
      <trkpt lat="42.48051020408164" lon="3.1122334541293291">
        <ele>88</ele>
      </trkpt>
      <trkpt lat="42.48062559603282" lon="3.1118567613961607">
        <ele>94</ele>
      </trkpt>
      <trkpt lat="42.48063513255771" lon="3.1116336067137271">
        <ele>95</ele>
      </trkpt>
      <trkpt lat="42.48066755674233" lon="3.1114085447263156">
        <ele>96</ele>
      </trkpt>
      <trkpt lat="42.48067423230975" lon="3.1112626358954931">
        <ele>97</ele>
      </trkpt>
      <trkpt lat="42.4806875834446" lon="3.111134846461963">
        <ele>97</ele>
      </trkpt>
      <trkpt lat="42.48073526606905" lon="3.1109679572763822">
        <ele>99</ele>
      </trkpt>
      <trkpt lat="42.48084207514783" lon="3.1107495708563935">
        <ele>103</ele>
      </trkpt>
      <trkpt lat="42.48088308220485" lon="3.110650390997534">
        <ele>103</ele>
      </trkpt>
      <trkpt lat="42.48091741369446" lon="3.1105006675567561">
        <ele>103</ele>
      </trkpt>
      <trkpt lat="42.48101659355332" lon="3.1101487697883026">
        <ele>104</ele>
      </trkpt>
      <trkpt lat="42.48107381270266" lon="3.1098979591836873">
        <ele>105</ele>
      </trkpt>
      <trkpt lat="42.48116917795156" lon="3.1096023269120869">
        <ele>106</ele>
      </trkpt>
      <trkpt lat="42.48121209231357" lon="3.1095002860957606">
        <ele>107</ele>
      </trkpt>
      <trkpt lat="42.4813227160023" lon="3.10934293343507">
        <ele>111</ele>
      </trkpt>
      <trkpt lat="42.48147434674805" lon="3.1092170513065174">
        <ele>116</ele>
      </trkpt>
      <trkpt lat="42.48150104901774" lon="3.1091798588594455">
        <ele>118</ele>
      </trkpt>
      <trkpt lat="42.48150104901774" lon="3.1091798588594455">
        <ele>118</ele>
      </trkpt>
      <trkpt lat="42.48150104901774" lon="3.1090720961281844">
        <ele>118</ele>
      </trkpt>
      <trkpt lat="42.48151535380508" lon="3.1089719626168359">
        <ele>120</ele>
      </trkpt>
      <trkpt lat="42.48151535380508" lon="3.1089719626168359">
        <ele>120</ele>
      </trkpt>
      <trkpt lat="42.48152298302499" lon="3.108888041197801">
        <ele>121</ele>
      </trkpt>
      <trkpt lat="42.48157257295443" lon="3.1086143429334485">
        <ele>125</ele>
      </trkpt>
      <trkpt lat="42.48162979210377" lon="3.1084074003433284">
        <ele>129</ele>
      </trkpt>
      <trkpt lat="42.4816612626359" lon="3.1082271600229014">
        <ele>131</ele>
      </trkpt>
      <trkpt lat="42.48174136944498" lon="3.1079677665458845">
        <ele>133</ele>
      </trkpt>
      <trkpt lat="42.48177570093459" lon="3.1076902536715756">
        <ele>134</ele>
      </trkpt>
      <trkpt lat="42.48185199313371" lon="3.107497615868791">
        <ele>136</ele>
      </trkpt>
      <trkpt lat="42.48191302689301" lon="3.1073679191302825">
        <ele>137</ele>
      </trkpt>
      <trkpt lat="42.48198931909213" lon="3.1072544344840876">
        <ele>139</ele>
      </trkpt>
      <trkpt lat="42.48198931909213" lon="3.1072544344840876">
        <ele>139</ele>
      </trkpt>
      <trkpt lat="42.4820265115392" lon="3.1071495327102938">
        <ele>141</ele>
      </trkpt>
      <trkpt lat="42.48207419416366" lon="3.1070875452985067">
        <ele>142</ele>
      </trkpt>
      <trkpt lat="42.48212187678811" lon="3.1070265115392086">
        <ele>143</ele>
      </trkpt>
      <trkpt lat="42.4821571619302" lon="3.1069521266450644">
        <ele>145</ele>
      </trkpt>
      <trkpt lat="42.48215430097274" lon="3.1068748807934523">
        <ele>146</ele>
      </trkpt>
      <trkpt lat="42.48218195689492" lon="3.1067976349418407">
        <ele>147</ele>
      </trkpt>
      <trkpt lat="42.48222868586688" lon="3.1067423230974769">
        <ele>149</ele>
      </trkpt>
      <trkpt lat="42.48226778561893" lon="3.1067127598703168">
        <ele>150</ele>
      </trkpt>
      <trkpt lat="42.48232309746329" lon="3.106625023841326">
        <ele>153</ele>
      </trkpt>
      <trkpt lat="42.48238127026512" lon="3.1065058172801967">
        <ele>155</ele>
      </trkpt>
      <trkpt lat="42.48243944306696" lon="3.1063875643715568">
        <ele>159</ele>
      </trkpt>
      <trkpt lat="42.4824794964715" lon="3.1062807552927851">
        <ele>161</ele>
      </trkpt>
      <trkpt lat="42.48251954987603" lon="3.1061739462140134">
        <ele>163</ele>
      </trkpt>
      <trkpt lat="42.48251954987603" lon="3.1061739462140134">
        <ele>163</ele>
      </trkpt>
      <trkpt lat="42.48252431813848" lon="3.1061491512492982">
        <ele>163</ele>
      </trkpt>
      <trkpt lat="42.48250047682625" lon="3.1061119588022259">
        <ele>164</ele>
      </trkpt>
      <trkpt lat="42.4823917604425" lon="3.1061043295823136">
        <ele>160</ele>
      </trkpt>
      <trkpt lat="42.48236315086783" lon="3.1060576006103511">
        <ele>160</ele>
      </trkpt>
      <trkpt lat="42.48236219721534" lon="3.1059441159641561">
        <ele>161</ele>
      </trkpt>
      <trkpt lat="42.48237650200268" lon="3.1058420751478297">
        <ele>163</ele>
      </trkpt>
      <trkpt lat="42.4823917604425" lon="3.1057400343315034">
        <ele>164</ele>
      </trkpt>
      <trkpt lat="42.48248903299638" lon="3.1051726111005284">
        <ele>171</ele>
      </trkpt>
      <trkpt lat="42.48258535189778" lon="3.1047091359908587">
        <ele>173</ele>
      </trkpt>
      <trkpt lat="42.48270551211139" lon="3.104022506198755">
        <ele>178</ele>
      </trkpt>
      <trkpt lat="42.48273221438109" lon="3.1036982643524835">
        <ele>180</ele>
      </trkpt>
      <trkpt lat="42.4827484264734" lon="3.1033883272935481">
        <ele>183</ele>
      </trkpt>
      <trkpt lat="42.4827837116155" lon="3.1031193972916404">
        <ele>184</ele>
      </trkpt>
      <trkpt lat="42.48280373831776" lon="3.1030354758726055">
        <ele>185</ele>
      </trkpt>
      <trkpt lat="42.48282376502004" lon="3.1029525081060596">
        <ele>186</ele>
      </trkpt>
      <trkpt lat="42.48287812321191" lon="3.1028781232119154">
        <ele>188</ele>
      </trkpt>
      <trkpt lat="42.48290005721916" lon="3.1028294869349744">
        <ele>189</ele>
      </trkpt>
      <trkpt lat="42.4829048254816" lon="3.1027484264734069">
        <ele>190</ele>
      </trkpt>
      <trkpt lat="42.48290101087165" lon="3.1026873927141088">
        <ele>190</ele>
      </trkpt>
      <trkpt lat="42.48289719626169" lon="3.1026263589548106">
        <ele>190</ele>
      </trkpt>
      <trkpt lat="42.48290959374405" lon="3.1025252717909728">
        <ele>192</ele>
      </trkpt>
      <trkpt lat="42.48299828342553" lon="3.1022077055121251">
        <ele>197</ele>
      </trkpt>
      <trkpt lat="42.48300019073051" lon="3.1018987221056782">
        <ele>199</ele>
      </trkpt>
      <trkpt lat="42.48301735647531" lon="3.1015296585924226">
        <ele>202</ele>
      </trkpt>
      <trkpt lat="42.48304691970247" lon="3.1014981880602845">
        <ele>204</ele>
      </trkpt>
      <trkpt lat="42.48307552927714" lon="3.1015029563227294">
        <ele>205</ele>
      </trkpt>
      <trkpt lat="42.48317089452605" lon="3.1021876788098552">
        <ele>205</ele>
      </trkpt>
      <trkpt lat="42.48318615296587" lon="3.1022506198741313">
        <ele>205</ele>
      </trkpt>
      <trkpt lat="42.48320141140569" lon="3.1023145145908968">
        <ele>205</ele>
      </trkpt>
      <trkpt lat="42.48320141140569" lon="3.1023145145908968">
        <ele>205</ele>
      </trkpt>
      <trkpt lat="42.48324718672517" lon="3.1022830440587588">
        <ele>208</ele>
      </trkpt>
      <trkpt lat="42.48325576959757" lon="3.1020694259012154">
        <ele>210</ele>
      </trkpt>
      <trkpt lat="42.48328533282473" lon="3.1018271981690009">
        <ele>214</ele>
      </trkpt>
      <trkpt lat="42.48337116154874" lon="3.1016564943734641">
        <ele>219</ele>
      </trkpt>
      <trkpt lat="42.48337116154874" lon="3.1016564943734641">
        <ele>219</ele>
      </trkpt>
      <trkpt lat="42.48336830059127" lon="3.1015563608621153">
        <ele>219</ele>
      </trkpt>
      <trkpt lat="42.48341407591074" lon="3.1014619492657012">
        <ele>220</ele>
      </trkpt>
      <trkpt lat="42.48348846080489" lon="3.1013742132367104">
        <ele>223</ele>
      </trkpt>
      <trkpt lat="42.48354567995423" lon="3.1012769406828289">
        <ele>225</ele>
      </trkpt>
      <trkpt lat="42.48360385275606" lon="3.1011796681289474">
        <ele>227</ele>
      </trkpt>
      <trkpt lat="42.48360385275606" lon="3.1011796681289474">
        <ele>227</ele>
      </trkpt>
      <trkpt lat="42.48368586687012" lon="3.1007514781613716">
        <ele>233</ele>
      </trkpt>
      <trkpt lat="42.48369063513257" lon="3.1006322716002424">
        <ele>235</ele>
      </trkpt>
      <trkpt lat="42.48365248903301" lon="3.1003814609956271">
        <ele>236</ele>
      </trkpt>
      <trkpt lat="42.48361625023842" lon="3.1002040816326666">
        <ele>237</ele>
      </trkpt>
      <trkpt lat="42.48361243562847" lon="3.1000000000000139">
        <ele>239</ele>
      </trkpt>
      <trkpt lat="42.48361243562847" lon="3.1000000000000032">
        <ele>239</ele>
      </trkpt>
      <trkpt lat="42.48361148197598" lon="3.0999647148579093">
        <ele>239</ele>
      </trkpt>
      <trkpt lat="42.48339404920848" lon="3.0992275414838866">
        <ele>243</ele>
      </trkpt>
      <trkpt lat="42.48332538622927" lon="3.0986286477207741">
        <ele>248</ele>
      </trkpt>
      <trkpt lat="42.48325100133512" lon="3.0981413312988781">
        <ele>248</ele>
      </trkpt>
      <trkpt lat="42.48323002098036" lon="3.0976282662597785">
        <ele>249</ele>
      </trkpt>
      <trkpt lat="42.48321285523556" lon="3.09741941636468">
        <ele>249</ele>
      </trkpt>
      <trkpt lat="42.48314991417129" lon="3.0971581155826851">
        <ele>247</ele>
      </trkpt>
      <trkpt lat="42.48314037764639" lon="3.0970675185962269">
        <ele>247</ele>
      </trkpt>
      <trkpt lat="42.48315945069618" lon="3.096804310509254">
        <ele>249</ele>
      </trkpt>
      <trkpt lat="42.48320522601565" lon="3.0966965477779933">
        <ele>252</ele>
      </trkpt>
      <trkpt lat="42.48320522601565" lon="3.0966965477779933">
        <ele>252</ele>
      </trkpt>
      <trkpt lat="42.48318519931338" lon="3.096642189586118">
        <ele>251</ele>
      </trkpt>
      <trkpt lat="42.48328533282473" lon="3.0960576006103411">
        <ele>254</ele>
      </trkpt>
      <trkpt lat="42.48327674995232" lon="3.0959612817089486">
        <ele>253</ele>
      </trkpt>
      <trkpt lat="42.4830268930002" lon="3.0953843219530839">
        <ele>241</ele>
      </trkpt>
      <trkpt lat="42.48294487888614" lon="3.0952613007819982">
        <ele>240</ele>
      </trkpt>
      <trkpt lat="42.48292008392143" lon="3.0952117108525687">
        <ele>239</ele>
      </trkpt>
      <trkpt lat="42.48291875547077" lon="3.0952090539516828">
        <ele>239</ele>
      </trkpt>
      <trkpt lat="42.48286763303453" lon="3.0951954987602552">
        <ele>239</ele>
      </trkpt>
      <trkpt lat="42.48286763303453" lon="3.0951954987602552">
        <ele>239</ele>
      </trkpt>
      <trkpt lat="42.48287240129697" lon="3.0951230211710885">
        <ele>239</ele>
      </trkpt>
      <trkpt lat="42.48275605569332" lon="3.0946509631890171">
        <ele>244</ele>
      </trkpt>
      <trkpt lat="42.48272744611864" lon="3.0945517833301581">
        <ele>245</ele>
      </trkpt>
      <trkpt lat="42.48269883654397" lon="3.0944526034712987">
        <ele>247</ele>
      </trkpt>
      <trkpt lat="42.48266545870685" lon="3.094378218577154">
        <ele>248</ele>
      </trkpt>
      <trkpt lat="42.48263208086974" lon="3.0943038336830093">
        <ele>250</ele>
      </trkpt>
      <trkpt lat="42.48263208086974" lon="3.0943038336830093">
        <ele>250</ele>
      </trkpt>
      <trkpt lat="42.48254339118826" lon="3.0940453938584813">
        <ele>255</ele>
      </trkpt>
      <trkpt lat="42.48252431813848" lon="3.0939576578294905">
        <ele>257</ele>
      </trkpt>
      <trkpt lat="42.4825395765783" lon="3.0938737364104556">
        <ele>258</ele>
      </trkpt>
      <trkpt lat="42.48267976349419" lon="3.0935084875071559">
        <ele>262</ele>
      </trkpt>
      <trkpt lat="42.48277703604807" lon="3.0931842456608845">
        <ele>265</ele>
      </trkpt>
      <trkpt lat="42.48280373831776" lon="3.0931050925042949">
        <ele>266</ele>
      </trkpt>
      <trkpt lat="42.48283044058746" lon="3.0930268930001943">
        <ele>267</ele>
      </trkpt>
      <trkpt lat="42.48289242799925" lon="3.0927541483883307">
        <ele>271</ele>
      </trkpt>
      <trkpt lat="42.48293724966623" lon="3.0921600228876631">
        <ele>281</ele>
      </trkpt>
      <trkpt lat="42.48296872019837" lon="3.092066564943738">
        <ele>282</ele>
      </trkpt>
      <trkpt lat="42.48302880030518" lon="3.0919769216097688">
        <ele>283</ele>
      </trkpt>
      <trkpt lat="42.48312798016403" lon="3.0919273316803393">
        <ele>281</ele>
      </trkpt>
      <trkpt lat="42.48323002098036" lon="3.0919025367156241">
        <ele>280</ele>
      </trkpt>
      <trkpt lat="42.48331775700935" lon="3.0918863246233106">
        <ele>278</ele>
      </trkpt>
      <trkpt lat="42.48340644669084" lon="3.0918710661834861">
        <ele>277</ele>
      </trkpt>
      <trkpt lat="42.48365725729545" lon="3.0918882319282885">
        <ele>274</ele>
      </trkpt>
      <trkpt lat="42.4837488079344" lon="3.0918701125309971">
        <ele>273</ele>
      </trkpt>
      <trkpt lat="42.4837488079344" lon="3.0918701125309971">
        <ele>273</ele>
      </trkpt>
      <trkpt lat="42.48379458325387" lon="3.0918291054739688">
        <ele>272</ele>
      </trkpt>
      <trkpt lat="42.4838441731833" lon="3.0917575815372911">
        <ele>273</ele>
      </trkpt>
      <trkpt lat="42.48388136563037" lon="3.0916717528132782">
        <ele>273</ele>
      </trkpt>
      <trkpt lat="42.48395002860958" lon="3.0913837497615901">
        <ele>277</ele>
      </trkpt>
      <trkpt lat="42.48401201602137" lon="3.0910833492275449">
        <ele>280</ele>
      </trkpt>
      <trkpt lat="42.48405588403587" lon="3.0907304978066028">
        <ele>284</ele>
      </trkpt>
      <trkpt lat="42.48404539385849" lon="3.090451077627316">
        <ele>287</ele>
      </trkpt>
      <trkpt lat="42.48404539385849" lon="3.090451077627316">
        <ele>287</ele>
      </trkpt>
      <trkpt lat="42.48406637421325" lon="3.0903757390806823">
        <ele>287</ele>
      </trkpt>
      <trkpt lat="42.48408830822049" lon="3.0903004005340486">
        <ele>287</ele>
      </trkpt>
      <trkpt lat="42.48408449361054" lon="3.0899389662407053">
        <ele>290</ele>
      </trkpt>
      <trkpt lat="42.48406732786574" lon="3.0895498760251798">
        <ele>294</ele>
      </trkpt>
      <trkpt lat="42.48403490368111" lon="3.0893066946404764">
        <ele>297</ele>
      </trkpt>
      <trkpt lat="42.48393667747474" lon="3.0888718291054773">
        <ele>303</ele>
      </trkpt>
      <trkpt lat="42.48392714094985" lon="3.0888003051688">
        <ele>304</ele>
      </trkpt>
      <trkpt lat="42.48391760442496" lon="3.0887287812321222">
        <ele>305</ele>
      </trkpt>
      <trkpt lat="42.48393858477971" lon="3.0886257867633069">
        <ele>305</ele>
      </trkpt>
      <trkpt lat="42.48396051878697" lon="3.0885237459469805">
        <ele>304</ele>
      </trkpt>
      <trkpt lat="42.48397005531185" lon="3.0884455464428795">
        <ele>304</ele>
      </trkpt>
      <trkpt lat="42.48398054548923" lon="3.0883683005912679">
        <ele>304</ele>
      </trkpt>
      <trkpt lat="42.4839748235743" lon="3.0882996376120575">
        <ele>306</ele>
      </trkpt>
      <trkpt lat="42.48399294297159" lon="3.0879706275033412">
        <ele>313</ele>
      </trkpt>
      <trkpt lat="42.48394430669465" lon="3.0878628647720805">
        <ele>318</ele>
      </trkpt>
      <trkpt lat="42.48389567041771" lon="3.0877551020408198">
        <ele>323</ele>
      </trkpt>
      <trkpt lat="42.48389567041771" lon="3.0877551020408198">
        <ele>323</ele>
      </trkpt>
      <trkpt lat="42.48388994850278" lon="3.0876873927140984">
        <ele>325</ele>
      </trkpt>
      <trkpt lat="42.48381460995614" lon="3.087622544344844">
        <ele>331</ele>
      </trkpt>
      <trkpt lat="42.48382128552356" lon="3.0875405302307874">
        <ele>332</ele>
      </trkpt>
      <trkpt lat="42.48380411977876" lon="3.0874794964714893">
        <ele>335</ele>
      </trkpt>
      <trkpt lat="42.48381365630365" lon="3.0874041579248557">
        <ele>336</ele>
      </trkpt>
      <trkpt lat="42.48378981499143" lon="3.0873269120732441">
        <ele>340</ele>
      </trkpt>
      <trkpt lat="42.48380030516881" lon="3.0872277322143846">
        <ele>342</ele>
      </trkpt>
      <trkpt lat="42.4837659736792" lon="3.0871123402632117">
        <ele>347</ele>
      </trkpt>
      <trkpt lat="42.48376406637422" lon="3.0870303261491547">
        <ele>349</ele>
      </trkpt>
      <trkpt lat="42.48376406637422" lon="3.0870303261491547">
        <ele>349</ele>
      </trkpt>
      <trkpt lat="42.48373068853711" lon="3.0870017165744836">
        <ele>351</ele>
      </trkpt>
      <trkpt lat="42.48363055502575" lon="3.0869845508296812">
        <ele>356</ele>
      </trkpt>
      <trkpt lat="42.4835924089262" lon="3.0869979019645277">
        <ele>357</ele>
      </trkpt>
      <trkpt lat="42.48355521647913" lon="3.0869750143047909">
        <ele>359</ele>
      </trkpt>
      <trkpt lat="42.4835571237841" lon="3.0869225634178941">
        <ele>361</ele>
      </trkpt>
      <trkpt lat="42.48353709708184" lon="3.0868796490558874">
        <ele>363</ele>
      </trkpt>
      <trkpt lat="42.48350085828725" lon="3.0868634369635739">
        <ele>365</ele>
      </trkpt>
      <trkpt lat="42.48349418271982" lon="3.0868186152965893">
        <ele>366</ele>
      </trkpt>
      <trkpt lat="42.48350181193974" lon="3.0867575815372912">
        <ele>367</ele>
      </trkpt>
      <trkpt lat="42.48352946786192" lon="3.0866755674232342">
        <ele>368</ele>
      </trkpt>
      <trkpt lat="42.48355807743659" lon="3.0865935533091777">
        <ele>369</ele>
      </trkpt>
      <trkpt lat="42.48357715048637" lon="3.0865153538050767">
        <ele>369</ele>
      </trkpt>
      <trkpt lat="42.48355807743659" lon="3.0864037764638601">
        <ele>371</ele>
      </trkpt>
      <trkpt lat="42.48356952126646" lon="3.0863618157543424">
        <ele>372</ele>
      </trkpt>
      <trkpt lat="42.48355807743659" lon="3.086294106427621">
        <ele>373</ele>
      </trkpt>
      <trkpt lat="42.48353900438681" lon="3.086262635895483">
        <ele>374</ele>
      </trkpt>
      <trkpt lat="42.48354567995423" lon="3.086197787526229">
        <ele>375</ele>
      </trkpt>
      <trkpt lat="42.48352565325197" lon="3.0861634560366236">
        <ele>376</ele>
      </trkpt>
      <trkpt lat="42.48353518977685" lon="3.0860890711424789">
        <ele>377</ele>
      </trkpt>
      <trkpt lat="42.48352851420943" lon="3.0860509250429176">
        <ele>378</ele>
      </trkpt>
      <trkpt lat="42.48354663360672" lon="3.0860080106809114">
        <ele>378</ele>
      </trkpt>
      <trkpt lat="42.48351325576961" lon="3.0859145527369862">
        <ele>380</ele>
      </trkpt>
      <trkpt lat="42.48351069266847" lon="3.0859073774973345">
        <ele>380</ele>
      </trkpt>
      <trkpt lat="42.48359526988366" lon="3.0853814609956167">
        <ele>383</ele>
      </trkpt>
      <trkpt lat="42.48364581346559" lon="3.0852279229448825">
        <ele>385</ele>
      </trkpt>
      <trkpt lat="42.48364581346559" lon="3.0852279229448825">
        <ele>385</ele>
      </trkpt>
      <trkpt lat="42.48359908449362" lon="3.0852183864199918">
        <ele>385</ele>
      </trkpt>
      <trkpt lat="42.48359908449362" lon="3.0852183864199918">
        <ele>385</ele>
      </trkpt>
      <trkpt lat="42.48365058172803" lon="3.0851029944688189">
        <ele>386</ele>
      </trkpt>
      <trkpt lat="42.48370303261493" lon="3.0849885561701349">
        <ele>388</ele>
      </trkpt>
      <trkpt lat="42.48375452984934" lon="3.0849160785809686">
        <ele>389</ele>
      </trkpt>
      <trkpt lat="42.48378409307649" lon="3.0848493229067362">
        <ele>389</ele>
      </trkpt>
      <trkpt lat="42.48389567041771" lon="3.0847291626931179">
        <ele>392</ele>
      </trkpt>
      <trkpt lat="42.48394144573718" lon="3.0847110432958265">
        <ele>393</ele>
      </trkpt>
      <trkpt lat="42.48398531375168" lon="3.0846633606713749">
        <ele>395</ele>
      </trkpt>
      <trkpt lat="42.48401964524128" lon="3.0846509631890173">
        <ele>396</ele>
      </trkpt>
      <trkpt lat="42.48404920846844" lon="3.0846042342170548">
        <ele>397</ele>
      </trkpt>
      <trkpt lat="42.48412073240512" lon="3.0845861148197633">
        <ele>400</ele>
      </trkpt>
      <trkpt lat="42.4841569711997" lon="3.0845222201029978">
        <ele>402</ele>
      </trkpt>
      <trkpt lat="42.48424852183865" lon="3.0844449742513862">
        <ele>406</ele>
      </trkpt>
      <trkpt lat="42.48426950219341" lon="3.0844506961663205">
        <ele>406</ele>
      </trkpt>
      <trkpt lat="42.48428857524319" lon="3.0843915697120003">
        <ele>408</ele>
      </trkpt>
      <trkpt lat="42.48433435056266" lon="3.0843248140377679">
        <ele>410</ele>
      </trkpt>
      <trkpt lat="42.48436772839978" lon="3.0843038336830095">
        <ele>412</ele>
      </trkpt>
      <trkpt lat="42.48438394049209" lon="3.0842447072286894">
        <ele>413</ele>
      </trkpt>
      <trkpt lat="42.48442399389663" lon="3.084209422086595">
        <ele>415</ele>
      </trkpt>
      <trkpt lat="42.48444211329392" lon="3.0841693686820557">
        <ele>416</ele>
      </trkpt>
      <trkpt lat="42.48449456418082" lon="3.084143620064852">
        <ele>417</ele>
      </trkpt>
      <trkpt lat="42.48451554453558" lon="3.0841264543200491">
        <ele>418</ele>
      </trkpt>
      <trkpt lat="42.48453461758536" lon="3.0840987983978674">
        <ele>417</ele>
      </trkpt>
      <trkpt lat="42.48457085637995" lon="3.0840082014114092">
        <ele>416</ele>
      </trkpt>
      <trkpt lat="42.48461186343697" lon="3.0839767308792712">
        <ele>417</ele>
      </trkpt>
      <trkpt lat="42.4846357047492" lon="3.083981499141716">
        <ele>418</ele>
      </trkpt>
      <trkpt lat="42.4846357047492" lon="3.083981499141716">
        <ele>418</ele>
      </trkpt>
      <trkpt lat="42.48469101659357" lon="3.0838813656303676">
        <ele>417</ele>
      </trkpt>
      <trkpt lat="42.48474728209042" lon="3.0837812321190192">
        <ele>417</ele>
      </trkpt>
      <trkpt lat="42.48478638184247" lon="3.0836877741750941">
        <ele>416</ele>
      </trkpt>
      <trkpt lat="42.48482643524701" lon="3.083595269883658">
        <ele>415</ele>
      </trkpt>
      <trkpt lat="42.48488079343888" lon="3.0834951363723095">
        <ele>415</ele>
      </trkpt>
      <trkpt lat="42.48495803929049" lon="3.0834398245279453">
        <ele>417</ele>
      </trkpt>
      <trkpt lat="42.4850352851421" lon="3.0833845126835815">
        <ele>419</ele>
      </trkpt>
      <trkpt lat="42.48514781613581" lon="3.0833158497043711">
        <ele>422</ele>
      </trkpt>
      <trkpt lat="42.48526130078201" lon="3.0832481403776497">
        <ele>425</ele>
      </trkpt>
      <trkpt lat="42.48534712950602" lon="3.0831918748807969">
        <ele>428</ele>
      </trkpt>
      <trkpt lat="42.48543295823003" lon="3.0831356093839437">
        <ele>430</ele>
      </trkpt>
      <trkpt lat="42.48552832347893" lon="3.0830497806599308">
        <ele>432</ele>
      </trkpt>
      <trkpt lat="42.4856093839405" lon="3.0829391569712032">
        <ele>432</ele>
      </trkpt>
      <trkpt lat="42.4856446690826" lon="3.082851420942212">
        <ele>431</ele>
      </trkpt>
      <trkpt lat="42.48567995422469" lon="3.0827636849132212">
        <ele>430</ele>
      </trkpt>
      <trkpt lat="42.48572572954416" lon="3.0826769025367189">
        <ele>430</ele>
      </trkpt>
      <trkpt lat="42.48577245851612" lon="3.082591073812706">
        <ele>429</ele>
      </trkpt>
      <trkpt lat="42.48584588975778" lon="3.0825338546633643">
        <ele>431</ele>
      </trkpt>
      <trkpt lat="42.48587449933245" lon="3.0824852183864233">
        <ele>432</ele>
      </trkpt>
      <trkpt lat="42.4859403013542" lon="3.0822239176044284">
        <ele>430</ele>
      </trkpt>
      <trkpt lat="42.48597749380126" lon="3.0821504863627727">
        <ele>430</ele>
      </trkpt>
      <trkpt lat="42.48598607667367" lon="3.0820579820713365">
        <ele>428</ele>
      </trkpt>
      <trkpt lat="42.48602613007821" lon="3.0819578485599881">
        <ele>428</ele>
      </trkpt>
      <trkpt lat="42.48606618348275" lon="3.0818577150486397">
        <ele>428</ele>
      </trkpt>
      <trkpt lat="42.48612340263209" lon="3.0817556742323133">
        <ele>429</ele>
      </trkpt>
      <trkpt lat="42.48618062178143" lon="3.0816545870684755">
        <ele>430</ele>
      </trkpt>
      <trkpt lat="42.48620446309366" lon="3.0815983215716227">
        <ele>431</ele>
      </trkpt>
      <trkpt lat="42.48621876788099" lon="3.0815382414648136">
        <ele>432</ele>
      </trkpt>
      <trkpt lat="42.48621113866108" lon="3.0812445164981916">
        <ele>429</ele>
      </trkpt>
      <trkpt lat="42.48622448979593" lon="3.0811739462140029">
        <ele>430</ele>
      </trkpt>
      <trkpt lat="42.4862178142285" lon="3.081090024794968">
        <ele>429</ele>
      </trkpt>
      <trkpt lat="42.48620160213619" lon="3.0809965668510428">
        <ele>427</ele>
      </trkpt>
      <trkpt lat="42.48619492656876" lon="3.0808830822048479">
        <ele>426</ele>
      </trkpt>
      <trkpt lat="42.48618920465383" lon="3.0807695975586529">
        <ele>425</ele>
      </trkpt>
      <trkpt lat="42.48619778752624" lon="3.0807295441541136">
        <ele>425</ele>
      </trkpt>
      <trkpt lat="42.48623307266833" lon="3.0806675567423265">
        <ele>426</ele>
      </trkpt>
      <trkpt lat="42.48626454320047" lon="3.080587449933248">
        <ele>427</ele>
      </trkpt>
      <trkpt lat="42.48629601373261" lon="3.0805082967766579">
        <ele>428</ele>
      </trkpt>
      <trkpt lat="42.48634274270457" lon="3.0804310509250463">
        <ele>430</ele>
      </trkpt>
      <trkpt lat="42.48638947167653" lon="3.0803538050734347">
        <ele>432</ele>
      </trkpt>
      <trkpt lat="42.48642380316613" lon="3.0802841884417353">
        <ele>433</ele>
      </trkpt>
      <trkpt lat="42.48645813465574" lon="3.080214571810036">
        <ele>435</ele>
      </trkpt>
      <trkpt lat="42.48651916841504" lon="3.0801068090787753">
        <ele>437</ele>
      </trkpt>
      <trkpt lat="42.48658115582683" lon="3.0800000000000036">
        <ele>440</ele>
      </trkpt>
      <trkpt lat="42.48658115582683" lon="3.079999999999993">
        <ele>440</ele>
      </trkpt>
      <trkpt lat="42.48662502384132" lon="3.0799141712759801">
        <ele>443</ele>
      </trkpt>
      <trkpt lat="42.4866698455083" lon="3.0798292962044562">
        <ele>447</ele>
      </trkpt>
      <trkpt lat="42.48668128933817" lon="3.0797911501048949">
        <ele>448</ele>
      </trkpt>
      <trkpt lat="42.48668319664315" lon="3.0797577722677789">
        <ele>448</ele>
      </trkpt>
      <trkpt lat="42.4865925996567" lon="3.0794764447835141">
        <ele>444</ele>
      </trkpt>
      <trkpt lat="42.48656971199696" lon="3.0793753576196767">
        <ele>444</ele>
      </trkpt>
      <trkpt lat="42.48656780469198" lon="3.0792771314133063">
        <ele>444</ele>
      </trkpt>
      <trkpt lat="42.48652775128744" lon="3.0791684150295566">
        <ele>443</ele>
      </trkpt>
      <trkpt lat="42.48650963189015" lon="3.0790701888231862">
        <ele>443</ele>
      </trkpt>
      <trkpt lat="42.4865134465001" lon="3.0790091550638881">
        <ele>444</ele>
      </trkpt>
      <trkpt lat="42.48651726111006" lon="3.0789481213045899">
        <ele>445</ele>
      </trkpt>
      <trkpt lat="42.48651440015259" lon="3.0788498950982195">
        <ele>446</ele>
      </trkpt>
      <trkpt lat="42.48651249284762" lon="3.078752622544338">
        <ele>447</ele>
      </trkpt>
      <trkpt lat="42.4864876978829" lon="3.0786629792103688">
        <ele>447</ele>
      </trkpt>
      <trkpt lat="42.48641140568377" lon="3.0785447263017289">
        <ele>444</ele>
      </trkpt>
      <trkpt lat="42.48635800114439" lon="3.0784493610528254">
        <ele>442</ele>
      </trkpt>
      <trkpt lat="42.4863055502575" lon="3.0783539958039223">
        <ele>440</ele>
      </trkpt>
      <trkpt lat="42.4862788479878" lon="3.0782748426473323">
        <ele>438</ele>
      </trkpt>
      <trkpt lat="42.4862530993706" lon="3.0781966431432317">
        <ele>436</ele>
      </trkpt>
      <trkpt lat="42.48625500667558" lon="3.0781556360862035">
        <ele>435</ele>
      </trkpt>
      <trkpt lat="42.48627121876789" lon="3.0781174899866421">
        <ele>436</ele>
      </trkpt>
      <trkpt lat="42.48633415983217" lon="3.0780183101277827">
        <ele>438</ele>
      </trkpt>
      <trkpt lat="42.48639710089644" lon="3.0779191302689233">
        <ele>441</ele>
      </trkpt>
      <trkpt lat="42.48645145908831" lon="3.0778371161548663">
        <ele>443</ele>
      </trkpt>
      <trkpt lat="42.48650677093268" lon="3.0777560556932984">
        <ele>445</ele>
      </trkpt>
      <trkpt lat="42.48671657448027" lon="3.0774232309746261">
        <ele>452</ele>
      </trkpt>
      <trkpt lat="42.48675281327485" lon="3.0773755483501746">
        <ele>454</ele>
      </trkpt>
      <trkpt lat="42.48675853518979" lon="3.0773345412931459">
        <ele>453</ele>
      </trkpt>
      <trkpt lat="42.48678142284952" lon="3.0772925805836286">
        <ele>454</ele>
      </trkpt>
      <trkpt lat="42.48681956894909" lon="3.0772706465763808">
        <ele>456</ele>
      </trkpt>
      <trkpt lat="42.48687869540341" lon="3.0771657448025871">
        <ele>458</ele>
      </trkpt>
      <trkpt lat="42.48693782185772" lon="3.0770608430287933">
        <ele>460</ele>
      </trkpt>
      <trkpt lat="42.48699694831205" lon="3.0769807362197148">
        <ele>462</ele>
      </trkpt>
      <trkpt lat="42.48705702841885" lon="3.0769006294106358">
        <ele>465</ele>
      </trkpt>
      <trkpt lat="42.48707705512112" lon="3.0768519931336953">
        <ele>465</ele>
      </trkpt>
      <trkpt lat="42.48709326721344" lon="3.0767900057219082">
        <ele>465</ele>
      </trkpt>
      <trkpt lat="42.48710947930575" lon="3.0767280183101211">
        <ele>465</ele>
      </trkpt>
      <trkpt lat="42.48711424756819" lon="3.0766507724585095">
        <ele>465</ele>
      </trkpt>
      <trkpt lat="42.48711901583064" lon="3.0765744802593868">
        <ele>466</ele>
      </trkpt>
      <trkpt lat="42.48709231356095" lon="3.0764714857905711">
        <ele>465</ele>
      </trkpt>
      <trkpt lat="42.48704749189396" lon="3.0763990082014048">
        <ele>463</ele>
      </trkpt>
      <trkpt lat="42.48700267022698" lon="3.076327484264727">
        <ele>461</ele>
      </trkpt>
      <trkpt lat="42.48698455082969" lon="3.0762530993705823">
        <ele>461</ele>
      </trkpt>
      <trkpt lat="42.48694354377266" lon="3.0757486172038839">
        <ele>464</ele>
      </trkpt>
      <trkpt lat="42.48690825863056" lon="3.0754215144001456">
        <ele>467</ele>
      </trkpt>
      <trkpt lat="42.48686820522602" lon="3.0751573526606837">
        <ele>469</ele>
      </trkpt>
      <trkpt lat="42.4868443639138" lon="3.0750963189013856">
        <ele>468</ele>
      </trkpt>
      <trkpt lat="42.48684531756629" lon="3.0750247949647078">
        <ele>469</ele>
      </trkpt>
      <trkpt lat="42.48681193972917" lon="3.0749265687583378">
        <ele>470</ele>
      </trkpt>
      <trkpt lat="42.48677283997712" lon="3.0748493229067257">
        <ele>469</ele>
      </trkpt>
      <trkpt lat="42.48673374022507" lon="3.0747730307076031">
        <ele>469</ele>
      </trkpt>
      <trkpt lat="42.48669177951555" lon="3.0747053213808822">
        <ele>469</ele>
      </trkpt>
      <trkpt lat="42.48664981880604" lon="3.0746385657066497">
        <ele>469</ele>
      </trkpt>
      <trkpt lat="42.48660118252909" lon="3.0745803929048185">
        <ele>469</ele>
      </trkpt>
      <trkpt lat="42.48653919511731" lon="3.0744783520884922">
        <ele>469</ele>
      </trkpt>
      <trkpt lat="42.48650963189015" lon="3.0744449742513762">
        <ele>468</ele>
      </trkpt>
      <trkpt lat="42.48648197596797" lon="3.0743791722296328">
        <ele>469</ele>
      </trkpt>
      <trkpt lat="42.48645527369828" lon="3.0743133702078893">
        <ele>470</ele>
      </trkpt>
      <trkpt lat="42.48636181575435" lon="3.0740434865534931">
        <ele>472</ele>
      </trkpt>
      <trkpt lat="42.48622353614344" lon="3.0737783711615418">
        <ele>474</ele>
      </trkpt>
      <trkpt lat="42.48617871447645" lon="3.0737144764447768">
        <ele>474</ele>
      </trkpt>
      <trkpt lat="42.48613389280947" lon="3.0736515353805007">
        <ele>475</ele>
      </trkpt>
      <trkpt lat="42.4861052832348" lon="3.0736000381460928">
        <ele>476</ele>
      </trkpt>
      <trkpt lat="42.48607858096511" lon="3.0735370970818168">
        <ele>477</ele>
      </trkpt>
      <trkpt lat="42.48605187869541" lon="3.0734741560175403">
        <ele>479</ele>
      </trkpt>
      <trkpt lat="42.48604138851803" lon="3.0733663932862796">
        <ele>483</ele>
      </trkpt>
      <trkpt lat="42.48602231546825" lon="3.0732929620446243">
        <ele>483</ele>
      </trkpt>
      <trkpt lat="42.48602231546825" lon="3.0732929620446243">
        <ele>483</ele>
      </trkpt>
      <trkpt lat="42.48600801068092" lon="3.0732719816898655">
        <ele>483</ele>
      </trkpt>
      <trkpt lat="42.4859927522411" lon="3.0731985504482098">
        <ele>482</ele>
      </trkpt>
      <trkpt lat="42.48597844745375" lon="3.0731251192065545">
        <ele>481</ele>
      </trkpt>
      <trkpt lat="42.48596986458136" lon="3.0730259393476951">
        <ele>480</ele>
      </trkpt>
      <trkpt lat="42.48596223536144" lon="3.0729277131413246">
        <ele>480</ele>
      </trkpt>
      <trkpt lat="42.48594220865917" lon="3.0728189967575745">
        <ele>479</ele>
      </trkpt>
      <trkpt lat="42.48592313560939" lon="3.0727102803738249">
        <ele>478</ele>
      </trkpt>
      <trkpt lat="42.48589834064468" lon="3.0726406637421255">
        <ele>478</ele>
      </trkpt>
      <trkpt lat="42.48587545298494" lon="3.0726053786000311">
        <ele>478</ele>
      </trkpt>
      <trkpt lat="42.48584779706276" lon="3.0725843982452727">
        <ele>479</ele>
      </trkpt>
      <trkpt lat="42.48582777036049" lon="3.0725319473583759">
        <ele>479</ele>
      </trkpt>
      <trkpt lat="42.48579153156591" lon="3.0725014304787268">
        <ele>479</ele>
      </trkpt>
      <trkpt lat="42.48577150486364" lon="3.0724680526416104">
        <ele>478</ele>
      </trkpt>
      <trkpt lat="42.48571142475683" lon="3.0724108334922686">
        <ele>477</ele>
      </trkpt>
      <trkpt lat="42.48565611291247" lon="3.0723269120732337">
        <ele>474</ele>
      </trkpt>
      <trkpt lat="42.48562464238032" lon="3.0722973488460736">
        <ele>473</ele>
      </trkpt>
      <trkpt lat="42.48561033759299" lon="3.0722391760442425">
        <ele>471</ele>
      </trkpt>
      <trkpt lat="42.48557982071334" lon="3.0722029372496595">
        <ele>470</ele>
      </trkpt>
      <trkpt lat="42.48555979401107" lon="3.072139042532894">
        <ele>467</ele>
      </trkpt>
      <trkpt lat="42.48551497234408" lon="3.0720818233835523">
        <ele>466</ele>
      </trkpt>
      <trkpt lat="42.48550638947169" lon="3.0720474918939469">
        <ele>464</ele>
      </trkpt>
      <trkpt lat="42.48551211138662" lon="3.0719778752622475">
        <ele>461</ele>
      </trkpt>
      <trkpt lat="42.48546633606715" lon="3.071880602708366">
        <ele>458</ele>
      </trkpt>
      <trkpt lat="42.48543677283999" lon="3.071848178523739">
        <ele>457</ele>
      </trkpt>
      <trkpt lat="42.48542246805265" lon="3.0718062178142218">
        <ele>456</ele>
      </trkpt>
      <trkpt lat="42.48538050734313" lon="3.0717938203318642">
        <ele>456</ele>
      </trkpt>
      <trkpt lat="42.48537287812322" lon="3.0717623497997262">
        <ele>455</ele>
      </trkpt>
      <trkpt lat="42.48531661262637" lon="3.0717013160404281">
        <ele>453</ele>
      </trkpt>
      <trkpt lat="42.48529181766165" lon="3.0716345603661956">
        <ele>451</ele>
      </trkpt>
      <trkpt lat="42.48526702269694" lon="3.0715687583444526">
        <ele>450</ele>
      </trkpt>
      <trkpt lat="42.48522792294489" lon="3.0715029563227092">
        <ele>448</ele>
      </trkpt>
      <trkpt lat="42.48519645241275" lon="3.0713980545489155">
        <ele>446</ele>
      </trkpt>
      <trkpt lat="42.48516307457563" lon="3.0713665840167774">
        <ele>445</ele>
      </trkpt>
      <trkpt lat="42.48516307457563" lon="3.0713665840167774">
        <ele>445</ele>
      </trkpt>
      <trkpt lat="42.48512397482359" lon="3.0713532328819309">
        <ele>446</ele>
      </trkpt>
      <trkpt lat="42.4851049017738" lon="3.0713360671371284">
        <ele>445</ele>
      </trkpt>
      <trkpt lat="42.48506008010682" lon="3.0713332061796614">
        <ele>446</ele>
      </trkpt>
      <trkpt lat="42.48503719244708" lon="3.0713618157543321">
        <ele>448</ele>
      </trkpt>
      <trkpt lat="42.48500667556743" lon="3.0713427427045517">
        <ele>448</ele>
      </trkpt>
      <trkpt lat="42.48497711234027" lon="3.0713436963570406">
        <ele>447</ele>
      </trkpt>
      <trkpt lat="42.48492370780089" lon="3.0714066374213167">
        <ele>449</ele>
      </trkpt>
      <trkpt lat="42.4848617203891" lon="3.0714409689109221">
        <ele>450</ele>
      </trkpt>
      <trkpt lat="42.48477303070762" lon="3.0714295250810535">
        <ele>449</ele>
      </trkpt>
      <trkpt lat="42.48473106999811" lon="3.0713904253290032">
        <ele>447</ele>
      </trkpt>
      <trkpt lat="42.48470627503339" lon="3.0714037764638498">
        <ele>447</ele>
      </trkpt>
      <trkpt lat="42.48465954606142" lon="3.0713885180240252">
        <ele>446</ele>
      </trkpt>
      <trkpt lat="42.48463951935916" lon="3.0713389280945953">
        <ele>445</ele>
      </trkpt>
      <trkpt lat="42.48460804882701" lon="3.0713217623497928">
        <ele>444</ele>
      </trkpt>
      <trkpt lat="42.48458992942972" lon="3.0712731260728523">
        <ele>442</ele>
      </trkpt>
      <trkpt lat="42.4846004196071" lon="3.0712368872782689">
        <ele>441</ele>
      </trkpt>
      <trkpt lat="42.48455559794012" lon="3.0711453366393218">
        <ele>438</ele>
      </trkpt>
      <trkpt lat="42.48448312035095" lon="3.0711300781994972">
        <ele>437</ele>
      </trkpt>
      <trkpt lat="42.48445737173375" lon="3.0710909784474469">
        <ele>435</ele>
      </trkpt>
      <trkpt lat="42.48443257676904" lon="3.0710804882700677">
        <ele>435</ele>
      </trkpt>
      <trkpt lat="42.48441350371925" lon="3.071057600610331">
        <ele>434</ele>
      </trkpt>
      <trkpt lat="42.48438966240703" lon="3.0710432958229954">
        <ele>433</ele>
      </trkpt>
      <trkpt lat="42.48436868205227" lon="3.0710108716383679">
        <ele>432</ele>
      </trkpt>
      <trkpt lat="42.48434484074004" lon="3.0709956131985434">
        <ele>431</ele>
      </trkpt>
      <trkpt lat="42.48432862864773" lon="3.0709660499713838">
        <ele>430</ele>
      </trkpt>
      <trkpt lat="42.48427617776083" lon="3.070926950219333">
        <ele>429</ele>
      </trkpt>
      <trkpt lat="42.48419988556171" lon="3.0708458897577655">
        <ele>425</ele>
      </trkpt>
      <trkpt lat="42.48417890520695" lon="3.0708010680907809">
        <ele>424</ele>
      </trkpt>
      <trkpt lat="42.48412454701508" lon="3.0707304978065926">
        <ele>421</ele>
      </trkpt>
      <trkpt lat="42.48404730116346" lon="3.0707142857142791">
        <ele>420</ele>
      </trkpt>
      <trkpt lat="42.48398245279421" lon="3.0707228685866803">
        <ele>419</ele>
      </trkpt>
      <trkpt lat="42.48390425329011" lon="3.0706980736219651">
        <ele>418</ele>
      </trkpt>
      <trkpt lat="42.48382510013352" lon="3.0706637421323602">
        <ele>416</ele>
      </trkpt>
      <trkpt lat="42.48374690062942" lon="3.0706303642952442">
        <ele>415</ele>
      </trkpt>
      <trkpt lat="42.48370589357239" lon="3.070605569330529">
        <ele>415</ele>
      </trkpt>
      <trkpt lat="42.48368395956514" lon="3.0705178333015382">
        <ele>413</ele>
      </trkpt>
      <trkpt lat="42.48366393286287" lon="3.0704739652870425">
        <ele>413</ele>
      </trkpt>
      <trkpt lat="42.48365153538052" lon="3.0704644287621523">
        <ele>413</ele>
      </trkpt>
      <trkpt lat="42.48364485981309" lon="3.0704367728399702">
        <ele>412</ele>
      </trkpt>
      <trkpt lat="42.48361052832349" lon="3.0704053023078322">
        <ele>412</ele>
      </trkpt>
      <trkpt lat="42.48357333587641" lon="3.0704033950028542">
        <ele>412</ele>
      </trkpt>
      <trkpt lat="42.48354663360672" lon="3.0703833683005843">
        <ele>412</ele>
      </trkpt>
      <trkpt lat="42.48353423612436" lon="3.0703852756055623">
        <ele>412</ele>
      </trkpt>
      <trkpt lat="42.48351039481214" lon="3.0703614342933365">
        <ele>412</ele>
      </trkpt>
      <trkpt lat="42.48351134846463" lon="3.0703318710661764">
        <ele>412</ele>
      </trkpt>
      <trkpt lat="42.48353328247187" lon="3.0702975395765715">
        <ele>412</ele>
      </trkpt>
      <trkpt lat="42.48355044821668" lon="3.0702908640091482">
        <ele>411</ele>
      </trkpt>
      <trkpt lat="42.48357715048637" lon="3.0702422277322077">
        <ele>411</ele>
      </trkpt>
      <trkpt lat="42.48361148197598" lon="3.0701487697882821">
        <ele>410</ele>
      </trkpt>
      <trkpt lat="42.48361338928095" lon="3.0700934579439183">
        <ele>409</ele>
      </trkpt>
      <trkpt lat="42.48358096509633" lon="3.0700143047873287">
        <ele>409</ele>
      </trkpt>
      <trkpt lat="42.4835742895289" lon="3.0699513637230527">
        <ele>409</ele>
      </trkpt>
      <trkpt lat="42.48356856761397" lon="3.0698893763112656">
        <ele>408</ele>
      </trkpt>
      <trkpt lat="42.48352756055694" lon="3.0697892427999167">
        <ele>409</ele>
      </trkpt>
      <trkpt lat="42.48343505626551" lon="3.0696872019835904">
        <ele>410</ele>
      </trkpt>
      <trkpt lat="42.48339404920848" lon="3.0696233072668253">
        <ele>412</ele>
      </trkpt>
      <trkpt lat="42.48335304215145" lon="3.0695594125500598">
        <ele>413</ele>
      </trkpt>
      <trkpt lat="42.48328914743468" lon="3.0694888422658715">
        <ele>412</ele>
      </trkpt>
      <trkpt lat="42.48328914743468" lon="3.0694888422658715">
        <ele>412</ele>
      </trkpt>
      <trkpt lat="42.48331871066184" lon="3.0693944306694574">
        <ele>413</ele>
      </trkpt>
      <trkpt lat="42.48333683005914" lon="3.0691960709517385">
        <ele>413</ele>
      </trkpt>
      <trkpt lat="42.48332729353424" lon="3.0690091550638878">
        <ele>412</ele>
      </trkpt>
      <trkpt lat="42.48334636658402" lon="3.0688460804882634">
        <ele>411</ele>
      </trkpt>
      <trkpt lat="42.4833826111777" lon="3.0686733028621136">
        <ele>408</ele>
      </trkpt>
      <trkpt lat="42.4833835590311" lon="3.0686744230402372">
        <ele>408</ele>
      </trkpt>
      <trkpt lat="42.48340453938586" lon="3.0686992180049524">
        <ele>407</ele>
      </trkpt>
      <trkpt lat="42.48343410261302" lon="3.0688174709135922">
        <ele>406</ele>
      </trkpt>
      <trkpt lat="42.48344268548542" lon="3.0691531565897319">
        <ele>408</ele>
      </trkpt>
      <trkpt lat="42.48345126835782" lon="3.069213236696541">
        <ele>408</ele>
      </trkpt>
      <trkpt lat="42.48346557314515" lon="3.0692561510585477">
        <ele>408</ele>
      </trkpt>
      <trkpt lat="42.4835046728972" lon="3.0693000190730428">
        <ele>406</ele>
      </trkpt>
      <trkpt lat="42.48354281899677" lon="3.0693705893572316">
        <ele>405</ele>
      </trkpt>
      <trkpt lat="42.48358191874882" lon="3.0694411596414199">
        <ele>404</ele>
      </trkpt>
      <trkpt lat="42.48374594697693" lon="3.0697749380125816">
        <ele>403</ele>
      </trkpt>
      <trkpt lat="42.48379458325387" lon="3.0698569521266381">
        <ele>403</ele>
      </trkpt>
      <trkpt lat="42.48385752431815" lon="3.069939919893184">
        <ele>403</ele>
      </trkpt>
      <trkpt lat="42.48392141903491" lon="3.07002288765973">
        <ele>403</ele>
      </trkpt>
      <trkpt lat="42.4840005721915" lon="3.0701010871638306">
        <ele>404</ele>
      </trkpt>
      <trkpt lat="42.48406065229831" lon="3.0701449551783262">
        <ele>404</ele>
      </trkpt>
      <trkpt lat="42.48416269311464" lon="3.0701869158878434">
        <ele>404</ele>
      </trkpt>
      <trkpt lat="42.48426568758345" lon="3.0702288765973611">
        <ele>406</ele>
      </trkpt>
      <trkpt lat="42.4843572382224" lon="3.0702422277322077">
        <ele>407</ele>
      </trkpt>
      <trkpt lat="42.48444688155637" lon="3.0703166126263519">
        <ele>410</ele>
      </trkpt>
      <trkpt lat="42.48453652489034" lon="3.0703919511729856">
        <ele>414</ele>
      </trkpt>
      <trkpt lat="42.48463093648675" lon="3.0703967194354309">
        <ele>414</ele>
      </trkpt>
      <trkpt lat="42.48469101659357" lon="3.0702965859240825">
        <ele>412</ele>
      </trkpt>
      <trkpt lat="42.48480545489225" lon="3.0701878695403328">
        <ele>409</ele>
      </trkpt>
      <trkpt lat="42.48486934960901" lon="3.0701001335113416">
        <ele>407</ele>
      </trkpt>
      <trkpt lat="42.48493419797827" lon="3.0700133511348398">
        <ele>405</ele>
      </trkpt>
      <trkpt lat="42.48497329773031" lon="3.0699389662406951">
        <ele>402</ele>
      </trkpt>
      <trkpt lat="42.48501335113485" lon="3.0698645813465504">
        <ele>399</ele>
      </trkpt>
      <trkpt lat="42.48511062368874" lon="3.0698540911691712">
        <ele>399</ele>
      </trkpt>
      <trkpt lat="42.48520789624262" lon="3.069844554644281">
        <ele>398</ele>
      </trkpt>
      <trkpt lat="42.48531184436392" lon="3.069794964714851">
        <ele>396</ele>
      </trkpt>
      <trkpt lat="42.48541579248523" lon="3.0697453747854215">
        <ele>395</ele>
      </trkpt>
      <trkpt lat="42.48548064085448" lon="3.0696604997138977">
        <ele>392</ele>
      </trkpt>
      <trkpt lat="42.48559507915316" lon="3.0696557314514523">
        <ele>392</ele>
      </trkpt>
      <trkpt lat="42.48565992752242" lon="3.0695966049971322">
        <ele>391</ele>
      </trkpt>
      <trkpt lat="42.48570192570226" lon="3.0695966049971322">
        <ele>391</ele>
      </trkpt>
      <trkpt lat="42.48570192570226" lon="3.0695966049971322">
        <ele>391</ele>
      </trkpt>
      <trkpt lat="42.48565992752242" lon="3.0695966049971322">
        <ele>391</ele>
      </trkpt>
      <trkpt lat="42.48559507915316" lon="3.0696557314514523">
        <ele>392</ele>
      </trkpt>
      <trkpt lat="42.48548064085448" lon="3.0696604997138977">
        <ele>392</ele>
      </trkpt>
      <trkpt lat="42.48541579248523" lon="3.0697453747854215">
        <ele>395</ele>
      </trkpt>
      <trkpt lat="42.48531184436392" lon="3.069794964714851">
        <ele>396</ele>
      </trkpt>
      <trkpt lat="42.48520789624262" lon="3.069844554644281">
        <ele>398</ele>
      </trkpt>
      <trkpt lat="42.48511062368874" lon="3.0698540911691712">
        <ele>399</ele>
      </trkpt>
      <trkpt lat="42.48501335113485" lon="3.0698645813465504">
        <ele>399</ele>
      </trkpt>
      <trkpt lat="42.48497329773031" lon="3.0699389662406951">
        <ele>402</ele>
      </trkpt>
      <trkpt lat="42.48493419797827" lon="3.0700133511348398">
        <ele>405</ele>
      </trkpt>
      <trkpt lat="42.48486934960901" lon="3.0701001335113416">
        <ele>407</ele>
      </trkpt>
      <trkpt lat="42.48480545489225" lon="3.0701878695403328">
        <ele>409</ele>
      </trkpt>
      <trkpt lat="42.48469101659357" lon="3.0702965859240825">
        <ele>412</ele>
      </trkpt>
      <trkpt lat="42.48463093648675" lon="3.0703967194354309">
        <ele>414</ele>
      </trkpt>
      <trkpt lat="42.48453652489034" lon="3.0703919511729856">
        <ele>414</ele>
      </trkpt>
      <trkpt lat="42.48444688155637" lon="3.0703166126263519">
        <ele>410</ele>
      </trkpt>
      <trkpt lat="42.4843572382224" lon="3.0702422277322077">
        <ele>407</ele>
      </trkpt>
      <trkpt lat="42.48426568758345" lon="3.0702288765973611">
        <ele>406</ele>
      </trkpt>
      <trkpt lat="42.48416269311464" lon="3.0701869158878434">
        <ele>404</ele>
      </trkpt>
      <trkpt lat="42.48406065229831" lon="3.0701449551783262">
        <ele>404</ele>
      </trkpt>
      <trkpt lat="42.4840005721915" lon="3.0701010871638306">
        <ele>404</ele>
      </trkpt>
      <trkpt lat="42.48392141903491" lon="3.07002288765973">
        <ele>403</ele>
      </trkpt>
      <trkpt lat="42.48385752431815" lon="3.069939919893184">
        <ele>403</ele>
      </trkpt>
      <trkpt lat="42.48379458325387" lon="3.0698569521266381">
        <ele>403</ele>
      </trkpt>
      <trkpt lat="42.48374594697693" lon="3.0697749380125816">
        <ele>403</ele>
      </trkpt>
      <trkpt lat="42.48358191874882" lon="3.0694411596414199">
        <ele>404</ele>
      </trkpt>
      <trkpt lat="42.48354281899677" lon="3.0693705893572316">
        <ele>405</ele>
      </trkpt>
      <trkpt lat="42.4835046728972" lon="3.0693000190730428">
        <ele>406</ele>
      </trkpt>
      <trkpt lat="42.48346557314515" lon="3.0692561510585477">
        <ele>408</ele>
      </trkpt>
      <trkpt lat="42.48345126835782" lon="3.069213236696541">
        <ele>408</ele>
      </trkpt>
      <trkpt lat="42.48344268548542" lon="3.0691531565897319">
        <ele>408</ele>
      </trkpt>
      <trkpt lat="42.48343410261302" lon="3.0688174709135922">
        <ele>406</ele>
      </trkpt>
      <trkpt lat="42.48340453938586" lon="3.0686992180049524">
        <ele>407</ele>
      </trkpt>
      <trkpt lat="42.4833835590311" lon="3.0686744230402372">
        <ele>408</ele>
      </trkpt>
      <trkpt lat="42.4833826111777" lon="3.0686733028621136">
        <ele>408</ele>
      </trkpt>
      <trkpt lat="42.48334636658402" lon="3.0688460804882634">
        <ele>411</ele>
      </trkpt>
      <trkpt lat="42.48334074592173" lon="3.0688941371509029">
        <ele>411</ele>
      </trkpt>
      <trkpt lat="42.48334074592173" lon="3.0688941371509029">
        <ele>411</ele>
      </trkpt>
      <trkpt lat="42.48334636658402" lon="3.0688460804882634">
        <ele>411</ele>
      </trkpt>
      <trkpt lat="42.4834445927904" lon="3.0683778371161479">
        <ele>403</ele>
      </trkpt>
      <trkpt lat="42.4834445927904" lon="3.0683778371161479">
        <ele>403</ele>
      </trkpt>
      <trkpt lat="42.48346938775511" lon="3.0682901010871571">
        <ele>401</ele>
      </trkpt>
      <trkpt lat="42.48347661056388" lon="3.0681438392094864">
        <ele>398</ele>
      </trkpt>
      <trkpt lat="42.48347661056388" lon="3.0681438392094864">
        <ele>398</ele>
      </trkpt>
      <trkpt lat="42.48348083158498" lon="3.0680583635323222">
        <ele>397</ele>
      </trkpt>
      <trkpt lat="42.48346557314515" lon="3.0678666793820262">
        <ele>395</ele>
      </trkpt>
      <trkpt lat="42.48342075147817" lon="3.0677465191684083">
        <ele>395</ele>
      </trkpt>
      <trkpt lat="42.48331489605189" lon="3.0676091932099876">
        <ele>397</ele>
      </trkpt>
      <trkpt lat="42.48319473583827" lon="3.0675348083158429">
        <ele>398</ele>
      </trkpt>
      <trkpt lat="42.48304787335496" lon="3.0674670989891215">
        <ele>400</ele>
      </trkpt>
      <trkpt lat="42.48290864009156" lon="3.0674251382796043">
        <ele>402</ele>
      </trkpt>
      <trkpt lat="42.48279515544537" lon="3.0673488460804816">
        <ele>403</ele>
      </trkpt>
      <trkpt lat="42.48271504863629" lon="3.0672620637039794">
        <ele>403</ele>
      </trkpt>
      <trkpt lat="42.48257104711044" lon="3.0670207896242543">
        <ele>400</ele>
      </trkpt>
      <trkpt lat="42.48240320427237" lon="3.0666498188060203">
        <ele>396</ele>
      </trkpt>
      <trkpt lat="42.48233835590312" lon="3.0664209422086524">
        <ele>396</ele>
      </trkpt>
      <trkpt lat="42.48229925615107" lon="3.0661634560366133">
        <ele>396</ele>
      </trkpt>
      <trkpt lat="42.4823135609384" lon="3.0659975205035215">
        <ele>393</ele>
      </trkpt>
      <trkpt lat="42.48236887278276" lon="3.0657543391188185">
        <ele>388</ele>
      </trkpt>
      <trkpt lat="42.48241750905971" lon="3.0654968529467794">
        <ele>387</ele>
      </trkpt>
      <trkpt lat="42.48240415792486" lon="3.0651888231928219">
        <ele>388</ele>
      </trkpt>
      <trkpt lat="42.48240606522984" lon="3.0650362387945767">
        <ele>388</ele>
      </trkpt>
      <trkpt lat="42.48243467480451" lon="3.0648445546442806">
        <ele>388</ele>
      </trkpt>
      <trkpt lat="42.48250238413123" lon="3.0646404730116279">
        <ele>386</ele>
      </trkpt>
      <trkpt lat="42.48258916650774" lon="3.0645060080106741">
        <ele>384</ele>
      </trkpt>
      <trkpt lat="42.48272553881367" lon="3.0642609193209926">
        <ele>381</ele>
      </trkpt>
      <trkpt lat="42.48277512874309" lon="3.0640120160213549">
        <ele>379</ele>
      </trkpt>
      <trkpt lat="42.48281899675759" lon="3.0636543963379674">
        <ele>377</ele>
      </trkpt>
      <trkpt lat="42.48285809650964" lon="3.0634617585351829">
        <ele>376</ele>
      </trkpt>
      <trkpt lat="42.48285809650964" lon="3.0634617585351829">
        <ele>376</ele>
      </trkpt>
      <trkpt lat="42.48283520884991" lon="3.063408353995797">
        <ele>376</ele>
      </trkpt>
      <trkpt lat="42.48284188441733" lon="3.0633024985695143">
        <ele>375</ele>
      </trkpt>
      <trkpt lat="42.48284188441733" lon="3.0633024985695143">
        <ele>375</ele>
      </trkpt>
      <trkpt lat="42.48277703604807" lon="3.0632910547396461">
        <ele>375</ele>
      </trkpt>
      <trkpt lat="42.48272649246616" lon="3.0633053595269817">
        <ele>376</ele>
      </trkpt>
      <trkpt lat="42.48264161739463" lon="3.0633673469387688">
        <ele>377</ele>
      </trkpt>
      <trkpt lat="42.48258439824529" lon="3.0634360099179792">
        <ele>378</ele>
      </trkpt>
      <trkpt lat="42.48252813274843" lon="3.0635056265496785">
        <ele>380</ele>
      </trkpt>
      <trkpt lat="42.48243467480451" lon="3.0635781041388448">
        <ele>382</ele>
      </trkpt>
      <trkpt lat="42.4824012969674" lon="3.0636133892809392">
        <ele>383</ele>
      </trkpt>
      <trkpt lat="42.48237173374024" lon="3.0637068472248643">
        <ele>384</ele>
      </trkpt>
      <trkpt lat="42.48234312416556" lon="3.0638003051687899">
        <ele>386</ele>
      </trkpt>
      <trkpt lat="42.48232691207325" lon="3.0639013923326273">
        <ele>388</ele>
      </trkpt>
      <trkpt lat="42.48226683196644" lon="3.0639366774747212">
        <ele>390</ele>
      </trkpt>
      <trkpt lat="42.48223917604426" lon="3.0639757772267719">
        <ele>391</ele>
      </trkpt>
      <trkpt lat="42.48213808888042" lon="3.0640682815182081">
        <ele>394</ele>
      </trkpt>
      <trkpt lat="42.48210757200077" lon="3.0641750905969798">
        <ele>397</ele>
      </trkpt>
      <trkpt lat="42.48211710852566" lon="3.0642695021933939">
        <ele>397</ele>
      </trkpt>
      <trkpt lat="42.48208277703606" lon="3.0642933435056197">
        <ele>398</ele>
      </trkpt>
      <trkpt lat="42.48208277703606" lon="3.0642933435056197">
        <ele>398</ele>
      </trkpt>
      <trkpt lat="42.48205416746138" lon="3.0642513827961024">
        <ele>398</ele>
      </trkpt>
      <trkpt lat="42.4820179286668" lon="3.0642304024413436">
        <ele>399</ele>
      </trkpt>
      <trkpt lat="42.48197119969484" lon="3.064218958611475">
        <ele>400</ele>
      </trkpt>
      <trkpt lat="42.48191588785048" lon="3.0642284951363656">
        <ele>401</ele>
      </trkpt>
      <trkpt lat="42.48185199313371" lon="3.0642647339309486">
        <ele>403</ele>
      </trkpt>
      <trkpt lat="42.48175281327485" lon="3.0642723631508608">
        <ele>406</ele>
      </trkpt>
      <trkpt lat="42.48165363341599" lon="3.0642809460232625">
        <ele>408</ele>
      </trkpt>
      <trkpt lat="42.4815401487698" lon="3.0643372115201153">
        <ele>411</ele>
      </trkpt>
      <trkpt lat="42.4814705321381" lon="3.06436200648483">
        <ele>413</ele>
      </trkpt>
      <trkpt lat="42.48140186915889" lon="3.0643868014495448">
        <ele>415</ele>
      </trkpt>
      <trkpt lat="42.48132748426475" lon="3.0643829868395889">
        <ele>417</ele>
      </trkpt>
      <trkpt lat="42.48121590692352" lon="3.0643591455273631">
        <ele>418</ele>
      </trkpt>
      <trkpt lat="42.48115296585925" lon="3.0643362578676263">
        <ele>419</ele>
      </trkpt>
      <trkpt lat="42.48085828724014" lon="3.0643906160595011">
        <ele>427</ele>
      </trkpt>
      <trkpt lat="42.48075910738128" lon="3.0643610528323411">
        <ele>429</ele>
      </trkpt>
      <trkpt lat="42.48066088117491" lon="3.064331489605181">
        <ele>431</ele>
      </trkpt>
      <trkpt lat="42.48057219149343" lon="3.0642733168033502">
        <ele>432</ele>
      </trkpt>
      <trkpt lat="42.48052164791151" lon="3.0642637802784596">
        <ele>434</ele>
      </trkpt>
      <trkpt lat="42.48040339500287" lon="3.0641646004196001">
        <ele>436</ele>
      </trkpt>
      <trkpt lat="42.48012588212856" lon="3.063700171657441">
        <ele>432</ele>
      </trkpt>
      <trkpt lat="42.48006294106428" lon="3.0636200648483625">
        <ele>432</ele>
      </trkpt>
      <trkpt lat="42.48000000000001" lon="3.0635409116917729">
        <ele>431</ele>
      </trkpt>
      <trkpt lat="42.48" lon="3.0635409116917729">
        <ele>431</ele>
      </trkpt>
      <trkpt lat="42.47991607858096" lon="3.0634350562654902">
        <ele>431</ele>
      </trkpt>
      <trkpt lat="42.47979877932481" lon="3.0633148960518719">
        <ele>431</ele>
      </trkpt>
      <trkpt lat="42.47964905588403" lon="3.0632414648102162">
        <ele>434</ele>
      </trkpt>
      <trkpt lat="42.47934007247759" lon="3.0631756627884732">
        <ele>442</ele>
      </trkpt>
      <trkpt lat="42.47933148960519" lon="3.0631327484264665">
        <ele>440</ele>
      </trkpt>
      <trkpt lat="42.47927522410833" lon="3.0631756627884732">
        <ele>444</ele>
      </trkpt>
      <trkpt lat="42.47916078580965" lon="3.0631632653061156">
        <ele>447</ele>
      </trkpt>
      <trkpt lat="42.47893190921229" lon="3.0630631317947672">
        <ele>452</ele>
      </trkpt>
      <trkpt lat="42.47846175853519" lon="3.0625214571809964">
        <ele>453</ele>
      </trkpt>
      <trkpt lat="42.47818710661835" lon="3.062099942780844">
        <ele>456</ele>
      </trkpt>
      <trkpt lat="42.47807171466717" lon="3.0618634369635638">
        <ele>456</ele>
      </trkpt>
      <trkpt lat="42.4779124547015" lon="3.0610394812130393">
        <ele>463</ele>
      </trkpt>
      <trkpt lat="42.47793248140378" lon="3.0607924852183794">
        <ele>463</ele>
      </trkpt>
      <trkpt lat="42.47796681289338" lon="3.060514018691582">
        <ele>464</ele>
      </trkpt>
      <trkpt lat="42.47803547587259" lon="3.0600505435819119">
        <ele>466</ele>
      </trkpt>
      <trkpt lat="42.47802880030517" lon="3.0599999999999934">
        <ele>467</ele>
      </trkpt>
      <trkpt lat="42.47802880030517" lon="3.0600000000000112">
        <ele>467</ele>
      </trkpt>
      <trkpt lat="42.47800877360289" lon="3.0598483692542553">
        <ele>468</ele>
      </trkpt>
      <trkpt lat="42.47797253480832" lon="3.0596452412740911">
        <ele>470</ele>
      </trkpt>
      <trkpt lat="42.47780278466526" lon="3.0592695021934122">
        <ele>477</ele>
      </trkpt>
      <trkpt lat="42.4775824909403" lon="3.0588727827579745">
        <ele>484</ele>
      </trkpt>
      <trkpt lat="42.47736219721534" lon="3.0586563036429637">
        <ele>489</ele>
      </trkpt>
      <trkpt lat="42.47702460423422" lon="3.0580926950219456">
        <ele>498</ele>
      </trkpt>
      <trkpt lat="42.47696357047491" lon="3.0578704939920005">
        <ele>499</ele>
      </trkpt>
      <trkpt lat="42.47681384703414" lon="3.0576072859050276">
        <ele>504</ele>
      </trkpt>
      <trkpt lat="42.47677665458707" lon="3.0573784093076597">
        <ele>505</ele>
      </trkpt>
      <trkpt lat="42.47661930192638" lon="3.0570837306885483">
        <ele>510</ele>
      </trkpt>
      <trkpt lat="42.47644382986839" lon="3.0567995422468166">
        <ele>515</ele>
      </trkpt>
      <trkpt lat="42.47626549685295" lon="3.0565582681670911">
        <ele>521</ele>
      </trkpt>
      <trkpt lat="42.47602994468816" lon="3.0562674041579361">
        <ele>529</ele>
      </trkpt>
      <trkpt lat="42.47569711996948" lon="3.0558210947930688">
        <ele>537</ele>
      </trkpt>
      <trkpt lat="42.47561033759298" lon="3.0556303642952622">
        <ele>539</ele>
      </trkpt>
      <trkpt lat="42.47550829677665" lon="3.0554348655350103">
        <ele>541</ele>
      </trkpt>
      <trkpt lat="42.47541960709518" lon="3.0551878695403509">
        <ele>543</ele>
      </trkpt>
      <trkpt lat="42.47534903681098" lon="3.0550400534045505">
        <ele>546</ele>
      </trkpt>
      <trkpt lat="42.47531470532138" lon="3.0548941445737285">
        <ele>548</ele>
      </trkpt>
      <trkpt lat="42.47527560556933" lon="3.0546852946786305">
        <ele>552</ele>
      </trkpt>
      <trkpt lat="42.47527560556933" lon="3.0546852946786305">
        <ele>552</ele>
      </trkpt>
      <trkpt lat="42.47522315468243" lon="3.0548216669845623">
        <ele>552</ele>
      </trkpt>
      <trkpt lat="42.47515735266069" lon="3.0548569521266562">
        <ele>555</ele>
      </trkpt>
      <trkpt lat="42.47513351134846" lon="3.0549256151058666">
        <ele>555</ele>
      </trkpt>
      <trkpt lat="42.47507533854663" lon="3.0549952317375664">
        <ele>556</ele>
      </trkpt>
      <trkpt lat="42.47501335113485" lon="3.0549742513828075">
        <ele>559</ele>
      </trkpt>
      <trkpt lat="42.47495136372306" lon="3.0549542246805377">
        <ele>559</ele>
      </trkpt>
      <trkpt lat="42.47490654205608" lon="3.0548827007438604">
        <ele>559</ele>
      </trkpt>
      <trkpt lat="42.47489509822621" lon="3.0548035475872704">
        <ele>560</ele>
      </trkpt>
      <trkpt lat="42.47488460804882" lon="3.0547253480831698">
        <ele>561</ele>
      </trkpt>
      <trkpt lat="42.47489605187869" lon="3.0546481022315581">
        <ele>562</ele>
      </trkpt>
      <trkpt lat="42.47490749570856" lon="3.0545718100324355">
        <ele>563</ele>
      </trkpt>
      <trkpt lat="42.474869349609" lon="3.0544678619111312">
        <ele>564</ele>
      </trkpt>
      <trkpt lat="42.47487125691398" lon="3.0543934770169865">
        <ele>566</ele>
      </trkpt>
      <trkpt lat="42.47487316421896" lon="3.0543200457753308">
        <ele>567</ele>
      </trkpt>
      <trkpt lat="42.47485885943162" lon="3.0542704558459013">
        <ele>568</ele>
      </trkpt>
      <trkpt lat="42.47481403776464" lon="3.0542447072286971">
        <ele>568</ele>
      </trkpt>
      <trkpt lat="42.4747739843601" lon="3.0541579248521953">
        <ele>569</ele>
      </trkpt>
      <trkpt lat="42.47476540148769" lon="3.0540606522983138">
        <ele>570</ele>
      </trkpt>
      <trkpt lat="42.47473774556551" lon="3.0539919893191034">
        <ele>571</ele>
      </trkpt>
      <trkpt lat="42.47473297730307" lon="3.053941445737185">
        <ele>572</ele>
      </trkpt>
      <trkpt lat="42.47469101659355" lon="3.0538374976158802">
        <ele>574</ele>
      </trkpt>
      <trkpt lat="42.47464905588404" lon="3.0537345031470644">
        <ele>575</ele>
      </trkpt>
      <trkpt lat="42.47465096318901" lon="3.053665840167854">
        <ele>576</ele>
      </trkpt>
      <trkpt lat="42.47461949265688" lon="3.0535494945641921">
        <ele>578</ele>
      </trkpt>
      <trkpt lat="42.47458897577722" lon="3.0534331489605302">
        <ele>580</ele>
      </trkpt>
      <trkpt lat="42.4745994659546" lon="3.053342551974072">
        <ele>581</ele>
      </trkpt>
      <trkpt lat="42.47456990272745" lon="3.0532710280373947">
        <ele>583</ele>
      </trkpt>
      <trkpt lat="42.47454892237268" lon="3.0531909212283157">
        <ele>585</ele>
      </trkpt>
      <trkpt lat="42.47452889567042" lon="3.0531108144192372">
        <ele>586</ele>
      </trkpt>
      <trkpt lat="42.4744869349609" lon="3.0530812511920771">
        <ele>587</ele>
      </trkpt>
      <trkpt lat="42.4744783520885" lon="3.0530221247377569">
        <ele>588</ele>
      </trkpt>
      <trkpt lat="42.4744869349609" lon="3.0529525081060576">
        <ele>590</ele>
      </trkpt>
      <trkpt lat="42.47445546442876" lon="3.0528619111195994">
        <ele>592</ele>
      </trkpt>
      <trkpt lat="42.47446309364867" lon="3.052759870303273">
        <ele>594</ele>
      </trkpt>
      <trkpt lat="42.47447072286859" lon="3.0526578294869462">
        <ele>596</ele>
      </trkpt>
      <trkpt lat="42.47441255006675" lon="3.0525462521457296">
        <ele>599</ele>
      </trkpt>
      <trkpt lat="42.47436677474728" lon="3.052502384131234">
        <ele>601</ele>
      </trkpt>
      <trkpt lat="42.47434197978257" lon="3.052420370017177">
        <ele>604</ele>
      </trkpt>
      <trkpt lat="42.47431718481785" lon="3.0523393095556095">
        <ele>607</ele>
      </trkpt>
      <trkpt lat="42.47427999237078" lon="3.052306885370982">
        <ele>608</ele>
      </trkpt>
      <trkpt lat="42.47427140949838" lon="3.0522496662216403">
        <ele>610</ele>
      </trkpt>
      <trkpt lat="42.47428094602327" lon="3.0521705130650503">
        <ele>612</ele>
      </trkpt>
      <trkpt lat="42.47429143620064" lon="3.0520913599084607">
        <ele>614</ele>
      </trkpt>
      <trkpt lat="42.47425901201602" lon="3.0520093457944037">
        <ele>618</ele>
      </trkpt>
      <trkpt lat="42.47426854854091" lon="3.0519759679572878">
        <ele>618</ele>
      </trkpt>
      <trkpt lat="42.4742513827961" lon="3.0519139805455007">
        <ele>621</ele>
      </trkpt>
      <trkpt lat="42.47425996566851" lon="3.0518424566088229">
        <ele>622</ele>
      </trkpt>
      <trkpt lat="42.47420274651917" lon="3.0517375548350296">
        <ele>628</ele>
      </trkpt>
      <trkpt lat="42.47422563417891" lon="3.0516536334159947">
        <ele>629</ele>
      </trkpt>
      <trkpt lat="42.47417222963952" lon="3.0515840167842954">
        <ele>632</ele>
      </trkpt>
      <trkpt lat="42.47411882510013" lon="3.0515144001525956">
        <ele>633</ele>
      </trkpt>
      <trkpt lat="42.47412931527751" lon="3.051434293343517">
        <ele>634</ele>
      </trkpt>
      <trkpt lat="42.47408926187297" lon="3.0513684913217736">
        <ele>635</ele>
      </trkpt>
      <trkpt lat="42.47407781804311" lon="3.0512921991226509">
        <ele>636</ele>
      </trkpt>
      <trkpt lat="42.47400629410642" lon="3.051175853518989">
        <ele>636</ele>
      </trkpt>
      <trkpt lat="42.4739910356666" lon="3.0511062368872897">
        <ele>638</ele>
      </trkpt>
      <trkpt lat="42.47397673087927" lon="3.0510366202555903">
        <ele>639</ele>
      </trkpt>
      <trkpt lat="42.47397196261682" lon="3.0509736791913142">
        <ele>640</ele>
      </trkpt>
      <trkpt lat="42.47396814800687" lon="3.0509116917795267">
        <ele>641</ele>
      </trkpt>
      <trkpt lat="42.4739385847797" lon="3.0508601945451193">
        <ele>642</ele>
      </trkpt>
      <trkpt lat="42.47394430669464" lon="3.0507886706084415">
        <ele>644</ele>
      </trkpt>
      <trkpt lat="42.47395002860957" lon="3.0507171466717642">
        <ele>645</ele>
      </trkpt>
      <trkpt lat="42.47400438680145" lon="3.0506503909975318">
        <ele>648</ele>
      </trkpt>
      <trkpt lat="42.47405969864581" lon="3.0505836353232993">
        <ele>650</ele>
      </trkpt>
      <trkpt lat="42.47398912836162" lon="3.0504682433721264">
        <ele>651</ele>
      </trkpt>
      <trkpt lat="42.47399485027656" lon="3.0503852756055805">
        <ele>653</ele>
      </trkpt>
      <trkpt lat="42.47400057219149" lon="3.050303261491524">
        <ele>655</ele>
      </trkpt>
      <trkpt lat="42.473956704177" lon="3.0501983597177302">
        <ele>657</ele>
      </trkpt>
      <trkpt lat="42.47390616059508" lon="3.0501611672706579">
        <ele>657</ele>
      </trkpt>
      <trkpt lat="42.4738870875453" lon="3.0500953652489144">
        <ele>658</ele>
      </trkpt>
      <trkpt lat="42.473868968148" lon="3.0500305168796604">
        <ele>659</ele>
      </trkpt>
      <trkpt lat="42.47386324623307" lon="3.04996185390045">
        <ele>661</ele>
      </trkpt>
      <trkpt lat="42.47385752431813" lon="3.0498931909212397">
        <ele>662</ele>
      </trkpt>
      <trkpt lat="42.47388422658783" lon="3.0498455082967881">
        <ele>663</ele>
      </trkpt>
      <trkpt lat="42.47389853137516" lon="3.0497444211329507">
        <ele>666</ele>
      </trkpt>
      <trkpt lat="42.4739128361625" lon="3.0496442876216019">
        <ele>668</ele>
      </trkpt>
      <trkpt lat="42.47400438680145" lon="3.0493848941445849">
        <ele>674</ele>
      </trkpt>
      <trkpt lat="42.47398340644669" lon="3.0493019263780394">
        <ele>675</ele>
      </trkpt>
      <trkpt lat="42.47396242609193" lon="3.0492189586114935">
        <ele>677</ele>
      </trkpt>
      <trkpt lat="42.47391188251001" lon="3.0491045203128095">
        <ele>679</ele>
      </trkpt>
      <trkpt lat="42.47393667747473" lon="3.0490139233263513">
        <ele>682</ele>
      </trkpt>
      <trkpt lat="42.47396147243944" lon="3.0489242799923821">
        <ele>684</ele>
      </trkpt>
      <trkpt lat="42.47393477016975" lon="3.0488498950982375">
        <ele>686</ele>
      </trkpt>
      <trkpt lat="42.47390902155254" lon="3.0487764638565822">
        <ele>688</ele>
      </trkpt>
      <trkpt lat="42.47385943162312" lon="3.0487421323669768">
        <ele>689</ele>
      </trkpt>
      <trkpt lat="42.47385275605569" lon="3.0486658401678541">
        <ele>690</ele>
      </trkpt>
      <trkpt lat="42.47379553690635" lon="3.048604806408556">
        <ele>692</ele>
      </trkpt>
      <trkpt lat="42.47380507343124" lon="3.0485704749189511">
        <ele>693</ele>
      </trkpt>
      <trkpt lat="42.47379839786382" lon="3.0484941827198284">
        <ele>695</ele>
      </trkpt>
      <trkpt lat="42.47379267594889" lon="3.0484178905207058">
        <ele>697</ele>
      </trkpt>
      <trkpt lat="42.47376311272172" lon="3.0483873736410567">
        <ele>697</ele>
      </trkpt>
      <trkpt lat="42.47378981499141" lon="3.0483196643143353">
        <ele>699</ele>
      </trkpt>
      <trkpt lat="42.47378313942399" lon="3.0482233454129428">
        <ele>701</ele>
      </trkpt>
      <trkpt lat="42.47382414648102" lon="3.0481975967957391">
        <ele>702</ele>
      </trkpt>
      <trkpt lat="42.4738785046729" lon="3.0481327484264846">
        <ele>704</ele>
      </trkpt>
      <trkpt lat="42.47393286286477" lon="3.0480679000572306">
        <ele>706</ele>
      </trkpt>
      <trkpt lat="42.47398626740416" lon="3.0478199504100818">
        <ele>712</ele>
      </trkpt>
      <trkpt lat="42.47396910165936" lon="3.0477102803738432">
        <ele>715</ele>
      </trkpt>
      <trkpt lat="42.47395288956704" lon="3.0476006103376045">
        <ele>718</ele>
      </trkpt>
      <trkpt lat="42.4739214190349" lon="3.0475224108335035">
        <ele>719</ele>
      </trkpt>
      <trkpt lat="42.47388994850277" lon="3.0474451649818919">
        <ele>721</ele>
      </trkpt>
      <trkpt lat="42.47386992180049" lon="3.0473774556551705">
        <ele>723</ele>
      </trkpt>
      <trkpt lat="42.47385084875071" lon="3.0473106999809385">
        <ele>725</ele>
      </trkpt>
      <trkpt lat="42.47380507343124" lon="3.0473011634560478">
        <ele>725</ele>
      </trkpt>
      <trkpt lat="42.47367919130269" lon="3.0470293724966737">
        <ele>731</ele>
      </trkpt>
      <trkpt lat="42.47364485981308" lon="3.046665077245863">
        <ele>741</ele>
      </trkpt>
      <trkpt lat="42.47366297921037" lon="3.0465582681670913">
        <ele>745</ele>
      </trkpt>
      <trkpt lat="42.47371733740225" lon="3.046518214762552">
        <ele>746</ele>
      </trkpt>
      <trkpt lat="42.47378790768644" lon="3.0464190349036926">
        <ele>750</ele>
      </trkpt>
      <trkpt lat="42.4738785046729" lon="3.0463332061796793">
        <ele>753</ele>
      </trkpt>
      <trkpt lat="42.47397005531185" lon="3.0462483311081554">
        <ele>756</ele>
      </trkpt>
      <trkpt lat="42.47411119588022" lon="3.0457409879839901">
        <ele>773</ele>
      </trkpt>
      <trkpt lat="42.47413026893" lon="3.0456351325577073">
        <ele>777</ele>
      </trkpt>
      <trkpt lat="42.47414934197978" lon="3.0455292771314246">
        <ele>781</ele>
      </trkpt>
      <trkpt lat="42.47412931527751" lon="3.045420560747675">
        <ele>785</ele>
      </trkpt>
      <trkpt lat="42.4740434865535" lon="3.0454024413503831">
        <ele>786</ele>
      </trkpt>
      <trkpt lat="42.47397577722678" lon="3.0453309174137058">
        <ele>788</ele>
      </trkpt>
      <trkpt lat="42.47395861148198" lon="3.0452946786191224">
        <ele>789</ele>
      </trkpt>
      <trkpt lat="42.47393953843219" lon="3.0452126645050659">
        <ele>792</ele>
      </trkpt>
      <trkpt lat="42.4739385847797" lon="3.0451649818806139">
        <ele>794</ele>
      </trkpt>
      <trkpt lat="42.47392714094984" lon="3.0451344650009649">
        <ele>795</ele>
      </trkpt>
      <trkpt lat="42.47392904825482" lon="3.0451049017738052">
        <ele>796</ele>
      </trkpt>
      <trkpt lat="42.47396814800687" lon="3.0450638947167765">
        <ele>797</ele>
      </trkpt>
      <trkpt lat="42.47396910165936" lon="3.0450295632271716">
        <ele>799</ele>
      </trkpt>
      <trkpt lat="42.47394430669464" lon="3.0449647148579171">
        <ele>801</ele>
      </trkpt>
      <trkpt lat="42.47395956513446" lon="3.0449380125882244">
        <ele>802</ele>
      </trkpt>
      <trkpt lat="42.47393477016975" lon="3.0448245279420294">
        <ele>805</ele>
      </trkpt>
      <trkpt lat="42.47396624070188" lon="3.0447615868777533">
        <ele>808</ele>
      </trkpt>
      <trkpt lat="42.47402059889376" lon="3.0447110432958344">
        <ele>810</ele>
      </trkpt>
      <trkpt lat="42.47401964524127" lon="3.0446595460614265">
        <ele>812</ele>
      </trkpt>
      <trkpt lat="42.47400629410642" lon="3.0445937440396835">
        <ele>814</ele>
      </trkpt>
      <trkpt lat="42.47401106236887" lon="3.044562273507545">
        <ele>815</ele>
      </trkpt>
      <trkpt lat="42.47405397673088" lon="3.0445269883654511">
        <ele>817</ele>
      </trkpt>
      <trkpt lat="42.47406637421324" lon="3.044500286095758">
        <ele>818</ele>
      </trkpt>
      <trkpt lat="42.47406732786573" lon="3.0444745374785542">
        <ele>819</ele>
      </trkpt>
      <trkpt lat="42.47405111577341" lon="3.0443658210948046">
        <ele>822</ele>
      </trkpt>
      <trkpt lat="42.47401869158878" lon="3.0442504291436316">
        <ele>826</ele>
      </trkpt>
      <trkpt lat="42.47399008201411" lon="3.0441769979019759">
        <ele>828</ele>
      </trkpt>
      <trkpt lat="42.47397959183673" lon="3.044125500667568">
        <ele>829</ele>
      </trkpt>
      <trkpt lat="42.47397196261682" lon="3.0440444402060005">
        <ele>832</ele>
      </trkpt>
      <trkpt lat="42.47396433339691" lon="3.0439643333969215">
        <ele>835</ele>
      </trkpt>
      <trkpt lat="42.47396624070188" lon="3.043884226587843">
        <ele>837</ele>
      </trkpt>
      <trkpt lat="42.47397577722678" lon="3.0438403585733473">
        <ele>839</ele>
      </trkpt>
      <trkpt lat="42.47402727446119" lon="3.0437678809841806">
        <ele>842</ele>
      </trkpt>
      <trkpt lat="42.47402727446119" lon="3.0437678809841806">
        <ele>842</ele>
      </trkpt>
      <trkpt lat="42.47411119588022" lon="3.0437469006294222">
        <ele>844</ele>
      </trkpt>
      <trkpt lat="42.47413122258249" lon="3.0437316421895977">
        <ele>845</ele>
      </trkpt>
      <trkpt lat="42.47413026893" lon="3.0437030326149266">
        <ele>845</ele>
      </trkpt>
      <trkpt lat="42.47409498378791" lon="3.0436467671180734">
        <ele>847</ele>
      </trkpt>
      <trkpt lat="42.47409116917795" lon="3.0436162502384243">
        <ele>848</ele>
      </trkpt>
      <trkpt lat="42.47409403013542" lon="3.0435971771886439">
        <ele>848</ele>
      </trkpt>
      <trkpt lat="42.4741131031852" lon="3.0435876406637536">
        <ele>849</ele>
      </trkpt>
      <trkpt lat="42.4741388518024" lon="3.043543772649258">
        <ele>851</ele>
      </trkpt>
      <trkpt lat="42.47412740797253" lon="3.0434779706275146">
        <ele>853</ele>
      </trkpt>
      <trkpt lat="42.47409498378791" lon="3.0434379172229753">
        <ele>854</ele>
      </trkpt>
      <trkpt lat="42.4740864009155" lon="3.0434169368682165">
        <ele>854</ele>
      </trkpt>
      <trkpt lat="42.47409879839786" lon="3.0434131222582606">
        <ele>855</ele>
      </trkpt>
      <trkpt lat="42.47412740797253" lon="3.043432195308041">
        <ele>854</ele>
      </trkpt>
      <trkpt lat="42.47414552736983" lon="3.0434274270455961">
        <ele>854</ele>
      </trkpt>
      <trkpt lat="42.47415315658974" lon="3.0434150295632385">
        <ele>855</ele>
      </trkpt>
      <trkpt lat="42.47416078580965" lon="3.0433683005912759">
        <ele>856</ele>
      </trkpt>
      <trkpt lat="42.47415887850467" lon="3.0433444592790502">
        <ele>857</ele>
      </trkpt>
      <trkpt lat="42.47412836162502" lon="3.0432958230021092">
        <ele>859</ele>
      </trkpt>
      <trkpt lat="42.47412740797253" lon="3.0432748426473508">
        <ele>860</ele>
      </trkpt>
      <trkpt lat="42.4741474346748" lon="3.0432405111577454">
        <ele>861</ele>
      </trkpt>
      <trkpt lat="42.47417509059699" lon="3.0432300209803662">
        <ele>862</ele>
      </trkpt>
      <trkpt lat="42.47424089261873" lon="3.0432281136753883">
        <ele>861</ele>
      </trkpt>
      <trkpt lat="42.4742523364486" lon="3.043221438107965">
        <ele>861</ele>
      </trkpt>
      <trkpt lat="42.47425329010109" lon="3.0432071333206294">
        <ele>862</ele>
      </trkpt>
      <trkpt lat="42.47424470722869" lon="3.0431880602708485">
        <ele>863</ele>
      </trkpt>
      <trkpt lat="42.47426759488842" lon="3.0430783902346099">
        <ele>867</ele>
      </trkpt>
      <trkpt lat="42.4743219530803" lon="3.0429973297730419">
        <ele>870</ele>
      </trkpt>
      <trkpt lat="42.4743648674423" lon="3.0429115010490291">
        <ele>873</ele>
      </trkpt>
      <trkpt lat="42.47439061605951" lon="3.0428218577150599">
        <ele>877</ele>
      </trkpt>
      <trkpt lat="42.4744173183292" lon="3.0427322143810911">
        <ele>881</ele>
      </trkpt>
      <trkpt lat="42.47443829868396" lon="3.0427255388136678">
        <ele>881</ele>
      </trkpt>
      <trkpt lat="42.47446595460614" lon="3.042702651153931">
        <ele>882</ele>
      </trkpt>
      <trkpt lat="42.4744794103414" lon="3.0426828096460099">
        <ele>883</ele>
      </trkpt>
      <trkpt lat="42.4744794103414" lon="3.0426828096460099">
        <ele>883</ele>
      </trkpt>
      <trkpt lat="42.47452222010299" lon="3.0426196833873851">
        <ele>886</ele>
      </trkpt>
      <trkpt lat="42.47454892237268" lon="3.0425977493801373">
        <ele>886</ele>
      </trkpt>
      <trkpt lat="42.47459851230212" lon="3.0425119206561244">
        <ele>890</ele>
      </trkpt>
      <trkpt lat="42.47462426091932" lon="3.0424384894144687">
        <ele>894</ele>
      </trkpt>
      <trkpt lat="42.47464714857906" lon="3.042411787144776">
        <ele>895</ele>
      </trkpt>
      <trkpt lat="42.47468148006866" lon="3.0423974823574405">
        <ele>895</ele>
      </trkpt>
      <trkpt lat="42.47477493801259" lon="3.0423784093076596">
        <ele>896</ele>
      </trkpt>
      <trkpt lat="42.47484264733931" lon="3.0423984360099294">
        <ele>895</ele>
      </trkpt>
      <trkpt lat="42.47487983978638" lon="3.0423621972153461">
        <ele>896</ele>
      </trkpt>
      <trkpt lat="42.47490749570856" lon="3.0423049780660043">
        <ele>899</ele>
      </trkpt>
      <trkpt lat="42.47492370780088" lon="3.0422935342361357">
        <ele>899</ele>
      </trkpt>
      <trkpt lat="42.4749647148579" lon="3.0422935342361357">
        <ele>899</ele>
      </trkpt>
      <trkpt lat="42.47499046347511" lon="3.0422658783139536">
        <ele>900</ele>
      </trkpt>
      <trkpt lat="42.47500286095747" lon="3.0422029372496775">
        <ele>903</ele>
      </trkpt>
      <trkpt lat="42.47502765592218" lon="3.0421800495899407">
        <ele>904</ele>
      </trkpt>
      <trkpt lat="42.47504863627694" lon="3.0421323669654892">
        <ele>906</ele>
      </trkpt>
      <trkpt lat="42.47508010680908" lon="3.0420274651916954">
        <ele>910</ele>
      </trkpt>
      <trkpt lat="42.47509917985886" lon="3.0419912263971121">
        <ele>912</ele>
      </trkpt>
      <trkpt lat="42.4751649818806" lon="3.0419044440206102">
        <ele>915</ele>
      </trkpt>
      <trkpt lat="42.47521647911501" lon="3.0418586687011366">
        <ele>917</ele>
      </trkpt>
      <trkpt lat="42.47528991035666" lon="3.0418291054739766">
        <ele>918</ele>
      </trkpt>
      <trkpt lat="42.47536334159832" lon="3.0418004958993055">
        <ele>919</ele>
      </trkpt>
      <trkpt lat="42.47546824337211" lon="3.0418081251192177">
        <ele>918</ele>
      </trkpt>
      <trkpt lat="42.47557314514591" lon="3.04181575433913">
        <ele>917</ele>
      </trkpt>
      <trkpt lat="42.47568472248712" lon="3.0417528132748539">
        <ele>919</ele>
      </trkpt>
      <trkpt lat="42.47574289528895" lon="3.0417461377074306">
        <ele>919</ele>
      </trkpt>
      <trkpt lat="42.47580965096319" lon="3.0416994087354681">
        <ele>920</ele>
      </trkpt>
      <trkpt lat="42.47583539958039" lon="3.0417070379553803">
        <ele>920</ele>
      </trkpt>
      <trkpt lat="42.47589738699218" lon="3.0417089452603583">
        <ele>920</ele>
      </trkpt>
      <trkpt lat="42.47597081823383" lon="3.0416822429906656">
        <ele>922</ele>
      </trkpt>
      <trkpt lat="42.47604520312798" lon="3.0416564943734619">
        <ele>923</ele>
      </trkpt>
      <trkpt lat="42.4760690444402" lon="3.041634560366214">
        <ele>924</ele>
      </trkpt>
      <trkpt lat="42.47612530993706" lon="3.0416193019263895">
        <ele>925</ele>
      </trkpt>
      <trkpt lat="42.47620923135609" lon="3.0415658973870037">
        <ele>928</ele>
      </trkpt>
      <trkpt lat="42.47626645050543" lon="3.0415601754720694">
        <ele>928</ele>
      </trkpt>
      <trkpt lat="42.47634178905207" lon="3.0414705321381001">
        <ele>932</ele>
      </trkpt>
      <trkpt lat="42.47638374976159" lon="3.0414371543009842">
        <ele>933</ele>
      </trkpt>
      <trkpt lat="42.47641045203128" lon="3.0414066374213351">
        <ele>934</ele>
      </trkpt>
      <trkpt lat="42.47644573717337" lon="3.0413847034140873">
        <ele>935</ele>
      </trkpt>
      <trkpt lat="42.47651726111005" lon="3.0413608621018615">
        <ele>936</ele>
      </trkpt>
      <trkpt lat="42.47658878504673" lon="3.0413370207896357">
        <ele>936</ele>
      </trkpt>
      <trkpt lat="42.4766173946214" lon="3.0413045966050083">
        <ele>937</ele>
      </trkpt>
      <trkpt lat="42.4766173946214" lon="3.0413045966050083">
        <ele>937</ele>
      </trkpt>
      <trkpt lat="42.47663837497615" lon="3.0412626358954911">
        <ele>939</ele>
      </trkpt>
      <trkpt lat="42.47665554072096" lon="3.0412016021361929">
        <ele>940</ele>
      </trkpt>
      <trkpt lat="42.47665458706847" lon="3.0411090978447568">
        <ele>943</ele>
      </trkpt>
      <trkpt lat="42.47665458706847" lon="3.0410175472058096">
        <ele>946</ele>
      </trkpt>
      <trkpt lat="42.47664218958612" lon="3.0409279038718404">
        <ele>948</ele>
      </trkpt>
      <trkpt lat="42.47663551401869" lon="3.0408172801831128">
        <ele>951</ele>
      </trkpt>
      <trkpt lat="42.47662120923135" lon="3.0407695975586608">
        <ele>952</ele>
      </trkpt>
      <trkpt lat="42.47659355330917" lon="3.0407085637993627">
        <ele>953</ele>
      </trkpt>
      <trkpt lat="42.47650963189014" lon="3.0405988937631241">
        <ele>954</ele>
      </trkpt>
      <trkpt lat="42.47647339309555" lon="3.0405245088689794">
        <ele>955</ele>
      </trkpt>
      <trkpt lat="42.47643810795346" lon="3.0404501239748352">
        <ele>956</ele>
      </trkpt>
      <trkpt lat="42.47637325958421" lon="3.0403538050734427">
        <ele>957</ele>
      </trkpt>
      <trkpt lat="42.47633439611711" lon="3.0402966529159468">
        <ele>958</ele>
      </trkpt>
      <trkpt lat="42.47633439611711" lon="3.0402966529159468">
        <ele>958</ele>
      </trkpt>
      <trkpt lat="42.47630841121495" lon="3.0402584398245391">
        <ele>958</ele>
      </trkpt>
      <trkpt lat="42.47625500667557" lon="3.0402021743276864">
        <ele>959</ele>
      </trkpt>
      <trkpt lat="42.47618825100133" lon="3.0401478161358115">
        <ele>959</ele>
      </trkpt>
      <trkpt lat="42.47610814419225" lon="3.0400972725538926">
        <ele>959</ele>
      </trkpt>
      <trkpt lat="42.47601563990082" lon="3.0400486362769521">
        <ele>960</ele>
      </trkpt>
      <trkpt lat="42.47592313560938" lon="3.0400000000000116">
        <ele>960</ele>
      </trkpt>
      <trkpt lat="42.47592313560938" lon="3.0400000000000009">
        <ele>960</ele>
      </trkpt>
      <trkpt lat="42.47589782895283" lon="3.0399847415747279">
        <ele>959</ele>
      </trkpt>
      <trkpt lat="42.47589452603471" lon="3.0399847415601764">
        <ele>959</ele>
      </trkpt>
      <trkpt lat="42.47581060461567" lon="3.0399847415601764">
        <ele>959</ele>
      </trkpt>
      <trkpt lat="42.4757476635514" lon="3.0399923707800887">
        <ele>960</ele>
      </trkpt>
      <trkpt lat="42.47568567613961" lon="3.0400000000000009">
        <ele>960</ele>
      </trkpt>
      <trkpt lat="42.47568567613961" lon="3.0400000000000116">
        <ele>960</ele>
      </trkpt>
      <trkpt lat="42.47563894716765" lon="3.0400104901773908">
        <ele>960</ele>
      </trkpt>
      <trkpt lat="42.47555597940111" lon="3.0400476826244631">
        <ele>961</ele>
      </trkpt>
      <trkpt lat="42.47546633606714" lon="3.0401049017738049">
        <ele>961</ele>
      </trkpt>
      <trkpt lat="42.47546633606714" lon="3.0401049017738049">
        <ele>961</ele>
      </trkpt>
      <trkpt lat="42.47545393858478" lon="3.0400000000000116">
        <ele>961</ele>
      </trkpt>
      <trkpt lat="42.47545393858478" lon="3.0400000000000009">
        <ele>961</ele>
      </trkpt>
      <trkpt lat="42.4754091169178" lon="3.0396213999618551">
        <ele>957</ele>
      </trkpt>
      <trkpt lat="42.47530898340644" lon="3.0395994659546073">
        <ele>958</ele>
      </trkpt>
      <trkpt lat="42.4752088498951" lon="3.0395784855998484">
        <ele>959</ele>
      </trkpt>
      <trkpt lat="42.47484264733931" lon="3.0394392523364497">
        <ele>962</ele>
      </trkpt>
      <trkpt lat="42.47473488460805" lon="3.0393782185771516">
        <ele>963</ele>
      </trkpt>
      <trkpt lat="42.47462712187679" lon="3.0393181384703425">
        <ele>964</ele>
      </trkpt>
      <trkpt lat="42.47462712187679" lon="3.0393181384703425">
        <ele>964</ele>
      </trkpt>
      <trkpt lat="42.47458420751478" lon="3.0390034331489617">
        <ele>963</ele>
      </trkpt>
      <trkpt lat="42.47481975967957" lon="3.0387306885370982">
        <ele>958</ele>
      </trkpt>
      <trkpt lat="42.47474156017547" lon="3.0384789242799934">
        <ele>957</ele>
      </trkpt>
      <trkpt lat="42.4749132176235" lon="3.0382862864772089">
        <ele>951</ele>
      </trkpt>
      <trkpt lat="42.4749132176235" lon="3.0382862864772089">
        <ele>951</ele>
      </trkpt>
      <trkpt lat="42.47487221056647" lon="3.0379916078580975">
        <ele>950</ele>
      </trkpt>
      <trkpt lat="42.47486553499905" lon="3.0379229448788871">
        <ele>949</ele>
      </trkpt>
      <trkpt lat="42.47485981308411" lon="3.0378552355521657">
        <ele>949</ele>
      </trkpt>
      <trkpt lat="42.47484169368682" lon="3.0378056456227363">
        <ele>949</ele>
      </trkpt>
      <trkpt lat="42.47483597177189" lon="3.0377608239557516">
        <ele>949</ele>
      </trkpt>
      <trkpt lat="42.47483978638184" lon="3.0376921609765413">
        <ele>948</ele>
      </trkpt>
      <trkpt lat="42.4748436009918" lon="3.0376234979973309">
        <ele>948</ele>
      </trkpt>
      <trkpt lat="42.47478065992752" lon="3.0373307266831979">
        <ele>947</ele>
      </trkpt>
      <trkpt lat="42.47471390425329" lon="3.0370818233835601">
        <ele>946</ele>
      </trkpt>
      <trkpt lat="42.47467194354377" lon="3.0368386419988567">
        <ele>945</ele>
      </trkpt>
      <trkpt lat="42.47464524127408" lon="3.0367528132748438">
        <ele>945</ele>
      </trkpt>
      <trkpt lat="42.4746433339691" lon="3.0366917795155457">
        <ele>944</ele>
      </trkpt>
      <trkpt lat="42.47464142666412" lon="3.0366307457562476">
        <ele>944</ele>
      </trkpt>
      <trkpt lat="42.47465096318901" lon="3.0365420560747673">
        <ele>942</ele>
      </trkpt>
      <trkpt lat="42.47465096318901" lon="3.0364743467480459">
        <ele>942</ele>
      </trkpt>
      <trkpt lat="42.4746519168415" lon="3.036406637421325">
        <ele>941</ele>
      </trkpt>
      <trkpt lat="42.47467957276368" lon="3.0360823955750535">
        <ele>937</ele>
      </trkpt>
      <trkpt lat="42.47468815563609" lon="3.0357171466717539">
        <ele>933</ele>
      </trkpt>
      <trkpt lat="42.47468148006866" lon="3.0356255960328067">
        <ele>932</ele>
      </trkpt>
      <trkpt lat="42.47467575815373" lon="3.0355340453938595">
        <ele>932</ele>
      </trkpt>
      <trkpt lat="42.47465859240892" lon="3.0354300972725552">
        <ele>931</ele>
      </trkpt>
      <trkpt lat="42.47464238031661" lon="3.0353261491512504">
        <ele>931</ele>
      </trkpt>
      <trkpt lat="42.47463951935914" lon="3.0352336448598143">
        <ele>930</ele>
      </trkpt>
      <trkpt lat="42.47462330726683" lon="3.0351544917032243">
        <ele>930</ele>
      </trkpt>
      <trkpt lat="42.47460709517452" lon="3.0350753385466347">
        <ele>930</ele>
      </trkpt>
      <trkpt lat="42.47459755864963" lon="3.0349542246805274">
        <ele>929</ele>
      </trkpt>
      <trkpt lat="42.47458802212473" lon="3.0348340644669092">
        <ele>927</ele>
      </trkpt>
      <trkpt lat="42.47459565134465" lon="3.0347491893953853">
        <ele>926</ele>
      </trkpt>
      <trkpt lat="42.47460423421705" lon="3.0346643143238614">
        <ele>925</ele>
      </trkpt>
      <trkpt lat="42.47467194354377" lon="3.0342571047110445">
        <ele>919</ele>
      </trkpt>
      <trkpt lat="42.47470818233835" lon="3.0341893953843231">
        <ele>918</ele>
      </trkpt>
      <trkpt lat="42.47474442113294" lon="3.0341226397100907">
        <ele>917</ele>
      </trkpt>
      <trkpt lat="42.47477207705512" lon="3.0340234598512312">
        <ele>916</ele>
      </trkpt>
      <trkpt lat="42.47480068662979" lon="3.0339252336448608">
        <ele>914</ele>
      </trkpt>
      <trkpt lat="42.47478733549494" lon="3.0338155636086221">
        <ele>913</ele>
      </trkpt>
      <trkpt lat="42.4747739843601" lon="3.0337068472248725">
        <ele>912</ele>
      </trkpt>
      <trkpt lat="42.474738699218" lon="3.0336238794583266">
        <ele>911</ele>
      </trkpt>
      <trkpt lat="42.47470341407591" lon="3.0335418653442696">
        <ele>910</ele>
      </trkpt>
      <trkpt lat="42.4746872019836" lon="3.033465573145147">
        <ele>909</ele>
      </trkpt>
      <trkpt lat="42.47467194354377" lon="3.0333892809460243">
        <ele>908</ele>
      </trkpt>
      <trkpt lat="42.47464238031661" lon="3.0333616250238427">
        <ele>907</ele>
      </trkpt>
      <trkpt lat="42.47462807552927" lon="3.0332939156971213">
        <ele>907</ele>
      </trkpt>
      <trkpt lat="42.47461377074194" lon="3.0332262063703999">
        <ele>906</ele>
      </trkpt>
      <trkpt lat="42.4746166316994" lon="3.0331317947739853">
        <ele>904</ele>
      </trkpt>
      <trkpt lat="42.47461949265688" lon="3.0330373831775712">
        <ele>903</ele>
      </trkpt>
      <trkpt lat="42.4746519168415" lon="3.0326997901964536">
        <ele>899</ele>
      </trkpt>
      <trkpt lat="42.47467289719626" lon="3.0326311272172433">
        <ele>898</ele>
      </trkpt>
      <trkpt lat="42.47469483120351" lon="3.0325634178905219">
        <ele>898</ele>
      </trkpt>
      <trkpt lat="42.47479687201984" lon="3.032283044058746">
        <ele>894</ele>
      </trkpt>
      <trkpt lat="42.47481499141713" lon="3.0321686057600621">
        <ele>892</ele>
      </trkpt>
      <trkpt lat="42.4748340644669" lon="3.0320551211138671">
        <ele>890</ele>
      </trkpt>
      <trkpt lat="42.47481975967957" lon="3.0319483120350954">
        <ele>888</ele>
      </trkpt>
      <trkpt lat="42.47480640854472" lon="3.0318424566088127">
        <ele>885</ele>
      </trkpt>
      <trkpt lat="42.47483501811939" lon="3.0317757009345807">
        <ele>884</ele>
      </trkpt>
      <trkpt lat="42.47486362769407" lon="3.0317089452603483">
        <ele>883</ele>
      </trkpt>
      <trkpt lat="42.47487221056647" lon="3.0316297921037587">
        <ele>883</ele>
      </trkpt>
      <trkpt lat="42.47488079343887" lon="3.0315515925996577">
        <ele>883</ele>
      </trkpt>
      <trkpt lat="42.47486172038909" lon="3.0314648102231558">
        <ele>883</ele>
      </trkpt>
      <trkpt lat="42.47489032996376" lon="3.031121495327104">
        <ele>883</ele>
      </trkpt>
      <trkpt lat="42.47470627503338" lon="3.0304320045775333">
        <ele>891</ele>
      </trkpt>
      <trkpt lat="42.47470246042342" lon="3.0303280564562285">
        <ele>892</ele>
      </trkpt>
      <trkpt lat="42.47469864581346" lon="3.0302250619874127">
        <ele>893</ele>
      </trkpt>
      <trkpt lat="42.47462235361434" lon="3.029938966240703">
        <ele>897</ele>
      </trkpt>
      <trkpt lat="42.4746433339691" lon="3.0298426473393105">
        <ele>897</ele>
      </trkpt>
      <trkpt lat="42.47462807552927" lon="3.0297501430478744">
        <ele>897</ele>
      </trkpt>
      <trkpt lat="42.47461377074194" lon="3.0296585924089272">
        <ele>897</ele>
      </trkpt>
      <trkpt lat="42.47456036620255" lon="3.0295861148197609">
        <ele>898</ele>
      </trkpt>
      <trkpt lat="42.47430478733549" lon="3.0293848941445747">
        <ele>904</ele>
      </trkpt>
      <trkpt lat="42.47422944878886" lon="3.0293114629029194">
        <ele>906</ele>
      </trkpt>
      <trkpt lat="42.47398912836162" lon="3.0290511157734135">
        <ele>906</ele>
      </trkpt>
      <trkpt lat="42.47372592027465" lon="3.0288498950982272">
        <ele>906</ele>
      </trkpt>
      <trkpt lat="42.47349895098226" lon="3.0284531756627895">
        <ele>910</ele>
      </trkpt>
      <trkpt lat="42.47346271218768" lon="3.0284054930383379">
        <ele>911</ele>
      </trkpt>
      <trkpt lat="42.47342170513065" lon="3.0283168033568577">
        <ele>912</ele>
      </trkpt>
      <trkpt lat="42.47338165172611" lon="3.0282281136753779">
        <ele>913</ele>
      </trkpt>
      <trkpt lat="42.47334445927904" lon="3.028112721724205">
        <ele>914</ele>
      </trkpt>
      <trkpt lat="42.47328247186725" lon="3.0279944688155647">
        <ele>915</ele>
      </trkpt>
      <trkpt lat="42.47325290864009" lon="3.0278762159069248">
        <ele>916</ele>
      </trkpt>
      <trkpt lat="42.47326721342743" lon="3.0277646385657078">
        <ele>916</ele>
      </trkpt>
      <trkpt lat="42.4732958230021" lon="3.0276730879267606">
        <ele>916</ele>
      </trkpt>
      <trkpt lat="42.47329486934961" lon="3.0275615105855436">
        <ele>917</ele>
      </trkpt>
      <trkpt lat="42.47329486934961" lon="3.027449933244327">
        <ele>918</ele>
      </trkpt>
      <trkpt lat="42.47328342551974" lon="3.0273965287049411">
        <ele>919</ele>
      </trkpt>
      <trkpt lat="42.47329963761205" lon="3.027334541293154">
        <ele>919</ele>
      </trkpt>
      <trkpt lat="42.47330154491703" lon="3.0269073049780673">
        <ele>925</ele>
      </trkpt>
      <trkpt lat="42.47329391569712" lon="3.0268634369635716">
        <ele>926</ele>
      </trkpt>
      <trkpt lat="42.47330822048445" lon="3.0267938203318723">
        <ele>926</ele>
      </trkpt>
      <trkpt lat="42.47332252527179" lon="3.0267251573526619">
        <ele>927</ele>
      </trkpt>
      <trkpt lat="42.47332633988174" lon="3.026270265115393">
        <ele>934</ele>
      </trkpt>
      <trkpt lat="42.47334636658402" lon="3.0261911119588034">
        <ele>934</ele>
      </trkpt>
      <trkpt lat="42.47336639328628" lon="3.0261129124547028">
        <ele>935</ele>
      </trkpt>
      <trkpt lat="42.47337497615869" lon="3.0260366202555802">
        <ele>936</ele>
      </trkpt>
      <trkpt lat="42.47338451268358" lon="3.0259612817089465">
        <ele>937</ele>
      </trkpt>
      <trkpt lat="42.47344745374785" lon="3.0258888041197798">
        <ele>936</ele>
      </trkpt>
      <trkpt lat="42.47348941445737" lon="3.025783902345986">
        <ele>936</ele>
      </trkpt>
      <trkpt lat="42.47356379935152" lon="3.0256770932672143">
        <ele>935</ele>
      </trkpt>
      <trkpt lat="42.47363818424566" lon="3.0255712378409321">
        <ele>933</ele>
      </trkpt>
      <trkpt lat="42.47374690062941" lon="3.0252622544344852">
        <ele>932</ele>
      </trkpt>
      <trkpt lat="42.47376025176425" lon="3.0251573526606914">
        <ele>933</ele>
      </trkpt>
      <trkpt lat="42.47377455655159" lon="3.0250534045393871">
        <ele>933</ele>
      </trkpt>
      <trkpt lat="42.4737736028991" lon="3.0249380125882142">
        <ele>933</ele>
      </trkpt>
      <trkpt lat="42.4737736028991" lon="3.0248226206370412">
        <ele>933</ele>
      </trkpt>
      <trkpt lat="42.4737907686439" lon="3.0247568186152978">
        <ele>933</ele>
      </trkpt>
      <trkpt lat="42.47376311272172" lon="3.0246671752813286">
        <ele>934</ele>
      </trkpt>
      <trkpt lat="42.47373641045203" lon="3.0245775319473593">
        <ele>935</ele>
      </trkpt>
      <trkpt lat="42.47372878123212" lon="3.0245041007057041">
        <ele>935</ele>
      </trkpt>
      <trkpt lat="42.4737211520122" lon="3.0244306694640484">
        <ele>935</ele>
      </trkpt>
      <trkpt lat="42.47369826435247" lon="3.0243133702078975">
        <ele>936</ele>
      </trkpt>
      <trkpt lat="42.47367537669273" lon="3.0241970246042356">
        <ele>937</ele>
      </trkpt>
      <trkpt lat="42.47363341598322" lon="3.0241092885752443">
        <ele>939</ele>
      </trkpt>
      <trkpt lat="42.47363055502575" lon="3.0240606522983038">
        <ele>939</ele>
      </trkpt>
      <trkpt lat="42.47365821094793" lon="3.0239910356666044">
        <ele>938</ele>
      </trkpt>
      <trkpt lat="42.47368586687011" lon="3.0239214190349046">
        <ele>937</ele>
      </trkpt>
      <trkpt lat="42.47369826435247" lon="3.0238327293534248">
        <ele>937</ele>
      </trkpt>
      <trkpt lat="42.47371066183483" lon="3.0237449933244336">
        <ele>937</ele>
      </trkpt>
      <trkpt lat="42.47371447644478" lon="3.0236458134655742">
        <ele>937</ele>
      </trkpt>
      <trkpt lat="42.47378981499141" lon="3.0233215716193031">
        <ele>935</ele>
      </trkpt>
      <trkpt lat="42.47380316612626" lon="3.0232042723631518">
        <ele>935</ele>
      </trkpt>
      <trkpt lat="42.47381842456609" lon="3.0231403776463868">
        <ele>935</ele>
      </trkpt>
      <trkpt lat="42.47383368300591" lon="3.0230774365821107">
        <ele>935</ele>
      </trkpt>
      <trkpt lat="42.47390043868015" lon="3.0227236315086792">
        <ele>935</ele>
      </trkpt>
      <trkpt lat="42.47393000190731" lon="3.0226387564371553">
        <ele>935</ele>
      </trkpt>
      <trkpt lat="42.47395956513446" lon="3.0225548350181204">
        <ele>934</ele>
      </trkpt>
      <trkpt lat="42.47395193591455" lon="3.0224451649818818">
        <ele>935</ele>
      </trkpt>
      <trkpt lat="42.47394526034713" lon="3.0223364485981321">
        <ele>935</ele>
      </trkpt>
      <trkpt lat="42.47393095555979" lon="3.0222611100514984">
        <ele>935</ele>
      </trkpt>
      <trkpt lat="42.47393381651726" lon="3.0221504863627704">
        <ele>934</ele>
      </trkpt>
      <trkpt lat="42.47393667747473" lon="3.0220398626740428">
        <ele>934</ele>
      </trkpt>
      <trkpt lat="42.47396910165936" lon="3.0217098989128375">
        <ele>933</ele>
      </trkpt>
      <trkpt lat="42.47387945832538" lon="3.0213847034140771">
        <ele>929</ele>
      </trkpt>
      <trkpt lat="42.47379649055884" lon="3.0213055502574875">
        <ele>929</ele>
      </trkpt>
      <trkpt lat="42.47350944115964" lon="3.0212235361434305">
        <ele>932</ele>
      </trkpt>
      <trkpt lat="42.47344077818043" lon="3.0211806217814239">
        <ele>932</ele>
      </trkpt>
      <trkpt lat="42.47333778371161" lon="3.0211691779515557">
        <ele>934</ele>
      </trkpt>
      <trkpt lat="42.4732433721152" lon="3.021210185008584">
        <ele>935</ele>
      </trkpt>
      <trkpt lat="42.4731308411215" lon="3.021241655540722">
        <ele>936</ele>
      </trkpt>
      <trkpt lat="42.4730345222201" lon="3.021239748235744">
        <ele>937</ele>
      </trkpt>
      <trkpt lat="42.4729391569712" lon="3.021272172420371">
        <ele>938</ele>
      </trkpt>
      <trkpt lat="42.4728437917223" lon="3.0213055502574875">
        <ele>939</ele>
      </trkpt>
      <trkpt lat="42.4727913408354" lon="3.0213713522792305">
        <ele>940</ele>
      </trkpt>
      <trkpt lat="42.47269025367156" lon="3.0214199885561714">
        <ele>941</ele>
      </trkpt>
      <trkpt lat="42.47262445164981" lon="3.0213589547968733">
        <ele>941</ele>
      </trkpt>
      <trkpt lat="42.47258344459279" lon="3.0213293915697133">
        <ele>940</ele>
      </trkpt>
      <trkpt lat="42.47253004005341" lon="3.0213456036620268">
        <ele>941</ele>
      </trkpt>
      <trkpt lat="42.47243658210948" lon="3.021387564371544">
        <ele>942</ele>
      </trkpt>
      <trkpt lat="42.47234312416555" lon="3.0214295250810617">
        <ele>943</ele>
      </trkpt>
      <trkpt lat="42.47227064657638" lon="3.0213923326339893">
        <ele>943</ele>
      </trkpt>
      <trkpt lat="42.4721657448026" lon="3.0213894716765224">
        <ele>944</ele>
      </trkpt>
      <trkpt lat="42.47208468434103" lon="3.0213112721724213">
        <ele>943</ele>
      </trkpt>
      <trkpt lat="42.47207514781613" lon="3.0212712187678821">
        <ele>943</ele>
      </trkpt>
      <trkpt lat="42.47195689490749" lon="3.0211863436963582">
        <ele>943</ele>
      </trkpt>
      <trkpt lat="42.47191016593553" lon="3.0211033759298123">
        <ele>942</ele>
      </trkpt>
      <trkpt lat="42.47188918558077" lon="3.0209975205035295">
        <ele>941</ele>
      </trkpt>
      <trkpt lat="42.4718691588785" lon="3.0208916650772468">
        <ele>940</ele>
      </trkpt>
      <trkpt lat="42.47187297348846" lon="3.0207867633034535">
        <ele>938</ele>
      </trkpt>
      <trkpt lat="42.47187678809841" lon="3.0206828151821488">
        <ele>936</ele>
      </trkpt>
      <trkpt lat="42.47186725157353" lon="3.0204224680526428">
        <ele>930</ele>
      </trkpt>
      <trkpt lat="42.47182910547397" lon="3.0201678428380712">
        <ele>926</ele>
      </trkpt>
      <trkpt lat="42.47179763494183" lon="3.0200781995041019">
        <ele>924</ele>
      </trkpt>
      <trkpt lat="42.47179954224681" lon="3.0200000000000014">
        <ele>923</ele>
      </trkpt>
      <trkpt lat="42.47179954224681" lon="3.0199999999999907">
        <ele>923</ele>
      </trkpt>
      <trkpt lat="42.47181003242418" lon="3.0199485027655832">
        <ele>921</ele>
      </trkpt>
      <trkpt lat="42.47178428380698" lon="3.0197053213808798">
        <ele>917</ele>
      </trkpt>
      <trkpt lat="42.47174136944497" lon="3.0196490558840265">
        <ele>917</ele>
      </trkpt>
      <trkpt lat="42.47174041579248" lon="3.0195460614152112">
        <ele>915</ele>
      </trkpt>
      <trkpt lat="42.47172229639519" lon="3.0194735838260445">
        <ele>913</ele>
      </trkpt>
      <trkpt lat="42.4716603089834" lon="3.0194039671943451">
        <ele>913</ele>
      </trkpt>
      <trkpt lat="42.47163932862865" lon="3.0193353042151347">
        <ele>912</ele>
      </trkpt>
      <trkpt lat="42.4713913789815" lon="3.0190854472630084">
        <ele>910</ele>
      </trkpt>
      <trkpt lat="42.47112054167462" lon="3.0188842265878222">
        <ele>910</ele>
      </trkpt>
      <trkpt lat="42.47105283234789" lon="3.0188460804882609">
        <ele>910</ele>
      </trkpt>
      <trkpt lat="42.47098607667366" lon="3.0188088880411885">
        <ele>910</ele>
      </trkpt>
      <trkpt lat="42.47090787716956" lon="3.0187774175090505">
        <ele>911</ele>
      </trkpt>
      <trkpt lat="42.47083063131794" lon="3.0187469006294014">
        <ele>911</ele>
      </trkpt>
      <trkpt lat="42.47072096128171" lon="3.0187221056646867">
        <ele>910</ele>
      </trkpt>
      <trkpt lat="42.47065039099752" lon="3.0186677474728119">
        <ele>909</ele>
      </trkpt>
      <trkpt lat="42.47057982071333" lon="3.018614342933426">
        <ele>908</ele>
      </trkpt>
      <trkpt lat="42.47004196070952" lon="3.0181880602708282">
        <ele>908</ele>
      </trkpt>
      <trkpt lat="42.46997615868777" lon="3.0180907877169467">
        <ele>909</ele>
      </trkpt>
      <trkpt lat="42.46991035666603" lon="3.0179944688155547">
        <ele>908</ele>
      </trkpt>
      <trkpt lat="42.46988174709136" lon="3.0178733549494474">
        <ele>909</ele>
      </trkpt>
      <trkpt lat="42.46985123021171" lon="3.0178104138851714">
        <ele>909</ele>
      </trkpt>
      <trkpt lat="42.46982071333206" lon="3.0177474728208948">
        <ele>909</ele>
      </trkpt>
      <trkpt lat="42.46977779897006" lon="3.0176769025367065">
        <ele>910</ele>
      </trkpt>
      <trkpt lat="42.46970532138089" lon="3.0173612435628367">
        <ele>911</ele>
      </trkpt>
      <trkpt lat="42.46958516116727" lon="3.0170131604043395">
        <ele>913</ele>
      </trkpt>
      <trkpt lat="42.46957181003242" lon="3.0169197024604144">
        <ele>913</ele>
      </trkpt>
      <trkpt lat="42.46955845889757" lon="3.0168262445164893">
        <ele>914</ele>
      </trkpt>
      <trkpt lat="42.46944974251382" lon="3.0164323860385185">
        <ele>915</ele>
      </trkpt>
      <trkpt lat="42.46939061605951" lon="3.016383749761578">
        <ele>916</ele>
      </trkpt>
      <trkpt lat="42.46930001907305" lon="3.0163303452221921">
        <ele>917</ele>
      </trkpt>
      <trkpt lat="42.46921037573908" lon="3.0162769406828063">
        <ele>918</ele>
      </trkpt>
      <trkpt lat="42.46914552736983" lon="3.0161787144764358">
        <ele>919</ele>
      </trkpt>
      <trkpt lat="42.46907972534808" lon="3.0160957467098899">
        <ele>918</ele>
      </trkpt>
      <trkpt lat="42.4690434865535" lon="3.0160213618157452">
        <ele>918</ele>
      </trkpt>
      <trkpt lat="42.46900724775892" lon="3.0159469769216005">
        <ele>918</ele>
      </trkpt>
      <trkpt lat="42.4689300019073" lon="3.0159050162120833">
        <ele>919</ele>
      </trkpt>
      <trkpt lat="42.46888804119779" lon="3.0158144192256251">
        <ele>919</ele>
      </trkpt>
      <trkpt lat="42.46882510013351" lon="3.0157610146862392">
        <ele>920</ele>
      </trkpt>
      <trkpt lat="42.46876311272172" lon="3.0157085637993424">
        <ele>920</ele>
      </trkpt>
      <trkpt lat="42.46867537669273" lon="3.0155979401106148">
        <ele>920</ele>
      </trkpt>
      <trkpt lat="42.46856093839405" lon="3.015348083158488">
        <ele>922</ele>
      </trkpt>
      <trkpt lat="42.46853805073431" lon="3.0152775128742997">
        <ele>922</ele>
      </trkpt>
      <trkpt lat="42.46851516307458" lon="3.0152069425901109">
        <ele>923</ele>
      </trkpt>
      <trkpt lat="42.46847987793248" lon="3.0151296967384993">
        <ele>923</ele>
      </trkpt>
      <trkpt lat="42.46844554644287" lon="3.0150534045393766">
        <ele>924</ele>
      </trkpt>
      <trkpt lat="42.46842265878314" lon="3.0149322906732694">
        <ele>925</ele>
      </trkpt>
      <trkpt lat="42.46839786381842" lon="3.0148550448216578">
        <ele>926</ele>
      </trkpt>
      <trkpt lat="42.46837306885371" lon="3.0147777989700462">
        <ele>927</ele>
      </trkpt>
      <trkpt lat="42.46833587640663" lon="3.0146881556360769">
        <ele>928</ele>
      </trkpt>
      <trkpt lat="42.46829868395957" lon="3.0145985123021082">
        <ele>929</ele>
      </trkpt>
      <trkpt lat="42.4681127217242" lon="3.0142256341788962">
        <ele>937</ele>
      </trkpt>
      <trkpt lat="42.46807934388708" lon="3.0141064276177669">
        <ele>938</ele>
      </trkpt>
      <trkpt lat="42.46804691970246" lon="3.0139872210566381">
        <ele>940</ele>
      </trkpt>
      <trkpt lat="42.46804501239748" lon="3.0138899485027566">
        <ele>940</ele>
      </trkpt>
      <trkpt lat="42.46804405874499" lon="3.0137926759488751">
        <ele>941</ele>
      </trkpt>
      <trkpt lat="42.46805264161739" lon="3.0137058935723733">
        <ele>941</ele>
      </trkpt>
      <trkpt lat="42.46806122448979" lon="3.01362006484836">
        <ele>941</ele>
      </trkpt>
      <trkpt lat="42.46805931718482" lon="3.0135266069044349">
        <ele>941</ele>
      </trkpt>
      <trkpt lat="42.46805836353233" lon="3.0134331489605097">
        <ele>942</ele>
      </trkpt>
      <trkpt lat="42.46810795346176" lon="3.0131470532137996">
        <ele>942</ele>
      </trkpt>
      <trkpt lat="42.46814228495136" lon="3.0128161358001053">
        <ele>943</ele>
      </trkpt>
      <trkpt lat="42.46822334541293" lon="3.0124814037764547">
        <ele>942</ele>
      </trkpt>
      <trkpt lat="42.46826339881747" lon="3.0121705130650298">
        <ele>944</ele>
      </trkpt>
      <trkpt lat="42.46828819378219" lon="3.0120665649437255">
        <ele>944</ele>
      </trkpt>
      <trkpt lat="42.46831394239939" lon="3.0119626168224207">
        <ele>945</ele>
      </trkpt>
      <trkpt lat="42.4683740225062" lon="3.0115754339118732">
        <ele>948</ele>
      </trkpt>
      <trkpt lat="42.46838069807362" lon="3.0114848369254155">
        <ele>949</ele>
      </trkpt>
      <trkpt lat="42.46838832729353" lon="3.0113951935914463">
        <ele>950</ele>
      </trkpt>
      <trkpt lat="42.46840835399581" lon="3.0113007819950317">
        <ele>951</ele>
      </trkpt>
      <trkpt lat="42.46842838069807" lon="3.0112073240511066">
        <ele>952</ele>
      </trkpt>
      <trkpt lat="42.46864867442304" lon="3.0109450696166227">
        <ele>953</ele>
      </trkpt>
      <trkpt lat="42.46869635704749" lon="3.010934579439243">
        <ele>952</ele>
      </trkpt>
      <trkpt lat="42.46875739080679" lon="3.0108153728781142">
        <ele>953</ele>
      </trkpt>
      <trkpt lat="42.46889662407019" lon="3.0104472630173476">
        <ele>956</ele>
      </trkpt>
      <trkpt lat="42.4690606522983" lon="3.0100905969864491">
        <ele>958</ele>
      </trkpt>
      <trkpt lat="42.46915792485218" lon="3.0097968720198267">
        <ele>962</ele>
      </trkpt>
      <trkpt lat="42.46920465382414" lon="3.0097091359908359">
        <ele>963</ele>
      </trkpt>
      <trkpt lat="42.46925519740606" lon="3.0096376120541586">
        <ele>963</ele>
      </trkpt>
      <trkpt lat="42.46930669464047" lon="3.0095660881174808">
        <ele>964</ele>
      </trkpt>
      <trkpt lat="42.46932290673278" lon="3.0094993324432484">
        <ele>964</ele>
      </trkpt>
      <trkpt lat="42.4693391188251" lon="3.0094325767690164">
        <ele>965</ele>
      </trkpt>
      <trkpt lat="42.46947358382605" lon="3.0090883082204756">
        <ele>967</ele>
      </trkpt>
      <trkpt lat="42.46948025939348" lon="3.0090129696738419">
        <ele>968</ele>
      </trkpt>
      <trkpt lat="42.4694869349609" lon="3.0089385847796972">
        <ele>968</ele>
      </trkpt>
      <trkpt lat="42.46952317375548" lon="3.0088575243181293">
        <ele>968</ele>
      </trkpt>
      <trkpt lat="42.46955941255007" lon="3.0087764638565617">
        <ele>968</ele>
      </trkpt>
      <trkpt lat="42.46957276368492" lon="3.0087125691397962">
        <ele>968</ele>
      </trkpt>
      <trkpt lat="42.46958706847225" lon="3.0086486744230312">
        <ele>968</ele>
      </trkpt>
      <trkpt lat="42.46967861911119" lon="3.0083692542437444">
        <ele>969</ele>
      </trkpt>
      <trkpt lat="42.46968338737364" lon="3.008120350944107">
        <ele>969</ele>
      </trkpt>
      <trkpt lat="42.4697043677284" lon="3.0080478733549403">
        <ele>968</ele>
      </trkpt>
      <trkpt lat="42.46972630173565" lon="3.007975395765774">
        <ele>968</ele>
      </trkpt>
      <trkpt lat="42.46975205035285" lon="3.0078695403394913">
        <ele>968</ele>
      </trkpt>
      <trkpt lat="42.46977875262255" lon="3.0077646385656975">
        <ele>967</ele>
      </trkpt>
      <trkpt lat="42.46978161358001" lon="3.007685485409108">
        <ele>967</ele>
      </trkpt>
      <trkpt lat="42.46978542818997" lon="3.0076063322525179">
        <ele>967</ele>
      </trkpt>
      <trkpt lat="42.46978542818997" lon="3.0076063322525179">
        <ele>967</ele>
      </trkpt>
      <trkpt lat="42.46981403776464" lon="3.0075491131031762">
        <ele>967</ele>
      </trkpt>
      <trkpt lat="42.46984646194927" lon="3.0074480259393388">
        <ele>968</ele>
      </trkpt>
      <trkpt lat="42.46991035666603" lon="3.0073917604424856">
        <ele>968</ele>
      </trkpt>
      <trkpt lat="42.46994468815564" lon="3.0073822239175954">
        <ele>968</ele>
      </trkpt>
      <trkpt lat="42.47002193400725" lon="3.007344077818034">
        <ele>969</ele>
      </trkpt>
      <trkpt lat="42.47011729925615" lon="3.0072687392714004">
        <ele>971</ele>
      </trkpt>
      <trkpt lat="42.47021838641999" lon="3.0072782757962906">
        <ele>971</ele>
      </trkpt>
      <trkpt lat="42.47032710280374" lon="3.0072353614342844">
        <ele>973</ele>
      </trkpt>
      <trkpt lat="42.47041483883273" lon="3.0071419034903588">
        <ele>974</ele>
      </trkpt>
      <trkpt lat="42.47058077436582" lon="3.0068977684531664">
        <ele>978</ele>
      </trkpt>
      <trkpt lat="42.47065039099752" lon="3.0068605760060945">
        <ele>978</ele>
      </trkpt>
      <trkpt lat="42.47069711996948" lon="3.0068920465382325">
        <ele>978</ele>
      </trkpt>
      <trkpt lat="42.4707304978066" lon="3.0069883654396246">
        <ele>977</ele>
      </trkpt>
      <trkpt lat="42.47079343887087" lon="3.0070255578866969">
        <ele>977</ele>
      </trkpt>
      <trkpt lat="42.47086210185009" lon="3.0070808697310607">
        <ele>977</ele>
      </trkpt>
      <trkpt lat="42.47112912454701" lon="3.0070446309364778">
        <ele>984</ele>
      </trkpt>
      <trkpt lat="42.4711996948312" lon="3.007021743276741">
        <ele>986</ele>
      </trkpt>
      <trkpt lat="42.47126263589548" lon="3.0070141140568287">
        <ele>988</ele>
      </trkpt>
      <trkpt lat="42.47132939156971" lon="3.00702269692923">
        <ele>990</ele>
      </trkpt>
      <trkpt lat="42.47139710089643" lon="3.0070312798016312">
        <ele>991</ele>
      </trkpt>
      <trkpt lat="42.47144573717338" lon="3.0070026702269601">
        <ele>993</ele>
      </trkpt>
      <trkpt lat="42.47149151249285" lon="3.0069216097653926">
        <ele>995</ele>
      </trkpt>
      <trkpt lat="42.47153824146481" lon="3.0068405493038246">
        <ele>997</ele>
      </trkpt>
      <trkpt lat="42.4715830631318" lon="3.0067871447644388">
        <ele>998</ele>
      </trkpt>
      <trkpt lat="42.47158783139424" lon="3.0067337402250529">
        <ele>999</ele>
      </trkpt>
      <trkpt lat="42.47156685103948" lon="3.0066126263589457">
        <ele>1000</ele>
      </trkpt>
      <trkpt lat="42.47158020217433" lon="3.0064972344077727">
        <ele>1002</ele>
      </trkpt>
      <trkpt lat="42.47163551401869" lon="3.0063780278466434">
        <ele>1005</ele>
      </trkpt>
      <trkpt lat="42.47165935533091" lon="3.0062759870303171">
        <ele>1007</ele>
      </trkpt>
      <trkpt lat="42.47171371352279" lon="3.0062330726683104">
        <ele>1008</ele>
      </trkpt>
      <trkpt lat="42.47185771504864" lon="3.0059832157161841">
        <ele>1015</ele>
      </trkpt>
      <trkpt lat="42.47192447072287" lon="3.0056189204653734">
        <ele>1021</ele>
      </trkpt>
      <trkpt lat="42.47191207324051" lon="3.0049227541483794">
        <ele>1031</ele>
      </trkpt>
      <trkpt lat="42.47200743848941" lon="3.0048979591836642">
        <ele>1033</ele>
      </trkpt>
      <trkpt lat="42.47210566469578" lon="3.004484074003424">
        <ele>1043</ele>
      </trkpt>
      <trkpt lat="42.4722000762922" lon="3.0044716765210668">
        <ele>1046</ele>
      </trkpt>
      <trkpt lat="42.47223440778181" lon="3.0043591455273608">
        <ele>1049</ele>
      </trkpt>
      <trkpt lat="42.47226015639901" lon="3.0042437535761879">
        <ele>1051</ele>
      </trkpt>
      <trkpt lat="42.4722868586687" lon="3.004128361625015">
        <ele>1054</ele>
      </trkpt>
      <trkpt lat="42.4722429906542" lon="3.0036276940682725">
        <ele>1062</ele>
      </trkpt>
      <trkpt lat="42.47224871256914" lon="3.00315658973869">
        <ele>1069</ele>
      </trkpt>
      <trkpt lat="42.4721657448026" lon="3.0026959755864873">
        <ele>1069</ele>
      </trkpt>
      <trkpt lat="42.47218386419988" lon="3.002609193209985">
        <ele>1070</ele>
      </trkpt>
      <trkpt lat="42.47220293724966" lon="3.0025233644859721">
        <ele>1072</ele>
      </trkpt>
      <trkpt lat="42.47220293724966" lon="3.0025233644859721">
        <ele>1072</ele>
      </trkpt>
      <trkpt lat="42.47223822239176" lon="3.0022077055121024">
        <ele>1072</ele>
      </trkpt>
      <trkpt lat="42.47249380125882" lon="3.0017776082395482">
        <ele>1086</ele>
      </trkpt>
      <trkpt lat="42.47269406828152" lon="3.0015229830249766">
        <ele>1088</ele>
      </trkpt>
      <trkpt lat="42.47272363150868" lon="3.0014466908258539">
        <ele>1088</ele>
      </trkpt>
      <trkpt lat="42.47275319473584" lon="3.0013703986267313">
        <ele>1089</ele>
      </trkpt>
      <trkpt lat="42.47277512874309" lon="3.0012788479877841">
        <ele>1089</ele>
      </trkpt>
      <trkpt lat="42.47279706275033" lon="3.0011882510013259">
        <ele>1089</ele>
      </trkpt>
      <trkpt lat="42.47284665267976" lon="3.0010814419225542">
        <ele>1090</ele>
      </trkpt>
      <trkpt lat="42.47289719626168" lon="3.0009755864962715">
        <ele>1091</ele>
      </trkpt>
      <trkpt lat="42.47289719626168" lon="3.0009755864962715">
        <ele>1091</ele>
      </trkpt>
      <trkpt lat="42.47299923707801" lon="3.0006980736219631">
        <ele>1095</ele>
      </trkpt>
      <trkpt lat="42.47305550257486" lon="3.0005884035857244">
        <ele>1099</ele>
      </trkpt>
      <trkpt lat="42.47311176807171" lon="3.0004796872019743">
        <ele>1102</ele>
      </trkpt>
      <trkpt lat="42.47332443257677" lon="2.9999999999999911">
        <ele>1120</ele>
      </trkpt>
      <trkpt lat="42.47332443257677" lon="3.0000000000000089">
        <ele>1120</ele>
      </trkpt>
      <trkpt lat="42.47339881747092" lon="2.9998321571619391">
        <ele>1118</ele>
      </trkpt>
      <trkpt lat="42.47349322906733" lon="2.9996728971962709">
        <ele>1120</ele>
      </trkpt>
      <trkpt lat="42.473521838642" lon="2.9995155445355803">
        <ele>1122</ele>
      </trkpt>
      <trkpt lat="42.47352565325195" lon="2.9994039671943633">
        <ele>1124</ele>
      </trkpt>
      <trkpt lat="42.47381747091359" lon="2.99881556360863">
        <ele>1132</ele>
      </trkpt>
      <trkpt lat="42.47394049208469" lon="2.9985533091741461">
        <ele>1136</ele>
      </trkpt>
      <trkpt lat="42.47400534045394" lon="2.9983959565134555">
        <ele>1138</ele>
      </trkpt>
      <trkpt lat="42.4740263208087" lon="2.9983206179668218">
        <ele>1139</ele>
      </trkpt>
      <trkpt lat="42.47404539385847" lon="2.9981403776463948">
        <ele>1138</ele>
      </trkpt>
      <trkpt lat="42.47404539385847" lon="2.9981403776463948">
        <ele>1138</ele>
      </trkpt>
      <trkpt lat="42.47411691779516" lon="2.9978027846652773">
        <ele>1137</ele>
      </trkpt>
      <trkpt lat="42.47403585733359" lon="2.997051306503919">
        <ele>1127</ele>
      </trkpt>
      <trkpt lat="42.47402822811367" lon="2.9964342933435146">
        <ele>1119</ele>
      </trkpt>
      <trkpt lat="42.47392618729734" lon="2.9957419416364766">
        <ele>1114</ele>
      </trkpt>
      <trkpt lat="42.47385466336067" lon="2.9954968529467951">
        <ele>1113</ele>
      </trkpt>
      <trkpt lat="42.4737650200267" lon="2.9953089834064559">
        <ele>1112</ele>
      </trkpt>
      <trkpt lat="42.47372305931718" lon="2.9951296967385175">
        <ele>1111</ele>
      </trkpt>
      <trkpt lat="42.47372305931718" lon="2.9951296967385175">
        <ele>1111</ele>
      </trkpt>
      <trkpt lat="42.47380793438871" lon="2.9947930574098889">
        <ele>1114</ele>
      </trkpt>
      <trkpt lat="42.47389853137516" lon="2.994530802975405">
        <ele>1116</ele>
      </trkpt>
      <trkpt lat="42.47398340644669" lon="2.9943448407400433">
        <ele>1118</ele>
      </trkpt>
      <trkpt lat="42.4741131031852" lon="2.9941436200648575">
        <ele>1120</ele>
      </trkpt>
      <trkpt lat="42.47427617776082" lon="2.9939404920846933">
        <ele>1121</ele>
      </trkpt>
      <trkpt lat="42.47436200648484" lon="2.9936982643524792">
        <ele>1123</ele>
      </trkpt>
      <trkpt lat="42.47439252336449" lon="2.9934360099179949">
        <ele>1126</ele>
      </trkpt>
      <trkpt lat="42.47436200648484" lon="2.993235742895298">
        <ele>1130</ele>
      </trkpt>
      <trkpt lat="42.47462521457181" lon="2.9929362960137418">
        <ele>1123</ele>
      </trkpt>
      <trkpt lat="42.47459565134465" lon="2.9927016975014396">
        <ele>1126</ele>
      </trkpt>
      <trkpt lat="42.47479782567233" lon="2.9922639710089736">
        <ele>1125</ele>
      </trkpt>
      <trkpt lat="42.47476730879267" lon="2.9920398626740505">
        <ele>1129</ele>
      </trkpt>
      <trkpt lat="42.47487411787144" lon="2.9915906923517159">
        <ele>1131</ele>
      </trkpt>
      <trkpt lat="42.47508296776655" lon="2.9913522792294578">
        <ele>1126</ele>
      </trkpt>
      <trkpt lat="42.47532233454129" lon="2.9905721914934289">
        <ele>1124</ele>
      </trkpt>
      <trkpt lat="42.47554167461377" lon="2.9894344840740126">
        <ele>1126</ele>
      </trkpt>
      <trkpt lat="42.47570761014686" lon="2.9888146099561412">
        <ele>1127</ele>
      </trkpt>
      <trkpt lat="42.47587354567995" lon="2.9884608048827097">
        <ele>1127</ele>
      </trkpt>
      <trkpt lat="42.47595842075147" lon="2.9882462330726773">
        <ele>1128</ele>
      </trkpt>
      <trkpt lat="42.47611100514973" lon="2.9879677665458799">
        <ele>1127</ele>
      </trkpt>
      <trkpt lat="42.47627694068282" lon="2.9878466526797727">
        <ele>1126</ele>
      </trkpt>
      <trkpt lat="42.47648483692542" lon="2.9877846652679856">
        <ele>1124</ele>
      </trkpt>
      <trkpt lat="42.47665935533092" lon="2.9877045584589066">
        <ele>1122</ele>
      </trkpt>
      <trkpt lat="42.47684913217623" lon="2.9875758153728871">
        <ele>1122</ele>
      </trkpt>
      <trkpt lat="42.47702937249666" lon="2.987594888422668">
        <ele>1122</ele>
      </trkpt>
      <trkpt lat="42.47719912263971" lon="2.9875653251955079">
        <ele>1123</ele>
      </trkpt>
      <trkpt lat="42.47736315086782" lon="2.9874470722868676">
        <ele>1123</ele>
      </trkpt>
      <trkpt lat="42.47751382796109" lon="2.987256341789061">
        <ele>1121</ele>
      </trkpt>
      <trkpt lat="42.47765020026702" lon="2.9869940873545771">
        <ele>1117</ele>
      </trkpt>
      <trkpt lat="42.47781422849513" lon="2.9867737936296104">
        <ele>1114</ele>
      </trkpt>
      <trkpt lat="42.47793534236124" lon="2.9866421895861239">
        <ele>1112</ele>
      </trkpt>
      <trkpt lat="42.47800781995041" lon="2.9864705321380978">
        <ele>1111</ele>
      </trkpt>
      <trkpt lat="42.47801163456037" lon="2.9863150867823856">
        <ele>1109</ele>
      </trkpt>
      <trkpt lat="42.4778952889567" lon="2.9860652298302588">
        <ele>1107</ele>
      </trkpt>
      <trkpt lat="42.47773698264352" lon="2.9858086973107092">
        <ele>1104</ele>
      </trkpt>
      <trkpt lat="42.47751954987602" lon="2.985637039862683">
        <ele>1102</ele>
      </trkpt>
      <trkpt lat="42.47737936296014" lon="2.9855073431241745">
        <ele>1099</ele>
      </trkpt>
      <trkpt lat="42.47723822239176" lon="2.9853585733358856">
        <ele>1095</ele>
      </trkpt>
      <trkpt lat="42.47712759870304" lon="2.9853375929811268">
        <ele>1093</ele>
      </trkpt>
      <trkpt lat="42.47683768834636" lon="2.9856179668129026">
        <ele>1097</ele>
      </trkpt>
      <trkpt lat="42.47647243944306" lon="2.9854901773793721">
        <ele>1090</ele>
      </trkpt>
      <trkpt lat="42.47608334922754" lon="2.985864962807562">
        <ele>1099</ele>
      </trkpt>
      <trkpt lat="42.47537001716574" lon="2.9860604615678139">
        <ele>1099</ele>
      </trkpt>
      <trkpt lat="42.47515067709327" lon="2.9860528323479016">
        <ele>1096</ele>
      </trkpt>
      <trkpt lat="42.4750524508869" lon="2.9859612817089545">
        <ele>1093</ele>
      </trkpt>
      <trkpt lat="42.47477207705512" lon="2.9859403013541956">
        <ele>1091</ele>
      </trkpt>
      <trkpt lat="42.47449170322334" lon="2.9857915315659063">
        <ele>1087</ele>
      </trkpt>
      <trkpt lat="42.47402727446119" lon="2.9853852756055783">
        <ele>1075</ele>
      </trkpt>
      <trkpt lat="42.47370112530994" lon="2.9847396528705032">
        <ele>1057</ele>
      </trkpt>
      <trkpt lat="42.47352756055693" lon="2.9845832538623016">
        <ele>1054</ele>
      </trkpt>
      <trkpt lat="42.47333683005913" lon="2.9843229067327957">
        <ele>1050</ele>
      </trkpt>
      <trkpt lat="42.47311653633416" lon="2.9841932099942872">
        <ele>1045</ele>
      </trkpt>
      <trkpt lat="42.47275319473584" lon="2.9837764638565796">
        <ele>1035</ele>
      </trkpt>
      <trkpt lat="42.47263208086973" lon="2.983665840167852">
        <ele>1033</ele>
      </trkpt>
      <trkpt lat="42.47245756246424" lon="2.9834636658401767">
        <ele>1029</ele>
      </trkpt>
      <trkpt lat="42.47225157352661" lon="2.9832471867251664">
        <ele>1027</ele>
      </trkpt>
      <trkpt lat="42.47214094983788" lon="2.9831985504482259">
        <ele>1027</ele>
      </trkpt>
      <trkpt lat="42.47214094983788" lon="2.9831985504482259">
        <ele>1027</ele>
      </trkpt>
      <trkpt lat="42.47180717146671" lon="2.9822944878886224">
        <ele>1034</ele>
      </trkpt>
      <trkpt lat="42.47145432004577" lon="2.9819235170703888">
        <ele>1038</ele>
      </trkpt>
      <trkpt lat="42.4710776273126" lon="2.981870112531003">
        <ele>1041</ele>
      </trkpt>
      <trkpt lat="42.47096891092885" lon="2.9818310127789522">
        <ele>1042</ele>
      </trkpt>
      <trkpt lat="42.47088975777227" lon="2.9817489986648957">
        <ele>1043</ele>
      </trkpt>
      <trkpt lat="42.47071905397673" lon="2.9817261110051589">
        <ele>1043</ele>
      </trkpt>
      <trkpt lat="42.47040148769788" lon="2.9816688918558167">
        <ele>1043</ele>
      </trkpt>
      <trkpt lat="42.47021171085257" lon="2.9816688918558167">
        <ele>1042</ele>
      </trkpt>
      <trkpt lat="42.47003623879458" lon="2.9816336067137228">
        <ele>1042</ele>
      </trkpt>
      <trkpt lat="42.46952698836544" lon="2.9813885180240409">
        <ele>1040</ele>
      </trkpt>
      <trkpt lat="42.46916936868205" lon="2.9811367537669362">
        <ele>1040</ele>
      </trkpt>
      <trkpt lat="42.46905111577341" lon="2.9809927522410926">
        <ele>1040</ele>
      </trkpt>
      <trkpt lat="42.46877455655159" lon="2.9806780469197114">
        <ele>1041</ele>
      </trkpt>
      <trkpt lat="42.46850562654969" lon="2.980140186915897">
        <ele>1045</ele>
      </trkpt>
      <trkpt lat="42.46842647339309" lon="2.9800000000000093">
        <ele>1046</ele>
      </trkpt>
      <trkpt lat="42.46842647339309" lon="2.9799999999999986">
        <ele>1046</ele>
      </trkpt>
      <trkpt lat="42.46832443257676" lon="2.9798207133320607">
        <ele>1047</ele>
      </trkpt>
      <trkpt lat="42.46822525271791" lon="2.9794430669464034">
        <ele>1048</ele>
      </trkpt>
      <trkpt lat="42.46821857715049" lon="2.979307648292961">
        <ele>1048</ele>
      </trkpt>
      <trkpt lat="42.46807362197215" lon="2.9786315086782365">
        <ele>1050</ele>
      </trkpt>
      <trkpt lat="42.46801449551783" lon="2.9779124547015057">
        <ele>1050</ele>
      </trkpt>
      <trkpt lat="42.46791817661644" lon="2.9774260919320987">
        <ele>1050</ele>
      </trkpt>
      <trkpt lat="42.46790291817661" lon="2.9771171085256523">
        <ele>1050</ele>
      </trkpt>
      <trkpt lat="42.46791150104902" lon="2.9767938203318698">
        <ele>1049</ele>
      </trkpt>
      <trkpt lat="42.46793724966622" lon="2.9766278847987784">
        <ele>1049</ele>
      </trkpt>
      <trkpt lat="42.46781804310509" lon="2.9762359336257855">
        <ele>1042</ele>
      </trkpt>
      <trkpt lat="42.46775891665077" lon="2.9760909784474525">
        <ele>1040</ele>
      </trkpt>
      <trkpt lat="42.46770360480641" lon="2.975785809650962">
        <ele>1034</ele>
      </trkpt>
      <trkpt lat="42.46770169750143" lon="2.9755369063513246">
        <ele>1031</ele>
      </trkpt>
      <trkpt lat="42.4676435246996" lon="2.975298493229066">
        <ele>1027</ele>
      </trkpt>
      <trkpt lat="42.46748426473393" lon="2.9751659355330906">
        <ele>1024</ele>
      </trkpt>
      <trkpt lat="42.46738317757009" lon="2.9749713904253277">
        <ele>1020</ele>
      </trkpt>
      <trkpt lat="42.46733168033568" lon="2.9747806599275211">
        <ele>1016</ele>
      </trkpt>
      <trkpt lat="42.4673393095556" lon="2.9747367919130259">
        <ele>1015</ele>
      </trkpt>
      <trkpt lat="42.46727446118634" lon="2.9745765782948683">
        <ele>1012</ele>
      </trkpt>
      <trkpt lat="42.46725252717909" lon="2.9743219530802962">
        <ele>1007</ele>
      </trkpt>
      <trkpt lat="42.46721056646957" lon="2.9741722296395183">
        <ele>1004</ele>
      </trkpt>
      <trkpt lat="42.46720961281709" lon="2.9739843600991787">
        <ele>1002</ele>
      </trkpt>
      <trkpt lat="42.46705798207133" lon="2.9734941827198158">
        <ele>994</ele>
      </trkpt>
      <trkpt lat="42.46705512111387" lon="2.9733110814419215">
        <ele>992</ele>
      </trkpt>
      <trkpt lat="42.46699027274461" lon="2.9727980164028218">
        <ele>983</ele>
      </trkpt>
      <trkpt lat="42.46687201983597" lon="2.9724232309746319">
        <ele>977</ele>
      </trkpt>
      <trkpt lat="42.46676616440969" lon="2.9721171085256519">
        <ele>975</ele>
      </trkpt>
      <trkpt lat="42.46662979210376" lon="2.9714266641235922">
        <ele>973</ele>
      </trkpt>
      <trkpt lat="42.46662979210376" lon="2.9708611481975957">
        <ele>972</ele>
      </trkpt>
      <trkpt lat="42.46659641426664" lon="2.97061033759298">
        <ele>973</ele>
      </trkpt>
      <trkpt lat="42.46662025557887" lon="2.9704358191874869">
        <ele>974</ele>
      </trkpt>
      <trkpt lat="42.46664791150105" lon="2.9698483692542426">
        <ele>975</ele>
      </trkpt>
      <trkpt lat="42.46669082586305" lon="2.969508868968147">
        <ele>975</ele>
      </trkpt>
      <trkpt lat="42.46667461377074" lon="2.9691131031851983">
        <ele>977</ele>
      </trkpt>
      <trkpt lat="42.46666793820332" lon="2.9686667938203306">
        <ele>981</ele>
      </trkpt>
      <trkpt lat="42.4667909593744" lon="2.967747472820903">
        <ele>985</ele>
      </trkpt>
      <trkpt lat="42.4668863246233" lon="2.9673335876406628">
        <ele>986</ele>
      </trkpt>
      <trkpt lat="42.46707610146862" lon="2.9669120732405099">
        <ele>987</ele>
      </trkpt>
      <trkpt lat="42.46713999618539" lon="2.9665735266069033">
        <ele>988</ele>
      </trkpt>
      <trkpt lat="42.46734884608049" lon="2.9662159069235159">
        <ele>985</ele>
      </trkpt>
      <trkpt lat="42.46736791913027" lon="2.9660833492275405">
        <ele>985</ele>
      </trkpt>
      <trkpt lat="42.46729639519359" lon="2.9659765401487688">
        <ele>984</ele>
      </trkpt>
      <trkpt lat="42.46742323097463" lon="2.9659326721342731">
        <ele>985</ele>
      </trkpt>
      <trkpt lat="42.46763208086973" lon="2.9659135990844923">
        <ele>986</ele>
      </trkpt>
      <trkpt lat="42.46777894335304" lon="2.9658144192256328">
        <ele>988</ele>
      </trkpt>
      <trkpt lat="42.46777894335304" lon="2.9658144192256328">
        <ele>988</ele>
      </trkpt>
      <trkpt lat="42.46783997711234" lon="2.9656255960328046">
        <ele>988</ele>
      </trkpt>
      <trkpt lat="42.46814896051879" lon="2.9654596604997128">
        <ele>994</ele>
      </trkpt>
      <trkpt lat="42.4683215716193" lon="2.9650534045393848">
        <ele>1002</ele>
      </trkpt>
      <trkpt lat="42.4684608048827" lon="2.9649008201411395">
        <ele>1006</ele>
      </trkpt>
      <trkpt lat="42.46858764066374" lon="2.9647892427999225">
        <ele>1009</ele>
      </trkpt>
      <trkpt lat="42.4688174709136" lon="2.9644135037192436">
        <ele>1020</ele>
      </trkpt>
      <trkpt lat="42.4689042532901" lon="2.9642151440015247">
        <ele>1025</ele>
      </trkpt>
      <trkpt lat="42.46908258630555" lon="2.9638394049208459">
        <ele>1033</ele>
      </trkpt>
      <trkpt lat="42.46945164981881" lon="2.9634817852374584">
        <ele>1038</ele>
      </trkpt>
      <trkpt lat="42.46959660499714" lon="2.9633053595269874">
        <ele>1040</ele>
      </trkpt>
      <trkpt lat="42.46985504482166" lon="2.9631279801640269">
        <ele>1039</ele>
      </trkpt>
      <trkpt lat="42.47012016021362" lon="2.9630135418653429">
        <ele>1039</ele>
      </trkpt>
      <trkpt lat="42.4703909975205" lon="2.9626673660118241">
        <ele>1041</ele>
      </trkpt>
      <trkpt lat="42.47054358191875" lon="2.962346938775509">
        <ele>1042</ele>
      </trkpt>
      <trkpt lat="42.47075910738127" lon="2.9620150677093258">
        <ele>1045</ele>
      </trkpt>
      <trkpt lat="42.47107953461759" lon="2.9618586687011241">
        <ele>1047</ele>
      </trkpt>
      <trkpt lat="42.47171562082777" lon="2.961587831394239">
        <ele>1043</ele>
      </trkpt>
      <trkpt lat="42.47204749189395" lon="2.9614810223154673">
        <ele>1037</ele>
      </trkpt>
      <trkpt lat="42.47218577150486" lon="2.9614590883082195">
        <ele>1036</ele>
      </trkpt>
      <trkpt lat="42.47232786572573" lon="2.9613656303642939">
        <ele>1033</ele>
      </trkpt>
      <trkpt lat="42.47248235742895" lon="2.961279801640281">
        <ele>1030</ele>
      </trkpt>
      <trkpt lat="42.47262445164981" lon="2.9611291245470137">
        <ele>1025</ele>
      </trkpt>
      <trkpt lat="42.47281995041007" lon="2.9609832157161917">
        <ele>1020</ele>
      </trkpt>
      <trkpt lat="42.47314419225634" lon="2.9607257295441531">
        <ele>1013</ele>
      </trkpt>
      <trkpt lat="42.47314419225634" lon="2.9607257295441531">
        <ele>1013</ele>
      </trkpt>
      <trkpt lat="42.47333015449171" lon="2.9607171466717519">
        <ele>1012</ele>
      </trkpt>
      <trkpt lat="42.47347415601755" lon="2.960844936105282">
        <ele>1013</ele>
      </trkpt>
      <trkpt lat="42.47347415601755" lon="2.960844936105282">
        <ele>1013</ele>
      </trkpt>
      <trkpt lat="42.47358573335876" lon="2.9608277703604795">
        <ele>1014</ele>
      </trkpt>
      <trkpt lat="42.47404253290101" lon="2.9605893572382214">
        <ele>1016</ele>
      </trkpt>
      <trkpt lat="42.47414266641236" lon="2.9604243753576185">
        <ele>1019</ele>
      </trkpt>
      <trkpt lat="42.47424947549113" lon="2.9604329582300197">
        <ele>1017</ele>
      </trkpt>
      <trkpt lat="42.47444115964142" lon="2.9601869158878493">
        <ele>1017</ele>
      </trkpt>
      <trkpt lat="42.47453652489033" lon="2.9599999999999991">
        <ele>1018</ele>
      </trkpt>
      <trkpt lat="42.47453652489033" lon="2.9600000000000168">
        <ele>1018</ele>
      </trkpt>
      <trkpt lat="42.47471104329582" lon="2.959656685103965">
        <ele>1017</ele>
      </trkpt>
      <trkpt lat="42.47493801258821" lon="2.9590148769788458">
        <ele>1020</ele>
      </trkpt>
      <trkpt lat="42.47527560556933" lon="2.9577312607286075">
        <ele>1027</ele>
      </trkpt>
      <trkpt lat="42.47527560556933" lon="2.9577312607286075">
        <ele>1027</ele>
      </trkpt>
      <trkpt lat="42.47534712950601" lon="2.9576196833873909">
        <ele>1028</ele>
      </trkpt>
      <trkpt lat="42.47561033759298" lon="2.9574051115773581">
        <ele>1032</ele>
      </trkpt>
      <trkpt lat="42.47580392904825" lon="2.9572172420370189">
        <ele>1035</ele>
      </trkpt>
      <trkpt lat="42.47589834064467" lon="2.9570646576387736">
        <ele>1036</ele>
      </trkpt>
      <trkpt lat="42.47593744039672" lon="2.9569740606523154">
        <ele>1036</ele>
      </trkpt>
      <trkpt lat="42.47600419607095" lon="2.9565611291245641">
        <ele>1038</ele>
      </trkpt>
      <trkpt lat="42.47601087163837" lon="2.9562731260728761">
        <ele>1038</ele>
      </trkpt>
      <trkpt lat="42.47602899103567" lon="2.9560480640854645">
        <ele>1037</ele>
      </trkpt>
      <trkpt lat="42.47608144192256" lon="2.9557228685867041">
        <ele>1037</ele>
      </trkpt>
      <trkpt lat="42.47613293915697" lon="2.9554711043295994">
        <ele>1036</ele>
      </trkpt>
      <trkpt lat="42.47620064848369" lon="2.9552489032996547">
        <ele>1037</ele>
      </trkpt>
      <trkpt lat="42.47642475681862" lon="2.9546233072668491">
        <ele>1040</ele>
      </trkpt>
      <trkpt lat="42.47665458706847" lon="2.9542046538241635">
        <ele>1044</ele>
      </trkpt>
      <trkpt lat="42.47690825863055" lon="2.9538727827579803">
        <ele>1042</ele>
      </trkpt>
      <trkpt lat="42.47720198359718" lon="2.9535418653442855">
        <ele>1043</ele>
      </trkpt>
      <trkpt lat="42.47788193782186" lon="2.9528228113675548">
        <ele>1052</ele>
      </trkpt>
      <trkpt lat="42.47813560938394" lon="2.9524327674995403">
        <ele>1058</ele>
      </trkpt>
      <trkpt lat="42.47843219530803" lon="2.9520112530993878">
        <ele>1065</ele>
      </trkpt>
      <trkpt lat="42.47844936105283" lon="2.951846271218785">
        <ele>1069</ele>
      </trkpt>
      <trkpt lat="42.47852946786191" lon="2.9517404157925022">
        <ele>1071</ele>
      </trkpt>
      <trkpt lat="42.4785561701316" lon="2.9515811558268337">
        <ele>1074</ele>
      </trkpt>
      <trkpt lat="42.4786000381461" lon="2.9515124928476233">
        <ele>1076</ele>
      </trkpt>
      <trkpt lat="42.478783139424" lon="2.9514505054358362">
        <ele>1078</ele>
      </trkpt>
      <trkpt lat="42.4788432195308" lon="2.9513246233072841">
        <ele>1081</ele>
      </trkpt>
      <trkpt lat="42.47890043868014" lon="2.9512845699027443">
        <ele>1082</ele>
      </trkpt>
      <trkpt lat="42.47896910165935" lon="2.9511195880221419">
        <ele>1087</ele>
      </trkpt>
      <trkpt lat="42.47908258630555" lon="2.9509794011062538">
        <ele>1092</ele>
      </trkpt>
      <trkpt lat="42.47917509059698" lon="2.9508849895098397">
        <ele>1096</ele>
      </trkpt>
      <trkpt lat="42.47923898531375" lon="2.9507428952889736">
        <ele>1101</ele>
      </trkpt>
      <trkpt lat="42.47940492084684" lon="2.9506370398626909">
        <ele>1106</ele>
      </trkpt>
      <trkpt lat="42.47966717528133" lon="2.9503681098607837">
        <ele>1118</ele>
      </trkpt>
      <trkpt lat="42.47968243372115" lon="2.9503042151440186">
        <ele>1120</ele>
      </trkpt>
      <trkpt lat="42.47978828914744" lon="2.9502174327675164">
        <ele>1124</ele>
      </trkpt>
      <trkpt lat="42.47978065992752" lon="2.9501544917032403">
        <ele>1126</ele>
      </trkpt>
      <trkpt lat="42.47979973297731" lon="2.9501096700362557">
        <ele>1128</ele>
      </trkpt>
      <trkpt lat="42.47986648865153" lon="2.9500524508869139">
        <ele>1131</ele>
      </trkpt>
      <trkpt lat="42.47995899294297" lon="2.950002860957484">
        <ele>1134</ele>
      </trkpt>
      <trkpt lat="42.48" lon="2.9500000000000171">
        <ele>1135</ele>
      </trkpt>
      <trkpt lat="42.48000000000001" lon="2.9500000000000171">
        <ele>1135</ele>
      </trkpt>
      <trkpt lat="42.4800095365249" lon="2.9499990463475281">
        <ele>1136</ele>
      </trkpt>
      <trkpt lat="42.48005245088691" lon="2.9499628075529447">
        <ele>1138</ele>
      </trkpt>
      <trkpt lat="42.48016975014306" lon="2.9499961853900611">
        <ele>1141</ele>
      </trkpt>
      <trkpt lat="42.48019073049782" lon="2.9500267022697098">
        <ele>1141</ele>
      </trkpt>
      <trkpt lat="42.48023173755485" lon="2.9500133511348636">
        <ele>1143</ele>
      </trkpt>
      <trkpt lat="42.48029849322908" lon="2.9500495899294465">
        <ele>1144</ele>
      </trkpt>
      <trkpt lat="42.48036524890331" lon="2.9500867823765189">
        <ele>1145</ele>
      </trkpt>
      <trkpt lat="42.48039385847798" lon="2.9500667556742495">
        <ele>1147</ele>
      </trkpt>
      <trkpt lat="42.48045775319474" lon="2.9500429143620237">
        <ele>1150</ele>
      </trkpt>
      <trkpt lat="42.48050638947169" lon="2.9500467289719796">
        <ele>1151</ele>
      </trkpt>
      <trkpt lat="42.48053786000382" lon="2.9500219340072649">
        <ele>1153</ele>
      </trkpt>
      <trkpt lat="42.48052736982645" lon="2.9499294297158287">
        <ele>1155</ele>
      </trkpt>
      <trkpt lat="42.48056933053596" lon="2.9498779324814208">
        <ele>1158</ele>
      </trkpt>
      <trkpt lat="42.48059507915317" lon="2.9496261682243161">
        <ele>1165</ele>
      </trkpt>
      <trkpt lat="42.48059126454321" lon="2.9495479687202155">
        <ele>1167</ele>
      </trkpt>
      <trkpt lat="42.48058744993325" lon="2.9494707228686039">
        <ele>1169</ele>
      </trkpt>
      <trkpt lat="42.48055121113867" lon="2.9493620064848538">
        <ele>1170</ele>
      </trkpt>
      <trkpt lat="42.480565515926" lon="2.9493200457753366">
        <ele>1172</ele>
      </trkpt>
      <trkpt lat="42.48059794011063" lon="2.9493276749952488">
        <ele>1173</ele>
      </trkpt>
      <trkpt lat="42.4806875834446" lon="2.9492342170513237">
        <ele>1178</ele>
      </trkpt>
      <trkpt lat="42.48068186152967" lon="2.9491693686820692">
        <ele>1180</ele>
      </trkpt>
      <trkpt lat="42.48077913408355" lon="2.9491073812702822">
        <ele>1184</ele>
      </trkpt>
      <trkpt lat="42.48087736028992" lon="2.9490453938584951">
        <ele>1189</ele>
      </trkpt>
      <trkpt lat="42.48094411596415" lon="2.9489691016593724">
        <ele>1193</ele>
      </trkpt>
      <trkpt lat="42.48101182529087" lon="2.9488928094602498">
        <ele>1197</ele>
      </trkpt>
      <trkpt lat="42.48101087163838" lon="2.9488279610909953">
        <ele>1198</ele>
      </trkpt>
      <trkpt lat="42.48108048827008" lon="2.9488069807362369">
        <ele>1201</ele>
      </trkpt>
      <trkpt lat="42.48108525653253" lon="2.9487612054167633">
        <ele>1202</ele>
      </trkpt>
      <trkpt lat="42.48108525653253" lon="2.9487612054167633">
        <ele>1202</ele>
      </trkpt>
      <trkpt lat="42.48113484646196" lon="2.9487402250620045">
        <ele>1204</ele>
      </trkpt>
      <trkpt lat="42.48115296585925" lon="2.9486830059126623">
        <ele>1206</ele>
      </trkpt>
      <trkpt lat="42.48124547015069" lon="2.9486267404158095">
        <ele>1210</ele>
      </trkpt>
      <trkpt lat="42.48133892809461" lon="2.9485714285714457">
        <ele>1215</ele>
      </trkpt>
      <trkpt lat="42.48157543391189" lon="2.9482262063704159">
        <ele>1228</ele>
      </trkpt>
      <trkpt lat="42.48157543391189" lon="2.9482262063704159">
        <ele>1228</ele>
      </trkpt>
      <trkpt lat="42.48187774175091" lon="2.9481346557314687">
        <ele>1236</ele>
      </trkpt>
      <trkpt lat="42.48197215334733" lon="2.9481708945260516">
        <ele>1237</ele>
      </trkpt>
      <trkpt lat="42.48203318710663" lon="2.9482662597749552">
        <ele>1237</ele>
      </trkpt>
      <trkpt lat="42.4821485790578" lon="2.9483454129315447">
        <ele>1238</ele>
      </trkpt>
      <trkpt lat="42.48226492466146" lon="2.9484245660881347">
        <ele>1238</ele>
      </trkpt>
      <trkpt lat="42.48231451459089" lon="2.9484236124356453">
        <ele>1239</ele>
      </trkpt>
      <trkpt lat="42.48237745565517" lon="2.948353995803946">
        <ele>1242</ele>
      </trkpt>
      <trkpt lat="42.48246233072669" lon="2.9482834255197576">
        <ele>1244</ele>
      </trkpt>
      <trkpt lat="42.48276845317567" lon="2.9481556360862271">
        <ele>1236</ele>
      </trkpt>
      <trkpt lat="42.48311939729164" lon="2.9477951554453727">
        <ele>1225</ele>
      </trkpt>
      <trkpt lat="42.48316707991609" lon="2.9476769025367329">
        <ele>1224</ele>
      </trkpt>
      <trkpt lat="42.48316707991609" lon="2.9476769025367329">
        <ele>1224</ele>
      </trkpt>
      <trkpt lat="42.48317089452605" lon="2.9476091932100115">
        <ele>1224</ele>
      </trkpt>
      <trkpt lat="42.48310795346177" lon="2.9474527942018098">
        <ele>1225</ele>
      </trkpt>
      <trkpt lat="42.48291913026894" lon="2.947141903490385">
        <ele>1227</ele>
      </trkpt>
      <trkpt lat="42.48281613580012" lon="2.9470455845889929">
        <ele>1229</ele>
      </trkpt>
      <trkpt lat="42.48263017356476" lon="2.9469397291627102">
        <ele>1234</ele>
      </trkpt>
      <trkpt lat="42.4824880793439" lon="2.9468214762540699">
        <ele>1236</ele>
      </trkpt>
      <trkpt lat="42.48231737554836" lon="2.9465849704367897">
        <ele>1233</ele>
      </trkpt>
      <trkpt lat="42.48231737554836" lon="2.9465849704367897">
        <ele>1233</ele>
      </trkpt>
      <trkpt lat="42.482297488708" lon="2.94657521462831">
        <ele>1233</ele>
      </trkpt>
      <trkpt lat="42.482297488708" lon="2.94657521462831">
        <ele>1233</ele>
      </trkpt>
      <trkpt lat="42.48226683196644" lon="2.9465601754720749">
        <ele>1234</ele>
      </trkpt>
      <trkpt lat="42.48226683196644" lon="2.9465601754720749">
        <ele>1234</ele>
      </trkpt>
      <trkpt lat="42.48224012969675" lon="2.9465954606141693">
        <ele>1234</ele>
      </trkpt>
      <trkpt lat="42.48217528132749" lon="2.9465391951173161">
        <ele>1234</ele>
      </trkpt>
      <trkpt lat="42.48211234026321" lon="2.946559221819586">
        <ele>1235</ele>
      </trkpt>
      <trkpt lat="42.48205035285143" lon="2.9466307457562633">
        <ele>1237</ele>
      </trkpt>
      <trkpt lat="42.48197787526227" lon="2.9466946404730288">
        <ele>1239</ele>
      </trkpt>
      <trkpt lat="42.48191302689301" lon="2.9467289719626337">
        <ele>1240</ele>
      </trkpt>
      <trkpt lat="42.48198455082969" lon="2.9470083921419206">
        <ele>1240</ele>
      </trkpt>
      <trkpt lat="42.48198455082969" lon="2.9470083921419206">
        <ele>1240</ele>
      </trkpt>
      <trkpt lat="42.4819483120351" lon="2.9469483120351114">
        <ele>1240</ele>
      </trkpt>
      <trkpt lat="42.48192065611292" lon="2.9469177951554624">
        <ele>1240</ele>
      </trkpt>
      <trkpt lat="42.48179000572193" lon="2.9468081251192237">
        <ele>1241</ele>
      </trkpt>
      <trkpt lat="42.4815840167843" lon="2.9465792485218558">
        <ele>1239</ele>
      </trkpt>
      <trkpt lat="42.48132176234981" lon="2.946333206179685">
        <ele>1231</ele>
      </trkpt>
      <trkpt lat="42.48114629029183" lon="2.946217814228512">
        <ele>1227</ele>
      </trkpt>
      <trkpt lat="42.48099752050354" lon="2.9461481975968127">
        <ele>1226</ele>
      </trkpt>
      <trkpt lat="42.48075338546634" lon="2.9459803547587429">
        <ele>1223</ele>
      </trkpt>
      <trkpt lat="42.48049876025177" lon="2.945780087736046">
        <ele>1220</ele>
      </trkpt>
      <trkpt lat="42.48036906351327" lon="2.9456341789052241">
        <ele>1219</ele>
      </trkpt>
      <trkpt lat="42.4803223345413" lon="2.9455626549685463">
        <ele>1218</ele>
      </trkpt>
      <trkpt lat="42.4802527179096" lon="2.9453223345413102">
        <ele>1217</ele>
      </trkpt>
      <trkpt lat="42.48021863476753" lon="2.9451545406111079">
        <ele>1216</ele>
      </trkpt>
      <trkpt lat="42.48021863476753" lon="2.9451545406111079">
        <ele>1216</ele>
      </trkpt>
      <trkpt lat="42.48019073049782" lon="2.9450171657448196">
        <ele>1216</ele>
      </trkpt>
      <trkpt lat="42.48008868968149" lon="2.9448540911691952">
        <ele>1215</ele>
      </trkpt>
      <trkpt lat="42.48004005340455" lon="2.9447215334732193">
        <ele>1214</ele>
      </trkpt>
      <trkpt lat="42.48000000000001" lon="2.9446728971962788">
        <ele>1214</ele>
      </trkpt>
      <trkpt lat="42.48" lon="2.9446728971962788">
        <ele>1214</ele>
      </trkpt>
      <trkpt lat="42.47993705893573" lon="2.9445946976921782">
        <ele>1212</ele>
      </trkpt>
      <trkpt lat="42.47972344077818" lon="2.9440606522983197">
        <ele>1204</ele>
      </trkpt>
      <trkpt lat="42.47960922929865" lon="2.9434970434753982">
        <ele>1198</ele>
      </trkpt>
      <trkpt lat="42.47960922929865" lon="2.9434970434753982">
        <ele>1198</ele>
      </trkpt>
      <trkpt lat="42.47959183673469" lon="2.9434112149532883">
        <ele>1197</ele>
      </trkpt>
      <trkpt lat="42.47944402059889" lon="2.9430297539576751">
        <ele>1196</ele>
      </trkpt>
      <trkpt lat="42.47941636467671" lon="2.9429019645241445">
        <ele>1196</ele>
      </trkpt>
      <trkpt lat="42.47932862864772" lon="2.9426854854091338">
        <ele>1196</ele>
      </trkpt>
      <trkpt lat="42.47927427045585" lon="2.9425100133511517">
        <ele>1197</ele>
      </trkpt>
      <trkpt lat="42.47926473393095" lon="2.9423602899103738">
        <ele>1194</ele>
      </trkpt>
      <trkpt lat="42.47901487697883" lon="2.9416698455083137">
        <ele>1179</ele>
      </trkpt>
      <trkpt lat="42.47887469006294" lon="2.9414743467480622">
        <ele>1176</ele>
      </trkpt>
      <trkpt lat="42.47874594697692" lon="2.9412159069235342">
        <ele>1173</ele>
      </trkpt>
      <trkpt lat="42.47869444974251" lon="2.940977493801276">
        <ele>1170</ele>
      </trkpt>
      <trkpt lat="42.47859908449361" lon="2.9408172801831185">
        <ele>1169</ele>
      </trkpt>
      <trkpt lat="42.47846843410261" lon="2.9406666030898512">
        <ele>1168</ele>
      </trkpt>
      <trkpt lat="42.47838069807362" lon="2.9404701506771103">
        <ele>1167</ele>
      </trkpt>
      <trkpt lat="42.47834255197406" lon="2.9402336448598301">
        <ele>1165</ele>
      </trkpt>
      <trkpt lat="42.47824718672516" lon="2.9400000000000173">
        <ele>1161</ele>
      </trkpt>
      <trkpt lat="42.47824718672516" lon="2.9400000000000066">
        <ele>1161</ele>
      </trkpt>
      <trkpt lat="42.47814412878234" lon="2.9397452996556162">
        <ele>1157</ele>
      </trkpt>
      <trkpt lat="42.47814412878234" lon="2.9397452996556162">
        <ele>1157</ele>
      </trkpt>
      <trkpt lat="42.47811367537669" lon="2.9396700362388013">
        <ele>1156</ele>
      </trkpt>
      <trkpt lat="42.47788289147434" lon="2.9392733168033636">
        <ele>1149</ele>
      </trkpt>
      <trkpt lat="42.47749189395384" lon="2.9384140759107451">
        <ele>1137</ele>
      </trkpt>
      <trkpt lat="42.47729162693115" lon="2.9380736219721602">
        <ele>1131</ele>
      </trkpt>
      <trkpt lat="42.47719912263971" lon="2.9379687201983664">
        <ele>1129</ele>
      </trkpt>
      <trkpt lat="42.47693496090024" lon="2.9377808506580272">
        <ele>1125</ele>
      </trkpt>
      <trkpt lat="42.476870112531" lon="2.9377179095937507">
        <ele>1124</ele>
      </trkpt>
      <trkpt lat="42.47680621781423" lon="2.9376559221819636">
        <ele>1123</ele>
      </trkpt>
      <trkpt lat="42.47633129887469" lon="2.9372763684913288">
        <ele>1116</ele>
      </trkpt>
      <trkpt lat="42.47621495327103" lon="2.9372286858668768">
        <ele>1114</ele>
      </trkpt>
      <trkpt lat="42.47609956131986" lon="2.9371810032424253">
        <ele>1113</ele>
      </trkpt>
      <trkpt lat="42.47601563990082" lon="2.9371123402632149">
        <ele>1112</ele>
      </trkpt>
      <trkpt lat="42.47598151741923" lon="2.937084493180536">
        <ele>1111</ele>
      </trkpt>
      <trkpt lat="42.47598151741923" lon="2.937084493180536">
        <ele>1111</ele>
      </trkpt>
      <trkpt lat="42.47593267213427" lon="2.9370446309364935">
        <ele>1111</ele>
      </trkpt>
      <trkpt lat="42.47587736028991" lon="2.9369788289147505">
        <ele>1111</ele>
      </trkpt>
      <trkpt lat="42.47582204844554" lon="2.936913980545496">
        <ele>1110</ele>
      </trkpt>
      <trkpt lat="42.47582204844554" lon="2.936913980545496">
        <ele>1110</ele>
      </trkpt>
      <trkpt lat="42.47584162978482" lon="2.9368884160192215">
        <ele>1111</ele>
      </trkpt>
      <trkpt lat="42.47584162978482" lon="2.9368884160192215">
        <ele>1111</ele>
      </trkpt>
      <trkpt lat="42.47582204844554" lon="2.936913980545496">
        <ele>1110</ele>
      </trkpt>
      <trkpt lat="42.47582204844554" lon="2.936913980545496">
        <ele>1110</ele>
      </trkpt>
      <trkpt lat="42.4757743658211" lon="2.9368176616441035">
        <ele>1110</ele>
      </trkpt>
      <trkpt lat="42.47572763684913" lon="2.9367213427427115">
        <ele>1109</ele>
      </trkpt>
      <trkpt lat="42.47565897386992" lon="2.9364505054358259">
        <ele>1106</ele>
      </trkpt>
      <trkpt lat="42.47563608621019" lon="2.9363799351516375">
        <ele>1105</ele>
      </trkpt>
      <trkpt lat="42.47555788670608" lon="2.9362645432004646">
        <ele>1103</ele>
      </trkpt>
      <trkpt lat="42.47544535571237" lon="2.9361996948312101">
        <ele>1102</ele>
      </trkpt>
      <trkpt lat="42.47535094411597" lon="2.9360833492275482">
        <ele>1101</ele>
      </trkpt>
      <trkpt lat="42.47531089071143" lon="2.9359946595460684">
        <ele>1101</ele>
      </trkpt>
      <trkpt lat="42.47527083730689" lon="2.9359059698645882">
        <ele>1100</ele>
      </trkpt>
      <trkpt lat="42.47522124737745" lon="2.9358191874880863">
        <ele>1100</ele>
      </trkpt>
      <trkpt lat="42.47517261110051" lon="2.9357324051115841">
        <ele>1100</ele>
      </trkpt>
      <trkpt lat="42.47508106046157" lon="2.9356160595079221">
        <ele>1101</ele>
      </trkpt>
      <trkpt lat="42.47505912645432" lon="2.9355121113866174">
        <ele>1101</ele>
      </trkpt>
      <trkpt lat="42.47504737210096" lon="2.9354564059728863">
        <ele>1102</ele>
      </trkpt>
      <trkpt lat="42.47504737210096" lon="2.9354564059728863">
        <ele>1102</ele>
      </trkpt>
      <trkpt lat="42.47503719244707" lon="2.9354081632653131">
        <ele>1102</ele>
      </trkpt>
      <trkpt lat="42.47484264733931" lon="2.9349046347511036">
        <ele>1103</ele>
      </trkpt>
      <trkpt lat="42.47479496471486" lon="2.9345203127980231">
        <ele>1103</ele>
      </trkpt>
      <trkpt lat="42.47488556170131" lon="2.9341951172992631">
        <ele>1104</ele>
      </trkpt>
      <trkpt lat="42.47497091677133" lon="2.9339761629892287">
        <ele>1106</ele>
      </trkpt>
      <trkpt lat="42.47497091677133" lon="2.9339761629892287">
        <ele>1106</ele>
      </trkpt>
      <trkpt lat="42.47499523173755" lon="2.9339137898149983">
        <ele>1107</ele>
      </trkpt>
      <trkpt lat="42.47509155063894" lon="2.9339338165172681">
        <ele>1105</ele>
      </trkpt>
      <trkpt lat="42.47516879649056" lon="2.9339252336448665">
        <ele>1103</ele>
      </trkpt>
      <trkpt lat="42.47521266450505" lon="2.933905206942597">
        <ele>1103</ele>
      </trkpt>
      <trkpt lat="42.47525081060461" lon="2.9338451268357879">
        <ele>1102</ele>
      </trkpt>
      <trkpt lat="42.47527179095938" lon="2.9337812321190229">
        <ele>1102</ele>
      </trkpt>
      <trkpt lat="42.47529372496662" lon="2.9337182910547464">
        <ele>1102</ele>
      </trkpt>
      <trkpt lat="42.4753299637612" lon="2.9333673469387822">
        <ele>1103</ele>
      </trkpt>
      <trkpt lat="42.47534426854854" lon="2.933276749952324">
        <ele>1103</ele>
      </trkpt>
      <trkpt lat="42.47535857333587" lon="2.9331871066183552">
        <ele>1104</ele>
      </trkpt>
      <trkpt lat="42.47537573908068" lon="2.9331241655540787">
        <ele>1104</ele>
      </trkpt>
      <trkpt lat="42.47539385847797" lon="2.9330621781422916">
        <ele>1104</ele>
      </trkpt>
      <trkpt lat="42.47541579248522" lon="2.9329477398436077">
        <ele>1104</ele>
      </trkpt>
      <trkpt lat="42.47543772649247" lon="2.9328333015449237">
        <ele>1105</ele>
      </trkpt>
      <trkpt lat="42.4754470196858" lon="2.9328088013079543">
        <ele>1105</ele>
      </trkpt>
      <trkpt lat="42.4754470196858" lon="2.9328088013079543">
        <ele>1105</ele>
      </trkpt>
      <trkpt lat="42.47547968720198" lon="2.9327226778561961">
        <ele>1105</ele>
      </trkpt>
      <trkpt lat="42.4755216479115" lon="2.9326120541674681">
        <ele>1105</ele>
      </trkpt>
      <trkpt lat="42.47561129124547" lon="2.9322000762922058">
        <ele>1106</ele>
      </trkpt>
      <trkpt lat="42.47573240511158" lon="2.931708945260354">
        <ele>1108</ele>
      </trkpt>
      <trkpt lat="42.47573621972153" lon="2.931625977493808">
        <ele>1107</ele>
      </trkpt>
      <trkpt lat="42.47574003433149" lon="2.9315439633797511">
        <ele>1107</ele>
      </trkpt>
      <trkpt lat="42.4757562464238" lon="2.931483883272942">
        <ele>1106</ele>
      </trkpt>
      <trkpt lat="42.47574098798398" lon="2.9313742132367033">
        <ele>1105</ele>
      </trkpt>
      <trkpt lat="42.47573717337402" lon="2.931271218767888">
        <ele>1104</ele>
      </trkpt>
      <trkpt lat="42.47574480259394" lon="2.9311720389090286">
        <ele>1103</ele>
      </trkpt>
      <trkpt lat="42.4757562464238" lon="2.9310814419225704">
        <ele>1103</ele>
      </trkpt>
      <trkpt lat="42.4758086973107" lon="2.9309841693686889">
        <ele>1102</ele>
      </trkpt>
      <trkpt lat="42.47582395575052" lon="2.9308830822048515">
        <ele>1101</ele>
      </trkpt>
      <trkpt lat="42.47584684341026" lon="2.9308153728781301">
        <ele>1100</ele>
      </trkpt>
      <trkpt lat="42.47584207514782" lon="2.9307200076292266">
        <ele>1099</ele>
      </trkpt>
      <trkpt lat="42.47583826053786" lon="2.9306255960328125">
        <ele>1098</ele>
      </trkpt>
      <trkpt lat="42.47582300209803" lon="2.9305206942590187">
        <ele>1097</ele>
      </trkpt>
      <trkpt lat="42.47579248521838" lon="2.9304320045775389">
        <ele>1096</ele>
      </trkpt>
      <trkpt lat="42.47574957085638" lon="2.9303204272363219">
        <ele>1094</ele>
      </trkpt>
      <trkpt lat="42.47569330535953" lon="2.9302098035475939">
        <ele>1092</ele>
      </trkpt>
      <trkpt lat="42.4755826816708" lon="2.9299179858859499">
        <ele>1087</ele>
      </trkpt>
      <trkpt lat="42.4755826816708" lon="2.9299179858859499">
        <ele>1087</ele>
      </trkpt>
      <trkpt lat="42.47564276177761" lon="2.9298235742895358">
        <ele>1086</ele>
      </trkpt>
      <trkpt lat="42.47586782376502" lon="2.9296404730116414">
        <ele>1087</ele>
      </trkpt>
      <trkpt lat="42.47598035475873" lon="2.9295622735075408">
        <ele>1086</ele>
      </trkpt>
      <trkpt lat="42.47606713713522" lon="2.9294554644287691">
        <ele>1085</ele>
      </trkpt>
      <trkpt lat="42.47612435628457" lon="2.9293534236124423">
        <ele>1084</ele>
      </trkpt>
      <trkpt lat="42.47617680717146" lon="2.9292923898531442">
        <ele>1084</ele>
      </trkpt>
      <trkpt lat="42.47644287621591" lon="2.9290940301354254">
        <ele>1083</ele>
      </trkpt>
      <trkpt lat="42.47655922181957" lon="2.9289729162693181">
        <ele>1083</ele>
      </trkpt>
      <trkpt lat="42.47667366011825" lon="2.9288355903108974">
        <ele>1082</ele>
      </trkpt>
      <trkpt lat="42.47674518405493" lon="2.9287755102040887">
        <ele>1080</ele>
      </trkpt>
      <trkpt lat="42.47679858859431" lon="2.9287736028991103">
        <ele>1079</ele>
      </trkpt>
      <trkpt lat="42.47683578104139" lon="2.9288165172611169">
        <ele>1078</ele>
      </trkpt>
      <trkpt lat="42.47687583444593" lon="2.9288031661262703">
        <ele>1077</ele>
      </trkpt>
      <trkpt lat="42.47697882891475" lon="2.9287221056647028">
        <ele>1074</ele>
      </trkpt>
      <trkpt lat="42.47730593171848" lon="2.9285132557696043">
        <ele>1067</ele>
      </trkpt>
      <trkpt lat="42.47766545870684" lon="2.9280898340644739">
        <ele>1056</ele>
      </trkpt>
      <trkpt lat="42.47773984360099" lon="2.9277732214381147">
        <ele>1051</ele>
      </trkpt>
      <trkpt lat="42.47770837306885" lon="2.9274947549113173">
        <ele>1049</ele>
      </trkpt>
      <trkpt lat="42.47771123402632" lon="2.9273116536334229">
        <ele>1044</ele>
      </trkpt>
      <trkpt lat="42.47781518214762" lon="2.9267547205798277">
        <ele>1028</ele>
      </trkpt>
      <trkpt lat="42.47785046728972" lon="2.9265601754720647">
        <ele>1023</ele>
      </trkpt>
      <trkpt lat="42.47787526225444" lon="2.9264762540530298">
        <ele>1021</ele>
      </trkpt>
      <trkpt lat="42.47788384512683" lon="2.926274079725355">
        <ele>1016</ele>
      </trkpt>
      <trkpt lat="42.4779391569712" lon="2.9260699980927019">
        <ele>1011</ele>
      </trkpt>
      <trkpt lat="42.47802307839024" lon="2.9259116917795223">
        <ele>1008</ele>
      </trkpt>
      <trkpt lat="42.47817470913599" lon="2.925694259012023">
        <ele>1004</ele>
      </trkpt>
      <trkpt lat="42.47837402250619" lon="2.9253919511729993">
        <ele>998</ele>
      </trkpt>
      <trkpt lat="42.47843600991798" lon="2.9252851420942276">
        <ele>994</ele>
      </trkpt>
      <trkpt lat="42.47850371924471" lon="2.9251249284760701">
        <ele>991</ele>
      </trkpt>
      <trkpt lat="42.47870780087736" lon="2.9245880221247447">
        <ele>976</ele>
      </trkpt>
      <trkpt lat="42.47889471676521" lon="2.9241541102422346">
        <ele>966</ele>
      </trkpt>
      <trkpt lat="42.47896337974442" lon="2.9239671943543839">
        <ele>962</ele>
      </trkpt>
      <trkpt lat="42.47916078580965" lon="2.9236524890330031">
        <ele>956</ele>
      </trkpt>
      <trkpt lat="42.47923040244135" lon="2.9234741560175541">
        <ele>952</ele>
      </trkpt>
      <trkpt lat="42.47935342361244" lon="2.9230373831775771">
        <ele>946</ele>
      </trkpt>
      <trkpt lat="42.47938012588213" lon="2.9226225443448475">
        <ele>942</ele>
      </trkpt>
      <trkpt lat="42.47938012588213" lon="2.9226225443448475">
        <ele>942</ele>
      </trkpt>
      <trkpt lat="42.47920274651916" lon="2.9226721342742774">
        <ele>939</ele>
      </trkpt>
      <trkpt lat="42.47903967194354" lon="2.9227608239557572">
        <ele>936</ele>
      </trkpt>
      <trkpt lat="42.47888327293534" lon="2.922864772077062">
        <ele>934</ele>
      </trkpt>
      <trkpt lat="42.4788079343887" lon="2.922927713141338">
        <ele>934</ele>
      </trkpt>
      <trkpt lat="42.47874022506198" lon="2.9231365630364365">
        <ele>937</ele>
      </trkpt>
      <trkpt lat="42.47854567995422" lon="2.9235418653442755">
        <ele>944</ele>
      </trkpt>
      <trkpt lat="42.47798683959565" lon="2.923883272935349">
        <ele>945</ele>
      </trkpt>
      <trkpt lat="42.47789814991417" lon="2.9239710089643403">
        <ele>946</ele>
      </trkpt>
      <trkpt lat="42.47781899675758" lon="2.9240225061987482">
        <ele>947</ele>
      </trkpt>
      <trkpt lat="42.47777798970055" lon="2.9241178714476512">
        <ele>949</ele>
      </trkpt>
      <trkpt lat="42.47767690253671" lon="2.9241865344268616">
        <ele>949</ele>
      </trkpt>
      <trkpt lat="42.47730402441351" lon="2.9243133702079032">
        <ele>944</ele>
      </trkpt>
      <trkpt lat="42.47705035285142" lon="2.9247148579057858">
        <ele>950</ele>
      </trkpt>
      <trkpt lat="42.47638756437154" lon="2.925062941064283">
        <ele>940</ele>
      </trkpt>
      <trkpt lat="42.4759393477017" lon="2.9256666030898408">
        <ele>946</ele>
      </trkpt>
      <trkpt lat="42.47565897386992" lon="2.9258888041197855">
        <ele>946</ele>
      </trkpt>
      <trkpt lat="42.47456704176998" lon="2.926339881747098">
        <ele>945</ele>
      </trkpt>
      <trkpt lat="42.47436963570475" lon="2.9262921991226465">
        <ele>942</ele>
      </trkpt>
      <trkpt lat="42.47384608048827" lon="2.9255397673087993">
        <ele>929</ele>
      </trkpt>
      <trkpt lat="42.47380507343124" lon="2.9253280564562343">
        <ele>922</ele>
      </trkpt>
      <trkpt lat="42.47366202555789" lon="2.925096318901399">
        <ele>918</ele>
      </trkpt>
      <trkpt lat="42.47293152775129" lon="2.9245517833301613">
        <ele>924</ele>
      </trkpt>
      <trkpt lat="42.47273126072859" lon="2.9244268548540981">
        <ele>926</ele>
      </trkpt>
      <trkpt lat="42.47243562845699" lon="2.924221819568956">
        <ele>928</ele>
      </trkpt>
      <trkpt lat="42.47177093267214" lon="2.9235351897768522">
        <ele>909</ele>
      </trkpt>
      <trkpt lat="42.47152202937249" lon="2.9233930955559861">
        <ele>903</ele>
      </trkpt>
      <trkpt lat="42.47138088880412" lon="2.9233358764066444">
        <ele>898</ele>
      </trkpt>
      <trkpt lat="42.47123784093076" lon="2.9232271600228943">
        <ele>893</ele>
      </trkpt>
      <trkpt lat="42.47119206561129" lon="2.9229753957657896">
        <ele>888</ele>
      </trkpt>
      <trkpt lat="42.4711129124547" lon="2.922719816898729">
        <ele>882</ele>
      </trkpt>
      <trkpt lat="42.47103702884945" lon="2.9224066110378568">
        <ele>876</ele>
      </trkpt>
      <trkpt lat="42.47103702884945" lon="2.9224066110378568">
        <ele>876</ele>
      </trkpt>
      <trkpt lat="42.47098543122368" lon="2.9221497381276968">
        <ele>872</ele>
      </trkpt>
      <trkpt lat="42.47098543122368" lon="2.9221497381276968">
        <ele>872</ele>
      </trkpt>
      <trkpt lat="42.47088594316231" lon="2.9215945069616698">
        <ele>864</ele>
      </trkpt>
      <trkpt lat="42.47075910738127" lon="2.9213885180240386">
        <ele>860</ele>
      </trkpt>
      <trkpt lat="42.47078390234599" lon="2.9212607285905086">
        <ele>859</ele>
      </trkpt>
      <trkpt lat="42.47069330535953" lon="2.9208048827007507">
        <ele>852</ele>
      </trkpt>
      <trkpt lat="42.47062082777036" lon="2.9206913980545557">
        <ele>849</ele>
      </trkpt>
      <trkpt lat="42.47062082777036" lon="2.9205454892237337">
        <ele>846</ele>
      </trkpt>
      <trkpt lat="42.47053499904634" lon="2.9204539385847865">
        <ele>844</ele>
      </trkpt>
      <trkpt lat="42.47043391188251" lon="2.92029277131414">
        <ele>840</ele>
      </trkpt>
      <trkpt lat="42.47040339500286" lon="2.9201926378027916">
        <ele>839</ele>
      </trkpt>
      <trkpt lat="42.4703299637612" lon="2.9200581728018378">
        <ele>837</ele>
      </trkpt>
      <trkpt lat="42.47026416173946" lon="2.920000000000007">
        <ele>836</ele>
      </trkpt>
      <trkpt lat="42.47026416173946" lon="2.9199999999999964">
        <ele>836</ele>
      </trkpt>
      <trkpt lat="42.47019359145527" lon="2.9199389662406983">
        <ele>835</ele>
      </trkpt>
      <trkpt lat="42.46997425138279" lon="2.9193782185771471">
        <ele>832</ele>
      </trkpt>
      <trkpt lat="42.46984932290673" lon="2.9192094220865883">
        <ele>829</ele>
      </trkpt>
      <trkpt lat="42.46959675299856" lon="2.9183105881687488">
        <ele>813</ele>
      </trkpt>
      <trkpt lat="42.46959675299856" lon="2.9183105881687488">
        <ele>813</ele>
      </trkpt>
      <trkpt lat="42.46945164981881" lon="2.9177942017928631">
        <ele>800</ele>
      </trkpt>
      <trkpt lat="42.46934388708755" lon="2.9175319473583792">
        <ele>793</ele>
      </trkpt>
      <trkpt lat="42.46922372687393" lon="2.917293534236121">
        <ele>788</ele>
      </trkpt>
      <trkpt lat="42.46890043868014" lon="2.9166975014304755">
        <ele>778</ele>
      </trkpt>
      <trkpt lat="42.46887278275796" lon="2.9165239366774713">
        <ele>776</ele>
      </trkpt>
      <trkpt lat="42.46874308601945" lon="2.9162626358954764">
        <ele>774</ele>
      </trkpt>
      <trkpt lat="42.46873545679954" lon="2.9161338928094569">
        <ele>773</ele>
      </trkpt>
      <trkpt lat="42.4687210941151" lon="2.9160732503640308">
        <ele>772</ele>
      </trkpt>
      <trkpt lat="42.4687210941151" lon="2.9160732503640308">
        <ele>772</ele>
      </trkpt>
      <trkpt lat="42.46870112530993" lon="2.9159889376311239">
        <ele>772</ele>
      </trkpt>
      <trkpt lat="42.46878123211901" lon="2.9154787335494912">
        <ele>763</ele>
      </trkpt>
      <trkpt lat="42.46881937821858" lon="2.9149294297158082">
        <ele>752</ele>
      </trkpt>
      <trkpt lat="42.4687694499303" lon="2.9146476010022955">
        <ele>746</ele>
      </trkpt>
      <trkpt lat="42.4687694499303" lon="2.9146476010022955">
        <ele>746</ele>
      </trkpt>
      <trkpt lat="42.46875767914867" lon="2.9145811588237116">
        <ele>744</ele>
      </trkpt>
      <trkpt lat="42.46875767914867" lon="2.9145811588237116">
        <ele>744</ele>
      </trkpt>
      <trkpt lat="42.46863150867824" lon="2.9138689681480034">
        <ele>727</ele>
      </trkpt>
      <trkpt lat="42.46842647339309" lon="2.9133444592790352">
        <ele>716</ele>
      </trkpt>
      <trkpt lat="42.46842647339309" lon="2.9133444592790352">
        <ele>716</ele>
      </trkpt>
      <trkpt lat="42.46833683005912" lon="2.9132605378600003">
        <ele>717</ele>
      </trkpt>
      <trkpt lat="42.46824814037765" lon="2.9131775700934543">
        <ele>715</ele>
      </trkpt>
      <trkpt lat="42.46822967419069" lon="2.913186439679317">
        <ele>715</ele>
      </trkpt>
      <trkpt lat="42.46822967419069" lon="2.913186439679317">
        <ele>715</ele>
      </trkpt>
      <trkpt lat="42.4682209647363" lon="2.9131906229605562">
        <ele>715</ele>
      </trkpt>
      <trkpt lat="42.4682209647363" lon="2.9131906229605562">
        <ele>715</ele>
      </trkpt>
      <trkpt lat="42.46812702651154" lon="2.9132357428952855">
        <ele>714</ele>
      </trkpt>
      <trkpt lat="42.46803261491512" lon="2.9133110814419192">
        <ele>714</ele>
      </trkpt>
      <trkpt lat="42.46795155445356" lon="2.9133921419034872">
        <ele>715</ele>
      </trkpt>
      <trkpt lat="42.46787144764448" lon="2.9134741560175437">
        <ele>716</ele>
      </trkpt>
      <trkpt lat="42.46778466526798" lon="2.9135485409116884">
        <ele>718</ele>
      </trkpt>
      <trkpt lat="42.4674871256914" lon="2.9138775510204047">
        <ele>722</ele>
      </trkpt>
      <trkpt lat="42.46716574480259" lon="2.9141150104901739">
        <ele>718</ele>
      </trkpt>
      <trkpt lat="42.46713236696548" lon="2.9142046538241431">
        <ele>719</ele>
      </trkpt>
      <trkpt lat="42.46708468434102" lon="2.9142695021933975">
        <ele>718</ele>
      </trkpt>
      <trkpt lat="42.46703700171658" lon="2.9143343505626516">
        <ele>718</ele>
      </trkpt>
      <trkpt lat="42.46692828533283" lon="2.9143791722296362">
        <ele>715</ele>
      </trkpt>
      <trkpt lat="42.46675185962236" lon="2.9147148579057758">
        <ele>715</ele>
      </trkpt>
      <trkpt lat="42.46664695784856" lon="2.9147148579057758">
        <ele>711</ele>
      </trkpt>
      <trkpt lat="42.46654205607476" lon="2.9147148579057758">
        <ele>706</ele>
      </trkpt>
      <trkpt lat="42.46648483692542" lon="2.914788289147431">
        <ele>705</ele>
      </trkpt>
      <trkpt lat="42.46642857142857" lon="2.9148626740415757">
        <ele>703</ele>
      </trkpt>
      <trkpt lat="42.46639519359145" lon="2.914981880602705">
        <ele>703</ele>
      </trkpt>
      <trkpt lat="42.46636181575434" lon="2.9151010871638339">
        <ele>702</ele>
      </trkpt>
      <trkpt lat="42.466347510967" lon="2.9152012206751827">
        <ele>702</ele>
      </trkpt>
      <trkpt lat="42.46633320617967" lon="2.9153013541865311">
        <ele>702</ele>
      </trkpt>
      <trkpt lat="42.46626645050544" lon="2.9153948121304563">
        <ele>700</ele>
      </trkpt>
      <trkpt lat="42.4661996948312" lon="2.9154882700743814">
        <ele>697</ele>
      </trkpt>
      <trkpt lat="42.46609956131985" lon="2.9154825481594471">
        <ele>693</ele>
      </trkpt>
      <trkpt lat="42.46598607667366" lon="2.9153786000381428">
        <ele>686</ele>
      </trkpt>
      <trkpt lat="42.46593362578676" lon="2.9147406065229795">
        <ele>678</ele>
      </trkpt>
      <trkpt lat="42.46603375929811" lon="2.9144888422658748">
        <ele>680</ele>
      </trkpt>
      <trkpt lat="42.4659479305741" lon="2.9145851611672673">
        <ele>677</ele>
      </trkpt>
      <trkpt lat="42.46586210185009" lon="2.9146824337211488">
        <ele>674</ele>
      </trkpt>
      <trkpt lat="42.46576196833874" lon="2.9145851611672673">
        <ele>671</ele>
      </trkpt>
      <trkpt lat="42.46568090787717" lon="2.9146633606713679">
        <ele>670</ele>
      </trkpt>
      <trkpt lat="42.46567137135228" lon="2.9147854281899641">
        <ele>671</ele>
      </trkpt>
      <trkpt lat="42.46559031089071" lon="2.9152822811367503">
        <ele>676</ele>
      </trkpt>
      <trkpt lat="42.46551497234407" lon="2.9153719244707195">
        <ele>676</ele>
      </trkpt>
      <trkpt lat="42.46541483883273" lon="2.9153013541865311">
        <ele>674</ele>
      </trkpt>
      <trkpt lat="42.46536429525081" lon="2.9151878695403362">
        <ele>671</ele>
      </trkpt>
      <trkpt lat="42.46531470532138" lon="2.9150753385466301">
        <ele>669</ele>
      </trkpt>
      <trkpt lat="42.46530230783902" lon="2.9149914171275952">
        <ele>667</ele>
      </trkpt>
      <trkpt lat="42.46529086400916" lon="2.9149084493610493">
        <ele>666</ele>
      </trkpt>
      <trkpt lat="42.46509155063895" lon="2.9145079153156557">
        <ele>656</ele>
      </trkpt>
      <trkpt lat="42.465" lon="2.9145050543581883">
        <ele>653</ele>
      </trkpt>
      <trkpt lat="42.46490940301354" lon="2.9145031470532103">
        <ele>654</ele>
      </trkpt>
      <trkpt lat="42.46490940301354" lon="2.9145031470532103">
        <ele>654</ele>
      </trkpt>
      <trkpt lat="42.46460518786954" lon="2.9143848941445705">
        <ele>653</ele>
      </trkpt>
      <trkpt lat="42.46436772839977" lon="2.9141169177951523">
        <ele>648</ele>
      </trkpt>
      <trkpt lat="42.46394430669464" lon="2.9139986648865119">
        <ele>646</ele>
      </trkpt>
      <trkpt lat="42.46358382605379" lon="2.9141541102422241">
        <ele>648</ele>
      </trkpt>
      <trkpt lat="42.46297062750334" lon="2.9146690825863022">
        <ele>659</ele>
      </trkpt>
      <trkpt lat="42.46272935342361" lon="2.9149961853900406">
        <ele>662</ele>
      </trkpt>
      <trkpt lat="42.46253480831585" lon="2.9150610337592946">
        <ele>662</ele>
      </trkpt>
      <trkpt lat="42.46247186725157" lon="2.9148140377646352">
        <ele>659</ele>
      </trkpt>
      <trkpt lat="42.46246805264162" lon="2.9143152775128711">
        <ele>655</ele>
      </trkpt>
      <trkpt lat="42.46263017356475" lon="2.9132958230020947">
        <ele>648</ele>
      </trkpt>
      <trkpt lat="42.46276845317566" lon="2.9129906542056041">
        <ele>643</ele>
      </trkpt>
      <trkpt lat="42.4627999237078" lon="2.9123412168605727">
        <ele>638</ele>
      </trkpt>
      <trkpt lat="42.46270169750143" lon="2.9121266450505403">
        <ele>638</ele>
      </trkpt>
      <trkpt lat="42.46258630555025" lon="2.9116383749761554">
        <ele>633</ele>
      </trkpt>
      <trkpt lat="42.46193782185772" lon="2.9109946595460579">
        <ele>640</ele>
      </trkpt>
      <trkpt lat="42.46188632462331" lon="2.9107695975586463">
        <ele>638</ele>
      </trkpt>
      <trkpt lat="42.46190635132557" lon="2.9104472630173532">
        <ele>633</ele>
      </trkpt>
      <trkpt lat="42.46190635132557" lon="2.9102384131222547">
        <ele>631</ele>
      </trkpt>
      <trkpt lat="42.4617995422468" lon="2.9101850085828689">
        <ele>632</ele>
      </trkpt>
      <trkpt lat="42.46119015830631" lon="2.9102975395765749">
        <ele>648</ele>
      </trkpt>
      <trkpt lat="42.46101945451078" lon="2.9101897768453142">
        <ele>652</ele>
      </trkpt>
      <trkpt lat="42.46097367919131" lon="2.9100925042914327">
        <ele>652</ele>
      </trkpt>
      <trkpt lat="42.46099752050353" lon="2.909841693686817">
        <ele>649</ele>
      </trkpt>
      <trkpt lat="42.46123307266832" lon="2.9091817661644064">
        <ele>636</ele>
      </trkpt>
      <trkpt lat="42.4612521457181" lon="2.9089929429715777">
        <ele>633</ele>
      </trkpt>
      <trkpt lat="42.46120064848369" lon="2.9087926759488809">
        <ele>633</ele>
      </trkpt>
      <trkpt lat="42.46093744039672" lon="2.9084140759107346">
        <ele>638</ele>
      </trkpt>
      <trkpt lat="42.46086496280755" lon="2.9082815182147592">
        <ele>639</ele>
      </trkpt>
      <trkpt lat="42.46081155826817" lon="2.9080888804119747">
        <ele>638</ele>
      </trkpt>
      <trkpt lat="42.46077150486363" lon="2.9077627312607253">
        <ele>634</ele>
      </trkpt>
      <trkpt lat="42.46070284188442" lon="2.9074375357619648">
        <ele>631</ele>
      </trkpt>
      <trkpt lat="42.46064276177761" lon="2.9073469387755067">
        <ele>631</ele>
      </trkpt>
      <trkpt lat="42.46019549876025" lon="2.9069731069998057">
        <ele>635</ele>
      </trkpt>
      <trkpt lat="42.46" lon="2.9067404157924819">
        <ele>633</ele>
      </trkpt>
      <trkpt lat="42.45999999999999" lon="2.9067404157924819">
        <ele>633</ele>
      </trkpt>
      <trkpt lat="42.45985695212664" lon="2.9065697119969447">
        <ele>632</ele>
      </trkpt>
      <trkpt lat="42.45975395765782" lon="2.9065153538050699">
        <ele>633</ele>
      </trkpt>
      <trkpt lat="42.45950505435818" lon="2.9064886515353772">
        <ele>638</ele>
      </trkpt>
      <trkpt lat="42.45939729162692" lon="2.9064667175281294">
        <ele>640</ele>
      </trkpt>
      <trkpt lat="42.45930097272553" lon="2.9064047301163423">
        <ele>642</ele>
      </trkpt>
      <trkpt lat="42.45923898531374" lon="2.9062788479877897">
        <ele>642</ele>
      </trkpt>
      <trkpt lat="42.45922563417889" lon="2.9061338928094567">
        <ele>641</ele>
      </trkpt>
      <trkpt lat="42.45927140949837" lon="2.9054825481594473">
        <ele>634</ele>
      </trkpt>
      <trkpt lat="42.45927808506579" lon="2.9051258821285488">
        <ele>632</ele>
      </trkpt>
      <trkpt lat="42.45922849513636" lon="2.9049361052832312">
        <ele>633</ele>
      </trkpt>
      <trkpt lat="42.45914362006484" lon="2.9047186725157319">
        <ele>634</ele>
      </trkpt>
      <trkpt lat="42.45905302307838" lon="2.9046118634369602">
        <ele>637</ele>
      </trkpt>
      <trkpt lat="42.45898340644668" lon="2.9044926568758309">
        <ele>638</ele>
      </trkpt>
      <trkpt lat="42.45899580392904" lon="2.9043581918748775">
        <ele>637</ele>
      </trkpt>
      <trkpt lat="42.4590596986458" lon="2.9041836734693844">
        <ele>634</ele>
      </trkpt>
      <trkpt lat="42.45913026892999" lon="2.9040558840358539">
        <ele>632</ele>
      </trkpt>
      <trkpt lat="42.45923898531374" lon="2.9039776845317533">
        <ele>629</ele>
      </trkpt>
      <trkpt lat="42.45955082967765" lon="2.9038489414457338">
        <ele>621</ele>
      </trkpt>
      <trkpt lat="42.45962998283424" lon="2.9037259202746486">
        <ele>620</ele>
      </trkpt>
      <trkpt lat="42.45971676521074" lon="2.903194735838257">
        <ele>618</ele>
      </trkpt>
      <trkpt lat="42.45971485790577" lon="2.9030879267594853">
        <ele>617</ele>
      </trkpt>
      <trkpt lat="42.45948788861338" lon="2.9026406637421291">
        <ele>621</ele>
      </trkpt>
      <trkpt lat="42.4592942971581" lon="2.902209612817086">
        <ele>626</ele>
      </trkpt>
      <trkpt lat="42.45925424375356" lon="2.9019607095174482">
        <ele>627</ele>
      </trkpt>
      <trkpt lat="42.45925042914361" lon="2.901691779515541">
        <ele>626</ele>
      </trkpt>
      <trkpt lat="42.45930764829295" lon="2.9014352469959914">
        <ele>628</ele>
      </trkpt>
      <trkpt lat="42.45943639137897" lon="2.9012054167461341">
        <ele>628</ele>
      </trkpt>
      <trkpt lat="42.45961853900437" lon="2.9010165935533059">
        <ele>626</ele>
      </trkpt>
      <trkpt lat="42.45979687201982" lon="2.9008916650772423">
        <ele>624</ele>
      </trkpt>
      <trkpt lat="42.45999999999999" lon="2.9008468434102577">
        <ele>620</ele>
      </trkpt>
      <trkpt lat="42.46" lon="2.9008468434102577">
        <ele>620</ele>
      </trkpt>
      <trkpt lat="42.46015830631318" lon="2.9007896242609159">
        <ele>618</ele>
      </trkpt>
      <trkpt lat="42.46025843982453" lon="2.9006370398626706">
        <ele>618</ele>
      </trkpt>
      <trkpt lat="42.46029086400915" lon="2.9003623879458291">
        <ele>621</ele>
      </trkpt>
      <trkpt lat="42.460347129506" lon="2.9002422277322109">
        <ele>622</ele>
      </trkpt>
      <trkpt lat="42.46064562273507" lon="2.8999999999999968">
        <ele>619</ele>
      </trkpt>
      <trkpt lat="42.46064562273507" lon="2.9000000000000146">
        <ele>619</ele>
      </trkpt>
      <trkpt lat="42.46069139805455" lon="2.8999628075529427">
        <ele>618</ele>
      </trkpt>
      <trkpt lat="42.46080965096318" lon="2.8998369254243901">
        <ele>617</ele>
      </trkpt>
      <trkpt lat="42.4609479305741" lon="2.8995679954224829">
        <ele>614</ele>
      </trkpt>
      <trkpt lat="42.46099847415601" lon="2.8992427999237225">
        <ele>615</ele>
      </trkpt>
      <trkpt lat="42.46094983787908" lon="2.8987993515163222">
        <ele>619</ele>
      </trkpt>
      <trkpt lat="42.4609393477017" lon="2.898497997329788">
        <ele>621</ele>
      </trkpt>
      <trkpt lat="42.46137325958421" lon="2.8970942208659314">
        <ele>619</ele>
      </trkpt>
      <trkpt lat="42.46146576387564" lon="2.8969073049780807">
        <ele>619</ele>
      </trkpt>
      <trkpt lat="42.46165363341598" lon="2.8966097654015024">
        <ele>618</ele>
      </trkpt>
      <trkpt lat="42.46173946214" lon="2.8964304787335644">
        <ele>617</ele>
      </trkpt>
      <trkpt lat="42.46187201983597" lon="2.8960471104329728">
        <ele>619</ele>
      </trkpt>
      <trkpt lat="42.4619301926378" lon="2.8959774938012735">
        <ele>618</ele>
      </trkpt>
      <trkpt lat="42.46224680526416" lon="2.8957448025939496">
        <ele>610</ele>
      </trkpt>
      <trkpt lat="42.46234979973298" lon="2.895588403585748">
        <ele>607</ele>
      </trkpt>
      <trkpt lat="42.46236887278275" lon="2.8953786000381609">
        <ele>606</ele>
      </trkpt>
      <trkpt lat="42.46225920274652" lon="2.8946910165935682">
        <ele>613</ele>
      </trkpt>
      <trkpt lat="42.46226206370398" lon="2.8943763112721874">
        <ele>615</ele>
      </trkpt>
      <trkpt lat="42.46233740225062" lon="2.8940864009155214">
        <ele>615</ele>
      </trkpt>
      <trkpt lat="42.4624871256914" lon="2.8938279610909934">
        <ele>612</ele>
      </trkpt>
      <trkpt lat="42.46268167079916" lon="2.8935494945641955">
        <ele>606</ele>
      </trkpt>
      <trkpt lat="42.46274175090597" lon="2.8934140759107527">
        <ele>604</ele>
      </trkpt>
      <trkpt lat="42.46275700934579" lon="2.8932548159450846">
        <ele>604</ele>
      </trkpt>
      <trkpt lat="42.4627131413313" lon="2.8930106809078922">
        <ele>605</ele>
      </trkpt>
      <trkpt lat="42.46263780278466" lon="2.8927503337783858">
        <ele>608</ele>
      </trkpt>
      <trkpt lat="42.46262254434484" lon="2.8925252717909742">
        <ele>608</ele>
      </trkpt>
      <trkpt lat="42.46269120732405" lon="2.8920017165744949">
        <ele>604</ele>
      </trkpt>
      <trkpt lat="42.46270360480641" lon="2.8917366011825441">
        <ele>603</ele>
      </trkpt>
      <trkpt lat="42.46268834636658" lon="2.8907438489414603">
        <ele>604</ele>
      </trkpt>
      <trkpt lat="42.46265687583445" lon="2.8905664695785003">
        <ele>604</ele>
      </trkpt>
      <trkpt lat="42.4624871256914" lon="2.8900009536525038">
        <ele>609</ele>
      </trkpt>
      <trkpt lat="42.4624957085638" lon="2.8898483692542585">
        <ele>610</ele>
      </trkpt>
      <trkpt lat="42.46254243753576" lon="2.8896700362388095">
        <ele>609</ele>
      </trkpt>
      <trkpt lat="42.46286000381461" lon="2.8889614724394579">
        <ele>598</ele>
      </trkpt>
      <trkpt lat="42.4629391569712" lon="2.8887211520122213">
        <ele>595</ele>
      </trkpt>
      <trkpt lat="42.46296299828342" lon="2.8886048064085594">
        <ele>594</ele>
      </trkpt>
      <trkpt lat="42.46292962044631" lon="2.8884360099180006">
        <ele>596</ele>
      </trkpt>
      <trkpt lat="42.46287144764447" lon="2.88832824718674">
        <ele>598</ele>
      </trkpt>
      <trkpt lat="42.46274556551592" lon="2.8881680335685824">
        <ele>598</ele>
      </trkpt>
      <trkpt lat="42.46258725920274" lon="2.8880240320427384">
        <ele>600</ele>
      </trkpt>
      <trkpt lat="42.46250143047873" lon="2.887957276368506">
        <ele>600</ele>
      </trkpt>
      <trkpt lat="42.46209994278085" lon="2.8877493801258969">
        <ele>599</ele>
      </trkpt>
      <trkpt lat="42.46197501430478" lon="2.8877522410833638">
        <ele>599</ele>
      </trkpt>
      <trkpt lat="42.46111863436963" lon="2.8880421514400298">
        <ele>604</ele>
      </trkpt>
      <trkpt lat="42.46097558649628" lon="2.8880831584970585">
        <ele>604</ele>
      </trkpt>
      <trkpt lat="42.46088022124738" lon="2.8880278466526947">
        <ele>603</ele>
      </trkpt>
      <trkpt lat="42.46088022124738" lon="2.8880278466526947">
        <ele>603</ele>
      </trkpt>
      <trkpt lat="42.46086973107" lon="2.887745565515941">
        <ele>602</ele>
      </trkpt>
      <trkpt lat="42.46113293915697" lon="2.8868310127789583">
        <ele>598</ele>
      </trkpt>
      <trkpt lat="42.46124260919321" lon="2.8862874308602091">
        <ele>596</ele>
      </trkpt>
      <trkpt lat="42.46155159259965" lon="2.8853690635132705">
        <ele>593</ele>
      </trkpt>
      <trkpt lat="42.46168415029563" lon="2.885173564753019">
        <ele>589</ele>
      </trkpt>
      <trkpt lat="42.46202937249666" lon="2.8848216669845654">
        <ele>577</ele>
      </trkpt>
      <trkpt lat="42.46224203700172" lon="2.8845622735075485">
        <ele>569</ele>
      </trkpt>
      <trkpt lat="42.46228876597367" lon="2.8844106427617926">
        <ele>568</ele>
      </trkpt>
      <trkpt lat="42.46230783902346" lon="2.8840720961281856">
        <ele>567</ele>
      </trkpt>
      <trkpt lat="42.46234503147053" lon="2.8836925424375504">
        <ele>563</ele>
      </trkpt>
      <trkpt lat="42.46233835590311" lon="2.8835637993515313">
        <ele>563</ele>
      </trkpt>
      <trkpt lat="42.462260156399" lon="2.8831785237459617">
        <ele>567</ele>
      </trkpt>
      <trkpt lat="42.46240606522983" lon="2.882700743848956">
        <ele>565</ele>
      </trkpt>
      <trkpt lat="42.4625739080679" lon="2.8824117871447794">
        <ele>560</ele>
      </trkpt>
      <trkpt lat="42.46275224108335" lon="2.8821533473202514">
        <ele>556</ele>
      </trkpt>
      <trkpt lat="42.46280564562274" lon="2.8819979019645388">
        <ele>556</ele>
      </trkpt>
      <trkpt lat="42.46284379172229" lon="2.8818224299065567">
        <ele>556</ele>
      </trkpt>
      <trkpt lat="42.4628695403395" lon="2.8817604424947696">
        <ele>556</ele>
      </trkpt>
      <trkpt lat="42.4628695403395" lon="2.8817604424947696">
        <ele>556</ele>
      </trkpt>
      <trkpt lat="42.46288089524374" lon="2.881621912663038">
        <ele>557</ele>
      </trkpt>
      <trkpt lat="42.46288089524374" lon="2.881621912663038">
        <ele>557</ele>
      </trkpt>
      <trkpt lat="42.46290674855867" lon="2.881505526815157">
        <ele>558</ele>
      </trkpt>
      <trkpt lat="42.46290674855867" lon="2.881505526815157">
        <ele>558</ele>
      </trkpt>
      <trkpt lat="42.46298588594316" lon="2.8814085447263165">
        <ele>555</ele>
      </trkpt>
      <trkpt lat="42.46341216860576" lon="2.8809708182338505">
        <ele>540</ele>
      </trkpt>
      <trkpt lat="42.46350562654968" lon="2.8807877169559561">
        <ele>538</ele>
      </trkpt>
      <trkpt lat="42.46360576006104" lon="2.8804863627694215">
        <ele>535</ele>
      </trkpt>
      <trkpt lat="42.46381270265115" lon="2.880000000000015">
        <ele>528</ele>
      </trkpt>
      <trkpt lat="42.46381270265115" lon="2.8800000000000043">
        <ele>528</ele>
      </trkpt>
      <trkpt lat="42.46385084875072" lon="2.8799094030135466">
        <ele>527</ele>
      </trkpt>
      <trkpt lat="42.46388994850277" lon="2.8798188060270884">
        <ele>525</ele>
      </trkpt>
      <trkpt lat="42.46396624070189" lon="2.8794154110242274">
        <ele>524</ele>
      </trkpt>
      <trkpt lat="42.46418653442685" lon="2.8788947167652155">
        <ele>517</ele>
      </trkpt>
      <trkpt lat="42.46420974032378" lon="2.8787824002240878">
        <ele>516</ele>
      </trkpt>
      <trkpt lat="42.46420974032378" lon="2.8787824002240878">
        <ele>516</ele>
      </trkpt>
      <trkpt lat="42.46421037573908" lon="2.8787793248140425">
        <ele>516</ele>
      </trkpt>
      <trkpt lat="42.46423421705131" lon="2.8786648865153586">
        <ele>515</ele>
      </trkpt>
      <trkpt lat="42.46426664123593" lon="2.878570474918944">
        <ele>514</ele>
      </trkpt>
      <trkpt lat="42.46430001907305" lon="2.8784770169750189">
        <ele>513</ele>
      </trkpt>
      <trkpt lat="42.46432099942781" lon="2.8784054930383416">
        <ele>512</ele>
      </trkpt>
      <trkpt lat="42.46434197978257" lon="2.8783349227541528">
        <ele>512</ele>
      </trkpt>
      <trkpt lat="42.46435342361244" lon="2.8782614915124975">
        <ele>510</ele>
      </trkpt>
      <trkpt lat="42.46436582109479" lon="2.8781880602708418">
        <ele>509</ele>
      </trkpt>
      <trkpt lat="42.46437631127217" lon="2.8781193972916315">
        <ele>508</ele>
      </trkpt>
      <trkpt lat="42.46432099942781" lon="2.8780669464047346">
        <ele>509</ele>
      </trkpt>
      <trkpt lat="42.46431527751287" lon="2.8779954224680573">
        <ele>508</ele>
      </trkpt>
      <trkpt lat="42.46430955559794" lon="2.8779238985313795">
        <ele>508</ele>
      </trkpt>
      <trkpt lat="42.46432958230021" lon="2.8778037383177617">
        <ele>506</ele>
      </trkpt>
      <trkpt lat="42.46432958230021" lon="2.8777131413313035">
        <ele>505</ele>
      </trkpt>
      <trkpt lat="42.46431813847034" lon="2.8775939347701742">
        <ele>503</ele>
      </trkpt>
      <trkpt lat="42.46432672134274" lon="2.8774918939538479">
        <ele>502</ele>
      </trkpt>
      <trkpt lat="42.46433625786763" lon="2.877389853137521">
        <ele>500</ele>
      </trkpt>
      <trkpt lat="42.4643477016975" lon="2.8773106999809315">
        <ele>498</ele>
      </trkpt>
      <trkpt lat="42.46435914552737" lon="2.8772315468243419">
        <ele>496</ele>
      </trkpt>
      <trkpt lat="42.4643734503147" lon="2.8771590692351752">
        <ele>495</ele>
      </trkpt>
      <trkpt lat="42.46438775510204" lon="2.8770875452984979">
        <ele>494</ele>
      </trkpt>
      <trkpt lat="42.46442876215907" lon="2.8767804691970293">
        <ele>488</ele>
      </trkpt>
      <trkpt lat="42.46444402059889" lon="2.8767032233454173">
        <ele>487</ele>
      </trkpt>
      <trkpt lat="42.46446023269121" lon="2.8766259774938057">
        <ele>486</ele>
      </trkpt>
      <trkpt lat="42.46447930574099" lon="2.8765639900820186">
        <ele>485</ele>
      </trkpt>
      <trkpt lat="42.46449933244325" lon="2.8765029563227205">
        <ele>485</ele>
      </trkpt>
      <trkpt lat="42.46448788861339" lon="2.8764171275987076">
        <ele>484</ele>
      </trkpt>
      <trkpt lat="42.46451459088308" lon="2.8763122258249139">
        <ele>482</ele>
      </trkpt>
      <trkpt lat="42.46451554453557" lon="2.876193972916274">
        <ele>481</ele>
      </trkpt>
      <trkpt lat="42.46451554453557" lon="2.876193972916274">
        <ele>481</ele>
      </trkpt>
      <trkpt lat="42.46457361527988" lon="2.8761250139074064">
        <ele>480</ele>
      </trkpt>
      <trkpt lat="42.4645736152435" lon="2.8761250139506065">
        <ele>480</ele>
      </trkpt>
      <trkpt lat="42.46459183673469" lon="2.8761033759298158">
        <ele>480</ele>
      </trkpt>
      <trkpt lat="42.46475491131032" lon="2.8759794011062416">
        <ele>480</ele>
      </trkpt>
      <trkpt lat="42.46490940301354" lon="2.8758878504672944">
        <ele>480</ele>
      </trkpt>
      <trkpt lat="42.46494373450314" lon="2.8757982071333252">
        <ele>479</ele>
      </trkpt>
      <trkpt lat="42.46490844936105" lon="2.8757390806790051">
        <ele>478</ele>
      </trkpt>
      <trkpt lat="42.46471962616823" lon="2.8756790005721959">
        <ele>476</ele>
      </trkpt>
      <trkpt lat="42.46464047301163" lon="2.8756198741178758">
        <ele>475</ele>
      </trkpt>
      <trkpt lat="42.46464047301163" lon="2.8756198741178758">
        <ele>475</ele>
      </trkpt>
      <trkpt lat="42.46479305740988" lon="2.8755502574861764">
        <ele>475</ele>
      </trkpt>
      <trkpt lat="42.46503814609956" lon="2.8754033950028655">
        <ele>472</ele>
      </trkpt>
      <trkpt lat="42.46520026702269" lon="2.8752984932290717">
        <ele>471</ele>
      </trkpt>
      <trkpt lat="42.46535952698837" lon="2.8751630745756294">
        <ele>468</ele>
      </trkpt>
      <trkpt lat="42.4655035285142" lon="2.8750162120923179">
        <ele>466</ele>
      </trkpt>
      <trkpt lat="42.46568281518215" lon="2.874753957657834">
        <ele>461</ele>
      </trkpt>
      <trkpt lat="42.4658258630555" lon="2.8745088689681526">
        <ele>456</ele>
      </trkpt>
      <trkpt lat="42.4659908449361" lon="2.8741951172992608">
        <ele>450</ele>
      </trkpt>
      <trkpt lat="42.46607381270265" lon="2.8739576578294916">
        <ele>445</ele>
      </trkpt>
      <trkpt lat="42.46624642380316" lon="2.872928666793825">
        <ele>427</ele>
      </trkpt>
      <trkpt lat="42.466347510967" lon="2.8725433911882554">
        <ele>422</ele>
      </trkpt>
      <trkpt lat="42.46651344650009" lon="2.8721228304405919">
        <ele>418</ele>
      </trkpt>
      <trkpt lat="42.46655445355712" lon="2.8719406828151866">
        <ele>416</ele>
      </trkpt>
      <trkpt lat="42.46657543391188" lon="2.8718109860766781">
        <ele>415</ele>
      </trkpt>
      <trkpt lat="42.46672992561511" lon="2.8714352469959992">
        <ele>413</ele>
      </trkpt>
      <trkpt lat="42.46690730497806" lon="2.8712120923135656">
        <ele>413</ele>
      </trkpt>
      <trkpt lat="42.46694926568758" lon="2.8711062368872828">
        <ele>413</ele>
      </trkpt>
      <trkpt lat="42.46698168987221" lon="2.8707285905016255">
        <ele>411</ele>
      </trkpt>
      <trkpt lat="42.46699694831204" lon="2.870358573335881">
        <ele>406</ele>
      </trkpt>
      <trkpt lat="42.46714285714285" lon="2.8698102231546869">
        <ele>402</ele>
      </trkpt>
      <trkpt lat="42.46724775891665" lon="2.8696233072668367">
        <ele>401</ele>
      </trkpt>
      <trkpt lat="42.46736696547778" lon="2.8695060080106853">
        <ele>401</ele>
      </trkpt>
      <trkpt lat="42.46737554835018" lon="2.8694478352088546">
        <ele>401</ele>
      </trkpt>
      <trkpt lat="42.46735170703796" lon="2.8694125500667602">
        <ele>399</ele>
      </trkpt>
      <trkpt lat="42.46730307076101" lon="2.8694087354568043">
        <ele>398</ele>
      </trkpt>
      <trkpt lat="42.46695212664505" lon="2.8695651344650055">
        <ele>393</ele>
      </trkpt>
      <trkpt lat="42.46672801831013" lon="2.8698168987221102">
        <ele>392</ele>
      </trkpt>
      <trkpt lat="42.46646671752813" lon="2.8701449551783376">
        <ele>392</ele>
      </trkpt>
      <trkpt lat="42.46643333969102" lon="2.8702164791150149">
        <ele>392</ele>
      </trkpt>
      <trkpt lat="42.46636849132176" lon="2.8704987602517686">
        <ele>396</ele>
      </trkpt>
      <trkpt lat="42.4663036429525" lon="2.8708706847224916">
        <ele>401</ele>
      </trkpt>
      <trkpt lat="42.46626358954797" lon="2.871021361815759">
        <ele>402</ele>
      </trkpt>
      <trkpt lat="42.46626358954797" lon="2.871021361815759">
        <ele>402</ele>
      </trkpt>
      <trkpt lat="42.46622353614343" lon="2.8709956131985548">
        <ele>401</ele>
      </trkpt>
      <trkpt lat="42.46624737745565" lon="2.8704720579820759">
        <ele>393</ele>
      </trkpt>
      <trkpt lat="42.46617585351898" lon="2.8701602136181621">
        <ele>387</ele>
      </trkpt>
      <trkpt lat="42.46610909784474" lon="2.8700476826244561">
        <ele>384</ele>
      </trkpt>
      <trkpt lat="42.466043295823" lon="2.8699361052832395">
        <ele>381</ele>
      </trkpt>
      <trkpt lat="42.46601087163837" lon="2.8698159450696212">
        <ele>379</ele>
      </trkpt>
      <trkpt lat="42.46600514972344" lon="2.8697024604234262">
        <ele>376</ele>
      </trkpt>
      <trkpt lat="42.46599942780851" lon="2.8695899294297202">
        <ele>374</ele>
      </trkpt>
      <trkpt lat="42.46595365248903" lon="2.8691493419797873">
        <ele>365</ele>
      </trkpt>
      <trkpt lat="42.46596891092886" lon="2.8690596986458181">
        <ele>364</ele>
      </trkpt>
      <trkpt lat="42.46601087163837" lon="2.8689595651344697">
        <ele>363</ele>
      </trkpt>
      <trkpt lat="42.46602326912073" lon="2.8688594316231213">
        <ele>361</ele>
      </trkpt>
      <trkpt lat="42.46602040816327" lon="2.8687755102040864">
        <ele>360</ele>
      </trkpt>
      <trkpt lat="42.46601850085828" lon="2.8686925424375405">
        <ele>358</ele>
      </trkpt>
      <trkpt lat="42.46604806408545" lon="2.8684283806980782">
        <ele>354</ele>
      </trkpt>
      <trkpt lat="42.46604424947549" lon="2.8683301544917077">
        <ele>352</ele>
      </trkpt>
      <trkpt lat="42.46604138851802" lon="2.8682319282853372">
        <ele>350</ele>
      </trkpt>
      <trkpt lat="42.46605950791531" lon="2.8681193972916317">
        <ele>348</ele>
      </trkpt>
      <trkpt lat="42.4660785809651" lon="2.8680068662979257">
        <ele>346</ele>
      </trkpt>
      <trkpt lat="42.46606618348274" lon="2.8678857524318184">
        <ele>343</ele>
      </trkpt>
      <trkpt lat="42.46605378600038" lon="2.8677655922182002">
        <ele>340</ele>
      </trkpt>
      <trkpt lat="42.46605569330536" lon="2.867704558458902">
        <ele>339</ele>
      </trkpt>
      <trkpt lat="42.46605855426282" lon="2.8676435246996039">
        <ele>338</ele>
      </trkpt>
      <trkpt lat="42.46609288575243" lon="2.867528132748431">
        <ele>336</ele>
      </trkpt>
      <trkpt lat="42.46604424947549" lon="2.867413694449747">
        <ele>332</ele>
      </trkpt>
      <trkpt lat="42.46602994468815" lon="2.8673478924280036">
        <ele>330</ele>
      </trkpt>
      <trkpt lat="42.46596986458135" lon="2.8672954415411072">
        <ele>328</ele>
      </trkpt>
      <trkpt lat="42.46596414266641" lon="2.8672172420370061">
        <ele>326</ele>
      </trkpt>
      <trkpt lat="42.46595937440397" lon="2.8671390425329055">
        <ele>324</ele>
      </trkpt>
      <trkpt lat="42.4659479305741" lon="2.8670532138088927">
        <ele>322</ele>
      </trkpt>
      <trkpt lat="42.46593648674423" lon="2.8669683387373688">
        <ele>320</ele>
      </trkpt>
      <trkpt lat="42.46587736028991" lon="2.8669197024604278">
        <ele>319</ele>
      </trkpt>
      <trkpt lat="42.46580679000572" lon="2.866831966431437">
        <ele>317</ele>
      </trkpt>
      <trkpt lat="42.46573621972153" lon="2.8667442304024457">
        <ele>315</ele>
      </trkpt>
      <trkpt lat="42.46573402433888" lon="2.8667415006274917">
        <ele>315</ele>
      </trkpt>
      <trkpt lat="42.4657562464238" lon="2.8666307457562508">
        <ele>313</ele>
      </trkpt>
      <trkpt lat="42.46575720007629" lon="2.8665649437345078">
        <ele>313</ele>
      </trkpt>
      <trkpt lat="42.46575910738127" lon="2.8664991417127643">
        <ele>313</ele>
      </trkpt>
      <trkpt lat="42.46575433911882" lon="2.8664009155063939">
        <ele>312</ele>
      </trkpt>
      <trkpt lat="42.46574957085638" lon="2.8663036429525128">
        <ele>312</ele>
      </trkpt>
      <trkpt lat="42.46575338546634" lon="2.8661977875262301">
        <ele>312</ele>
      </trkpt>
      <trkpt lat="42.46576769025367" lon="2.8661157734121732">
        <ele>311</ele>
      </trkpt>
      <trkpt lat="42.46580392904826" lon="2.8660156399008248">
        <ele>311</ele>
      </trkpt>
      <trkpt lat="42.46586973106999" lon="2.8659565134465046">
        <ele>311</ele>
      </trkpt>
      <trkpt lat="42.4658775663012" lon="2.8659582333753066">
        <ele>310</ele>
      </trkpt>
      <trkpt lat="42.4658775663012" lon="2.8659582333753066">
        <ele>310</ele>
      </trkpt>
      <trkpt lat="42.46592548451668" lon="2.8659957391170332">
        <ele>310</ele>
      </trkpt>
      <trkpt lat="42.46592548451668" lon="2.8659957391170332">
        <ele>310</ele>
      </trkpt>
      <trkpt lat="42.46593267213427" lon="2.8660089643334015">
        <ele>309</ele>
      </trkpt>
      <trkpt lat="42.46595269883655" lon="2.8660671371352326">
        <ele>309</ele>
      </trkpt>
      <trkpt lat="42.46595269883655" lon="2.8660671371352326">
        <ele>309</ele>
      </trkpt>
      <trkpt lat="42.46601563990082" lon="2.8660661834827432">
        <ele>308</ele>
      </trkpt>
      <trkpt lat="42.46606896204995" lon="2.8660653876297713">
        <ele>307</ele>
      </trkpt>
      <trkpt lat="42.46606896204995" lon="2.8660653876297713">
        <ele>307</ele>
      </trkpt>
      <trkpt lat="42.46607953461758" lon="2.8660652298302542">
        <ele>307</ele>
      </trkpt>
      <trkpt lat="42.46616250238413" lon="2.8660738127026555">
        <ele>305</ele>
      </trkpt>
      <trkpt lat="42.46616250238413" lon="2.8660738127026555">
        <ele>305</ele>
      </trkpt>
      <trkpt lat="42.46620160213618" lon="2.8660013351134892">
        <ele>304</ele>
      </trkpt>
      <trkpt lat="42.46629315277513" lon="2.8659240892618776">
        <ele>301</ele>
      </trkpt>
      <trkpt lat="42.46635037192447" lon="2.8658601945451121">
        <ele>298</ele>
      </trkpt>
      <trkpt lat="42.46638851802403" lon="2.8657877169559458">
        <ele>297</ele>
      </trkpt>
      <trkpt lat="42.46643143238604" lon="2.8656809078771741">
        <ele>296</ele>
      </trkpt>
      <trkpt lat="42.46643540925887" lon="2.8656634380429566">
        <ele>296</ele>
      </trkpt>
      <trkpt lat="42.46643540924614" lon="2.8656634380988897">
        <ele>296</ele>
      </trkpt>
      <trkpt lat="42.46645813465573" lon="2.8655636086210232">
        <ele>296</ele>
      </trkpt>
      <trkpt lat="42.46648865153538" lon="2.8654882700743896">
        <ele>295</ele>
      </trkpt>
      <trkpt lat="42.46651916841503" lon="2.8654129315277559">
        <ele>295</ele>
      </trkpt>
      <trkpt lat="42.46655922181957" lon="2.8653709708182382">
        <ele>294</ele>
      </trkpt>
      <trkpt lat="42.46662120923136" lon="2.8653204272363197">
        <ele>293</ele>
      </trkpt>
      <trkpt lat="42.46662120923136" lon="2.8653204272363197">
        <ele>293</ele>
      </trkpt>
      <trkpt lat="42.46665077245851" lon="2.8652422277322191">
        <ele>293</ele>
      </trkpt>
      <trkpt lat="42.46668033568567" lon="2.8651640282281181">
        <ele>292</ele>
      </trkpt>
      <trkpt lat="42.46670703795537" lon="2.865071523936682">
        <ele>292</ele>
      </trkpt>
      <trkpt lat="42.46673374022506" lon="2.8649799732977348">
        <ele>291</ele>
      </trkpt>
      <trkpt lat="42.46674613770742" lon="2.8648865153538097">
        <ele>290</ele>
      </trkpt>
      <trkpt lat="42.46675948884226" lon="2.8647930574098845">
        <ele>290</ele>
      </trkpt>
      <trkpt lat="42.46676711806218" lon="2.8647053213808933">
        <ele>290</ele>
      </trkpt>
      <trkpt lat="42.46677570093458" lon="2.8646185390043915">
        <ele>289</ele>
      </trkpt>
      <trkpt lat="42.46677760823955" lon="2.8645298493229112">
        <ele>289</ele>
      </trkpt>
      <trkpt lat="42.46677951554454" lon="2.8644411596414314">
        <ele>289</ele>
      </trkpt>
      <trkpt lat="42.46678428380698" lon="2.8643791722296439">
        <ele>289</ele>
      </trkpt>
      <trkpt lat="42.46679000572191" lon="2.8643181384703458">
        <ele>289</ele>
      </trkpt>
      <trkpt lat="42.46692447072287" lon="2.8637879076864436">
        <ele>279</ele>
      </trkpt>
      <trkpt lat="42.46693972916269" lon="2.8637211520122112">
        <ele>277</ele>
      </trkpt>
      <trkpt lat="42.46694163646767" lon="2.8636563036429572">
        <ele>276</ele>
      </trkpt>
      <trkpt lat="42.46691016593553" lon="2.8635685676139659">
        <ele>277</ele>
      </trkpt>
      <trkpt lat="42.46684722487126" lon="2.8634913217623543">
        <ele>278</ele>
      </trkpt>
      <trkpt lat="42.46676425710471" lon="2.863419797825677">
        <ele>280</ele>
      </trkpt>
      <trkpt lat="42.46668224299065" lon="2.8633492275414882">
        <ele>281</ele>
      </trkpt>
      <trkpt lat="42.46661262635895" lon="2.8632815182147673">
        <ele>282</ele>
      </trkpt>
      <trkpt lat="42.46654396337974" lon="2.8632147625405349">
        <ele>283</ele>
      </trkpt>
      <trkpt lat="42.46645908830822" lon="2.8631193972916313">
        <ele>284</ele>
      </trkpt>
      <trkpt lat="42.46642094220866" lon="2.8630574098798443">
        <ele>285</ele>
      </trkpt>
      <trkpt lat="42.4662864772077" lon="2.862790387182915">
        <ele>287</ele>
      </trkpt>
      <trkpt lat="42.4662864772077" lon="2.862790387182915">
        <ele>287</ele>
      </trkpt>
      <trkpt lat="42.46620064848369" lon="2.862870493991994">
        <ele>288</ele>
      </trkpt>
      <trkpt lat="42.46611577341217" lon="2.8629515544535615">
        <ele>288</ele>
      </trkpt>
      <trkpt lat="42.46602803738318" lon="2.8630078199504148">
        <ele>289</ele>
      </trkpt>
      <trkpt lat="42.46594125500668" lon="2.8630650390997565">
        <ele>289</ele>
      </trkpt>
      <trkpt lat="42.46585542628266" lon="2.8631089071142521">
        <ele>290</ele>
      </trkpt>
      <trkpt lat="42.46578008773603" lon="2.8631413312988792">
        <ele>290</ele>
      </trkpt>
      <trkpt lat="42.46570570284188" lon="2.8631747091359956">
        <ele>290</ele>
      </trkpt>
      <trkpt lat="42.46559794011062" lon="2.8631899675758201">
        <ele>290</ele>
      </trkpt>
      <trkpt lat="42.46549494564181" lon="2.863192828533287">
        <ele>290</ele>
      </trkpt>
      <trkpt lat="42.46522220102995" lon="2.8631842456608858">
        <ele>290</ele>
      </trkpt>
      <trkpt lat="42.46522220102995" lon="2.8631842456608858">
        <ele>290</ele>
      </trkpt>
      <trkpt lat="42.46522410833492" lon="2.8629000572191541">
        <ele>291</ele>
      </trkpt>
      <trkpt lat="42.46525081060462" lon="2.8624575624642428">
        <ele>293</ele>
      </trkpt>
      <trkpt lat="42.46523650581728" lon="2.862387945832543">
        <ele>294</ele>
      </trkpt>
      <trkpt lat="42.46523650581728" lon="2.862387945832543">
        <ele>294</ele>
      </trkpt>
      <trkpt lat="42.46520217432767" lon="2.8623431241655588">
        <ele>295</ele>
      </trkpt>
      <trkpt lat="42.46513446500095" lon="2.8623269120732449">
        <ele>295</ele>
      </trkpt>
      <trkpt lat="42.46506675567423" lon="2.8623116536334203">
        <ele>295</ele>
      </trkpt>
      <trkpt lat="42.46499237078009" lon="2.8623021171085301">
        <ele>295</ele>
      </trkpt>
      <trkpt lat="42.46491893953843" lon="2.8622925805836399">
        <ele>295</ele>
      </trkpt>
      <trkpt lat="42.4645384321953" lon="2.8623192828533326">
        <ele>292</ele>
      </trkpt>
      <trkpt lat="42.46447549113103" lon="2.8623164218958657">
        <ele>292</ele>
      </trkpt>
      <trkpt lat="42.46445737173374" lon="2.8623059317184865">
        <ele>292</ele>
      </trkpt>
      <trkpt lat="42.4644430669464" lon="2.8622830440587497">
        <ele>292</ele>
      </trkpt>
      <trkpt lat="42.46443162311653" lon="2.86224299065421">
        <ele>292</ele>
      </trkpt>
      <trkpt lat="42.46443543772649" lon="2.8615945069616675">
        <ele>299</ele>
      </trkpt>
      <trkpt lat="42.46443543772649" lon="2.8615945069616675">
        <ele>299</ele>
      </trkpt>
      <trkpt lat="42.46440492084684" lon="2.8615859240892663">
        <ele>298</ele>
      </trkpt>
      <trkpt lat="42.46437249666221" lon="2.8615544535571282">
        <ele>298</ele>
      </trkpt>
      <trkpt lat="42.46435533091741" lon="2.8615277512874355">
        <ele>298</ele>
      </trkpt>
      <trkpt lat="42.46410165935533" lon="2.8612969673850892">
        <ele>298</ele>
      </trkpt>
      <trkpt lat="42.46400343314896" lon="2.8612025557886751">
        <ele>301</ele>
      </trkpt>
      <trkpt lat="42.46390520694259" lon="2.86110909784475">
        <ele>303</ele>
      </trkpt>
      <trkpt lat="42.46382986839595" lon="2.8610261300782041">
        <ele>305</ele>
      </trkpt>
      <trkpt lat="42.46376597367919" lon="2.8609231356093883">
        <ele>306</ele>
      </trkpt>
      <trkpt lat="42.46372687392714" lon="2.8608363532328864">
        <ele>308</ele>
      </trkpt>
      <trkpt lat="42.4636257867633" lon="2.8605044821667032">
        <ele>310</ele>
      </trkpt>
      <trkpt lat="42.46360289910356" lon="2.860478733549499">
        <ele>311</ele>
      </trkpt>
      <trkpt lat="42.46357810413885" lon="2.8604682433721198">
        <ele>312</ele>
      </trkpt>
      <trkpt lat="42.46355235552165" lon="2.86047777989701">
        <ele>312</ele>
      </trkpt>
      <trkpt lat="42.46353232881938" lon="2.8604939919893235">
        <ele>312</ele>
      </trkpt>
      <trkpt lat="42.46353232881938" lon="2.8604939919893235">
        <ele>312</ele>
      </trkpt>
      <trkpt lat="42.46344077890801" lon="2.8603242037502339">
        <ele>315</ele>
      </trkpt>
      <trkpt lat="42.46344077890801" lon="2.8603242037502339">
        <ele>315</ele>
      </trkpt>
      <trkpt lat="42.4634255197406" lon="2.8603824146481069">
        <ele>315</ele>
      </trkpt>
      <trkpt lat="42.46335494945642" lon="2.8604825481594554">
        <ele>316</ele>
      </trkpt>
      <trkpt lat="42.46328533282472" lon="2.8605836353232927">
        <ele>317</ele>
      </trkpt>
      <trkpt lat="42.46311023994596" lon="2.8609267323003067">
        <ele>320</ele>
      </trkpt>
      <trkpt lat="42.46311023994596" lon="2.8609267323003067">
        <ele>320</ele>
      </trkpt>
      <trkpt lat="42.46304978065993" lon="2.8610452031279845">
        <ele>321</ele>
      </trkpt>
      <trkpt lat="42.46294201792867" lon="2.8611529658592456">
        <ele>323</ele>
      </trkpt>
      <trkpt lat="42.4628352088499" lon="2.8612607285905063">
        <ele>324</ele>
      </trkpt>
      <trkpt lat="42.4627655922182" lon="2.8612645432004622">
        <ele>326</ele>
      </trkpt>
      <trkpt lat="42.46269597558649" lon="2.8612693114629075">
        <ele>328</ele>
      </trkpt>
      <trkpt lat="42.46264781299629" lon="2.8612813521104576">
        <ele>329</ele>
      </trkpt>
      <trkpt lat="42.46264781299629" lon="2.8612813521104576">
        <ele>329</ele>
      </trkpt>
      <trkpt lat="42.46262558972464" lon="2.8612847616034762">
        <ele>330</ele>
      </trkpt>
      <trkpt lat="42.46262558972464" lon="2.8612847616034762">
        <ele>330</ele>
      </trkpt>
      <trkpt lat="42.46260036967261" lon="2.8612932129413782">
        <ele>330</ele>
      </trkpt>
      <trkpt lat="42.46260036967261" lon="2.8612932129413782">
        <ele>330</ele>
      </trkpt>
      <trkpt lat="42.4622954415411" lon="2.8613694449742559">
        <ele>331</ele>
      </trkpt>
      <trkpt lat="42.46198645813465" lon="2.8613971008964381">
        <ele>330</ele>
      </trkpt>
      <trkpt lat="42.46191493419798" lon="2.8613742132367013">
        <ele>330</ele>
      </trkpt>
      <trkpt lat="42.46187488079344" lon="2.8613389280946069">
        <ele>331</ele>
      </trkpt>
      <trkpt lat="42.46181956894907" lon="2.8612407018882364">
        <ele>332</ele>
      </trkpt>
      <trkpt lat="42.46177570093458" lon="2.8611453366393333">
        <ele>333</ele>
      </trkpt>
      <trkpt lat="42.46173278657257" lon="2.8610509250429188">
        <ele>334</ele>
      </trkpt>
      <trkpt lat="42.46171085256533" lon="2.8609565134465047">
        <ele>335</ele>
      </trkpt>
      <trkpt lat="42.46161358001144" lon="2.860851611672711">
        <ele>336</ele>
      </trkpt>
      <trkpt lat="42.46161358001144" lon="2.860851611672711">
        <ele>336</ele>
      </trkpt>
      <trkpt lat="42.4615649437345" lon="2.8607467098989172">
        <ele>336</ele>
      </trkpt>
      <trkpt lat="42.4615407529492" lon="2.8606550238361255">
        <ele>336</ele>
      </trkpt>
      <trkpt lat="42.4615407528387" lon="2.8606550234173125">
        <ele>336</ele>
      </trkpt>
      <trkpt lat="42.46150993895035" lon="2.8605382349762642">
        <ele>337</ele>
      </trkpt>
      <trkpt lat="42.46150993895035" lon="2.8605382349762642">
        <ele>337</ele>
      </trkpt>
      <trkpt lat="42.46150897107141" lon="2.8605345665956121">
        <ele>337</ele>
      </trkpt>
      <trkpt lat="42.46150897107141" lon="2.8605345665956121">
        <ele>337</ele>
      </trkpt>
      <trkpt lat="42.46148769788289" lon="2.8604539385847843">
        <ele>337</ele>
      </trkpt>
      <trkpt lat="42.46148769788289" lon="2.8604539385847843">
        <ele>337</ele>
      </trkpt>
      <trkpt lat="42.46134560366202" lon="2.8603719244707273">
        <ele>338</ele>
      </trkpt>
      <trkpt lat="42.46113770741942" lon="2.8602698836544009">
        <ele>341</ele>
      </trkpt>
      <trkpt lat="42.46101373259584" lon="2.8600000000000048">
        <ele>346</ele>
      </trkpt>
      <trkpt lat="42.46101373259584" lon="2.8599999999999941">
        <ele>346</ele>
      </trkpt>
      <trkpt lat="42.46097749380126" lon="2.8599218004958935">
        <ele>347</ele>
      </trkpt>
      <trkpt lat="42.46096545245751" lon="2.8598521916320103">
        <ele>348</ele>
      </trkpt>
      <trkpt lat="42.46096545245751" lon="2.8598521916320103">
        <ele>348</ele>
      </trkpt>
      <trkpt lat="42.46090787716956" lon="2.8595193591455215">
        <ele>351</ele>
      </trkpt>
      <trkpt lat="42.46090404814808" lon="2.8594315651530313">
        <ele>352</ele>
      </trkpt>
      <trkpt lat="42.46090404814808" lon="2.8594315651530313">
        <ele>352</ele>
      </trkpt>
      <trkpt lat="42.46089452603471" lon="2.8592132366965419">
        <ele>354</ele>
      </trkpt>
      <trkpt lat="42.4608897865844" lon="2.8591911686310247">
        <ele>354</ele>
      </trkpt>
      <trkpt lat="42.4608897865844" lon="2.8591911686310247">
        <ele>354</ele>
      </trkpt>
      <trkpt lat="42.46086400915506" lon="2.8590711424756763">
        <ele>354</ele>
      </trkpt>
      <trkpt lat="42.46075036418932" lon="2.8588906475300724">
        <ele>357</ele>
      </trkpt>
      <trkpt lat="42.46075036418932" lon="2.8588906475300724">
        <ele>357</ele>
      </trkpt>
      <trkpt lat="42.46071810032424" lon="2.858839404920841">
        <ele>358</ele>
      </trkpt>
      <trkpt lat="42.46037764638566" lon="2.8585056265496798">
        <ele>368</ele>
      </trkpt>
      <trkpt lat="42.46020122067519" lon="2.85828819378218">
        <ele>373</ele>
      </trkpt>
      <trkpt lat="42.46016759226023" lon="2.8582542466144685">
        <ele>373</ele>
      </trkpt>
      <trkpt lat="42.46016759226023" lon="2.8582542466144685">
        <ele>373</ele>
      </trkpt>
      <trkpt lat="42.46" lon="2.8580850658020163">
        <ele>377</ele>
      </trkpt>
      <trkpt lat="42.45999999999999" lon="2.8580850658020163">
        <ele>377</ele>
      </trkpt>
      <trkpt lat="42.4599723440778" lon="2.8580574098798341">
        <ele>378</ele>
      </trkpt>
      <trkpt lat="42.45960041960709" lon="2.8580545489223672">
        <ele>387</ele>
      </trkpt>
      <trkpt lat="42.45950886896814" lon="2.8579448788861281">
        <ele>389</ele>
      </trkpt>
      <trkpt lat="42.45946786191111" lon="2.857770360480635">
        <ele>388</ele>
      </trkpt>
      <trkpt lat="42.45946755930664" lon="2.8577696629880593">
        <ele>388</ele>
      </trkpt>
      <trkpt lat="42.45946755930664" lon="2.8577696629880593">
        <ele>388</ele>
      </trkpt>
      <trkpt lat="42.45933339691015" lon="2.8574604234216996">
        <ele>389</ele>
      </trkpt>
      <trkpt lat="42.45932204042701" lon="2.8572541139779526">
        <ele>385</ele>
      </trkpt>
      <trkpt lat="42.45932204040251" lon="2.8572541140000225">
        <ele>385</ele>
      </trkpt>
      <trkpt lat="42.45935342361243" lon="2.8572258249093974">
        <ele>383</ele>
      </trkpt>
      <trkpt lat="42.45942113293915" lon="2.8571647911500992">
        <ele>380</ele>
      </trkpt>
      <trkpt lat="42.45947453747853" lon="2.8571285523555159">
        <ele>379</ele>
      </trkpt>
      <trkpt lat="42.45951935914552" lon="2.8571085256532465">
        <ele>377</ele>
      </trkpt>
      <trkpt lat="42.45955750524508" lon="2.8571104329582244">
        <ele>377</ele>
      </trkpt>
      <trkpt lat="42.45960041960709" lon="2.8571342742704502">
        <ele>376</ele>
      </trkpt>
      <trkpt lat="42.45963761205416" lon="2.8571829105473907">
        <ele>376</ele>
      </trkpt>
      <trkpt lat="42.45966145336638" lon="2.8572496662216231">
        <ele>377</ele>
      </trkpt>
      <trkpt lat="42.4596767118062" lon="2.8573135609383882">
        <ele>378</ele>
      </trkpt>
      <trkpt lat="42.45968434102612" lon="2.8573888994850218">
        <ele>379</ele>
      </trkpt>
      <trkpt lat="42.45968529467861" lon="2.8574918939538376">
        <ele>381</ele>
      </trkpt>
      <trkpt lat="42.45970436772838" lon="2.8576025176425652">
        <ele>381</ele>
      </trkpt>
      <trkpt lat="42.45972110401235" lon="2.8577004249037201">
        <ele>381</ele>
      </trkpt>
      <trkpt lat="42.45972110401235" lon="2.8577004249037201">
        <ele>381</ele>
      </trkpt>
      <trkpt lat="42.45973184266163" lon="2.8576852885262047">
        <ele>381</ele>
      </trkpt>
      <trkpt lat="42.45973184266163" lon="2.8576852885262047">
        <ele>381</ele>
      </trkpt>
      <trkpt lat="42.45975681861528" lon="2.8575996566850983">
        <ele>380</ele>
      </trkpt>
      <trkpt lat="42.45977016975013" lon="2.8575185962235303">
        <ele>379</ele>
      </trkpt>
      <trkpt lat="42.45977589166507" lon="2.8574403967194297">
        <ele>377</ele>
      </trkpt>
      <trkpt lat="42.45977112340262" lon="2.8573679191302634">
        <ele>376</ele>
      </trkpt>
      <trkpt lat="42.45976730879266" lon="2.8572963951935857">
        <ele>375</ele>
      </trkpt>
      <trkpt lat="42.45975014304786" lon="2.8571867251573471">
        <ele>374</ele>
      </trkpt>
      <trkpt lat="42.45973297730306" lon="2.8570780087735974">
        <ele>373</ele>
      </trkpt>
      <trkpt lat="42.45970913599083" lon="2.8569969483120294">
        <ele>372</ele>
      </trkpt>
      <trkpt lat="42.45967575815371" lon="2.8569359145527313">
        <ele>371</ele>
      </trkpt>
      <trkpt lat="42.45964333396909" lon="2.8568748807934332">
        <ele>371</ele>
      </trkpt>
      <trkpt lat="42.45961090978447" lon="2.8568367346938719">
        <ele>371</ele>
      </trkpt>
      <trkpt lat="42.45956608811748" lon="2.8568071714667118">
        <ele>371</ele>
      </trkpt>
      <trkpt lat="42.45949837879076" lon="2.856783330154486">
        <ele>371</ele>
      </trkpt>
      <trkpt lat="42.45942304024413" lon="2.8567804691970191">
        <ele>372</ele>
      </trkpt>
      <trkpt lat="42.4593295823002" lon="2.8567938203318652">
        <ele>374</ele>
      </trkpt>
      <trkpt lat="42.45923707800876" lon="2.8568081251192008">
        <ele>376</ele>
      </trkpt>
      <trkpt lat="42.45918653442684" lon="2.8568081251192008">
        <ele>377</ele>
      </trkpt>
      <trkpt lat="42.4591464810223" lon="2.8567880984169314">
        <ele>376</ele>
      </trkpt>
      <trkpt lat="42.45905874499331" lon="2.8566917795155389">
        <ele>374</ele>
      </trkpt>
      <trkpt lat="42.45899198931908" lon="2.8566421895861089">
        <ele>373</ele>
      </trkpt>
      <trkpt lat="42.45892523364485" lon="2.8565935533091684">
        <ele>372</ele>
      </trkpt>
      <trkpt lat="42.45881365630363" lon="2.8565468243372059">
        <ele>371</ele>
      </trkpt>
      <trkpt lat="42.45870207896242" lon="2.8565010490177323">
        <ele>370</ele>
      </trkpt>
      <trkpt lat="42.4586343696357" lon="2.8564466908258574">
        <ele>369</ele>
      </trkpt>
      <trkpt lat="42.45856761396146" lon="2.8563923326339826">
        <ele>368</ele>
      </trkpt>
      <trkpt lat="42.4584684341026" lon="2.8563246233072612">
        <ele>366</ele>
      </trkpt>
      <trkpt lat="42.45837020789623" lon="2.8562569139805398">
        <ele>365</ele>
      </trkpt>
      <trkpt lat="42.45828056456227" lon="2.8562120923135552">
        <ele>363</ele>
      </trkpt>
      <trkpt lat="42.45821190158305" lon="2.8561987411787086">
        <ele>361</ele>
      </trkpt>
      <trkpt lat="42.45812607285904" lon="2.856201602136176">
        <ele>359</ele>
      </trkpt>
      <trkpt lat="42.45804024413503" lon="2.8562054167461319">
        <ele>357</ele>
      </trkpt>
      <trkpt lat="42.45796967385084" lon="2.8562273507533797">
        <ele>357</ele>
      </trkpt>
      <trkpt lat="42.45791054739652" lon="2.8562569139805398">
        <ele>356</ele>
      </trkpt>
      <trkpt lat="42.45785905016211" lon="2.8563026893000134">
        <ele>356</ele>
      </trkpt>
      <trkpt lat="42.4577989700553" lon="2.8564171275986974">
        <ele>358</ele>
      </trkpt>
      <trkpt lat="42.45776273126071" lon="2.8564733930955502">
        <ele>358</ele>
      </trkpt>
      <trkpt lat="42.45771695594124" lon="2.8565620827770304">
        <ele>360</ele>
      </trkpt>
      <trkpt lat="42.45767213427426" lon="2.8566517261109996">
        <ele>361</ele>
      </trkpt>
      <trkpt lat="42.45755960328055" lon="2.8567594888422603">
        <ele>362</ele>
      </trkpt>
      <trkpt lat="42.45750810604615" lon="2.8568376883463609">
        <ele>363</ele>
      </trkpt>
      <trkpt lat="42.45745660881174" lon="2.8569168415029504">
        <ele>365</ele>
      </trkpt>
      <trkpt lat="42.45738031661261" lon="2.8569778752622486">
        <ele>365</ele>
      </trkpt>
      <trkpt lat="42.45738031661261" lon="2.8569778752622486">
        <ele>365</ele>
      </trkpt>
      <trkpt lat="42.45733454129314" lon="2.8569807362197159">
        <ele>364</ele>
      </trkpt>
      <trkpt lat="42.45733454129314" lon="2.8569807362197159">
        <ele>364</ele>
      </trkpt>
      <trkpt lat="42.45723250047681" lon="2.8569273316803301">
        <ele>360</ele>
      </trkpt>
      <trkpt lat="42.45718291054739" lon="2.8568882319282798">
        <ele>358</ele>
      </trkpt>
      <trkpt lat="42.45712378409306" lon="2.8568577150486307">
        <ele>355</ele>
      </trkpt>
      <trkpt lat="42.45705226015639" lon="2.8568329200839155">
        <ele>353</ele>
      </trkpt>
      <trkpt lat="42.4569902727446" lon="2.8568281518214707">
        <ele>352</ele>
      </trkpt>
      <trkpt lat="42.45692828533281" lon="2.8568233835590253">
        <ele>350</ele>
      </trkpt>
      <trkpt lat="42.45686343696356" lon="2.8568367346938719">
        <ele>349</ele>
      </trkpt>
      <trkpt lat="42.4567985885943" lon="2.8568500858287185">
        <ele>348</ele>
      </trkpt>
      <trkpt lat="42.45672992561509" lon="2.8568720198359663">
        <ele>347</ele>
      </trkpt>
      <trkpt lat="42.45665649437344" lon="2.8569111195880166">
        <ele>346</ele>
      </trkpt>
      <trkpt lat="42.4565906923517" lon="2.8569588022124681">
        <ele>346</ele>
      </trkpt>
      <trkpt lat="42.45652202937249" lon="2.8570293724966564">
        <ele>346</ele>
      </trkpt>
      <trkpt lat="42.45643047873354" lon="2.8571504863627637">
        <ele>346</ele>
      </trkpt>
      <trkpt lat="42.45637898149913" lon="2.8572334541293096">
        <ele>346</ele>
      </trkpt>
      <trkpt lat="42.45632843791721" lon="2.8573164218958556">
        <ele>346</ele>
      </trkpt>
      <trkpt lat="42.45630173564752" lon="2.8573888994850218">
        <ele>347</ele>
      </trkpt>
      <trkpt lat="42.45627598703032" lon="2.8574623307266775">
        <ele>347</ele>
      </trkpt>
      <trkpt lat="42.45625691398053" lon="2.8575510204081578">
        <ele>348</ele>
      </trkpt>
      <trkpt lat="42.45623879458324" lon="2.8576397100896376">
        <ele>349</ele>
      </trkpt>
      <trkpt lat="42.4562082777036" lon="2.8577255388136504">
        <ele>349</ele>
      </trkpt>
      <trkpt lat="42.45616727064657" lon="2.857770360480635">
        <ele>349</ele>
      </trkpt>
      <trkpt lat="42.456086210185" lon="2.8578085065801964">
        <ele>347</ele>
      </trkpt>
      <trkpt lat="42.45601563990081" lon="2.8578008773602841">
        <ele>344</ele>
      </trkpt>
      <trkpt lat="42.45591073812702" lon="2.857818043105087">
        <ele>341</ele>
      </trkpt>
      <trkpt lat="42.45587354567994" lon="2.8578456990272687">
        <ele>341</ele>
      </trkpt>
      <trkpt lat="42.45583730688536" lon="2.8579076864390558">
        <ele>341</ele>
      </trkpt>
      <trkpt lat="42.45582014114056" lon="2.8579944688155581">
        <ele>342</ele>
      </trkpt>
      <trkpt lat="42.45581823383558" lon="2.8580726683196587">
        <ele>343</ele>
      </trkpt>
      <trkpt lat="42.45578867060842" lon="2.8581251192065555">
        <ele>343</ele>
      </trkpt>
      <trkpt lat="42.45574384894143" lon="2.8581546824337156">
        <ele>343</ele>
      </trkpt>
      <trkpt lat="42.45568090787716" lon="2.8581470532138034">
        <ele>342</ele>
      </trkpt>
      <trkpt lat="42.45561224489795" lon="2.8581127217241979">
        <ele>341</ele>
      </trkpt>
      <trkpt lat="42.45549303833682" lon="2.8580373831775643">
        <ele>338</ele>
      </trkpt>
      <trkpt lat="42.45544630936486" lon="2.8579877932481348">
        <ele>337</ele>
      </trkpt>
      <trkpt lat="42.45527179095937" lon="2.8577312607285847">
        <ele>332</ele>
      </trkpt>
      <trkpt lat="42.455216479115" lon="2.85770646576387">
        <ele>331</ele>
      </trkpt>
      <trkpt lat="42.45515353805072" lon="2.8577188632462276">
        <ele>330</ele>
      </trkpt>
      <trkpt lat="42.45509250429142" lon="2.8577512874308546">
        <ele>330</ele>
      </trkpt>
      <trkpt lat="42.45501716574479" lon="2.8578237650200209">
        <ele>330</ele>
      </trkpt>
      <trkpt lat="42.45494278085064" lon="2.8578962426091876">
        <ele>330</ele>
      </trkpt>
      <trkpt lat="42.45489795918366" lon="2.8579248521838587">
        <ele>329</ele>
      </trkpt>
      <trkpt lat="42.45484932290672" lon="2.8579401106236832">
        <ele>329</ele>
      </trkpt>
      <trkpt lat="42.45481308411214" lon="2.85793343505626">
        <ele>328</ele>
      </trkpt>
      <trkpt lat="42.45473297730306" lon="2.8578743086019398">
        <ele>327</ele>
      </trkpt>
      <trkpt lat="42.45465382414647" lon="2.8578151821476196">
        <ele>326</ele>
      </trkpt>
      <trkpt lat="42.45458611481975" lon="2.8577484264733872">
        <ele>324</ele>
      </trkpt>
      <trkpt lat="42.45454129315277" lon="2.8576864390616001">
        <ele>323</ele>
      </trkpt>
      <trkpt lat="42.45451723662628" lon="2.8576536812382969">
        <ele>323</ele>
      </trkpt>
      <trkpt lat="42.45451723662628" lon="2.8576536812382969">
        <ele>323</ele>
      </trkpt>
      <trkpt lat="42.45446478476079" lon="2.8575597245898234">
        <ele>322</ele>
      </trkpt>
      <trkpt lat="42.45446478476079" lon="2.8575597245898234">
        <ele>322</ele>
      </trkpt>
      <trkpt lat="42.45443162311653" lon="2.8574918939538376">
        <ele>321</ele>
      </trkpt>
      <trkpt lat="42.45438966240701" lon="2.8574070188823137">
        <ele>321</ele>
      </trkpt>
      <trkpt lat="42.45437345031469" lon="2.8573574289528838">
        <ele>321</ele>
      </trkpt>
      <trkpt lat="42.45437345031469" lon="2.8572401296967329">
        <ele>322</ele>
      </trkpt>
      <trkpt lat="42.45435819187487" lon="2.8571199694831146">
        <ele>322</ele>
      </trkpt>
      <trkpt lat="42.45436009917984" lon="2.8570474918939484">
        <ele>322</ele>
      </trkpt>
      <trkpt lat="42.4543124165554" lon="2.8569549876025118">
        <ele>322</ele>
      </trkpt>
      <trkpt lat="42.45430860194544" lon="2.85689776845317">
        <ele>322</ele>
      </trkpt>
      <trkpt lat="42.45433244325766" lon="2.8568615296585866">
        <ele>322</ele>
      </trkpt>
      <trkpt lat="42.4544163646767" lon="2.8567985885943106">
        <ele>323</ele>
      </trkpt>
      <trkpt lat="42.45444211329391" lon="2.8566851039481156">
        <ele>323</ele>
      </trkpt>
      <trkpt lat="42.45446786191111" lon="2.8565725729544096">
        <ele>324</ele>
      </trkpt>
      <trkpt lat="42.4545031470532" lon="2.8564829296204408">
        <ele>324</ele>
      </trkpt>
      <trkpt lat="42.45451935914551" lon="2.8564066374213182">
        <ele>324</ele>
      </trkpt>
      <trkpt lat="42.45453652489032" lon="2.8563312988746845">
        <ele>324</ele>
      </trkpt>
      <trkpt lat="42.45456036620254" lon="2.8562654968529411">
        <ele>324</ele>
      </trkpt>
      <trkpt lat="42.45458516116726" lon="2.8561996948311976">
        <ele>324</ele>
      </trkpt>
      <trkpt lat="42.4545899294297" lon="2.8561138661071848">
        <ele>324</ele>
      </trkpt>
      <trkpt lat="42.45460448374757" lon="2.8560625794632744">
        <ele>324</ele>
      </trkpt>
      <trkpt lat="42.45460448374757" lon="2.8560625794632744">
        <ele>324</ele>
      </trkpt>
      <trkpt lat="42.45460995613197" lon="2.8560432958229964">
        <ele>324</ele>
      </trkpt>
      <trkpt lat="42.45463093648673" lon="2.8559727255388081">
        <ele>324</ele>
      </trkpt>
      <trkpt lat="42.45464810223154" lon="2.8558592408926131">
        <ele>324</ele>
      </trkpt>
      <trkpt lat="42.45471295060079" lon="2.8556122448979533">
        <ele>324</ele>
      </trkpt>
      <trkpt lat="42.45473965287048" lon="2.8555502574861662">
        <ele>324</ele>
      </trkpt>
      <trkpt lat="42.45476730879266" lon="2.8554892237268681">
        <ele>325</ele>
      </trkpt>
      <trkpt lat="42.45477589166507" lon="2.8553747854281841">
        <ele>325</ele>
      </trkpt>
      <trkpt lat="42.45488842265877" lon="2.8550677093267156">
        <ele>326</ele>
      </trkpt>
      <trkpt lat="42.4549208468434" lon="2.8548188060270778">
        <ele>328</ele>
      </trkpt>
      <trkpt lat="42.45496090024794" lon="2.8547463284379115">
        <ele>329</ele>
      </trkpt>
      <trkpt lat="42.45496090024794" lon="2.8547463284379115">
        <ele>329</ele>
      </trkpt>
      <trkpt lat="42.45490749570855" lon="2.8546690825862999">
        <ele>328</ele>
      </trkpt>
      <trkpt lat="42.45483406446689" lon="2.8543686820522547">
        <ele>328</ele>
      </trkpt>
      <trkpt lat="42.45483787907686" lon="2.8542647339309499">
        <ele>329</ele>
      </trkpt>
      <trkpt lat="42.45481499141712" lon="2.8541626931146236">
        <ele>329</ele>
      </trkpt>
      <trkpt lat="42.45485027655921" lon="2.8540425329010053">
        <ele>331</ele>
      </trkpt>
      <trkpt lat="42.45486172038908" lon="2.8539376311272115">
        <ele>332</ele>
      </trkpt>
      <trkpt lat="42.45487411787143" lon="2.8538327293534178">
        <ele>333</ele>
      </trkpt>
      <trkpt lat="42.45487697882891" lon="2.8535876406637364">
        <ele>335</ele>
      </trkpt>
      <trkpt lat="42.45503242418462" lon="2.8532557695975531">
        <ele>339</ele>
      </trkpt>
      <trkpt lat="42.45504359061767" lon="2.8531795298132292">
        <ele>339</ele>
      </trkpt>
      <trkpt lat="42.45504359061767" lon="2.8531795298132292">
        <ele>339</ele>
      </trkpt>
      <trkpt lat="42.45508634634864" lon="2.8531939557908914">
        <ele>339</ele>
      </trkpt>
      <trkpt lat="42.45508634634864" lon="2.8531939557908914">
        <ele>339</ele>
      </trkpt>
      <trkpt lat="42.455047631281" lon="2.8531519418360225">
        <ele>339</ele>
      </trkpt>
      <trkpt lat="42.455047631281" lon="2.8531519418360225">
        <ele>339</ele>
      </trkpt>
      <trkpt lat="42.45508773602898" lon="2.8528781232118958">
        <ele>341</ele>
      </trkpt>
      <trkpt lat="42.45505626549684" lon="2.8528189967575757">
        <ele>341</ele>
      </trkpt>
      <trkpt lat="42.45503433148959" lon="2.8527493801258763">
        <ele>342</ele>
      </trkpt>
      <trkpt lat="42.45503814609955" lon="2.8526835781041333">
        <ele>342</ele>
      </trkpt>
      <trkpt lat="42.45507533854662" lon="2.8526025176425653">
        <ele>342</ele>
      </trkpt>
      <trkpt lat="42.45513541865343" lon="2.8525452984932236">
        <ele>343</ele>
      </trkpt>
      <trkpt lat="42.45517070379552" lon="2.8524480259393421">
        <ele>343</ele>
      </trkpt>
      <trkpt lat="42.45519263780277" lon="2.8523688727827521">
        <ele>343</ele>
      </trkpt>
      <trkpt lat="42.45521552546251" lon="2.8522906732786515">
        <ele>343</ele>
      </trkpt>
      <trkpt lat="42.45524890329963" lon="2.8522277322143754">
        <ele>343</ele>
      </trkpt>
      <trkpt lat="42.45528228113674" lon="2.8521647911500994">
        <ele>343</ele>
      </trkpt>
      <trkpt lat="42.45535380507342" lon="2.8520656112912399">
        <ele>344</ele>
      </trkpt>
      <trkpt lat="42.45542628266259" lon="2.8519673850848695">
        <ele>345</ele>
      </trkpt>
      <trkpt lat="42.45543677283997" lon="2.851900629410637">
        <ele>345</ele>
      </trkpt>
      <trkpt lat="42.45544463907605" lon="2.8518553985531616">
        <ele>345</ele>
      </trkpt>
      <trkpt lat="42.45544463907605" lon="2.8518553985531616">
        <ele>345</ele>
      </trkpt>
      <trkpt lat="42.45544821666984" lon="2.8518348273888936">
        <ele>346</ele>
      </trkpt>
      <trkpt lat="42.45553976730878" lon="2.8515420560747606">
        <ele>348</ele>
      </trkpt>
      <trkpt lat="42.45555025748616" lon="2.8514772077055066">
        <ele>348</ele>
      </trkpt>
      <trkpt lat="42.45556074766354" lon="2.8514123593362521">
        <ele>349</ele>
      </trkpt>
      <trkpt lat="42.45558268167079" lon="2.8513274842647283">
        <ele>350</ele>
      </trkpt>
      <trkpt lat="42.45563608621018" lon="2.8512530993705836">
        <ele>351</ele>
      </trkpt>
      <trkpt lat="42.45568949074956" lon="2.8511787144764389">
        <ele>353</ele>
      </trkpt>
      <trkpt lat="42.4557209612817" lon="2.8510699980926892">
        <ele>355</ele>
      </trkpt>
      <trkpt lat="42.45573240511157" lon="2.8509908449360997">
        <ele>355</ele>
      </trkpt>
      <trkpt lat="42.45574384894143" lon="2.8509116917795096">
        <ele>356</ele>
      </trkpt>
      <trkpt lat="42.45577436582109" lon="2.8508067900057164">
        <ele>358</ele>
      </trkpt>
      <trkpt lat="42.45582109479304" lon="2.8507324051115717">
        <ele>360</ele>
      </trkpt>
      <trkpt lat="42.45608716383749" lon="2.8502040816326475">
        <ele>363</ele>
      </trkpt>
      <trkpt lat="42.45620255578866" lon="2.8498817470913544">
        <ele>365</ele>
      </trkpt>
      <trkpt lat="42.45628456990271" lon="2.8497711234026264">
        <ele>365</ele>
      </trkpt>
      <trkpt lat="42.45633129887468" lon="2.8496948312035038">
        <ele>365</ele>
      </trkpt>
      <trkpt lat="42.45637802784664" lon="2.8496194926568701">
        <ele>366</ele>
      </trkpt>
      <trkpt lat="42.45640091550638" lon="2.8495422468052585">
        <ele>367</ele>
      </trkpt>
      <trkpt lat="42.45640591877687" lon="2.8495255692369343">
        <ele>367</ele>
      </trkpt>
      <trkpt lat="42.45640591877687" lon="2.8495255692369343">
        <ele>367</ele>
      </trkpt>
      <trkpt lat="42.45643828912338" lon="2.8495539361922053">
        <ele>367</ele>
      </trkpt>
      <trkpt lat="42.45643828912338" lon="2.8495539361922053">
        <ele>367</ele>
      </trkpt>
      <trkpt lat="42.45642819093379" lon="2.8494276613609757">
        <ele>368</ele>
      </trkpt>
      <trkpt lat="42.45642819093379" lon="2.8494276613609757">
        <ele>368</ele>
      </trkpt>
      <trkpt lat="42.45643429334349" lon="2.8493744039671887">
        <ele>369</ele>
      </trkpt>
      <trkpt lat="42.45644573717336" lon="2.8492838069807305">
        <ele>370</ele>
      </trkpt>
      <trkpt lat="42.45648292962044" lon="2.84923517070379">
        <ele>371</ele>
      </trkpt>
      <trkpt lat="42.45655445355711" lon="2.8491827198168931">
        <ele>372</ele>
      </trkpt>
      <trkpt lat="42.45662597749379" lon="2.8491312225824852">
        <ele>374</ele>
      </trkpt>
      <trkpt lat="42.45667938203317" lon="2.8490539767308736">
        <ele>375</ele>
      </trkpt>
      <trkpt lat="42.45673278657256" lon="2.8489776845317509">
        <ele>376</ele>
      </trkpt>
      <trkpt lat="42.45676234979972" lon="2.8488975777226724">
        <ele>376</ele>
      </trkpt>
      <trkpt lat="42.45680049589928" lon="2.8488346366583959">
        <ele>377</ele>
      </trkpt>
      <trkpt lat="42.45683959565133" lon="2.8487716955941198">
        <ele>377</ele>
      </trkpt>
      <trkpt lat="42.45692256341788" lon="2.848715430097267">
        <ele>377</ele>
      </trkpt>
      <trkpt lat="42.45694735838259" lon="2.8486181575433855">
        <ele>379</ele>
      </trkpt>
      <trkpt lat="42.45697215334731" lon="2.848521838641993">
        <ele>380</ele>
      </trkpt>
      <trkpt lat="42.45696833873735" lon="2.8484445927903814">
        <ele>382</ele>
      </trkpt>
      <trkpt lat="42.45695021934006" lon="2.8483568567613906">
        <ele>384</ele>
      </trkpt>
      <trkpt lat="42.45705416746137" lon="2.8480364295250755">
        <ele>388</ele>
      </trkpt>
      <trkpt lat="42.45705915597656" lon="2.8479497540735994">
        <ele>389</ele>
      </trkpt>
      <trkpt lat="42.45705915597656" lon="2.8479497540735994">
        <ele>389</ele>
      </trkpt>
      <trkpt lat="42.45706942590119" lon="2.8477713141331242">
        <ele>392</ele>
      </trkpt>
      <trkpt lat="42.45709898912835" lon="2.8476587831394182">
        <ele>393</ele>
      </trkpt>
      <trkpt lat="42.4570513065039" lon="2.8475767690253613">
        <ele>395</ele>
      </trkpt>
      <trkpt lat="42.45700362387944" lon="2.8474947549113048">
        <ele>396</ele>
      </trkpt>
      <trkpt lat="42.45695117299255" lon="2.8473812702651098">
        <ele>397</ele>
      </trkpt>
      <trkpt lat="42.45707133320617" lon="2.8462178142284893">
        <ele>409</ele>
      </trkpt>
      <trkpt lat="42.45722454010654" lon="2.8459348419206858">
        <ele>415</ele>
      </trkpt>
      <trkpt lat="42.45722454010654" lon="2.8459348419206858">
        <ele>415</ele>
      </trkpt>
      <trkpt lat="42.45724585161166" lon="2.8458954796871963">
        <ele>416</ele>
      </trkpt>
      <trkpt lat="42.45726683196642" lon="2.8457734121686">
        <ele>418</ele>
      </trkpt>
      <trkpt lat="42.45728876597367" lon="2.8456522983024928">
        <ele>419</ele>
      </trkpt>
      <trkpt lat="42.45733930955559" lon="2.845563608621013">
        <ele>422</ele>
      </trkpt>
      <trkpt lat="42.45738985313751" lon="2.8454749189395327">
        <ele>424</ele>
      </trkpt>
      <trkpt lat="42.45744802593934" lon="2.8454091169177893">
        <ele>426</ele>
      </trkpt>
      <trkpt lat="42.45750619874116" lon="2.8453433148960463">
        <ele>429</ele>
      </trkpt>
      <trkpt lat="42.45762731260727" lon="2.8450677093267158">
        <ele>433</ele>
      </trkpt>
      <trkpt lat="42.45765878313941" lon="2.8449828342551919">
        <ele>434</ele>
      </trkpt>
      <trkpt lat="42.45772267785618" lon="2.8449589929429657">
        <ele>434</ele>
      </trkpt>
      <trkpt lat="42.45778752622543" lon="2.8449361052832289">
        <ele>435</ele>
      </trkpt>
      <trkpt lat="42.45785428189966" lon="2.8449618539004331">
        <ele>435</ele>
      </trkpt>
      <trkpt lat="42.45792199122639" lon="2.8449885561701258">
        <ele>435</ele>
      </trkpt>
      <trkpt lat="42.45799351516306" lon="2.8449523173755429">
        <ele>436</ele>
      </trkpt>
      <trkpt lat="42.45806599275223" lon="2.8449170322334485">
        <ele>437</ele>
      </trkpt>
      <trkpt lat="42.45811558268166" lon="2.8446595460614095">
        <ele>441</ele>
      </trkpt>
      <trkpt lat="42.45821857715048" lon="2.8442866679381975">
        <ele>448</ele>
      </trkpt>
      <trkpt lat="42.4582166698455" lon="2.8438708754529793">
        <ele>452</ele>
      </trkpt>
      <trkpt lat="42.45825004768261" lon="2.8437612054167403">
        <ele>454</ele>
      </trkpt>
      <trkpt lat="42.4582595842075" lon="2.843686820522596">
        <ele>455</ele>
      </trkpt>
      <trkpt lat="42.45827007438488" lon="2.8436133892809403">
        <ele>456</ele>
      </trkpt>
      <trkpt lat="42.45832729353423" lon="2.8433530421514344">
        <ele>460</ele>
      </trkpt>
      <trkpt lat="42.45832729353423" lon="2.8430288003051629">
        <ele>462</ele>
      </trkpt>
      <trkpt lat="42.45831394239938" lon="2.8429296204463035">
        <ele>463</ele>
      </trkpt>
      <trkpt lat="42.45832347892427" lon="2.8428142284951305">
        <ele>464</ele>
      </trkpt>
      <trkpt lat="42.45833396910164" lon="2.8426988365439576">
        <ele>465</ele>
      </trkpt>
      <trkpt lat="42.45845031470531" lon="2.842395575052445">
        <ele>465</ele>
      </trkpt>
      <trkpt lat="42.45851516307457" lon="2.8423164218958554">
        <ele>465</ele>
      </trkpt>
      <trkpt lat="42.45858096509631" lon="2.8422372687392659">
        <ele>465</ele>
      </trkpt>
      <trkpt lat="42.45861243562845" lon="2.8421781422849457">
        <ele>465</ele>
      </trkpt>
      <trkpt lat="42.45864104520312" lon="2.8420665649437287">
        <ele>465</ele>
      </trkpt>
      <trkpt lat="42.45867060843027" lon="2.8419559412550011">
        <ele>465</ele>
      </trkpt>
      <trkpt lat="42.45865344268547" lon="2.8417051306503853">
        <ele>467</ele>
      </trkpt>
      <trkpt lat="42.4587726492466" lon="2.8412988746900574">
        <ele>471</ele>
      </trkpt>
      <trkpt lat="42.4589032996376" lon="2.8407333587640609">
        <ele>479</ele>
      </trkpt>
      <trkpt lat="42.4589290482548" lon="2.8404043486553445">
        <ele>482</ele>
      </trkpt>
      <trkpt lat="42.45916364676711" lon="2.8399999999999945">
        <ele>490</ele>
      </trkpt>
      <trkpt lat="42.45916364676711" lon="2.8400000000000123">
        <ele>490</ele>
      </trkpt>
      <trkpt lat="42.45917604424947" lon="2.8399208468434227">
        <ele>490</ele>
      </trkpt>
      <trkpt lat="42.45918939538431" lon="2.8398426473393221">
        <ele>489</ele>
      </trkpt>
      <trkpt lat="42.45918939538431" lon="2.8398426473393221">
        <ele>489</ele>
      </trkpt>
      <trkpt lat="42.45893000190729" lon="2.8395727636849255">
        <ele>484</ele>
      </trkpt>
      <trkpt lat="42.45877074194163" lon="2.8395260347129629">
        <ele>481</ele>
      </trkpt>
      <trkpt lat="42.4586162502384" lon="2.8391741369445098">
        <ele>476</ele>
      </trkpt>
      <trkpt lat="42.45856093839404" lon="2.8388880411978001">
        <ele>473</ele>
      </trkpt>
      <trkpt lat="42.45859717718862" lon="2.8385895479687329">
        <ele>472</ele>
      </trkpt>
      <trkpt lat="42.45853709708181" lon="2.8384016784283932">
        <ele>470</ele>
      </trkpt>
      <trkpt lat="42.45853415849006" lon="2.8383963912324268">
        <ele>470</ele>
      </trkpt>
      <trkpt lat="42.45853415849006" lon="2.8383963912324268">
        <ele>470</ele>
      </trkpt>
      <trkpt lat="42.45834782095643" lon="2.83778070880921">
        <ele>462</ele>
      </trkpt>
      <trkpt lat="42.45834782095643" lon="2.83778070880921">
        <ele>462</ele>
      </trkpt>
      <trkpt lat="42.458346366584" lon="2.8377818043105218">
        <ele>462</ele>
      </trkpt>
      <trkpt lat="42.45819568949074" lon="2.8378552355521771">
        <ele>464</ele>
      </trkpt>
      <trkpt lat="42.45812798016402" lon="2.8378313942399513">
        <ele>464</ele>
      </trkpt>
      <trkpt lat="42.45809174136944" lon="2.8377512874308728">
        <ele>465</ele>
      </trkpt>
      <trkpt lat="42.45801258821285" lon="2.8373126072859174">
        <ele>466</ele>
      </trkpt>
      <trkpt lat="42.45788098416936" lon="2.8370493991989445">
        <ele>471</ele>
      </trkpt>
      <trkpt lat="42.4578600038146" lon="2.8369683387373765">
        <ele>472</ele>
      </trkpt>
      <trkpt lat="42.457868586687" lon="2.8368968148006992">
        <ele>472</ele>
      </trkpt>
      <trkpt lat="42.45798493229066" lon="2.8366736601182656">
        <ele>470</ele>
      </trkpt>
      <trkpt lat="42.45806217814227" lon="2.8364066374213364">
        <ele>469</ele>
      </trkpt>
      <trkpt lat="42.45808220484454" lon="2.836111005149736">
        <ele>471</ele>
      </trkpt>
      <trkpt lat="42.45805550257485" lon="2.8358363532328945">
        <ele>475</ele>
      </trkpt>
      <trkpt lat="42.45800591264542" lon="2.8355254625214696">
        <ele>480</ele>
      </trkpt>
      <trkpt lat="42.45800877360288" lon="2.8353471295060206">
        <ele>482</ele>
      </trkpt>
      <trkpt lat="42.45808792675948" lon="2.8346652679763618">
        <ele>486</ele>
      </trkpt>
      <trkpt lat="42.45809174136944" lon="2.8344878886134017">
        <ele>488</ele>
      </trkpt>
      <trkpt lat="42.45814133129886" lon="2.8341512492847731">
        <ele>490</ele>
      </trkpt>
      <trkpt lat="42.45817470913598" lon="2.8338508487507279">
        <ele>490</ele>
      </trkpt>
      <trkpt lat="42.45818519931336" lon="2.833506580202187">
        <ele>492</ele>
      </trkpt>
      <trkpt lat="42.45817852374594" lon="2.8333606713713646">
        <ele>493</ele>
      </trkpt>
      <trkpt lat="42.45811939729162" lon="2.8331613580011568">
        <ele>492</ele>
      </trkpt>
      <trkpt lat="42.45804882700742" lon="2.8330202174327801">
        <ele>490</ele>
      </trkpt>
      <trkpt lat="42.45797253480831" lon="2.8329334350562778">
        <ele>489</ele>
      </trkpt>
      <trkpt lat="42.4578514209422" lon="2.8328571428571552">
        <ele>489</ele>
      </trkpt>
      <trkpt lat="42.45779420179286" lon="2.8328542818996882">
        <ele>489</ele>
      </trkpt>
      <trkpt lat="42.45770932672133" lon="2.8328838451268483">
        <ele>490</ele>
      </trkpt>
      <trkpt lat="42.45762826625976" lon="2.8329420179286795">
        <ele>492</ele>
      </trkpt>
      <trkpt lat="42.45753671562082" lon="2.8330278466526924">
        <ele>496</ele>
      </trkpt>
      <trkpt lat="42.45721914934197" lon="2.8333692542437663">
        <ele>501</ele>
      </trkpt>
      <trkpt lat="42.45705607476634" lon="2.833685866870125">
        <ele>503</ele>
      </trkpt>
      <trkpt lat="42.45675662788479" lon="2.8340711424756946">
        <ele>509</ele>
      </trkpt>
      <trkpt lat="42.45665267976348" lon="2.8341569711997074">
        <ele>511</ele>
      </trkpt>
      <trkpt lat="42.45627980164027" lon="2.8343925233644987">
        <ele>516</ele>
      </trkpt>
      <trkpt lat="42.45622639710088" lon="2.8344096891093011">
        <ele>516</ele>
      </trkpt>
      <trkpt lat="42.45572286858668" lon="2.8343763112721851">
        <ele>518</ele>
      </trkpt>
      <trkpt lat="42.45567423230973" lon="2.8343887087545423">
        <ele>519</ele>
      </trkpt>
      <trkpt lat="42.4555731451459" lon="2.8344535571237968">
        <ele>522</ele>
      </trkpt>
      <trkpt lat="42.45547301163455" lon="2.8345193591455398">
        <ele>525</ele>
      </trkpt>
      <trkpt lat="42.45541007057027" lon="2.8345460614152329">
        <ele>527</ele>
      </trkpt>
      <trkpt lat="42.45537001716573" lon="2.8345355712378533">
        <ele>527</ele>
      </trkpt>
      <trkpt lat="42.45532996376119" lon="2.8345012397482483">
        <ele>527</ele>
      </trkpt>
      <trkpt lat="42.45487602517641" lon="2.8338365439633924">
        <ele>529</ele>
      </trkpt>
      <trkpt lat="42.45469387755101" lon="2.833541865344281">
        <ele>532</ele>
      </trkpt>
      <trkpt lat="42.454650963189" lon="2.8334465000953779">
        <ele>532</ele>
      </trkpt>
      <trkpt lat="42.454608048827" lon="2.8333511348464744">
        <ele>533</ele>
      </trkpt>
      <trkpt lat="42.45453175662787" lon="2.8332433721152137">
        <ele>535</ele>
      </trkpt>
      <trkpt lat="42.45445641808124" lon="2.833136563036442">
        <ele>538</ele>
      </trkpt>
      <trkpt lat="42.4544335304215" lon="2.8330526416174071">
        <ele>538</ele>
      </trkpt>
      <trkpt lat="42.45441159641425" lon="2.8329696738508612">
        <ele>538</ele>
      </trkpt>
      <trkpt lat="42.45441159641425" lon="2.8328485599847539">
        <ele>538</ele>
      </trkpt>
      <trkpt lat="42.45441255006674" lon="2.8327283997711361">
        <ele>537</ele>
      </trkpt>
      <trkpt lat="42.45438966240701" lon="2.8326149151249411">
        <ele>537</ele>
      </trkpt>
      <trkpt lat="42.4542427999237" lon="2.8323230974632967">
        <ele>543</ele>
      </trkpt>
      <trkpt lat="42.45413312988746" lon="2.8320274651916968">
        <ele>547</ele>
      </trkpt>
      <trkpt lat="42.45404444020598" lon="2.8316984550829805">
        <ele>549</ele>
      </trkpt>
      <trkpt lat="42.45400534045393" lon="2.8315887850467414">
        <ele>549</ele>
      </trkpt>
      <trkpt lat="42.45394144573716" lon="2.8314686248331231">
        <ele>549</ele>
      </trkpt>
      <trkpt lat="42.45360385275605" lon="2.8311014686248455">
        <ele>554</ele>
      </trkpt>
      <trkpt lat="42.45332157161929" lon="2.8308840358573462">
        <ele>558</ele>
      </trkpt>
      <trkpt lat="42.45326339881746" lon="2.8307829486935088">
        <ele>558</ele>
      </trkpt>
      <trkpt lat="42.4532338355903" lon="2.8306856761396273">
        <ele>558</ele>
      </trkpt>
      <trkpt lat="42.45320522601563" lon="2.8305884035857458">
        <ele>557</ele>
      </trkpt>
      <trkpt lat="42.45317566278847" lon="2.8305245088689808">
        <ele>557</ele>
      </trkpt>
      <trkpt lat="42.45314609956131" lon="2.8304606141522153">
        <ele>556</ele>
      </trkpt>
      <trkpt lat="42.45308220484454" lon="2.8303633415983342">
        <ele>556</ele>
      </trkpt>
      <trkpt lat="42.45300209803546" lon="2.830275605569343">
        <ele>556</ele>
      </trkpt>
      <trkpt lat="42.45292008392141" lon="2.8302117108525779">
        <ele>556</ele>
      </trkpt>
      <trkpt lat="42.45282757962997" lon="2.8301754720579946">
        <ele>557</ele>
      </trkpt>
      <trkpt lat="42.45272172420369" lon="2.8301678428380823">
        <ele>558</ele>
      </trkpt>
      <trkpt lat="42.45262921991225" lon="2.8302098035475995">
        <ele>560</ele>
      </trkpt>
      <trkpt lat="42.45254911310317" lon="2.8302860957467222">
        <ele>563</ele>
      </trkpt>
      <trkpt lat="42.45251287430859" lon="2.8303414075910864">
        <ele>564</ele>
      </trkpt>
      <trkpt lat="42.45247091359907" lon="2.8303757390806914">
        <ele>565</ele>
      </trkpt>
      <trkpt lat="42.45241274079724" lon="2.8303919511730049">
        <ele>566</ele>
      </trkpt>
      <trkpt lat="42.45229830249855" lon="2.8303948121304723">
        <ele>567</ele>
      </trkpt>
      <trkpt lat="42.45218958611481" lon="2.8304320045775446">
        <ele>568</ele>
      </trkpt>
      <trkpt lat="42.45211806217813" lon="2.8304863627694195">
        <ele>569</ele>
      </trkpt>
      <trkpt lat="42.45204653824145" lon="2.8305407209612943">
        <ele>571</ele>
      </trkpt>
      <trkpt lat="42.45168033568567" lon="2.8310137325958546">
        <ele>578</ele>
      </trkpt>
      <trkpt lat="42.45158973869921" lon="2.831115773412181">
        <ele>580</ele>
      </trkpt>
      <trkpt lat="42.45154014876978" lon="2.8312063703986392">
        <ele>581</ele>
      </trkpt>
      <trkpt lat="42.45145622735074" lon="2.8312864772077182">
        <ele>582</ele>
      </trkpt>
      <trkpt lat="42.45137612054166" lon="2.8313312988747024">
        <ele>583</ele>
      </trkpt>
      <trkpt lat="42.45129696738508" lon="2.8313770741941759">
        <ele>583</ele>
      </trkpt>
      <trkpt lat="42.45119969483119" lon="2.8314524127408096">
        <ele>584</ele>
      </trkpt>
      <trkpt lat="42.45111958802212" lon="2.8315735266069169">
        <ele>584</ele>
      </trkpt>
      <trkpt lat="42.45106332252526" lon="2.8316917795155572">
        <ele>584</ele>
      </trkpt>
      <trkpt lat="42.45100801068089" lon="2.831810032424197">
        <ele>586</ele>
      </trkpt>
      <trkpt lat="42.45093553309173" lon="2.8318987221056773">
        <ele>587</ele>
      </trkpt>
      <trkpt lat="42.45085542628265" lon="2.8319740606523109">
        <ele>587</ele>
      </trkpt>
      <trkpt lat="42.45077722677855" lon="2.8320017165744926">
        <ele>588</ele>
      </trkpt>
      <trkpt lat="42.45069902727445" lon="2.8320293724966747">
        <ele>590</ele>
      </trkpt>
      <trkpt lat="42.4504167461377" lon="2.8319502193400852">
        <ele>592</ele>
      </trkpt>
      <trkpt lat="42.45035094411595" lon="2.8319588022124864">
        <ele>593</ele>
      </trkpt>
      <trkpt lat="42.45023745946976" lon="2.8319988556170257">
        <ele>595</ele>
      </trkpt>
      <trkpt lat="42.45012492847605" lon="2.8320398626740539">
        <ele>597</ele>
      </trkpt>
      <trkpt lat="42.449650963189" lon="2.8323497997329898">
        <ele>603</ele>
      </trkpt>
      <trkpt lat="42.44925901201601" lon="2.8327589166507852">
        <ele>608</ele>
      </trkpt>
      <trkpt lat="42.44917699790195" lon="2.8328237650200392">
        <ele>609</ele>
      </trkpt>
      <trkpt lat="42.44909593744038" lon="2.8328895670417826">
        <ele>610</ele>
      </trkpt>
      <trkpt lat="42.44903108907113" lon="2.832909593744052">
        <ele>610</ele>
      </trkpt>
      <trkpt lat="42.44896719435437" lon="2.8329305740988109">
        <ele>611</ele>
      </trkpt>
      <trkpt lat="42.44890043868013" lon="2.8329191302689427">
        <ele>611</ele>
      </trkpt>
      <trkpt lat="42.44883463665839" lon="2.8329076864390741">
        <ele>611</ele>
      </trkpt>
      <trkpt lat="42.44877551020407" lon="2.832910547396541">
        <ele>612</ele>
      </trkpt>
      <trkpt lat="42.44849609002478" lon="2.833103185199326">
        <ele>614</ele>
      </trkpt>
      <trkpt lat="42.44840072477588" lon="2.8331184436391506">
        <ele>615</ele>
      </trkpt>
      <trkpt lat="42.44833301544916" lon="2.8331069998092819">
        <ele>615</ele>
      </trkpt>
      <trkpt lat="42.44826625977493" lon="2.8330965096319027">
        <ele>616</ele>
      </trkpt>
      <trkpt lat="42.44818519931336" lon="2.8330402441350495">
        <ele>617</ele>
      </trkpt>
      <trkpt lat="42.4481203509441" lon="2.832957276368504">
        <ele>618</ele>
      </trkpt>
      <trkpt lat="42.44808125119206" lon="2.8328924279992496">
        <ele>619</ele>
      </trkpt>
      <trkpt lat="42.44804215144001" lon="2.8328275796299955">
        <ele>620</ele>
      </trkpt>
      <trkpt lat="42.4480335685676" lon="2.8327636849132301">
        <ele>620</ele>
      </trkpt>
      <trkpt lat="42.44802593934769" lon="2.832700743848954">
        <ele>620</ele>
      </trkpt>
      <trkpt lat="42.44802880030516" lon="2.8326311272172546">
        <ele>621</ele>
      </trkpt>
      <trkpt lat="42.44803166126263" lon="2.8325615105855553">
        <ele>621</ele>
      </trkpt>
      <trkpt lat="42.44831108144191" lon="2.8320513065039226">
        <ele>620</ele>
      </trkpt>
      <trkpt lat="42.44848178523745" lon="2.8315620827770487">
        <ele>623</ele>
      </trkpt>
      <trkpt lat="42.44871447644477" lon="2.8306122448979716">
        <ele>640</ele>
      </trkpt>
      <trkpt lat="42.44898817470912" lon="2.8302145718100449">
        <ele>639</ele>
      </trkpt>
      <trkpt lat="42.44931050925042" lon="2.8295279420179411">
        <ele>645</ele>
      </trkpt>
      <trkpt lat="42.44929334350562" lon="2.8294840740034455">
        <ele>647</ele>
      </trkpt>
      <trkpt lat="42.44925233644859" lon="2.8295021934007374">
        <ele>647</ele>
      </trkpt>
      <trkpt lat="42.44900152584397" lon="2.8298035475872716">
        <ele>646</ele>
      </trkpt>
      <trkpt lat="42.44869349609002" lon="2.8301249284760757">
        <ele>650</ele>
      </trkpt>
      <trkpt lat="42.44862769406827" lon="2.8301764257104836">
        <ele>651</ele>
      </trkpt>
      <trkpt lat="42.44856284569902" lon="2.8302288765973804">
        <ele>652</ele>
      </trkpt>
      <trkpt lat="42.44844745374785" lon="2.8302965859241018">
        <ele>654</ele>
      </trkpt>
      <trkpt lat="42.44790768643905" lon="2.8308973869921927">
        <ele>654</ele>
      </trkpt>
      <trkpt lat="42.44780850658019" lon="2.8309841693686946">
        <ele>654</ele>
      </trkpt>
      <trkpt lat="42.44771028037382" lon="2.8310719053976854">
        <ele>654</ele>
      </trkpt>
      <trkpt lat="42.44760537860002" lon="2.8311510585542754">
        <ele>654</ele>
      </trkpt>
      <trkpt lat="42.44750143047872" lon="2.831231165363354">
        <ele>654</ele>
      </trkpt>
      <trkpt lat="42.44724203700171" lon="2.8313875643715556">
        <ele>655</ele>
      </trkpt>
      <trkpt lat="42.44712664505053" lon="2.8314657638756562">
        <ele>657</ele>
      </trkpt>
      <trkpt lat="42.44701125309936" lon="2.8315449170322458">
        <ele>658</ele>
      </trkpt>
      <trkpt lat="42.44689300019072" lon="2.8315925996566977">
        <ele>660</ele>
      </trkpt>
      <trkpt lat="42.44677570093457" lon="2.8316412359336383">
        <ele>663</ele>
      </trkpt>
      <trkpt lat="42.44669082586304" lon="2.8316555407209738">
        <ele>665</ele>
      </trkpt>
      <trkpt lat="42.44660690444401" lon="2.8316698455083094">
        <ele>666</ele>
      </trkpt>
      <trkpt lat="42.44652202937249" lon="2.8316784283807106">
        <ele>667</ele>
      </trkpt>
      <trkpt lat="42.44643715430096" lon="2.8316879649056008">
        <ele>667</ele>
      </trkpt>
      <trkpt lat="42.44632843791721" lon="2.8316536334159959">
        <ele>668</ele>
      </trkpt>
      <trkpt lat="42.44623497997328" lon="2.8315859240892745">
        <ele>669</ele>
      </trkpt>
      <trkpt lat="42.44614247568185" lon="2.8315182147625531">
        <ele>669</ele>
      </trkpt>
      <trkpt lat="42.44558554262826" lon="2.8313866107190666">
        <ele>669</ele>
      </trkpt>
      <trkpt lat="42.44531565897386" lon="2.8313637230593298">
        <ele>671</ele>
      </trkpt>
      <trkpt lat="42.44524127407971" lon="2.8313646767118188">
        <ele>671</ele>
      </trkpt>
      <trkpt lat="42.44516784283806" lon="2.8313656303643078">
        <ele>671</ele>
      </trkpt>
      <trkpt lat="42.44508487507152" lon="2.8313570474919065">
        <ele>672</ele>
      </trkpt>
      <trkpt lat="42.44500667556741" lon="2.8313370207896367">
        <ele>672</ele>
      </trkpt>
      <trkpt lat="42.44493419797825" lon="2.8312883845126962">
        <ele>672</ele>
      </trkpt>
      <trkpt lat="42.4448950982262" lon="2.8312378409307772">
        <ele>672</ele>
      </trkpt>
      <trkpt lat="42.44485027655921" lon="2.8311272172420496">
        <ele>672</ele>
      </trkpt>
      <trkpt lat="42.44475872592027" lon="2.830713332061809">
        <ele>672</ele>
      </trkpt>
      <trkpt lat="42.4447644478352" lon="2.8306360862101974">
        <ele>672</ele>
      </trkpt>
      <trkpt lat="42.44477016975013" lon="2.8305597940110747">
        <ele>672</ele>
      </trkpt>
      <trkpt lat="42.44479305740987" lon="2.8304901773793754">
        <ele>672</ele>
      </trkpt>
      <trkpt lat="42.4448168987221" lon="2.830420560747676">
        <ele>671</ele>
      </trkpt>
      <trkpt lat="42.44485599847415" lon="2.8303547587259326">
        <ele>671</ele>
      </trkpt>
      <trkpt lat="42.4448950982262" lon="2.8302889567041896">
        <ele>670</ele>
      </trkpt>
      <trkpt lat="42.44491893953842" lon="2.8301726111005276">
        <ele>670</ele>
      </trkpt>
      <trkpt lat="42.44490272744611" lon="2.8300696166317119">
        <ele>670</ele>
      </trkpt>
      <trkpt lat="42.44485599847415" lon="2.829981880602721">
        <ele>670</ele>
      </trkpt>
      <trkpt lat="42.44481022315467" lon="2.8298950982262188">
        <ele>670</ele>
      </trkpt>
      <trkpt lat="42.44472820904061" lon="2.8298045012397606">
        <ele>671</ele>
      </trkpt>
      <trkpt lat="42.44464714857904" lon="2.8297148579057918">
        <ele>671</ele>
      </trkpt>
      <trkpt lat="42.4445641808125" lon="2.8296728971962741">
        <ele>671</ele>
      </trkpt>
      <trkpt lat="42.44445641808124" lon="2.8296547777989827">
        <ele>672</ele>
      </trkpt>
      <trkpt lat="42.44434960900247" lon="2.8296366584016908">
        <ele>673</ele>
      </trkpt>
      <trkpt lat="42.44426568758343" lon="2.829613770741954">
        <ele>674</ele>
      </trkpt>
      <trkpt lat="42.44397673087926" lon="2.8294716765210883">
        <ele>676</ele>
      </trkpt>
      <trkpt lat="42.44388994850276" lon="2.829432576769038">
        <ele>678</ele>
      </trkpt>
      <trkpt lat="42.44380316612625" lon="2.8293944306694767">
        <ele>679</ele>
      </trkpt>
      <trkpt lat="42.44372592027464" lon="2.8293715430097399">
        <ele>680</ele>
      </trkpt>
      <trkpt lat="42.44362101850085" lon="2.8293629601373387">
        <ele>682</ele>
      </trkpt>
      <trkpt lat="42.44355903108906" lon="2.8293715430097399">
        <ele>683</ele>
      </trkpt>
      <trkpt lat="42.44349704367728" lon="2.8293801258821412">
        <ele>685</ele>
      </trkpt>
      <trkpt lat="42.44340358573335" lon="2.8294154110242351">
        <ele>687</ele>
      </trkpt>
      <trkpt lat="42.44331108144191" lon="2.8294506961663295">
        <ele>689</ele>
      </trkpt>
      <trkpt lat="42.44321857715047" lon="2.8294764447835332">
        <ele>690</ele>
      </trkpt>
      <trkpt lat="42.44313179477398" lon="2.8294793057410006">
        <ele>692</ele>
      </trkpt>
      <trkpt lat="42.44305836353232" lon="2.8294630936486871">
        <ele>693</ele>
      </trkpt>
      <trkpt lat="42.44298588594315" lon="2.8294478352088626">
        <ele>694</ele>
      </trkpt>
      <trkpt lat="42.44291817661643" lon="2.8294239938966368">
        <ele>695</ele>
      </trkpt>
      <trkpt lat="42.44285046728971" lon="2.8294001525844106">
        <ele>696</ele>
      </trkpt>
      <trkpt lat="42.44279706275032" lon="2.8293505626549811">
        <ele>697</ele>
      </trkpt>
      <trkpt lat="42.44275033377836" lon="2.8292828533282597">
        <ele>697</ele>
      </trkpt>
      <trkpt lat="42.44270741941635" lon="2.8291722296395321">
        <ele>698</ele>
      </trkpt>
      <trkpt lat="42.44266450505435" lon="2.829062559603293">
        <ele>698</ele>
      </trkpt>
      <trkpt lat="42.442564371543" lon="2.8287354567995546">
        <ele>699</ele>
      </trkpt>
      <trkpt lat="42.44251764257103" lon="2.8286181575434037">
        <ele>699</ele>
      </trkpt>
      <trkpt lat="42.44245756246423" lon="2.8285227922945002">
        <ele>700</ele>
      </trkpt>
      <trkpt lat="42.44239843600991" lon="2.8284274270455971">
        <ele>700</ele>
      </trkpt>
      <trkpt lat="42.44233358764065" lon="2.8283740225062113">
        <ele>701</ele>
      </trkpt>
      <trkpt lat="42.44221533473201" lon="2.8283187106618475">
        <ele>702</ele>
      </trkpt>
      <trkpt lat="42.44209708182337" lon="2.8282834255197531">
        <ele>703</ele>
      </trkpt>
      <trkpt lat="42.44197978256722" lon="2.8282490940301481">
        <ele>704</ele>
      </trkpt>
      <trkpt lat="42.44151440015257" lon="2.8279124547015191">
        <ele>704</ele>
      </trkpt>
      <trkpt lat="42.44077531947357" lon="2.8274613770742065">
        <ele>703</ele>
      </trkpt>
      <trkpt lat="42.43999999999999" lon="2.8269435437726615">
        <ele>711</ele>
      </trkpt>
      <trkpt lat="42.44" lon="2.8269435437726615">
        <ele>711</ele>
      </trkpt>
      <trkpt lat="42.43989319092123" lon="2.8268844173183418">
        <ele>712</ele>
      </trkpt>
      <trkpt lat="42.43977303070762" lon="2.8268539004386928">
        <ele>712</ele>
      </trkpt>
      <trkpt lat="42.43970055311845" lon="2.8268529467862038">
        <ele>713</ele>
      </trkpt>
      <trkpt lat="42.43962902918177" lon="2.8268519931337144">
        <ele>713</ele>
      </trkpt>
      <trkpt lat="42.43955082967767" lon="2.8268567613961597">
        <ele>713</ele>
      </trkpt>
      <trkpt lat="42.43947263017357" lon="2.826862483311094">
        <ele>714</ele>
      </trkpt>
      <trkpt lat="42.43938584779707" lon="2.8268281518214886">
        <ele>714</ele>
      </trkpt>
      <trkpt lat="42.43932290673279" lon="2.8267585351897893">
        <ele>714</ele>
      </trkpt>
      <trkpt lat="42.43929334350563" lon="2.8266984550829801">
        <ele>714</ele>
      </trkpt>
      <trkpt lat="42.43927713141332" lon="2.8266202555788795">
        <ele>714</ele>
      </trkpt>
      <trkpt lat="42.43925138279612" lon="2.8262721724203823">
        <ele>714</ele>
      </trkpt>
      <trkpt lat="42.4392351707038" lon="2.8261586877741878">
        <ele>714</ele>
      </trkpt>
      <trkpt lat="42.4392094220866" lon="2.8260499713904377">
        <ele>714</ele>
      </trkpt>
      <trkpt lat="42.43918462712188" lon="2.825942208659177">
        <ele>714</ele>
      </trkpt>
      <trkpt lat="42.4391655540721" lon="2.8258382605378727">
        <ele>714</ele>
      </trkpt>
      <trkpt lat="42.43914648102232" lon="2.8257352660690569">
        <ele>714</ele>
      </trkpt>
      <trkpt lat="42.43914171275988" lon="2.8256370398626864">
        <ele>715</ele>
      </trkpt>
      <trkpt lat="42.43913789814992" lon="2.825538813656316">
        <ele>716</ele>
      </trkpt>
      <trkpt lat="42.43915029563228" lon="2.8254205607476761">
        <ele>717</ele>
      </trkpt>
      <trkpt lat="42.43916364676713" lon="2.8253032614915252">
        <ele>717</ele>
      </trkpt>
      <trkpt lat="42.4392351707038" lon="2.8249036810986201">
        <ele>719</ele>
      </trkpt>
      <trkpt lat="42.43930955559794" lon="2.8243105092504415">
        <ele>721</ele>
      </trkpt>
      <trkpt lat="42.4393829868396" lon="2.8238498950982387">
        <ele>718</ele>
      </trkpt>
      <trkpt lat="42.43942113293917" lon="2.8237373641045327">
        <ele>718</ele>
      </trkpt>
      <trkpt lat="42.43967957276369" lon="2.8232500476826368">
        <ele>715</ele>
      </trkpt>
      <trkpt lat="42.43987983978639" lon="2.8226511539195243">
        <ele>715</ele>
      </trkpt>
      <trkpt lat="42.43992561510586" lon="2.8225348083158623">
        <ele>716</ele>
      </trkpt>
      <trkpt lat="42.44" lon="2.822417509059711">
        <ele>716</ele>
      </trkpt>
      <trkpt lat="42.43999999999999" lon="2.822417509059711">
        <ele>716</ele>
      </trkpt>
      <trkpt lat="42.44017165744801" lon="2.8221447644478479">
        <ele>715</ele>
      </trkpt>
      <trkpt lat="42.44021171085255" lon="2.8220246042342296">
        <ele>714</ele>
      </trkpt>
      <trkpt lat="42.44028418844172" lon="2.8216631699408858">
        <ele>712</ele>
      </trkpt>
      <trkpt lat="42.44037097081822" lon="2.8212988746900756">
        <ele>708</ele>
      </trkpt>
      <trkpt lat="42.44048350181193" lon="2.8209364867442428">
        <ele>704</ele>
      </trkpt>
      <trkpt lat="42.44055121113865" lon="2.8206894907495834">
        <ele>702</ele>
      </trkpt>
      <trkpt lat="42.44058649628074" lon="2.8204815945069743">
        <ele>701</ele>
      </trkpt>
      <trkpt lat="42.4405988937631" lon="2.820332824718685">
        <ele>701</ele>
      </trkpt>
      <trkpt lat="42.44058554262826" lon="2.820184054930396">
        <ele>700</ele>
      </trkpt>
      <trkpt lat="42.4405559794011" lon="2.8200000000000127">
        <ele>699</ele>
      </trkpt>
      <trkpt lat="42.4405559794011" lon="2.8200000000000021">
        <ele>699</ele>
      </trkpt>
      <trkpt lat="42.44055025748616" lon="2.8198703032614936">
        <ele>698</ele>
      </trkpt>
      <trkpt lat="42.44057505245087" lon="2.8197358382605402">
        <ele>698</ele>
      </trkpt>
      <trkpt lat="42.44062273507533" lon="2.8196404730116367">
        <ele>697</ele>
      </trkpt>
      <trkpt lat="42.44108239557504" lon="2.8192857142857166">
        <ele>691</ele>
      </trkpt>
      <trkpt lat="42.44120255578866" lon="2.8191178714476468">
        <ele>689</ele>
      </trkpt>
      <trkpt lat="42.44129696738507" lon="2.8189214190349059">
        <ele>688</ele>
      </trkpt>
      <trkpt lat="42.441390425329" lon="2.8186992180049613">
        <ele>686</ele>
      </trkpt>
      <trkpt lat="42.44148960518786" lon="2.8185514018691613">
        <ele>684</ele>
      </trkpt>
      <trkpt lat="42.44159546061414" lon="2.8184207514781638">
        <ele>682</ele>
      </trkpt>
      <trkpt lat="42.44166316994086" lon="2.8182614915124953">
        <ele>681</ele>
      </trkpt>
      <trkpt lat="42.44173469387754" lon="2.8180087736029016">
        <ele>680</ele>
      </trkpt>
      <trkpt lat="42.44187011253099" lon="2.8175834445927928">
        <ele>679</ele>
      </trkpt>
      <trkpt lat="42.4419034903681" lon="2.8174995231737578">
        <ele>679</ele>
      </trkpt>
      <trkpt lat="42.4419635704749" lon="2.8173774556551616">
        <ele>678</ele>
      </trkpt>
      <trkpt lat="42.4419635704749" lon="2.8173774556551616">
        <ele>678</ele>
      </trkpt>
      <trkpt lat="42.44195975586495" lon="2.8173202365058194">
        <ele>678</ele>
      </trkpt>
      <trkpt lat="42.44192542437535" lon="2.817268739271412">
        <ele>678</ele>
      </trkpt>
      <trkpt lat="42.44177951554452" lon="2.8171228304405895">
        <ele>678</ele>
      </trkpt>
      <trkpt lat="42.44166507724584" lon="2.8170646576387588">
        <ele>678</ele>
      </trkpt>
      <trkpt lat="42.44154014876977" lon="2.8170112530993729">
        <ele>678</ele>
      </trkpt>
      <trkpt lat="42.44140186915887" lon="2.8168891855807767">
        <ele>678</ele>
      </trkpt>
      <trkpt lat="42.44134274270455" lon="2.816784283806983">
        <ele>678</ele>
      </trkpt>
      <trkpt lat="42.44126168224298" lon="2.8165191684150317">
        <ele>678</ele>
      </trkpt>
      <trkpt lat="42.44122925805835" lon="2.8163875643715452">
        <ele>679</ele>
      </trkpt>
      <trkpt lat="42.44122067518595" lon="2.8162502384131245">
        <ele>680</ele>
      </trkpt>
      <trkpt lat="42.44122735075337" lon="2.8161129124547037">
        <ele>680</ele>
      </trkpt>
      <trkpt lat="42.44125691398053" lon="2.8158363532328843">
        <ele>681</ele>
      </trkpt>
      <trkpt lat="42.44131222582489" lon="2.8156217814228519">
        <ele>680</ele>
      </trkpt>
      <trkpt lat="42.44143238603851" lon="2.8153042151440038">
        <ele>678</ele>
      </trkpt>
      <trkpt lat="42.4414600419607" lon="2.8151726111005173">
        <ele>677</ele>
      </trkpt>
      <trkpt lat="42.44146767118061" lon="2.8150419607095198">
        <ele>677</ele>
      </trkpt>
      <trkpt lat="42.44144764447834" lon="2.8148388327293556">
        <ele>677</ele>
      </trkpt>
      <trkpt lat="42.44140186915887" lon="2.8146280755292796">
        <ele>677</ele>
      </trkpt>
      <trkpt lat="42.44133606713712" lon="2.8144411596414289">
        <ele>677</ele>
      </trkpt>
      <trkpt lat="42.4411119588022" lon="2.8139786381842478">
        <ele>679</ele>
      </trkpt>
      <trkpt lat="42.4408859431623" lon="2.8135657066564965">
        <ele>680</ele>
      </trkpt>
      <trkpt lat="42.44078390234598" lon="2.8133644859813107">
        <ele>681</ele>
      </trkpt>
      <trkpt lat="42.44074766355139" lon="2.8132462330726704">
        <ele>681</ele>
      </trkpt>
      <trkpt lat="42.44074766355139" lon="2.8131308411214975">
        <ele>681</ele>
      </trkpt>
      <trkpt lat="42.44076673660117" lon="2.8130249856952148">
        <ele>681</ele>
      </trkpt>
      <trkpt lat="42.4408601945451" lon="2.8128371161548755">
        <ele>679</ele>
      </trkpt>
      <trkpt lat="42.4410165935533" lon="2.8126187297348868">
        <ele>676</ele>
      </trkpt>
      <trkpt lat="42.44105950791531" lon="2.8125157352660715">
        <ele>676</ele>
      </trkpt>
      <trkpt lat="42.44106522983024" lon="2.8123927140949863">
        <ele>675</ele>
      </trkpt>
      <trkpt lat="42.44098035475871" lon="2.8121991226397123">
        <ele>675</ele>
      </trkpt>
      <trkpt lat="42.44077627312606" lon="2.8118453175662812">
        <ele>674</ele>
      </trkpt>
      <trkpt lat="42.44048540911691" lon="2.8113770741941657">
        <ele>672</ele>
      </trkpt>
      <trkpt lat="42.4403909975205" lon="2.8111491512492872">
        <ele>669</ele>
      </trkpt>
      <trkpt lat="42.44034522220102" lon="2.8111033759298136">
        <ele>668</ele>
      </trkpt>
      <trkpt lat="42.44017737936295" lon="2.8111033759298136">
        <ele>670</ele>
      </trkpt>
      <trkpt lat="42.43999999999999" lon="2.8110747663551425">
        <ele>672</ele>
      </trkpt>
      <trkpt lat="42.44" lon="2.8110747663551425">
        <ele>672</ele>
      </trkpt>
      <trkpt lat="42.43992466145338" lon="2.8110680907877192">
        <ele>673</ele>
      </trkpt>
      <trkpt lat="42.43944211329392" lon="2.8111930192637824">
        <ele>682</ele>
      </trkpt>
      <trkpt lat="42.43935628456991" lon="2.8111892046538265">
        <ele>684</ele>
      </trkpt>
      <trkpt lat="42.43864485981309" lon="2.8103719244707253">
        <ele>683</ele>
      </trkpt>
      <trkpt lat="42.43850848750716" lon="2.8101954987602542">
        <ele>684</ele>
      </trkpt>
      <trkpt lat="42.43845699027275" lon="2.8099904634751121">
        <ele>683</ele>
      </trkpt>
      <trkpt lat="42.43850276559223" lon="2.8096347510967026">
        <ele>683</ele>
      </trkpt>
      <trkpt lat="42.43858001144384" lon="2.8092199122639734">
        <ele>682</ele>
      </trkpt>
      <trkpt lat="42.43859717718864" lon="2.8087554835018143">
        <ele>685</ele>
      </trkpt>
      <trkpt lat="42.43853232881938" lon="2.8082157161930215">
        <ele>689</ele>
      </trkpt>
      <trkpt lat="42.43831775700935" lon="2.807243944306697">
        <ele>690</ele>
      </trkpt>
      <trkpt lat="42.43830822048447" lon="2.8070322334541316">
        <ele>687</ele>
      </trkpt>
      <trkpt lat="42.43830822048447" lon="2.8070322334541316">
        <ele>687</ele>
      </trkpt>
      <trkpt lat="42.43840263208088" lon="2.8070341407591095">
        <ele>686</ele>
      </trkpt>
      <trkpt lat="42.43850753385467" lon="2.8069883654396359">
        <ele>684</ele>
      </trkpt>
      <trkpt lat="42.43863055502575" lon="2.806986458134658">
        <ele>682</ele>
      </trkpt>
      <trkpt lat="42.43869254243754" lon="2.8070036238794605">
        <ele>682</ele>
      </trkpt>
      <trkpt lat="42.43891760442495" lon="2.8071419034903702">
        <ele>681</ele>
      </trkpt>
      <trkpt lat="42.43910833492276" lon="2.8072925805836375">
        <ele>680</ele>
      </trkpt>
      <trkpt lat="42.43917699790197" lon="2.8073040244135061">
        <ele>679</ele>
      </trkpt>
      <trkpt lat="42.43921705130651" lon="2.8072334541293174">
        <ele>677</ele>
      </trkpt>
      <trkpt lat="42.43920083921419" lon="2.8071495327102824">
        <ele>677</ele>
      </trkpt>
      <trkpt lat="42.43882796109099" lon="2.8066221628838472">
        <ele>675</ele>
      </trkpt>
      <trkpt lat="42.4387680522272" lon="2.8065507073396061">
        <ele>674</ele>
      </trkpt>
      <trkpt lat="42.4387680522272" lon="2.8065507073396061">
        <ele>674</ele>
      </trkpt>
      <trkpt lat="42.43812584695393" lon="2.8068432322517984">
        <ele>690</ele>
      </trkpt>
      <trkpt lat="42.43812584695393" lon="2.8068432322517984">
        <ele>690</ele>
      </trkpt>
      <trkpt lat="42.43790864009156" lon="2.8067127598703054">
        <ele>693</ele>
      </trkpt>
      <trkpt lat="42.43661453366394" lon="2.8056351325576983">
        <ele>699</ele>
      </trkpt>
      <trkpt lat="42.43650200267023" lon="2.8056179668128958">
        <ele>699</ele>
      </trkpt>
      <trkpt lat="42.43633702078963" lon="2.8056484836925448">
        <ele>701</ele>
      </trkpt>
      <trkpt lat="42.43548254815946" lon="2.805951745184057">
        <ele>713</ele>
      </trkpt>
      <trkpt lat="42.43539767308793" lon="2.8059393477016998">
        <ele>715</ele>
      </trkpt>
      <trkpt lat="42.43531184436392" lon="2.8058821285523576">
        <ele>717</ele>
      </trkpt>
      <trkpt lat="42.43529467861912" lon="2.8057247758916675">
        <ele>717</ele>
      </trkpt>
      <trkpt lat="42.43530802975396" lon="2.8055597940110646">
        <ele>718</ele>
      </trkpt>
      <trkpt lat="42.43562845699028" lon="2.8042866679382055">
        <ele>715</ele>
      </trkpt>
      <trkpt lat="42.4356351325577" lon="2.804123593362581">
        <ele>716</ele>
      </trkpt>
      <trkpt lat="42.43560366202556" lon="2.8039605187869565">
        <ele>719</ele>
      </trkpt>
      <trkpt lat="42.43518024032043" lon="2.8030488270074407">
        <ele>732</ele>
      </trkpt>
      <trkpt lat="42.43499713904254" lon="2.8025224108334945">
        <ele>732</ele>
      </trkpt>
      <trkpt lat="42.43489128361626" lon="2.8024213236696571">
        <ele>735</ele>
      </trkpt>
      <trkpt lat="42.43462712187679" lon="2.8015172611100536">
        <ele>738</ele>
      </trkpt>
      <trkpt lat="42.43452412740798" lon="2.8012225824909427">
        <ele>735</ele>
      </trkpt>
      <trkpt lat="42.43441064276178" lon="2.8011005149723465">
        <ele>733</ele>
      </trkpt>
      <trkpt lat="42.43432481403777" lon="2.8010785809650987">
        <ele>732</ele>
      </trkpt>
      <trkpt lat="42.43382605378601" lon="2.8010585542628288">
        <ele>730</ele>
      </trkpt>
      <trkpt lat="42.433609574671" lon="2.8010118252908662">
        <ele>729</ele>
      </trkpt>
      <trkpt lat="42.43303642952509" lon="2.8006522983025008">
        <ele>723</ele>
      </trkpt>
      <trkpt lat="42.432782757963" lon="2.8004033950028631">
        <ele>720</ele>
      </trkpt>
      <trkpt lat="42.43266545870686" lon="2.8003642952508128">
        <ele>719</ele>
      </trkpt>
      <trkpt lat="42.43254243753577" lon="2.8003614342933458">
        <ele>719</ele>
      </trkpt>
      <trkpt lat="42.43234312416556" lon="2.8004253290101109">
        <ele>720</ele>
      </trkpt>
      <trkpt lat="42.4322439443067" lon="2.8004024413503741">
        <ele>720</ele>
      </trkpt>
      <trkpt lat="42.43212855235553" lon="2.8003442685485433">
        <ele>720</ele>
      </trkpt>
      <trkpt lat="42.43199027274462" lon="2.8003185199313392">
        <ele>720</ele>
      </trkpt>
      <trkpt lat="42.43189204653824" lon="2.8002803738317779">
        <ele>720</ele>
      </trkpt>
      <trkpt lat="42.43183673469388" lon="2.8001411405683792">
        <ele>719</ele>
      </trkpt>
      <trkpt lat="42.43181289338166" lon="2.8000000000000025">
        <ele>717</ele>
      </trkpt>
      <trkpt lat="42.43181289338166" lon="2.7999999999999918">
        <ele>717</ele>
      </trkpt>
      <trkpt lat="42.43176807171467" lon="2.7997367919130189">
        <ele>718</ele>
      </trkpt>
      <trkpt lat="42.43169082586306" lon="2.7995117299256069">
        <ele>719</ele>
      </trkpt>
      <trkpt lat="42.43167366011826" lon="2.7993162311653554">
        <ele>720</ele>
      </trkpt>
      <trkpt lat="42.43170226969293" lon="2.7989996185389963">
        <ele>721</ele>
      </trkpt>
      <trkpt lat="42.43175185962236" lon="2.7987459469769136">
        <ele>721</ele>
      </trkpt>
      <trkpt lat="42.43176044249476" lon="2.7985342361243482">
        <ele>722</ele>
      </trkpt>
      <trkpt lat="42.43173374022507" lon="2.7984169368681973">
        <ele>723</ele>
      </trkpt>
      <trkpt lat="42.43169177951555" lon="2.7983034522220023">
        <ele>723</ele>
      </trkpt>
      <trkpt lat="42.43170703795538" lon="2.7980783902345907">
        <ele>721</ele>
      </trkpt>
      <trkpt lat="42.43174804501241" lon="2.7978466526797554">
        <ele>719</ele>
      </trkpt>
      <trkpt lat="42.43190253671563" lon="2.7973278657257215">
        <ele>713</ele>
      </trkpt>
      <trkpt lat="42.43192733168034" lon="2.7972038909021473">
        <ele>712</ele>
      </trkpt>
      <trkpt lat="42.43191111958803" lon="2.7970875452984854">
        <ele>710</ele>
      </trkpt>
      <trkpt lat="42.43181861529659" lon="2.7969807362197137">
        <ele>709</ele>
      </trkpt>
      <trkpt lat="42.43136944497426" lon="2.7966336067137054">
        <ele>705</ele>
      </trkpt>
      <trkpt lat="42.43124928476064" lon="2.7965582681670718">
        <ele>703</ele>
      </trkpt>
      <trkpt lat="42.43109002479497" lon="2.796500095365241">
        <ele>702</ele>
      </trkpt>
      <trkpt lat="42.43071237840932" lon="2.7963017356475222">
        <ele>701</ele>
      </trkpt>
      <trkpt lat="42.43063417890522" lon="2.7962464238031584">
        <ele>701</ele>
      </trkpt>
      <trkpt lat="42.43057600610338" lon="2.7961768071714586">
        <ele>701</ele>
      </trkpt>
      <trkpt lat="42.42992275414839" lon="2.7952002670226888">
        <ele>692</ele>
      </trkpt>
      <trkpt lat="42.42963951935915" lon="2.7950171657447944">
        <ele>689</ele>
      </trkpt>
      <trkpt lat="42.42960328056457" lon="2.7949828342551895">
        <ele>689</ele>
      </trkpt>
      <trkpt lat="42.42957562464239" lon="2.7949294297158036">
        <ele>689</ele>
      </trkpt>
      <trkpt lat="42.42957562464239" lon="2.7949294297158036">
        <ele>689</ele>
      </trkpt>
      <trkpt lat="42.42958134655732" lon="2.7948931909212202">
        <ele>688</ele>
      </trkpt>
      <trkpt lat="42.42959565134466" lon="2.7948617203890822">
        <ele>688</ele>
      </trkpt>
      <trkpt lat="42.42971867251574" lon="2.7946938775510124">
        <ele>686</ele>
      </trkpt>
      <trkpt lat="42.42975586496281" lon="2.7945689490749492">
        <ele>684</ele>
      </trkpt>
      <trkpt lat="42.42982738889949" lon="2.7939147434674725">
        <ele>682</ele>
      </trkpt>
      <trkpt lat="42.42982738889949" lon="2.7939147434674725">
        <ele>682</ele>
      </trkpt>
      <trkpt lat="42.43004672897197" lon="2.7935857333587562">
        <ele>684</ele>
      </trkpt>
      <trkpt lat="42.43007343124166" lon="2.7935094411596335">
        <ele>684</ele>
      </trkpt>
      <trkpt lat="42.43010108716384" lon="2.7934331489605109">
        <ele>683</ele>
      </trkpt>
      <trkpt lat="42.4301316040435" lon="2.7931642189586037">
        <ele>683</ele>
      </trkpt>
      <trkpt lat="42.43015449170323" lon="2.7922048445546364">
        <ele>679</ele>
      </trkpt>
      <trkpt lat="42.43015449170323" lon="2.7921094793057328">
        <ele>679</ele>
      </trkpt>
      <trkpt lat="42.43015449170323" lon="2.7920141140568298">
        <ele>678</ele>
      </trkpt>
      <trkpt lat="42.43012778943353" lon="2.791763303452214">
        <ele>678</ele>
      </trkpt>
      <trkpt lat="42.43008201411406" lon="2.7916679382033109">
        <ele>679</ele>
      </trkpt>
      <trkpt lat="42.43003719244708" lon="2.7915725729544074">
        <ele>678</ele>
      </trkpt>
      <trkpt lat="42.42992752241084" lon="2.791474346748037">
        <ele>676</ele>
      </trkpt>
      <trkpt lat="42.42968243372116" lon="2.7912845699027193">
        <ele>671</ele>
      </trkpt>
      <trkpt lat="42.4294268548541" lon="2.7911214953270949">
        <ele>669</ele>
      </trkpt>
      <trkpt lat="42.42934102613008" lon="2.7911062368872703">
        <ele>668</ele>
      </trkpt>
      <trkpt lat="42.42923421705132" lon="2.7911291245470071">
        <ele>669</ele>
      </trkpt>
      <trkpt lat="42.42914648102232" lon="2.7912120923135531">
        <ele>669</ele>
      </trkpt>
      <trkpt lat="42.42883177570094" lon="2.7917757009345716">
        <ele>665</ele>
      </trkpt>
      <trkpt lat="42.42878218577151" lon="2.7918424566088036">
        <ele>664</ele>
      </trkpt>
      <trkpt lat="42.42873259584209" lon="2.791909212283036">
        <ele>663</ele>
      </trkpt>
      <trkpt lat="42.42855903108908" lon="2.7922992561510505">
        <ele>663</ele>
      </trkpt>
      <trkpt lat="42.42838641998856" lon="2.7927379362960059">
        <ele>662</ele>
      </trkpt>
      <trkpt lat="42.42835208849896" lon="2.7928571428571347">
        <ele>661</ele>
      </trkpt>
      <trkpt lat="42.42831871066184" lon="2.792976349418264">
        <ele>661</ele>
      </trkpt>
      <trkpt lat="42.42823383559032" lon="2.7933454129315196">
        <ele>662</ele>
      </trkpt>
      <trkpt lat="42.42819759679573" lon="2.7934197978256643">
        <ele>662</ele>
      </trkpt>
      <trkpt lat="42.42816135800115" lon="2.793494182719809">
        <ele>662</ele>
      </trkpt>
      <trkpt lat="42.42806694640473" lon="2.7935971771886243">
        <ele>662</ele>
      </trkpt>
      <trkpt lat="42.4280087736029" lon="2.7936219721533395">
        <ele>661</ele>
      </trkpt>
      <trkpt lat="42.42796109097846" lon="2.7935971771886243">
        <ele>660</ele>
      </trkpt>
      <trkpt lat="42.42794297158116" lon="2.7935409116917715">
        <ele>659</ele>
      </trkpt>
      <trkpt lat="42.42797158115583" lon="2.7934665267976269">
        <ele>658</ele>
      </trkpt>
      <trkpt lat="42.42801640282282" lon="2.7934007247758839">
        <ele>658</ele>
      </trkpt>
      <trkpt lat="42.42806217814229" lon="2.7933358764066294">
        <ele>657</ele>
      </trkpt>
      <trkpt lat="42.4280879267595" lon="2.7932481403776386">
        <ele>657</ele>
      </trkpt>
      <trkpt lat="42.4281136753767" lon="2.7931604043486473">
        <ele>657</ele>
      </trkpt>
      <trkpt lat="42.4281661262636" lon="2.7927884798779243">
        <ele>655</ele>
      </trkpt>
      <trkpt lat="42.42823478924281" lon="2.7923898531375086">
        <ele>653</ele>
      </trkpt>
      <trkpt lat="42.42831012778944" lon="2.7920913599084414">
        <ele>651</ele>
      </trkpt>
      <trkpt lat="42.42834732023651" lon="2.7919750143047795">
        <ele>650</ele>
      </trkpt>
      <trkpt lat="42.42838451268359" lon="2.7918586687011175">
        <ele>649</ele>
      </trkpt>
      <trkpt lat="42.42853709708183" lon="2.7915382414648025">
        <ele>651</ele>
      </trkpt>
      <trkpt lat="42.42864295250811" lon="2.7911520122067439">
        <ele>650</ele>
      </trkpt>
      <trkpt lat="42.42868300591265" lon="2.7907572000762841">
        <ele>647</ele>
      </trkpt>
      <trkpt lat="42.42870207896243" lon="2.790665649437337">
        <ele>646</ele>
      </trkpt>
      <trkpt lat="42.4287221056647" lon="2.7905740987983898">
        <ele>645</ele>
      </trkpt>
      <trkpt lat="42.42881556360863" lon="2.7902975395765703">
        <ele>643</ele>
      </trkpt>
      <trkpt lat="42.42885561701317" lon="2.7901926378027766">
        <ele>642</ele>
      </trkpt>
      <trkpt lat="42.4288966240702" lon="2.7900877360289829">
        <ele>642</ele>
      </trkpt>
      <trkpt lat="42.4289738699218" lon="2.7899952317375467">
        <ele>642</ele>
      </trkpt>
      <trkpt lat="42.42905683768835" lon="2.7899284760633147">
        <ele>642</ele>
      </trkpt>
      <trkpt lat="42.42908067900058" lon="2.7898827007438411">
        <ele>641</ele>
      </trkpt>
      <trkpt lat="42.429087354568" lon="2.7898273888994769">
        <ele>639</ele>
      </trkpt>
      <trkpt lat="42.42905874499333" lon="2.7897844745374707">
        <ele>638</ele>
      </trkpt>
      <trkpt lat="42.42900629410644" lon="2.7897577722677775">
        <ele>636</ele>
      </trkpt>
      <trkpt lat="42.42892523364487" lon="2.7897558649627996">
        <ele>634</ele>
      </trkpt>
      <trkpt lat="42.4288527560557" lon="2.7897863818424486">
        <ele>633</ele>
      </trkpt>
      <trkpt lat="42.42877932481404" lon="2.789856952126637">
        <ele>633</ele>
      </trkpt>
      <trkpt lat="42.42870780087737" lon="2.7899732977302993">
        <ele>635</ele>
      </trkpt>
      <trkpt lat="42.4284960900248" lon="2.7904272363150788">
        <ele>635</ele>
      </trkpt>
      <trkpt lat="42.4284703414076" lon="2.7905121113866027">
        <ele>636</ele>
      </trkpt>
      <trkpt lat="42.42844554644288" lon="2.7905969864581266">
        <ele>636</ele>
      </trkpt>
      <trkpt lat="42.42839214190349" lon="2.790954606141514">
        <ele>639</ele>
      </trkpt>
      <trkpt lat="42.42837116154874" lon="2.7910442494754832">
        <ele>639</ele>
      </trkpt>
      <trkpt lat="42.42835018119398" lon="2.7911348464619414">
        <ele>639</ele>
      </trkpt>
      <trkpt lat="42.42831489605189" lon="2.7912016021361734">
        <ele>638</ele>
      </trkpt>
      <trkpt lat="42.42827961090979" lon="2.7912693114628948">
        <ele>638</ele>
      </trkpt>
      <trkpt lat="42.42817184817853" lon="2.7913885180240241">
        <ele>636</ele>
      </trkpt>
      <trkpt lat="42.42806408544727" lon="2.7915086782376424">
        <ele>634</ele>
      </trkpt>
      <trkpt lat="42.42798493229068" lon="2.7916259774937933">
        <ele>633</ele>
      </trkpt>
      <trkpt lat="42.42790673278658" lon="2.7917432767499442">
        <ele>632</ele>
      </trkpt>
      <trkpt lat="42.42775414838833" lon="2.7920131604043408">
        <ele>632</ele>
      </trkpt>
      <trkpt lat="42.42757200076293" lon="2.7925548350181115">
        <ele>634</ele>
      </trkpt>
      <trkpt lat="42.42752431813847" lon="2.7925958420751398">
        <ele>633</ele>
      </trkpt>
      <trkpt lat="42.4274880793439" lon="2.7925224108334845">
        <ele>631</ele>
      </trkpt>
      <trkpt lat="42.42748998664887" lon="2.7924480259393398">
        <ele>630</ele>
      </trkpt>
      <trkpt lat="42.42749284760634" lon="2.7923745946976841">
        <ele>629</ele>
      </trkpt>
      <trkpt lat="42.42753385466337" lon="2.7919959946595383">
        <ele>624</ele>
      </trkpt>
      <trkpt lat="42.42754911310319" lon="2.7919254243753495">
        <ele>624</ele>
      </trkpt>
      <trkpt lat="42.42756437154301" lon="2.7918558077436502">
        <ele>623</ele>
      </trkpt>
      <trkpt lat="42.42770837306886" lon="2.7914867442303946">
        <ele>622</ele>
      </trkpt>
      <trkpt lat="42.42793343505627" lon="2.7909679572763606">
        <ele>622</ele>
      </trkpt>
      <trkpt lat="42.42795346175854" lon="2.7908630555025669">
        <ele>621</ele>
      </trkpt>
      <trkpt lat="42.42804310509251" lon="2.789822620637032">
        <ele>611</ele>
      </trkpt>
      <trkpt lat="42.42804787335496" lon="2.789709135990837">
        <ele>610</ele>
      </trkpt>
      <trkpt lat="42.4280526416174" lon="2.789595651344642">
        <ele>608</ele>
      </trkpt>
      <trkpt lat="42.42813656303644" lon="2.7892904825481515">
        <ele>607</ele>
      </trkpt>
      <trkpt lat="42.42818996757583" lon="2.7888470341407512">
        <ele>600</ele>
      </trkpt>
      <trkpt lat="42.42821762349801" lon="2.7887745565515845">
        <ele>600</ele>
      </trkpt>
      <trkpt lat="42.42824527942019" lon="2.7887020789624182">
        <ele>599</ele>
      </trkpt>
      <trkpt lat="42.42829773030708" lon="2.7886257867632955">
        <ele>599</ele>
      </trkpt>
      <trkpt lat="42.4283654396338" lon="2.7885723822239097">
        <ele>598</ele>
      </trkpt>
      <trkpt lat="42.42843314896052" lon="2.7885189776845238">
        <ele>597</ele>
      </trkpt>
      <trkpt lat="42.42845699027275" lon="2.7884588975777147">
        <ele>595</ele>
      </trkpt>
      <trkpt lat="42.42840835399581" lon="2.7883978638184166">
        <ele>594</ele>
      </trkpt>
      <trkpt lat="42.42832633988176" lon="2.7883940492084607">
        <ele>594</ele>
      </trkpt>
      <trkpt lat="42.42822906732787" lon="2.7884360099179779">
        <ele>592</ele>
      </trkpt>
      <trkpt lat="42.42822906732787" lon="2.7884360099179779">
        <ele>592</ele>
      </trkpt>
      <trkpt lat="42.42818138470342" lon="2.7885094411596336">
        <ele>592</ele>
      </trkpt>
      <trkpt lat="42.42813370207897" lon="2.7885828724012889">
        <ele>592</ele>
      </trkpt>
      <trkpt lat="42.4279830249857" lon="2.7890082014113977">
        <ele>596</ele>
      </trkpt>
      <trkpt lat="42.42785905016213" lon="2.7892923898531294">
        <ele>596</ele>
      </trkpt>
      <trkpt lat="42.4276788098417" lon="2.7897615868777339">
        <ele>596</ele>
      </trkpt>
      <trkpt lat="42.42763112721725" lon="2.7902908640091471">
        <ele>601</ele>
      </trkpt>
      <trkpt lat="42.42757676902537" lon="2.7903318710661753">
        <ele>599</ele>
      </trkpt>
      <trkpt lat="42.42752336448599" lon="2.7903223345412851">
        <ele>597</ele>
      </trkpt>
      <trkpt lat="42.42747949647149" lon="2.790292771314125">
        <ele>596</ele>
      </trkpt>
      <trkpt lat="42.42743086019455" lon="2.79022887659736">
        <ele>595</ele>
      </trkpt>
      <trkpt lat="42.4273831775701" lon="2.7901659355330839">
        <ele>594</ele>
      </trkpt>
      <trkpt lat="42.42735456799543" lon="2.7901039481212968">
        <ele>593</ele>
      </trkpt>
      <trkpt lat="42.42732595842076" lon="2.7900429143619987">
        <ele>592</ele>
      </trkpt>
      <trkpt lat="42.42728495136373" lon="2.7899876025176344">
        <ele>591</ele>
      </trkpt>
      <trkpt lat="42.42721268133106" lon="2.7899573805039708">
        <ele>590</ele>
      </trkpt>
      <trkpt lat="42.42721268133106" lon="2.7899573805039708">
        <ele>590</ele>
      </trkpt>
      <trkpt lat="42.42718004958994" lon="2.7899437345031393">
        <ele>590</ele>
      </trkpt>
      <trkpt lat="42.42706931279903" lon="2.789912481262502">
        <ele>589</ele>
      </trkpt>
      <trkpt lat="42.42706931279903" lon="2.789912481262502">
        <ele>589</ele>
      </trkpt>
      <trkpt lat="42.42690635132558" lon="2.7898664886515276">
        <ele>589</ele>
      </trkpt>
      <trkpt lat="42.42688346366585" lon="2.7898083158496965">
        <ele>588</ele>
      </trkpt>
      <trkpt lat="42.42688918558078" lon="2.7897377455655081">
        <ele>588</ele>
      </trkpt>
      <trkpt lat="42.42691970246043" lon="2.7896557314514512">
        <ele>587</ele>
      </trkpt>
      <trkpt lat="42.4269302785649" lon="2.7896364456138842">
        <ele>587</ele>
      </trkpt>
      <trkpt lat="42.4269302785649" lon="2.7896364456138842">
        <ele>587</ele>
      </trkpt>
      <trkpt lat="42.42698455082969" lon="2.7895374785428109">
        <ele>586</ele>
      </trkpt>
      <trkpt lat="42.42700053768534" lon="2.7895083260413336">
        <ele>586</ele>
      </trkpt>
      <trkpt lat="42.42700053769261" lon="2.7895083258121458">
        <ele>586</ele>
      </trkpt>
      <trkpt lat="42.42702269692924" lon="2.7893467480450043">
        <ele>585</ele>
      </trkpt>
      <trkpt lat="42.42701316040436" lon="2.7892370780087656">
        <ele>584</ele>
      </trkpt>
      <trkpt lat="42.42696320197793" lon="2.7891533131283759">
        <ele>584</ele>
      </trkpt>
      <trkpt lat="42.42696320197793" lon="2.7891533131283759">
        <ele>584</ele>
      </trkpt>
      <trkpt lat="42.42701316040436" lon="2.7892370780087656">
        <ele>584</ele>
      </trkpt>
      <trkpt lat="42.42702269692924" lon="2.7893467480450043">
        <ele>585</ele>
      </trkpt>
      <trkpt lat="42.42700053769261" lon="2.7895083258121458">
        <ele>586</ele>
      </trkpt>
      <trkpt lat="42.42700053768534" lon="2.7895083260413336">
        <ele>586</ele>
      </trkpt>
      <trkpt lat="42.42704939919894" lon="2.789419225634171">
        <ele>585</ele>
      </trkpt>
      <trkpt lat="42.42707800877361" lon="2.7893124165553993">
        <ele>584</ele>
      </trkpt>
      <trkpt lat="42.42707324051116" lon="2.7892075147816056">
        <ele>583</ele>
      </trkpt>
      <trkpt lat="42.42704653824147" lon="2.7891102422277241">
        <ele>582</ele>
      </trkpt>
      <trkpt lat="42.42702268453857" lon="2.7890639258585983">
        <ele>582</ele>
      </trkpt>
      <trkpt lat="42.42702268453857" lon="2.7890639258585983">
        <ele>582</ele>
      </trkpt>
      <trkpt lat="42.42664189020369" lon="2.7883245433379478">
        <ele>570</ele>
      </trkpt>
      <trkpt lat="42.42664189020369" lon="2.7883245433379478">
        <ele>570</ele>
      </trkpt>
      <trkpt lat="42.42660499713905" lon="2.7882529086400836">
        <ele>569</ele>
      </trkpt>
      <trkpt lat="42.42617013160405" lon="2.7873793629601296">
        <ele>559</ele>
      </trkpt>
      <trkpt lat="42.42611768071716" lon="2.787284951363715">
        <ele>559</ele>
      </trkpt>
      <trkpt lat="42.42606522983026" lon="2.7871905397673009">
        <ele>558</ele>
      </trkpt>
      <trkpt lat="42.42601087163838" lon="2.787105664695777">
        <ele>558</ele>
      </trkpt>
      <trkpt lat="42.425957467099" lon="2.7870207896242531">
        <ele>558</ele>
      </trkpt>
      <trkpt lat="42.425957467099" lon="2.7870207896242531">
        <ele>558</ele>
      </trkpt>
      <trkpt lat="42.42588022124738" lon="2.786960709517444">
        <ele>558</ele>
      </trkpt>
      <trkpt lat="42.42579343887088" lon="2.7869063513255692">
        <ele>559</ele>
      </trkpt>
      <trkpt lat="42.42563322525272" lon="2.7866049971390345">
        <ele>557</ele>
      </trkpt>
      <trkpt lat="42.42561355340898" lon="2.7865590961702869">
        <ele>557</ele>
      </trkpt>
      <trkpt lat="42.42561355340898" lon="2.7865590961702869">
        <ele>557</ele>
      </trkpt>
      <trkpt lat="42.42560526639753" lon="2.7865204763912605">
        <ele>557</ele>
      </trkpt>
      <trkpt lat="42.42560526639753" lon="2.7865204763912605">
        <ele>557</ele>
      </trkpt>
      <trkpt lat="42.42561987411788" lon="2.7864743467480371">
        <ele>556</ele>
      </trkpt>
      <trkpt lat="42.42566660308984" lon="2.7864600419607015">
        <ele>555</ele>
      </trkpt>
      <trkpt lat="42.42571237840932" lon="2.7865020026702192">
        <ele>555</ele>
      </trkpt>
      <trkpt lat="42.42575815372879" lon="2.7865620827770279">
        <ele>555</ele>
      </trkpt>
      <trkpt lat="42.42580869731071" lon="2.7865306122448898">
        <ele>554</ele>
      </trkpt>
      <trkpt lat="42.42582395575053" lon="2.7864543200457672">
        <ele>553</ele>
      </trkpt>
      <trkpt lat="42.42578676330346" lon="2.7863780278466446">
        <ele>552</ele>
      </trkpt>
      <trkpt lat="42.42575052450888" lon="2.7863026893000109">
        <ele>552</ele>
      </trkpt>
      <trkpt lat="42.4257304978066" lon="2.7862206751859544">
        <ele>551</ele>
      </trkpt>
      <trkpt lat="42.42575243181386" lon="2.7861653633415902">
        <ele>550</ele>
      </trkpt>
      <trkpt lat="42.42578104138853" lon="2.7861377074194085">
        <ele>549</ele>
      </trkpt>
      <trkpt lat="42.42583253862293" lon="2.7861262635895399">
        <ele>548</ele>
      </trkpt>
      <trkpt lat="42.4259307648293" lon="2.7861291245470072">
        <ele>547</ele>
      </trkpt>
      <trkpt lat="42.42596986458135" lon="2.7861415220293644">
        <ele>547</ele>
      </trkpt>
      <trkpt lat="42.42604138851803" lon="2.786071905397665">
        <ele>545</ele>
      </trkpt>
      <trkpt lat="42.42611386610719" lon="2.7860022887659657">
        <ele>543</ele>
      </trkpt>
      <trkpt lat="42.42611386610719" lon="2.7860022887659657">
        <ele>543</ele>
      </trkpt>
      <trkpt lat="42.42609549393437" lon="2.7859540618122987">
        <ele>543</ele>
      </trkpt>
      <trkpt lat="42.42609549393437" lon="2.7859540618122987">
        <ele>543</ele>
      </trkpt>
      <trkpt lat="42.42607704353224" lon="2.7859056295067046">
        <ele>542</ele>
      </trkpt>
      <trkpt lat="42.42607704353224" lon="2.7859056295067046">
        <ele>542</ele>
      </trkpt>
      <trkpt lat="42.42606046156781" lon="2.785862101850078">
        <ele>542</ele>
      </trkpt>
      <trkpt lat="42.42592504291437" lon="2.785377646385649">
        <ele>542</ele>
      </trkpt>
      <trkpt lat="42.42588975777227" lon="2.7852822811367459">
        <ele>542</ele>
      </trkpt>
      <trkpt lat="42.42552927713142" lon="2.7849532710280296">
        <ele>546</ele>
      </trkpt>
      <trkpt lat="42.42539576578296" lon="2.7848426473393015">
        <ele>548</ele>
      </trkpt>
      <trkpt lat="42.42539576578296" lon="2.7848426473393015">
        <ele>548</ele>
      </trkpt>
      <trkpt lat="42.42531947358383" lon="2.7847806599275144">
        <ele>549</ele>
      </trkpt>
      <trkpt lat="42.42522124737746" lon="2.784713904253282">
        <ele>550</ele>
      </trkpt>
      <trkpt lat="42.42512397482358" lon="2.78464714857905">
        <ele>551</ele>
      </trkpt>
      <trkpt lat="42.42512397482358" lon="2.78464714857905">
        <ele>551</ele>
      </trkpt>
      <trkpt lat="42.42493571665448" lon="2.7845187579503126">
        <ele>554</ele>
      </trkpt>
      <trkpt lat="42.42493571668415" lon="2.7845187579705484">
        <ele>554</ele>
      </trkpt>
      <trkpt lat="42.42487507152394" lon="2.7844773984360018">
        <ele>554</ele>
      </trkpt>
      <trkpt lat="42.42476826244517" lon="2.7844592790387104">
        <ele>556</ele>
      </trkpt>
      <trkpt lat="42.42476826244517" lon="2.7844592790387104">
        <ele>556</ele>
      </trkpt>
      <trkpt lat="42.42465573145147" lon="2.7844373450314626">
        <ele>557</ele>
      </trkpt>
      <trkpt lat="42.42459946595461" lon="2.7844449742513748">
        <ele>558</ele>
      </trkpt>
      <trkpt lat="42.42459946595461" lon="2.7844449742513748">
        <ele>558</ele>
      </trkpt>
      <trkpt lat="42.42453652489034" lon="2.7844001525843902">
        <ele>559</ele>
      </trkpt>
      <trkpt lat="42.42422468052642" lon="2.7840892618729653">
        <ele>561</ele>
      </trkpt>
      <trkpt lat="42.42358382605379" lon="2.783096509631882">
        <ele>573</ele>
      </trkpt>
      <trkpt lat="42.42333015449171" lon="2.7829258058363453">
        <ele>579</ele>
      </trkpt>
      <trkpt lat="42.4231136753767" lon="2.782258249094022">
        <ele>589</ele>
      </trkpt>
      <trkpt lat="42.42311844363915" lon="2.7820427236315006">
        <ele>590</ele>
      </trkpt>
      <trkpt lat="42.42296967385086" lon="2.7817757009345714">
        <ele>594</ele>
      </trkpt>
      <trkpt lat="42.42277226778562" lon="2.7816803356856683">
        <ele>598</ele>
      </trkpt>
      <trkpt lat="42.42248903299638" lon="2.7816202555788592">
        <ele>603</ele>
      </trkpt>
      <trkpt lat="42.42199694831204" lon="2.7818472248712491">
        <ele>618</ele>
      </trkpt>
      <trkpt lat="42.42164695784857" lon="2.7818596223536063">
        <ele>625</ele>
      </trkpt>
      <trkpt lat="42.42107572000764" lon="2.7816011825290783">
        <ele>636</ele>
      </trkpt>
      <trkpt lat="42.42107572000764" lon="2.7816011825290783">
        <ele>636</ele>
      </trkpt>
      <trkpt lat="42.4209746328438" lon="2.7815000953652409">
        <ele>639</ele>
      </trkpt>
      <trkpt lat="42.42088117489988" lon="2.7813713522792214">
        <ele>642</ele>
      </trkpt>
      <trkpt lat="42.42088117489988" lon="2.7813713522792214">
        <ele>642</ele>
      </trkpt>
      <trkpt lat="42.42081346557315" lon="2.7813703986267324">
        <ele>644</ele>
      </trkpt>
      <trkpt lat="42.42074575624643" lon="2.7813703986267324">
        <ele>646</ele>
      </trkpt>
      <trkpt lat="42.42066469578486" lon="2.7813608621018422">
        <ele>648</ele>
      </trkpt>
      <trkpt lat="42.42059507915317" lon="2.7813169940873466">
        <ele>650</ele>
      </trkpt>
      <trkpt lat="42.42052546252146" lon="2.7812731260728509">
        <ele>651</ele>
      </trkpt>
      <trkpt lat="42.42044535571239" lon="2.7811987411787067">
        <ele>653</ele>
      </trkpt>
      <trkpt lat="42.42032519549877" lon="2.7811348464619412">
        <ele>655</ele>
      </trkpt>
      <trkpt lat="42.42026034712951" lon="2.7811348464619412">
        <ele>657</ele>
      </trkpt>
      <trkpt lat="42.42019549876026" lon="2.7811348464619412">
        <ele>658</ele>
      </trkpt>
      <trkpt lat="42.42009727255389" lon="2.7810652298302418">
        <ele>660</ele>
      </trkpt>
      <trkpt lat="42.42000000000001" lon="2.7809956131985425">
        <ele>660</ele>
      </trkpt>
      <trkpt lat="42.41999999999999" lon="2.7809956131985425">
        <ele>660</ele>
      </trkpt>
      <trkpt lat="42.41980354758726" lon="2.7808544726301654">
        <ele>662</ele>
      </trkpt>
      <trkpt lat="42.41968529467862" lon="2.7807448025939268">
        <ele>665</ele>
      </trkpt>
      <trkpt lat="42.41943353042151" lon="2.7806351325576881">
        <ele>671</ele>
      </trkpt>
      <trkpt lat="42.41916269311463" lon="2.7805683768834557">
        <ele>675</ele>
      </trkpt>
      <trkpt lat="42.41833206179668" lon="2.7805016212092233">
        <ele>683</ele>
      </trkpt>
      <trkpt lat="42.41755769597558" lon="2.7805035285142017">
        <ele>699</ele>
      </trkpt>
      <trkpt lat="42.41748331108144" lon="2.7805216479114931">
        <ele>701</ele>
      </trkpt>
      <trkpt lat="42.41665840167843" lon="2.7810537860003737">
        <ele>713</ele>
      </trkpt>
      <trkpt lat="42.41629410642761" lon="2.7811386610718976">
        <ele>715</ele>
      </trkpt>
      <trkpt lat="42.41611577341217" lon="2.7812511920656031">
        <ele>716</ele>
      </trkpt>
      <trkpt lat="42.41592790387183" lon="2.7812569139805374">
        <ele>716</ele>
      </trkpt>
      <trkpt lat="42.41550925042914" lon="2.7813074575624563">
        <ele>716</ele>
      </trkpt>
      <trkpt lat="42.41529658592409" lon="2.7813475109669956">
        <ele>715</ele>
      </trkpt>
      <trkpt lat="42.41517070379553" lon="2.7814514590883004">
        <ele>715</ele>
      </trkpt>
      <trkpt lat="42.41505912645432" lon="2.7815315658973789">
        <ele>714</ele>
      </trkpt>
      <trkpt lat="42.41503051687965" lon="2.781563036429517">
        <ele>714</ele>
      </trkpt>
      <trkpt lat="42.41503051687965" lon="2.781563036429517">
        <ele>714</ele>
      </trkpt>
      <trkpt lat="42.41494373450314" lon="2.7814753004005262">
        <ele>714</ele>
      </trkpt>
      <trkpt lat="42.41488937631127" lon="2.7814552736982563">
        <ele>714</ele>
      </trkpt>
      <trkpt lat="42.41483883272935" lon="2.7814514590883004">
        <ele>715</ele>
      </trkpt>
      <trkpt lat="42.41483883272935" lon="2.7814514590883004">
        <ele>715</ele>
      </trkpt>
      <trkpt lat="42.41482452794202" lon="2.7813942399389582">
        <ele>715</ele>
      </trkpt>
      <trkpt lat="42.41470532138089" lon="2.7812073240511079">
        <ele>717</ele>
      </trkpt>
      <trkpt lat="42.41461002502008" lon="2.7810856856068296">
        <ele>719</ele>
      </trkpt>
      <trkpt lat="42.41461002502008" lon="2.7810856856068296">
        <ele>719</ele>
      </trkpt>
      <trkpt lat="42.41458802212473" lon="2.7810576006103296">
        <ele>720</ele>
      </trkpt>
      <trkpt lat="42.4142866679382" lon="2.7807428952889488">
        <ele>727</ele>
      </trkpt>
      <trkpt lat="42.41408735456799" lon="2.7806437154300894">
        <ele>732</ele>
      </trkpt>
      <trkpt lat="42.41384703414076" lon="2.7805950791531489">
        <ele>737</ele>
      </trkpt>
      <trkpt lat="42.41355903108906" lon="2.7806818615296507">
        <ele>741</ele>
      </trkpt>
      <trkpt lat="42.41333492275415" lon="2.7807934388708677">
        <ele>743</ele>
      </trkpt>
      <trkpt lat="42.41306694640473" lon="2.7809841693686739">
        <ele>740</ele>
      </trkpt>
      <trkpt lat="42.41291054739653" lon="2.7810270837306805">
        <ele>740</ele>
      </trkpt>
      <trkpt lat="42.41270265115391" lon="2.781043295822994">
        <ele>741</ele>
      </trkpt>
      <trkpt lat="42.41257009345794" lon="2.781011825290856">
        <ele>743</ele>
      </trkpt>
      <trkpt lat="42.41241083349227" lon="2.7809288575243101">
        <ele>745</ele>
      </trkpt>
      <trkpt lat="42.41238484314419" lon="2.7808905153276275">
        <ele>746</ele>
      </trkpt>
      <trkpt lat="42.41238484314419" lon="2.7808905153276275">
        <ele>746</ele>
      </trkpt>
      <trkpt lat="42.41231451459088" lon="2.7807867633034444">
        <ele>747</ele>
      </trkpt>
      <trkpt lat="42.41217051306504" lon="2.7805216479114931">
        <ele>751</ele>
      </trkpt>
      <trkpt lat="42.41205416746137" lon="2.7802593934770092">
        <ele>756</ele>
      </trkpt>
      <trkpt lat="42.41201983597177" lon="2.7801134846461868">
        <ele>759</ele>
      </trkpt>
      <trkpt lat="42.41200743848941" lon="2.7799999999999923">
        <ele>762</ele>
      </trkpt>
      <trkpt lat="42.41200743848941" lon="2.78000000000001">
        <ele>762</ele>
      </trkpt>
      <trkpt lat="42.41199218004959" lon="2.7797320236505918">
        <ele>767</ele>
      </trkpt>
      <trkpt lat="42.41199313370208" lon="2.7796213999618642">
        <ele>770</ele>
      </trkpt>
      <trkpt lat="42.41199504100705" lon="2.7795107762731361">
        <ele>772</ele>
      </trkpt>
      <trkpt lat="42.41198168987221" lon="2.7794421132939258">
        <ele>773</ele>
      </trkpt>
      <trkpt lat="42.41196929238985" lon="2.7793734503147154">
        <ele>774</ele>
      </trkpt>
      <trkpt lat="42.41194068281518" lon="2.7792761777608344">
        <ele>776</ele>
      </trkpt>
      <trkpt lat="42.4118863246233" lon="2.7792160976540252">
        <ele>776</ele>
      </trkpt>
      <trkpt lat="42.41181575433912" lon="2.7791951172992664">
        <ele>776</ele>
      </trkpt>
      <trkpt lat="42.41173374022506" lon="2.779238031661273">
        <ele>773</ele>
      </trkpt>
      <trkpt lat="42.41161453366393" lon="2.7792666412359437">
        <ele>771</ele>
      </trkpt>
      <trkpt lat="42.41152107572" lon="2.7792628266259878">
        <ele>770</ele>
      </trkpt>
      <trkpt lat="42.41141235933625" lon="2.7792447072286963">
        <ele>768</ele>
      </trkpt>
      <trkpt lat="42.41134083539958" lon="2.7792113293915799">
        <ele>768</ele>
      </trkpt>
      <trkpt lat="42.41127026511539" lon="2.7791789052069529">
        <ele>767</ele>
      </trkpt>
      <trkpt lat="42.41120732405111" lon="2.7791178714476548">
        <ele>767</ele>
      </trkpt>
      <trkpt lat="42.41114533663932" lon="2.7790577913408456">
        <ele>766</ele>
      </trkpt>
      <trkpt lat="42.41110146862483" lon="2.7789595651344752">
        <ele>766</ele>
      </trkpt>
      <trkpt lat="42.41108239557505" lon="2.7788613389281047">
        <ele>766</ele>
      </trkpt>
      <trkpt lat="42.4110785809651" lon="2.7787974442113397">
        <ele>767</ele>
      </trkpt>
      <trkpt lat="42.41107572000762" lon="2.7787335494945746">
        <ele>767</ele>
      </trkpt>
      <trkpt lat="42.41108334922754" lon="2.7786601182529189">
        <ele>767</ele>
      </trkpt>
      <trkpt lat="42.41109097844745" lon="2.7785876406637522">
        <ele>768</ele>
      </trkpt>
      <trkpt lat="42.41113103185199" lon="2.7784875071524038">
        <ele>770</ele>
      </trkpt>
      <trkpt lat="42.41116822429906" lon="2.7784178905207044">
        <ele>772</ele>
      </trkpt>
      <trkpt lat="42.41120541674614" lon="2.778349227541494">
        <ele>775</ele>
      </trkpt>
      <trkpt lat="42.41124165554072" lon="2.7782510013351236">
        <ele>777</ele>
      </trkpt>
      <trkpt lat="42.41125882128552" lon="2.7781365630364396">
        <ele>780</ele>
      </trkpt>
      <trkpt lat="42.41127694068281" lon="2.7780230783902446">
        <ele>782</ele>
      </trkpt>
      <trkpt lat="42.41128799734601" lon="2.7777134918207169">
        <ele>787</ele>
      </trkpt>
      <trkpt lat="42.41128799734601" lon="2.7777134918207169">
        <ele>787</ele>
      </trkpt>
      <trkpt lat="42.41129029181766" lon="2.7776492466145437">
        <ele>788</ele>
      </trkpt>
      <trkpt lat="42.41127980164028" lon="2.7775281327484369">
        <ele>789</ele>
      </trkpt>
      <trkpt lat="42.41127026511539" lon="2.7774079725348186">
        <ele>788</ele>
      </trkpt>
      <trkpt lat="42.41127694068281" lon="2.7773259584207617">
        <ele>788</ele>
      </trkpt>
      <trkpt lat="42.41128456990273" lon="2.7772439443067047">
        <ele>789</ele>
      </trkpt>
      <trkpt lat="42.41130936486744" lon="2.7771695594125605">
        <ele>790</ele>
      </trkpt>
      <trkpt lat="42.41133415983215" lon="2.7770961281709048">
        <ele>791</ele>
      </trkpt>
      <trkpt lat="42.41151153919511" lon="2.7768119397291731">
        <ele>802</ele>
      </trkpt>
      <trkpt lat="42.41154491703223" lon="2.7767203890902259">
        <ele>804</ele>
      </trkpt>
      <trkpt lat="42.41157829486934" lon="2.7766288384512787">
        <ele>805</ele>
      </trkpt>
      <trkpt lat="42.41164123593362" lon="2.7765105855426384">
        <ele>807</ele>
      </trkpt>
      <trkpt lat="42.41170513065039" lon="2.7763923326339985">
        <ele>808</ele>
      </trkpt>
      <trkpt lat="42.41192351707038" lon="2.7761386610719154">
        <ele>813</ele>
      </trkpt>
      <trkpt lat="42.41204463093649" lon="2.775715239366785">
        <ele>816</ele>
      </trkpt>
      <trkpt lat="42.41204939919893" lon="2.7756170131604145">
        <ele>816</ele>
      </trkpt>
      <trkpt lat="42.41205512111387" lon="2.7755197406065331">
        <ele>817</ele>
      </trkpt>
      <trkpt lat="42.41205414794043" lon="2.7754902858905215">
        <ele>817</ele>
      </trkpt>
      <trkpt lat="42.41205414794043" lon="2.7754902858905215">
        <ele>817</ele>
      </trkpt>
      <trkpt lat="42.41204081632652" lon="2.7750867823765124">
        <ele>818</ele>
      </trkpt>
      <trkpt lat="42.41204749189395" lon="2.7749904634751199">
        <ele>819</ele>
      </trkpt>
      <trkpt lat="42.41205416746137" lon="2.7748941445737274">
        <ele>820</ele>
      </trkpt>
      <trkpt lat="42.41212950600801" lon="2.7743639137898253">
        <ele>831</ele>
      </trkpt>
      <trkpt lat="42.41211806217814" lon="2.7741035666603193">
        <ele>835</ele>
      </trkpt>
      <trkpt lat="42.41198741178714" lon="2.7735752431813951">
        <ele>845</ele>
      </trkpt>
      <trkpt lat="42.41193400724776" lon="2.7734617585352002">
        <ele>846</ele>
      </trkpt>
      <trkpt lat="42.41184150295632" lon="2.773369254243764">
        <ele>847</ele>
      </trkpt>
      <trkpt lat="42.41174995231737" lon="2.7732767499523274">
        <ele>847</ele>
      </trkpt>
      <trkpt lat="42.41165267976349" lon="2.7731937821857819">
        <ele>847</ele>
      </trkpt>
      <trkpt lat="42.4115563608621" lon="2.773110814419236">
        <ele>848</ele>
      </trkpt>
      <trkpt lat="42.41146957848559" lon="2.7730411977875367">
        <ele>849</ele>
      </trkpt>
      <trkpt lat="42.41138279610909" lon="2.7729725348083263">
        <ele>850</ele>
      </trkpt>
      <trkpt lat="42.41128170894525" lon="2.7728981499141816">
        <ele>852</ele>
      </trkpt>
      <trkpt lat="42.41118062178142" lon="2.7728237650200369">
        <ele>853</ele>
      </trkpt>
      <trkpt lat="42.41091550638946" lon="2.7726997901964627">
        <ele>854</ele>
      </trkpt>
      <trkpt lat="42.41086114819759" lon="2.7726921609765505">
        <ele>853</ele>
      </trkpt>
      <trkpt lat="42.41040625596032" lon="2.7727360289910461">
        <ele>851</ele>
      </trkpt>
      <trkpt lat="42.41034331489605" lon="2.7727360289910461">
        <ele>851</ele>
      </trkpt>
      <trkpt lat="42.41028037383177" lon="2.7727360289910461">
        <ele>851</ele>
      </trkpt>
      <trkpt lat="42.4101907304978" lon="2.7727283997711338">
        <ele>851</ele>
      </trkpt>
      <trkpt lat="42.41010108716383" lon="2.7727207705512216">
        <ele>851</ele>
      </trkpt>
      <trkpt lat="42.4100085828724" lon="2.7726902536715725">
        <ele>852</ele>
      </trkpt>
      <trkpt lat="42.40991703223345" lon="2.7726597367919235">
        <ele>852</ele>
      </trkpt>
      <trkpt lat="42.40963856570665" lon="2.7725843982452898">
        <ele>852</ele>
      </trkpt>
      <trkpt lat="42.40954606141522" lon="2.7725462521457285">
        <ele>852</ele>
      </trkpt>
      <trkpt lat="42.40945355712378" lon="2.7725081060461672">
        <ele>852</ele>
      </trkpt>
      <trkpt lat="42.40935819187488" lon="2.7723974823574391">
        <ele>851</ele>
      </trkpt>
      <trkpt lat="42.40931146290291" lon="2.7722887659736895">
        <ele>849</ele>
      </trkpt>
      <trkpt lat="42.40929143620065" lon="2.772222010299457">
        <ele>848</ele>
      </trkpt>
      <trkpt lat="42.40927140949837" lon="2.7721552546252246">
        <ele>847</ele>
      </trkpt>
      <trkpt lat="42.40927522410833" lon="2.7720598893763215">
        <ele>846</ele>
      </trkpt>
      <trkpt lat="42.40928857524318" lon="2.7719855044821768">
        <ele>846</ele>
      </trkpt>
      <trkpt lat="42.4093124165554" lon="2.7719111195880322">
        <ele>846</ele>
      </trkpt>
      <trkpt lat="42.4094077818043" lon="2.7718004958993046">
        <ele>849</ele>
      </trkpt>
      <trkpt lat="42.4094077818043" lon="2.7718004958993046">
        <ele>849</ele>
      </trkpt>
      <trkpt lat="42.40953175662788" lon="2.7716641235933728">
        <ele>853</ele>
      </trkpt>
      <trkpt lat="42.4096604997139" lon="2.7715802021743379">
        <ele>856</ele>
      </trkpt>
      <trkpt lat="42.40978828914743" lon="2.7714810223154784">
        <ele>859</ele>
      </trkpt>
      <trkpt lat="42.40994278085066" lon="2.7713723059317288">
        <ele>863</ele>
      </trkpt>
      <trkpt lat="42.41006580202174" lon="2.7711777608239658">
        <ele>865</ele>
      </trkpt>
      <trkpt lat="42.41021075720008" lon="2.7709841693686923">
        <ele>868</ele>
      </trkpt>
      <trkpt lat="42.41029467861911" lon="2.7708086973107102">
        <ele>870</ele>
      </trkpt>
      <trkpt lat="42.41031661262635" lon="2.7706818615296687">
        <ele>869</ele>
      </trkpt>
      <trkpt lat="42.41035666603089" lon="2.7705645622735178">
        <ele>869</ele>
      </trkpt>
      <trkpt lat="42.41044726301735" lon="2.7704157924852284">
        <ele>871</ele>
      </trkpt>
      <trkpt lat="42.41052736982643" lon="2.7702546252145819">
        <ele>871</ele>
      </trkpt>
      <trkpt lat="42.41052736982643" lon="2.7702546252145819">
        <ele>871</ele>
      </trkpt>
      <trkpt lat="42.41059981119489" lon="2.7702146099824807">
        <ele>874</ele>
      </trkpt>
      <trkpt lat="42.41059981119489" lon="2.7702146099824807">
        <ele>874</ele>
      </trkpt>
      <trkpt lat="42.41062750333778" lon="2.7701993133702181">
        <ele>875</ele>
      </trkpt>
      <trkpt lat="42.4107648292962" lon="2.770136372305942">
        <ele>880</ele>
      </trkpt>
      <trkpt lat="42.41107476635514" lon="2.7698674423040348">
        <ele>884</ele>
      </trkpt>
      <trkpt lat="42.41139328628648" lon="2.7693534236124457">
        <ele>881</ele>
      </trkpt>
      <trkpt lat="42.41147243944307" lon="2.7690892618729839">
        <ele>879</ele>
      </trkpt>
      <trkpt lat="42.41155731451459" lon="2.7688746900629515">
        <ele>882</ele>
      </trkpt>
      <trkpt lat="42.41155731451459" lon="2.7688746900629515">
        <ele>882</ele>
      </trkpt>
      <trkpt lat="42.41155063894716" lon="2.7687392714095087">
        <ele>881</ele>
      </trkpt>
      <trkpt lat="42.41152489032996" lon="2.7684636658401782">
        <ele>880</ele>
      </trkpt>
      <trkpt lat="42.41152965859241" lon="2.7680726683196744">
        <ele>881</ele>
      </trkpt>
      <trkpt lat="42.41152298302498" lon="2.7677207705512212">
        <ele>883</ele>
      </trkpt>
      <trkpt lat="42.41155492569594" lon="2.7673976133107647">
        <ele>886</ele>
      </trkpt>
      <trkpt lat="42.41155492569594" lon="2.7673976133107647">
        <ele>886</ele>
      </trkpt>
      <trkpt lat="42.41165363341598" lon="2.7663990082014216">
        <ele>901</ele>
      </trkpt>
      <trkpt lat="42.41161739462139" lon="2.7659708182338458">
        <ele>909</ele>
      </trkpt>
      <trkpt lat="42.41163837497616" lon="2.7657448025939448">
        <ele>913</ele>
      </trkpt>
      <trkpt lat="42.41206561129124" lon="2.764671943543783">
        <ele>916</ele>
      </trkpt>
      <trkpt lat="42.41208373068854" lon="2.7643724966622267">
        <ele>919</ele>
      </trkpt>
      <trkpt lat="42.41209040625596" lon="2.7640282281136854">
        <ele>921</ele>
      </trkpt>
      <trkpt lat="42.41223726873927" lon="2.7636553499904739">
        <ele>921</ele>
      </trkpt>
      <trkpt lat="42.41227446118634" lon="2.763458897577733">
        <ele>922</ele>
      </trkpt>
      <trkpt lat="42.41240129696738" lon="2.7631213045966154">
        <ele>926</ele>
      </trkpt>
      <trkpt lat="42.41252813274842" lon="2.7627083730688637">
        <ele>931</ele>
      </trkpt>
      <trkpt lat="42.41268071714667" lon="2.7622954415411125">
        <ele>934</ele>
      </trkpt>
      <trkpt lat="42.41298493229067" lon="2.7617385084875172">
        <ele>944</ele>
      </trkpt>
      <trkpt lat="42.41312416555407" lon="2.761406637421334">
        <ele>951</ele>
      </trkpt>
      <trkpt lat="42.41357524318138" lon="2.7609584207514883">
        <ele>961</ele>
      </trkpt>
      <trkpt lat="42.41398340644669" lon="2.7605941255006776">
        <ele>964</ele>
      </trkpt>
      <trkpt lat="42.41411882510013" lon="2.7603242418462814">
        <ele>969</ele>
      </trkpt>
      <trkpt lat="42.41425615105855" lon="2.7600000000000104">
        <ele>973</ele>
      </trkpt>
      <trkpt lat="42.41425615105855" lon="2.7599999999999998">
        <ele>973</ele>
      </trkpt>
      <trkpt lat="42.41428762159069" lon="2.7599246614533666">
        <ele>973</ele>
      </trkpt>
      <trkpt lat="42.41430955559794" lon="2.7597768453175662">
        <ele>974</ele>
      </trkpt>
      <trkpt lat="42.41428762159069" lon="2.759619492656876">
        <ele>977</ele>
      </trkpt>
      <trkpt lat="42.41418081251192" lon="2.7593906160595081">
        <ele>982</ele>
      </trkpt>
      <trkpt lat="42.4141045203128" lon="2.7591512492847605">
        <ele>984</ele>
      </trkpt>
      <trkpt lat="42.41409307648293" lon="2.7588184245660883">
        <ele>988</ele>
      </trkpt>
      <trkpt lat="42.41413312988747" lon="2.7586496280755295">
        <ele>991</ele>
      </trkpt>
      <trkpt lat="42.41419320999427" lon="2.7584751096700364">
        <ele>993</ele>
      </trkpt>
      <trkpt lat="42.41431623116536" lon="2.7582481403776464">
        <ele>993</ele>
      </trkpt>
      <trkpt lat="42.41441922563418" lon="2.7580001907304976">
        <ele>994</ele>
      </trkpt>
      <trkpt lat="42.41459183673469" lon="2.7576521075720009">
        <ele>996</ele>
      </trkpt>
      <trkpt lat="42.41480354758725" lon="2.7571600228876596">
        <ele>1002</ele>
      </trkpt>
      <trkpt lat="42.41485599847415" lon="2.7565210757200078">
        <ele>1010</ele>
      </trkpt>
      <trkpt lat="42.41488842265878" lon="2.7557486172038907">
        <ele>1021</ele>
      </trkpt>
      <trkpt lat="42.41495517833301" lon="2.7554548922372688">
        <ele>1024</ele>
      </trkpt>
      <trkpt lat="42.41495517833301" lon="2.7554548922372688">
        <ele>1024</ele>
      </trkpt>
      <trkpt lat="42.41536334159832" lon="2.7552403204272364">
        <ele>1021</ele>
      </trkpt>
      <trkpt lat="42.41622830440587" lon="2.7544249475491132">
        <ele>1025</ele>
      </trkpt>
      <trkpt lat="42.41660118252909" lon="2.75430001907305">
        <ele>1025</ele>
      </trkpt>
      <trkpt lat="42.4179906542056" lon="2.7528485599847414">
        <ele>1032</ele>
      </trkpt>
      <trkpt lat="42.41815277512874" lon="2.7527951554453556">
        <ele>1030</ele>
      </trkpt>
      <trkpt lat="42.41895098226206" lon="2.751908258630555">
        <ele>1037</ele>
      </trkpt>
      <trkpt lat="42.41915983215716" lon="2.7512902918176616">
        <ele>1044</ele>
      </trkpt>
      <trkpt lat="42.41948407400343" lon="2.7510089643333968">
        <ele>1049</ele>
      </trkpt>
      <trkpt lat="42.41962902918176" lon="2.750695212664505">
        <ele>1054</ele>
      </trkpt>
      <trkpt lat="42.41975777226778" lon="2.7506284569902726">
        <ele>1054</ele>
      </trkpt>
      <trkpt lat="42.4198083158497" lon="2.7506837688346368">
        <ele>1053</ele>
      </trkpt>
      <trkpt lat="42.41978733549495" lon="2.7508182338355902">
        <ele>1051</ele>
      </trkpt>
      <trkpt lat="42.41984741560175" lon="2.7508573335876405">
        <ele>1050</ele>
      </trkpt>
      <trkpt lat="42.41999999999999" lon="2.7506818615296584">
        <ele>1052</ele>
      </trkpt>
      <trkpt lat="42.42000000000001" lon="2.7506818615296584">
        <ele>1052</ele>
      </trkpt>
      <trkpt lat="42.42009917985887" lon="2.7505674232309745">
        <ele>1057</ele>
      </trkpt>
      <trkpt lat="42.42019835971772" lon="2.7504539385847795">
        <ele>1061</ele>
      </trkpt>
      <trkpt lat="42.42030802975396" lon="2.7503909975205034">
        <ele>1064</ele>
      </trkpt>
      <trkpt lat="42.42033663932864" lon="2.750324241846271">
        <ele>1066</ele>
      </trkpt>
      <trkpt lat="42.42041769979021" lon="2.7502851420942207">
        <ele>1068</ele>
      </trkpt>
      <trkpt lat="42.42042608988689" lon="2.7502810951064109">
        <ele>1068</ele>
      </trkpt>
      <trkpt lat="42.42042608988689" lon="2.7502810951064109">
        <ele>1068</ele>
      </trkpt>
      <trkpt lat="42.42044076675818" lon="2.7502740156743761">
        <ele>1068</ele>
      </trkpt>
      <trkpt lat="42.42044076675818" lon="2.7502740156743761">
        <ele>1068</ele>
      </trkpt>
      <trkpt lat="42.42049876025177" lon="2.7502460423421704">
        <ele>1070</ele>
      </trkpt>
      <trkpt lat="42.42060652298303" lon="2.7501420942208661">
        <ele>1073</ele>
      </trkpt>
      <trkpt lat="42.42060652298303" lon="2.7501420942208661">
        <ele>1073</ele>
      </trkpt>
      <trkpt lat="42.420696166317" lon="2.750323288193782">
        <ele>1074</ele>
      </trkpt>
      <trkpt lat="42.42075910738128" lon="2.7505788670608431">
        <ele>1074</ele>
      </trkpt>
      <trkpt lat="42.42074766355141" lon="2.7508706847224871">
        <ele>1072</ele>
      </trkpt>
      <trkpt lat="42.42074766355141" lon="2.7508706847224871">
        <ele>1072</ele>
      </trkpt>
      <trkpt lat="42.42075910738128" lon="2.7505788670608431">
        <ele>1074</ele>
      </trkpt>
      <trkpt lat="42.420696166317" lon="2.750323288193782">
        <ele>1074</ele>
      </trkpt>
      <trkpt lat="42.42060652298303" lon="2.7501420942208661">
        <ele>1073</ele>
      </trkpt>
      <trkpt lat="42.42060652298303" lon="2.7501420942208661">
        <ele>1073</ele>
      </trkpt>
      <trkpt lat="42.42056126797175" lon="2.7501857472848465">
        <ele>1072</ele>
      </trkpt>
      <trkpt lat="42.42056126797175" lon="2.7501857472848465">
        <ele>1072</ele>
      </trkpt>
      <trkpt lat="42.4205541620049" lon="2.7501926017130418">
        <ele>1072</ele>
      </trkpt>
      <trkpt lat="42.4205541620049" lon="2.7501926017130418">
        <ele>1072</ele>
      </trkpt>
      <trkpt lat="42.42060652298303" lon="2.7501420942208661">
        <ele>1073</ele>
      </trkpt>
      <trkpt lat="42.42060652298303" lon="2.7501420942208661">
        <ele>1073</ele>
      </trkpt>
      <trkpt lat="42.42063250100563" lon="2.7501562153377321">
        <ele>1073</ele>
      </trkpt>
      <trkpt lat="42.42063250100563" lon="2.7501562153377321">
        <ele>1073</ele>
      </trkpt>
      <trkpt lat="42.42062351429168" lon="2.75017643835537">
        <ele>1073</ele>
      </trkpt>
      <trkpt lat="42.42062351429168" lon="2.75017643835537">
        <ele>1073</ele>
      </trkpt>
      <trkpt lat="42.420696166317" lon="2.750323288193782">
        <ele>1074</ele>
      </trkpt>
      <trkpt lat="42.420696166317" lon="2.750323288193782">
        <ele>1074</ele>
      </trkpt>
      <trkpt lat="42.42083730688537" lon="2.7502965859240893">
        <ele>1077</ele>
      </trkpt>
      <trkpt lat="42.42083730688537" lon="2.7502965859240893">
        <ele>1077</ele>
      </trkpt>
      <trkpt lat="42.42084557629487" lon="2.7501932183054145">
        <ele>1078</ele>
      </trkpt>
      <trkpt lat="42.42084557629487" lon="2.7501932183054145">
        <ele>1078</ele>
      </trkpt>
      <trkpt lat="42.42086523393719" lon="2.7499474977764855">
        <ele>1075</ele>
      </trkpt>
      <trkpt lat="42.42086523393719" lon="2.7499474977764855">
        <ele>1075</ele>
      </trkpt>
      <trkpt lat="42.42087008523032" lon="2.749909089755286">
        <ele>1075</ele>
      </trkpt>
      <trkpt lat="42.42087008523032" lon="2.749909089755286">
        <ele>1075</ele>
      </trkpt>
      <trkpt lat="42.42086932110191" lon="2.7498964082173849">
        <ele>1075</ele>
      </trkpt>
      <trkpt lat="42.42086932110191" lon="2.7498964082173849">
        <ele>1075</ele>
      </trkpt>
      <trkpt lat="42.42087163837498" lon="2.7498674423040246">
        <ele>1076</ele>
      </trkpt>
      <trkpt lat="42.4208682772469" lon="2.7497699695894924">
        <ele>1077</ele>
      </trkpt>
      <trkpt lat="42.4208682772469" lon="2.7497699695894924">
        <ele>1077</ele>
      </trkpt>
      <trkpt lat="42.42086782376503" lon="2.7497568186152965">
        <ele>1077</ele>
      </trkpt>
      <trkpt lat="42.42088212855236" lon="2.7497224871256916">
        <ele>1077</ele>
      </trkpt>
      <trkpt lat="42.42095937440397" lon="2.7496099561319856">
        <ele>1081</ele>
      </trkpt>
      <trkpt lat="42.42095937440397" lon="2.7496099561319856">
        <ele>1081</ele>
      </trkpt>
      <trkpt lat="42.42098713480811" lon="2.749418111910563">
        <ele>1083</ele>
      </trkpt>
      <trkpt lat="42.42098713480811" lon="2.749418111910563">
        <ele>1083</ele>
      </trkpt>
      <trkpt lat="42.42101277894336" lon="2.7492408926187299">
        <ele>1086</ele>
      </trkpt>
      <trkpt lat="42.42101277894336" lon="2.7492408926187299">
        <ele>1086</ele>
      </trkpt>
      <trkpt lat="42.42103840931861" lon="2.7492221076232024">
        <ele>1087</ele>
      </trkpt>
      <trkpt lat="42.42103840932032" lon="2.7492221076219185">
        <ele>1087</ele>
      </trkpt>
      <trkpt lat="42.42095365248904" lon="2.7487449933244328">
        <ele>1087</ele>
      </trkpt>
      <trkpt lat="42.42095365248904" lon="2.7487449933244328">
        <ele>1087</ele>
      </trkpt>
      <trkpt lat="42.42112135710763" lon="2.748921261583118">
        <ele>1090</ele>
      </trkpt>
      <trkpt lat="42.42112135710763" lon="2.748921261583118">
        <ele>1090</ele>
      </trkpt>
      <trkpt lat="42.42117776082397" lon="2.7489805454892235">
        <ele>1091</ele>
      </trkpt>
      <trkpt lat="42.42117776082397" lon="2.7489805454892235">
        <ele>1091</ele>
      </trkpt>
      <trkpt lat="42.4212006484837" lon="2.7489032996376119">
        <ele>1092</ele>
      </trkpt>
      <trkpt lat="42.42120517164293" lon="2.7488918339549051">
        <ele>1092</ele>
      </trkpt>
      <trkpt lat="42.42120517164293" lon="2.7488918339549051">
        <ele>1092</ele>
      </trkpt>
      <trkpt lat="42.42123224380293" lon="2.7488232091772358">
        <ele>1093</ele>
      </trkpt>
      <trkpt lat="42.42123224380293" lon="2.7488232091772358">
        <ele>1093</ele>
      </trkpt>
      <trkpt lat="42.42124165554073" lon="2.7487993515163076">
        <ele>1093</ele>
      </trkpt>
      <trkpt lat="42.4212585717841" lon="2.748757829828024">
        <ele>1093</ele>
      </trkpt>
      <trkpt lat="42.4212585717841" lon="2.748757829828024">
        <ele>1093</ele>
      </trkpt>
      <trkpt lat="42.42128361625024" lon="2.7486963570474918">
        <ele>1094</ele>
      </trkpt>
      <trkpt lat="42.42155324922999" lon="2.7481135421187601">
        <ele>1098</ele>
      </trkpt>
      <trkpt lat="42.42155324922999" lon="2.7481135421187601">
        <ele>1098</ele>
      </trkpt>
      <trkpt lat="42.42156112912456" lon="2.7480965096318903">
        <ele>1099</ele>
      </trkpt>
      <trkpt lat="42.42159355330918" lon="2.7480316612626359">
        <ele>1099</ele>
      </trkpt>
      <trkpt lat="42.4216269311463" lon="2.7479668128933818">
        <ele>1099</ele>
      </trkpt>
      <trkpt lat="42.42177856189205" lon="2.7477007438489416">
        <ele>1103</ele>
      </trkpt>
      <trkpt lat="42.42180812511921" lon="2.7476339881747092">
        <ele>1103</ele>
      </trkpt>
      <trkpt lat="42.42181480068664" lon="2.7475939347701699">
        <ele>1103</ele>
      </trkpt>
      <trkpt lat="42.42181289338166" lon="2.747543391188251">
        <ele>1103</ele>
      </trkpt>
      <trkpt lat="42.42181289338166" lon="2.747543391188251">
        <ele>1103</ele>
      </trkpt>
      <trkpt lat="42.42191111958803" lon="2.7475290864009154">
        <ele>1106</ele>
      </trkpt>
      <trkpt lat="42.4219397291627" lon="2.7475061987411786">
        <ele>1107</ele>
      </trkpt>
      <trkpt lat="42.42197882891475" lon="2.7474518405493038">
        <ele>1108</ele>
      </trkpt>
      <trkpt lat="42.42201029944689" lon="2.7473917604424947">
        <ele>1110</ele>
      </trkpt>
      <trkpt lat="42.42203223345414" lon="2.7473250047682622">
        <ele>1112</ele>
      </trkpt>
      <trkpt lat="42.42205416746138" lon="2.7472592027465192">
        <ele>1113</ele>
      </trkpt>
      <trkpt lat="42.42209803547588" lon="2.7472038909021554">
        <ele>1115</ele>
      </trkpt>
      <trkpt lat="42.42211234026321" lon="2.74716955941255">
        <ele>1116</ele>
      </trkpt>
      <trkpt lat="42.42218577150487" lon="2.7467575815372878">
        <ele>1123</ele>
      </trkpt>
      <trkpt lat="42.42227541483884" lon="2.746443829868396">
        <ele>1129</ele>
      </trkpt>
      <trkpt lat="42.42232977303071" lon="2.7463503719244708">
        <ele>1131</ele>
      </trkpt>
      <trkpt lat="42.42236791913027" lon="2.7462607285905016">
        <ele>1133</ele>
      </trkpt>
      <trkpt lat="42.42240701888232" lon="2.7461710852565324">
        <ele>1135</ele>
      </trkpt>
      <trkpt lat="42.42250524508869" lon="2.7458325386229259">
        <ele>1139</ele>
      </trkpt>
      <trkpt lat="42.42250524508869" lon="2.7457257295441542">
        <ele>1139</ele>
      </trkpt>
      <trkpt lat="42.42250619874118" lon="2.7456189204653825">
        <ele>1140</ele>
      </trkpt>
      <trkpt lat="42.42253290101088" lon="2.7455092504291434">
        <ele>1142</ele>
      </trkpt>
      <trkpt lat="42.42256055693306" lon="2.7453995803929048">
        <ele>1144</ele>
      </trkpt>
      <trkpt lat="42.42258630555026" lon="2.7453299637612054">
        <ele>1146</ele>
      </trkpt>
      <trkpt lat="42.42261300781995" lon="2.745261300781995">
        <ele>1147</ele>
      </trkpt>
      <trkpt lat="42.4226788098417" lon="2.7451764257104712">
        <ele>1151</ele>
      </trkpt>
      <trkpt lat="42.42273412168606" lon="2.7450925042914363">
        <ele>1154</ele>
      </trkpt>
      <trkpt lat="42.42278943353043" lon="2.7450095365248903">
        <ele>1157</ele>
      </trkpt>
      <trkpt lat="42.42289147434676" lon="2.7447587259202746">
        <ele>1164</ele>
      </trkpt>
      <trkpt lat="42.42290959374404" lon="2.7446881556360863">
        <ele>1165</ele>
      </trkpt>
      <trkpt lat="42.42292771314134" lon="2.7446175853518979">
        <ele>1167</ele>
      </trkpt>
      <trkpt lat="42.42294392523365" lon="2.7445088689681478">
        <ele>1169</ele>
      </trkpt>
      <trkpt lat="42.42294964714858" lon="2.744421132939157">
        <ele>1169</ele>
      </trkpt>
      <trkpt lat="42.42295632271601" lon="2.7443333969101658">
        <ele>1170</ele>
      </trkpt>
      <trkpt lat="42.42296299828343" lon="2.7439700553118445">
        <ele>1175</ele>
      </trkpt>
      <trkpt lat="42.42297062750335" lon="2.7438575243181385">
        <ele>1177</ele>
      </trkpt>
      <trkpt lat="42.42297825672325" lon="2.7437459469769214">
        <ele>1179</ele>
      </trkpt>
      <trkpt lat="42.42298970055312" lon="2.7434074003433149">
        <ele>1185</ele>
      </trkpt>
      <trkpt lat="42.42302784665269" lon="2.7428800305168797">
        <ele>1192</ele>
      </trkpt>
      <trkpt lat="42.42304119778753" lon="2.7427970627503337">
        <ele>1194</ele>
      </trkpt>
      <trkpt lat="42.42305454892238" lon="2.7427150486362768">
        <ele>1195</ele>
      </trkpt>
      <trkpt lat="42.42307652664258" lon="2.7426118044623111">
        <ele>1197</ele>
      </trkpt>
      <trkpt lat="42.42307652664258" lon="2.7426118044623111">
        <ele>1197</ele>
      </trkpt>
      <trkpt lat="42.42317757009346" lon="2.7421371352279231">
        <ele>1204</ele>
      </trkpt>
      <trkpt lat="42.42327293534237" lon="2.7418233835590309">
        <ele>1208</ele>
      </trkpt>
      <trkpt lat="42.42327770360481" lon="2.7417776082395573">
        <ele>1209</ele>
      </trkpt>
      <trkpt lat="42.42327579629983" lon="2.7416631699408733">
        <ele>1210</ele>
      </trkpt>
      <trkpt lat="42.42327484264734" lon="2.7415487316421894">
        <ele>1211</ele>
      </trkpt>
      <trkpt lat="42.42328151821477" lon="2.7414962807552929">
        <ele>1212</ele>
      </trkpt>
      <trkpt lat="42.42329963761206" lon="2.7414657638756439">
        <ele>1213</ele>
      </trkpt>
      <trkpt lat="42.42336257867634" lon="2.7414609956131986">
        <ele>1215</ele>
      </trkpt>
      <trkpt lat="42.42340740034332" lon="2.7414285714285715">
        <ele>1217</ele>
      </trkpt>
      <trkpt lat="42.42345508296777" lon="2.7413208086973109">
        <ele>1220</ele>
      </trkpt>
      <trkpt lat="42.42346557314515" lon="2.7412769406828152">
        <ele>1221</ele>
      </trkpt>
      <trkpt lat="42.42345699027275" lon="2.7412273507533853">
        <ele>1221</ele>
      </trkpt>
      <trkpt lat="42.42347510967004" lon="2.7409593744039671">
        <ele>1224</ele>
      </trkpt>
      <trkpt lat="42.42347606332253" lon="2.740865916460042">
        <ele>1226</ele>
      </trkpt>
      <trkpt lat="42.42347701697502" lon="2.7407734121686058">
        <ele>1227</ele>
      </trkpt>
      <trkpt lat="42.42348941445738" lon="2.7406837688346366">
        <ele>1229</ele>
      </trkpt>
      <trkpt lat="42.42350658020218" lon="2.7406227350753385">
        <ele>1230</ele>
      </trkpt>
      <trkpt lat="42.42355330917415" lon="2.7405359526988367">
        <ele>1232</ele>
      </trkpt>
      <trkpt lat="42.42360003814611" lon="2.7404491703223344">
        <ele>1234</ele>
      </trkpt>
      <trkpt lat="42.42362864772078" lon="2.7404167461377074">
        <ele>1235</ele>
      </trkpt>
      <trkpt lat="42.42371924470724" lon="2.740347129506008">
        <ele>1237</ele>
      </trkpt>
      <trkpt lat="42.42379362960138" lon="2.7402784665267976">
        <ele>1238</ele>
      </trkpt>
      <trkpt lat="42.42384035857334" lon="2.7402088498950983">
        <ele>1239</ele>
      </trkpt>
      <trkpt lat="42.42385752431814" lon="2.7401611672706467">
        <ele>1239</ele>
      </trkpt>
      <trkpt lat="42.42385943162312" lon="2.7401068090787719">
        <ele>1240</ele>
      </trkpt>
      <trkpt lat="42.42385943162312" lon="2.7401068090787719">
        <ele>1240</ele>
      </trkpt>
      <trkpt lat="42.4238966240702" lon="2.74008868968148">
        <ele>1240</ele>
      </trkpt>
      <trkpt lat="42.42392809460233" lon="2.7400600801068089">
        <ele>1240</ele>
      </trkpt>
      <trkpt lat="42.42394520765585" lon="2.7400376192240592">
        <ele>1241</ele>
      </trkpt>
      <trkpt lat="42.42394520765905" lon="2.7400376192186027">
        <ele>1241</ele>
      </trkpt>
      <trkpt lat="42.42394144573718" lon="2.7400000000000002">
        <ele>1241</ele>
      </trkpt>
      <trkpt lat="42.42394144573718" lon="2.7399999999999896">
        <ele>1241</ele>
      </trkpt>
      <trkpt lat="42.42392618729735" lon="2.739886515353795">
        <ele>1244</ele>
      </trkpt>
      <trkpt lat="42.42389757772268" lon="2.739775891665067">
        <ele>1247</ele>
      </trkpt>
      <trkpt lat="42.42389567041771" lon="2.7397081823383456">
        <ele>1249</ele>
      </trkpt>
      <trkpt lat="42.42389471676522" lon="2.7396414266641131">
        <ele>1251</ele>
      </trkpt>
      <trkpt lat="42.42387659736793" lon="2.7395956513446396">
        <ele>1252</ele>
      </trkpt>
      <trkpt lat="42.42385561701317" lon="2.7395632271600125">
        <ele>1253</ele>
      </trkpt>
      <trkpt lat="42.42384989509824" lon="2.7395269883654292">
        <ele>1254</ele>
      </trkpt>
      <trkpt lat="42.42386419988557" lon="2.7394430669463943">
        <ele>1257</ele>
      </trkpt>
      <trkpt lat="42.42389853137517" lon="2.7393791722296292">
        <ele>1259</ele>
      </trkpt>
      <trkpt lat="42.42398626740417" lon="2.7392628266259673">
        <ele>1262</ele>
      </trkpt>
      <trkpt lat="42.4240520694259" lon="2.7391588785046626">
        <ele>1265</ele>
      </trkpt>
      <trkpt lat="42.42411882510014" lon="2.7390549303833582">
        <ele>1268</ele>
      </trkpt>
      <trkpt lat="42.42411882510014" lon="2.7390549303833582">
        <ele>1268</ele>
      </trkpt>
      <trkpt lat="42.42417318329201" lon="2.7389586114819657">
        <ele>1271</ele>
      </trkpt>
      <trkpt lat="42.42423707800878" lon="2.7388832729353321">
        <ele>1272</ele>
      </trkpt>
      <trkpt lat="42.42430574098799" lon="2.738788861338918">
        <ele>1273</ele>
      </trkpt>
      <trkpt lat="42.42430574098799" lon="2.738788861338918">
        <ele>1273</ele>
      </trkpt>
      <trkpt lat="42.4243400724776" lon="2.7386877741750806">
        <ele>1275</ele>
      </trkpt>
      <trkpt lat="42.42440587449934" lon="2.7384426854853987">
        <ele>1282</ele>
      </trkpt>
      <trkpt lat="42.4245575052451" lon="2.7382405111577239">
        <ele>1285</ele>
      </trkpt>
      <trkpt lat="42.42479115010491" lon="2.7379830249856849">
        <ele>1287</ele>
      </trkpt>
      <trkpt lat="42.42515412529439" lon="2.7373136517111534">
        <ele>1298</ele>
      </trkpt>
      <trkpt lat="42.4251541264176" lon="2.7373136496398267">
        <ele>1298</ele>
      </trkpt>
      <trkpt lat="42.42526225443449" lon="2.7371142475681758">
        <ele>1301</ele>
      </trkpt>
      <trkpt lat="42.42538527560558" lon="2.7366145336639227">
        <ele>1313</ele>
      </trkpt>
      <trkpt lat="42.4254958992943" lon="2.7364381079534517">
        <ele>1314</ele>
      </trkpt>
      <trkpt lat="42.42563417890521" lon="2.7361157734121582">
        <ele>1319</ele>
      </trkpt>
      <trkpt lat="42.42576101468625" lon="2.7357295441541001">
        <ele>1327</ele>
      </trkpt>
      <trkpt lat="42.42591932099943" lon="2.7355636086210082">
        <ele>1330</ele>
      </trkpt>
      <trkpt lat="42.42619301926378" lon="2.7354672897196157">
        <ele>1331</ele>
      </trkpt>
      <trkpt lat="42.42642284951364" lon="2.7353652489032894">
        <ele>1332</ele>
      </trkpt>
      <trkpt lat="42.42654110242228" lon="2.7353004005340353">
        <ele>1332</ele>
      </trkpt>
      <trkpt lat="42.42662788479878" lon="2.7350858287240025">
        <ele>1337</ele>
      </trkpt>
      <trkpt lat="42.42691779515545" lon="2.7348874690062837">
        <ele>1333</ele>
      </trkpt>
      <trkpt lat="42.42707991607859" lon="2.7346891092885648">
        <ele>1329</ele>
      </trkpt>
      <trkpt lat="42.427131413313" lon="2.7344259012015919">
        <ele>1326</ele>
      </trkpt>
      <trkpt lat="42.42715144001527" lon="2.734051115773402">
        <ele>1324</ele>
      </trkpt>
      <trkpt lat="42.42709517451841" lon="2.7337230593171746">
        <ele>1326</ele>
      </trkpt>
      <trkpt lat="42.42711138661073" lon="2.7332195308029652">
        <ele>1324</ele>
      </trkpt>
      <trkpt lat="42.42709040625596" lon="2.7327274461186239">
        <ele>1324</ele>
      </trkpt>
      <trkpt lat="42.4271228304406" lon="2.73243562845698">
        <ele>1321</ele>
      </trkpt>
      <trkpt lat="42.42714667175282" lon="2.7321514400152482">
        <ele>1314</ele>
      </trkpt>
      <trkpt lat="42.42709994278086" lon="2.7319588022124637">
        <ele>1311</ele>
      </trkpt>
      <trkpt lat="42.42694926568759" lon="2.7317976349418172">
        <ele>1311</ele>
      </trkpt>
      <trkpt lat="42.42675090596987" lon="2.7316097654014775">
        <ele>1311</ele>
      </trkpt>
      <trkpt lat="42.42650200267023" lon="2.7315506389471573">
        <ele>1314</ele>
      </trkpt>
      <trkpt lat="42.42622830440588" lon="2.7313627694068181">
        <ele>1313</ele>
      </trkpt>
      <trkpt lat="42.42601850085829" lon="2.7310251764257001">
        <ele>1303</ele>
      </trkpt>
      <trkpt lat="42.42590787716956" lon="2.7308907114247467">
        <ele>1300</ele>
      </trkpt>
      <trkpt lat="42.42567423230975" lon="2.7308592408926087">
        <ele>1308</ele>
      </trkpt>
      <trkpt lat="42.42545584588976" lon="2.7308592408926087">
        <ele>1319</ele>
      </trkpt>
      <trkpt lat="42.42518691588786" lon="2.7307142857142757">
        <ele>1329</ele>
      </trkpt>
      <trkpt lat="42.42510013351136" lon="2.7305321380888703">
        <ele>1330</ele>
      </trkpt>
      <trkpt lat="42.42504863627695" lon="2.7302746519168313">
        <ele>1328</ele>
      </trkpt>
      <trkpt lat="42.42506866297921" lon="2.7300276559221719">
        <ele>1323</ele>
      </trkpt>
      <trkpt lat="42.424957085638" lon="2.7298502765592114">
        <ele>1330</ele>
      </trkpt>
      <trkpt lat="42.4249656685104" lon="2.7298397863818322">
        <ele>1329</ele>
      </trkpt>
      <trkpt lat="42.42492561510586" lon="2.7295498760251662">
        <ele>1332</ele>
      </trkpt>
      <trkpt lat="42.42495327102804" lon="2.729458325386219">
        <ele>1330</ele>
      </trkpt>
      <trkpt lat="42.42506389471677" lon="2.7292170513064935">
        <ele>1324</ele>
      </trkpt>
      <trkpt lat="42.42510013351136" lon="2.7289862674041476">
        <ele>1321</ele>
      </trkpt>
      <trkpt lat="42.42500095365249" lon="2.7288365439633697">
        <ele>1326</ele>
      </trkpt>
      <trkpt lat="42.42487411787145" lon="2.7288851802403102">
        <ele>1333</ele>
      </trkpt>
      <trkpt lat="42.42454510776274" lon="2.7282996376120439">
        <ele>1346</ele>
      </trkpt>
      <trkpt lat="42.42431146290293" lon="2.7276721342742603">
        <ele>1351</ele>
      </trkpt>
      <trkpt lat="42.42425615105856" lon="2.7273450314705219">
        <ele>1351</ele>
      </trkpt>
      <trkpt lat="42.42431146290293" lon="2.7268357810413781">
        <ele>1343</ele>
      </trkpt>
      <trkpt lat="42.42427617776083" lon="2.7260738127026407">
        <ele>1341</ele>
      </trkpt>
      <trkpt lat="42.42413408353997" lon="2.7258859431623015">
        <ele>1349</ele>
      </trkpt>
      <trkpt lat="42.42402250619875" lon="2.7257791340835298">
        <ele>1355</ele>
      </trkpt>
      <trkpt lat="42.42401869158879" lon="2.7255750524508766">
        <ele>1356</ele>
      </trkpt>
      <trkpt lat="42.42409021552547" lon="2.7253871829105369">
        <ele>1354</ele>
      </trkpt>
      <trkpt lat="42.42409021552547" lon="2.7251134846461849">
        <ele>1355</ele>
      </trkpt>
      <trkpt lat="42.42414171275988" lon="2.7247921037573808">
        <ele>1355</ele>
      </trkpt>
      <trkpt lat="42.42425615105856" lon="2.7246414266641135">
        <ele>1350</ele>
      </trkpt>
      <trkpt lat="42.42532328819379" lon="2.7236086210184904">
        <ele>1311</ele>
      </trkpt>
      <trkpt lat="42.42536238794584" lon="2.7235018119397187">
        <ele>1310</ele>
      </trkpt>
      <trkpt lat="42.42536238794584" lon="2.7235018119397187">
        <ele>1310</ele>
      </trkpt>
      <trkpt lat="42.42465954606142" lon="2.7236009917985782">
        <ele>1331</ele>
      </trkpt>
      <trkpt lat="42.4245832538623" lon="2.7237945832538522">
        <ele>1337</ele>
      </trkpt>
      <trkpt lat="42.42404157924853" lon="2.7233692542437433">
        <ele>1352</ele>
      </trkpt>
      <trkpt lat="42.42372782757964" lon="2.7232109479305637">
        <ele>1361</ele>
      </trkpt>
      <trkpt lat="42.42350753385467" lon="2.7228523745946873">
        <ele>1363</ele>
      </trkpt>
      <trkpt lat="42.42328914743468" lon="2.7225491131031752">
        <ele>1367</ele>
      </trkpt>
      <trkpt lat="42.42325767690254" lon="2.7224947549112999">
        <ele>1367</ele>
      </trkpt>
      <trkpt lat="42.42323288193783" lon="2.7223326339881644">
        <ele>1365</ele>
      </trkpt>
      <trkpt lat="42.42306694640474" lon="2.7220808697310597">
        <ele>1365</ele>
      </trkpt>
      <trkpt lat="42.42281708945261" lon="2.7218024032042623">
        <ele>1369</ele>
      </trkpt>
      <trkpt lat="42.42274651916842" lon="2.7216765210757097">
        <ele>1369</ele>
      </trkpt>
      <trkpt lat="42.42269311462903" lon="2.721601182529076">
        <ele>1369</ele>
      </trkpt>
      <trkpt lat="42.42268071714668" lon="2.7214714857905675">
        <ele>1367</ele>
      </trkpt>
      <trkpt lat="42.4226702269693" lon="2.7214323860385172">
        <ele>1366</ele>
      </trkpt>
      <trkpt lat="42.42261586877743" lon="2.721358954796862">
        <ele>1366</ele>
      </trkpt>
      <trkpt lat="42.42257104711044" lon="2.72131127217241">
        <ele>1366</ele>
      </trkpt>
      <trkpt lat="42.42252908640092" lon="2.7213065039099651">
        <ele>1368</ele>
      </trkpt>
      <trkpt lat="42.42244135037193" lon="2.7212635895479584">
        <ele>1366</ele>
      </trkpt>
      <trkpt lat="42.42238222391761" lon="2.7212225824909302">
        <ele>1363</ele>
      </trkpt>
      <trkpt lat="42.42238222391761" lon="2.7212225824909302">
        <ele>1363</ele>
      </trkpt>
      <trkpt lat="42.42234693877552" lon="2.7211548731642088">
        <ele>1361</ele>
      </trkpt>
      <trkpt lat="42.42233644859814" lon="2.7211062368872678">
        <ele>1360</ele>
      </trkpt>
      <trkpt lat="42.4223393095556" lon="2.7209917985885839">
        <ele>1358</ele>
      </trkpt>
      <trkpt lat="42.4223221438108" lon="2.7209183673469286">
        <ele>1356</ele>
      </trkpt>
      <trkpt lat="42.422304978066" lon="2.7208449361052729">
        <ele>1355</ele>
      </trkpt>
      <trkpt lat="42.42226492466146" lon="2.7207905779133981">
        <ele>1354</ele>
      </trkpt>
      <trkpt lat="42.42224966622164" lon="2.7207581537287711">
        <ele>1354</ele>
      </trkpt>
      <trkpt lat="42.42221438107954" lon="2.7206589738699116">
        <ele>1353</ele>
      </trkpt>
      <trkpt lat="42.42219912263972" lon="2.7205864962807449">
        <ele>1353</ele>
      </trkpt>
      <trkpt lat="42.42218481785238" lon="2.7205140186915786">
        <ele>1353</ele>
      </trkpt>
      <trkpt lat="42.42213427427046" lon="2.7204205607476535">
        <ele>1353</ele>
      </trkpt>
      <trkpt lat="42.42213236696549" lon="2.7203681098607566">
        <ele>1353</ele>
      </trkpt>
      <trkpt lat="42.42212092313562" lon="2.7203004005340352">
        <ele>1354</ele>
      </trkpt>
      <trkpt lat="42.42211043295823" lon="2.7202336448598028">
        <ele>1354</ele>
      </trkpt>
      <trkpt lat="42.42212473774557" lon="2.7201163456036519">
        <ele>1354</ele>
      </trkpt>
      <trkpt lat="42.4221390425329" lon="2.71999999999999">
        <ele>1355</ele>
      </trkpt>
      <trkpt lat="42.4221390425329" lon="2.7200000000000077">
        <ele>1355</ele>
      </trkpt>
      <trkpt lat="42.42215144001526" lon="2.7199218004959071">
        <ele>1356</ele>
      </trkpt>
      <trkpt lat="42.42215430097274" lon="2.7198369254243833">
        <ele>1357</ele>
      </trkpt>
      <trkpt lat="42.4221571619302" lon="2.7197520503528594">
        <ele>1358</ele>
      </trkpt>
      <trkpt lat="42.4221657448026" lon="2.7196671752813355">
        <ele>1359</ele>
      </trkpt>
      <trkpt lat="42.422174327675" lon="2.7195823002098116">
        <ele>1360</ele>
      </trkpt>
      <trkpt lat="42.42225157352662" lon="2.718989128361633">
        <ele>1364</ele>
      </trkpt>
      <trkpt lat="42.42224489795919" lon="2.7189233263398895">
        <ele>1364</ele>
      </trkpt>
      <trkpt lat="42.42223822239177" lon="2.7188575243181465">
        <ele>1365</ele>
      </trkpt>
      <trkpt lat="42.42214762540531" lon="2.7183425519740685">
        <ele>1370</ele>
      </trkpt>
      <trkpt lat="42.42212759870304" lon="2.7182710280373912">
        <ele>1370</ele>
      </trkpt>
      <trkpt lat="42.42210852565326" lon="2.7181995041007139">
        <ele>1371</ele>
      </trkpt>
      <trkpt lat="42.42207800877361" lon="2.7181279801640361">
        <ele>1371</ele>
      </trkpt>
      <trkpt lat="42.42204844554645" lon="2.7180564562273588">
        <ele>1372</ele>
      </trkpt>
      <trkpt lat="42.42199790196453" lon="2.7179553690635214">
        <ele>1374</ele>
      </trkpt>
      <trkpt lat="42.4219483120351" lon="2.7178552355521726">
        <ele>1376</ele>
      </trkpt>
      <trkpt lat="42.42191588785047" lon="2.7177608239557585">
        <ele>1378</ele>
      </trkpt>
      <trkpt lat="42.42188441731834" lon="2.7176673660118333">
        <ele>1379</ele>
      </trkpt>
      <trkpt lat="42.42187392714096" lon="2.7175462521457261">
        <ele>1380</ele>
      </trkpt>
      <trkpt lat="42.42186439061607" lon="2.7174260919321078">
        <ele>1380</ele>
      </trkpt>
      <trkpt lat="42.4218443639138" lon="2.7173612435628538">
        <ele>1381</ele>
      </trkpt>
      <trkpt lat="42.42182529086401" lon="2.7172963951935993">
        <ele>1382</ele>
      </trkpt>
      <trkpt lat="42.42182147625406" lon="2.7171819568949154">
        <ele>1381</ele>
      </trkpt>
      <trkpt lat="42.42181766164411" lon="2.7170684722487204">
        <ele>1381</ele>
      </trkpt>
      <trkpt lat="42.42180621781424" lon="2.716998855617021">
        <ele>1381</ele>
      </trkpt>
      <trkpt lat="42.42179477398437" lon="2.7169292389853217">
        <ele>1382</ele>
      </trkpt>
      <trkpt lat="42.42177188632463" lon="2.7168338737364186">
        <ele>1383</ele>
      </trkpt>
      <trkpt lat="42.42174995231738" lon="2.7167394621400041">
        <ele>1384</ele>
      </trkpt>
      <trkpt lat="42.42174232309747" lon="2.7166498188060348">
        <ele>1383</ele>
      </trkpt>
      <trkpt lat="42.42173469387756" lon="2.7165601754720661">
        <ele>1383</ele>
      </trkpt>
      <trkpt lat="42.42173374022507" lon="2.7164876978828993">
        <ele>1382</ele>
      </trkpt>
      <trkpt lat="42.42173278657258" lon="2.7164152202937331">
        <ele>1381</ele>
      </trkpt>
      <trkpt lat="42.42172420370018" lon="2.716353232881946">
        <ele>1380</ele>
      </trkpt>
      <trkpt lat="42.42171657448026" lon="2.7162921991226479">
        <ele>1380</ele>
      </trkpt>
      <trkpt lat="42.42163932862866" lon="2.7159641426664205">
        <ele>1378</ele>
      </trkpt>
      <trkpt lat="42.42159641426665" lon="2.715869731070006">
        <ele>1378</ele>
      </trkpt>
      <trkpt lat="42.42159641426665" lon="2.715869731070006">
        <ele>1378</ele>
      </trkpt>
      <trkpt lat="42.42174423040245" lon="2.7145336639328708">
        <ele>1347</ele>
      </trkpt>
      <trkpt lat="42.42181384703414" lon="2.7144335304215224">
        <ele>1342</ele>
      </trkpt>
      <trkpt lat="42.42176330345223" lon="2.7141092885752514">
        <ele>1338</ele>
      </trkpt>
      <trkpt lat="42.42182242990655" lon="2.7138594316231246">
        <ele>1331</ele>
      </trkpt>
      <trkpt lat="42.42197501430479" lon="2.7135714285714365">
        <ele>1319</ele>
      </trkpt>
      <trkpt lat="42.4219568949075" lon="2.7132719816898803">
        <ele>1315</ele>
      </trkpt>
      <trkpt lat="42.42226492466146" lon="2.7127865725729623">
        <ele>1299</ele>
      </trkpt>
      <trkpt lat="42.42230688537098" lon="2.7123927140949919">
        <ele>1292</ele>
      </trkpt>
      <trkpt lat="42.42239843600993" lon="2.7120741941636548">
        <ele>1283</ele>
      </trkpt>
      <trkpt lat="42.42264638565707" lon="2.7115506389471755">
        <ele>1265</ele>
      </trkpt>
      <trkpt lat="42.42266927331681" lon="2.7114104520312878">
        <ele>1262</ele>
      </trkpt>
      <trkpt lat="42.42294106427619" lon="2.7112464238031739">
        <ele>1254</ele>
      </trkpt>
      <trkpt lat="42.42322906732787" lon="2.7107066564943816">
        <ele>1242</ele>
      </trkpt>
      <trkpt lat="42.42313656303644" lon="2.7104567995422548">
        <ele>1238</ele>
      </trkpt>
      <trkpt lat="42.42317089452605" lon="2.710324241846279">
        <ele>1235</ele>
      </trkpt>
      <trkpt lat="42.42303452222011" lon="2.7100467289719705">
        <ele>1232</ele>
      </trkpt>
      <trkpt lat="42.42312416555408" lon="2.7098149914171357">
        <ele>1225</ele>
      </trkpt>
      <trkpt lat="42.42307076101469" lon="2.7095222201030023">
        <ele>1220</ele>
      </trkpt>
      <trkpt lat="42.4230793438871" lon="2.7091684150295712">
        <ele>1212</ele>
      </trkpt>
      <trkpt lat="42.42316040434866" lon="2.7089242799923787">
        <ele>1207</ele>
      </trkpt>
      <trkpt lat="42.42303452222011" lon="2.708850848750723">
        <ele>1207</ele>
      </trkpt>
      <trkpt lat="42.4230612244898" lon="2.7084970436772919">
        <ele>1201</ele>
      </trkpt>
      <trkpt lat="42.4233139423994" lon="2.7079601373259665">
        <ele>1184</ele>
      </trkpt>
      <trkpt lat="42.42325958420752" lon="2.7073250047682702">
        <ele>1168</ele>
      </trkpt>
      <trkpt lat="42.42335876406638" lon="2.7071666984550911">
        <ele>1162</ele>
      </trkpt>
      <trkpt lat="42.42328628647721" lon="2.7070808697310778">
        <ele>1160</ele>
      </trkpt>
      <trkpt lat="42.42345794392524" lon="2.7065439633797523">
        <ele>1146</ele>
      </trkpt>
      <trkpt lat="42.42346652679764" lon="2.7058487507152473">
        <ele>1129</ele>
      </trkpt>
      <trkpt lat="42.42335876406638" lon="2.70537287812322">
        <ele>1110</ele>
      </trkpt>
      <trkpt lat="42.42349036810987" lon="2.7051926378027926">
        <ele>1108</ele>
      </trkpt>
      <trkpt lat="42.42355998474157" lon="2.7048302498569603">
        <ele>1098</ele>
      </trkpt>
      <trkpt lat="42.42370017165746" lon="2.7046728971962697">
        <ele>1096</ele>
      </trkpt>
      <trkpt lat="42.42381556360863" lon="2.704421132939165">
        <ele>1090</ele>
      </trkpt>
      <trkpt lat="42.42407114247569" lon="2.7042637802784744">
        <ele>1089</ele>
      </trkpt>
      <trkpt lat="42.42419893190922" lon="2.703869921800504">
        <ele>1078</ele>
      </trkpt>
      <trkpt lat="42.42450123974825" lon="2.7036019454510858">
        <ele>1074</ele>
      </trkpt>
      <trkpt lat="42.4247224871257" lon="2.7032872401297046">
        <ele>1069</ele>
      </trkpt>
      <trkpt lat="42.42488460804883" lon="2.7030831584970518">
        <ele>1066</ele>
      </trkpt>
      <trkpt lat="42.42558172801832" lon="2.7026416173946295">
        <ele>1056</ele>
      </trkpt>
      <trkpt lat="42.42581441922564" lon="2.7024375357619763">
        <ele>1056</ele>
      </trkpt>
      <trkpt lat="42.42630268930002" lon="2.702689300019081">
        <ele>1042</ele>
      </trkpt>
      <trkpt lat="42.42668891855809" lon="2.7025014304787414">
        <ele>1032</ele>
      </trkpt>
      <trkpt lat="42.42724585161168" lon="2.7024232309746408">
        <ele>1013</ele>
      </trkpt>
      <trkpt lat="42.42867537669274" lon="2.7018720198359798">
        <ele>970</ele>
      </trkpt>
      <trkpt lat="42.42878027846653" lon="2.7016040434865616">
        <ele>968</ele>
      </trkpt>
      <trkpt lat="42.42904730116346" lon="2.7016202555788751">
        <ele>954</ele>
      </trkpt>
      <trkpt lat="42.42950028609575" lon="2.70210852565326">
        <ele>933</ele>
      </trkpt>
      <trkpt lat="42.4299656685104" lon="2.7020608430288084">
        <ele>916</ele>
      </trkpt>
      <trkpt lat="42.43046538241465" lon="2.7023126072859132">
        <ele>897</ele>
      </trkpt>
      <trkpt lat="42.43086782376503" lon="2.7026120541674694">
        <ele>883</ele>
      </trkpt>
      <trkpt lat="42.43181193972917" lon="2.702513827961099">
        <ele>861</ele>
      </trkpt>
      <trkpt lat="42.43282853328248" lon="2.7028333015449251">
        <ele>832</ele>
      </trkpt>
      <trkpt lat="42.43252050352852" lon="2.7038174709136071">
        <ele>819</ele>
      </trkpt>
      <trkpt lat="42.43139423993897" lon="2.7044077818043184">
        <ele>831</ele>
      </trkpt>
      <trkpt lat="42.43188441731834" lon="2.7045794392523446">
        <ele>819</ele>
      </trkpt>
      <trkpt lat="42.43235647530041" lon="2.704825481594515">
        <ele>807</ele>
      </trkpt>
      <trkpt lat="42.43266545870686" lon="2.7055636086210266">
        <ele>801</ele>
      </trkpt>
      <trkpt lat="42.43315563608622" lon="2.7056618348273966">
        <ele>789</ele>
      </trkpt>
      <trkpt lat="42.43304691970247" lon="2.7048998664886597">
        <ele>793</ele>
      </trkpt>
      <trkpt lat="42.4334093076483" lon="2.7050228876597449">
        <ele>784</ele>
      </trkpt>
      <trkpt lat="42.43399103566661" lon="2.7052441350372005">
        <ele>772</ele>
      </trkpt>
      <trkpt lat="42.43438966240703" lon="2.7049485027656002">
        <ele>767</ele>
      </trkpt>
      <trkpt lat="42.43460804882702" lon="2.7039891283616329">
        <ele>769</ele>
      </trkpt>
      <trkpt lat="42.43478924279993" lon="2.702464238031669">
        <ele>753</ele>
      </trkpt>
      <trkpt lat="42.43455559794012" lon="2.701413312988755">
        <ele>756</ele>
      </trkpt>
      <trkpt lat="42.43465763875644" lon="2.7013379744421213">
        <ele>753</ele>
      </trkpt>
      <trkpt lat="42.43527751287431" lon="2.7015754339118905">
        <ele>735</ele>
      </trkpt>
      <trkpt lat="42.43535285142095" lon="2.7005807743658292">
        <ele>738</ele>
      </trkpt>
      <trkpt lat="42.43523269120733" lon="2.7001745184055008">
        <ele>749</ele>
      </trkpt>
      <trkpt lat="42.43537097081824" lon="2.7000000000000082">
        <ele>745</ele>
      </trkpt>
      <trkpt lat="42.43537097081824" lon="2.6999999999999975">
        <ele>745</ele>
      </trkpt>
      <trkpt lat="42.43545775319474" lon="2.6998903299637589">
        <ele>745</ele>
      </trkpt>
      <trkpt lat="42.43587736028991" lon="2.6995851611672683">
        <ele>739</ele>
      </trkpt>
      <trkpt lat="42.43610146862484" lon="2.6991388518024011">
        <ele>747</ele>
      </trkpt>
      <trkpt lat="42.43688155636087" lon="2.6988746900629388">
        <ele>730</ele>
      </trkpt>
      <trkpt lat="42.4373221438108" lon="2.6988146099561297">
        <ele>722</ele>
      </trkpt>
      <trkpt lat="42.43717242037003" lon="2.6984083539958017">
        <ele>743</ele>
      </trkpt>
      <trkpt lat="42.43810890711426" lon="2.6978495136372285">
        <ele>743</ele>
      </trkpt>
      <trkpt lat="42.43835208849896" lon="2.69708849895098">
        <ele>763</ele>
      </trkpt>
      <trkpt lat="42.43857715048637" lon="2.6970627503337763">
        <ele>751</ele>
      </trkpt>
      <trkpt lat="42.43876406637422" lon="2.6968596223536121">
        <ele>747</ele>
      </trkpt>
      <trkpt lat="42.43915792485219" lon="2.6958191874880773">
        <ele>756</ele>
      </trkpt>
      <trkpt lat="42.43971295060081" lon="2.6951754720579797">
        <ele>744</ele>
      </trkpt>
      <trkpt lat="42.43983692542438" lon="2.6946099561319832">
        <ele>744</ele>
      </trkpt>
      <trkpt lat="42.43972916269312" lon="2.6941283616250216">
        <ele>751</ele>
      </trkpt>
      <trkpt lat="42.43989891283617" lon="2.6938136563036408">
        <ele>752</ele>
      </trkpt>
      <trkpt lat="42.44" lon="2.6937478542818973">
        <ele>750</ele>
      </trkpt>
      <trkpt lat="42.43999999999999" lon="2.6937478542818973">
        <ele>750</ele>
      </trkpt>
      <trkpt lat="42.44028514209421" lon="2.693562845699025">
        <ele>748</ele>
      </trkpt>
      <trkpt lat="42.44079534617584" lon="2.6935418653442662">
        <ele>738</ele>
      </trkpt>
      <trkpt lat="42.44132176234979" lon="2.6931642189586094">
        <ele>729</ele>
      </trkpt>
      <trkpt lat="42.44144478352087" lon="2.6926406637421301">
        <ele>728</ele>
      </trkpt>
      <trkpt lat="42.44093457943924" lon="2.691655540720959">
        <ele>725</ele>
      </trkpt>
      <trkpt lat="42.44164600419606" lon="2.6900848750715216">
        <ele>659</ele>
      </trkpt>
      <trkpt lat="42.44170799160785" lon="2.6882624451649795">
        <ele>649</ele>
      </trkpt>
      <trkpt lat="42.44286763303451" lon="2.6872983024985673">
        <ele>598</ele>
      </trkpt>
      <trkpt lat="42.44317470913598" lon="2.6869645241274056">
        <ele>586</ele>
      </trkpt>
      <trkpt lat="42.44358573335875" lon="2.6860270837306861">
        <ele>561</ele>
      </trkpt>
      <trkpt lat="42.4435037192447" lon="2.6857371733740201">
        <ele>565</ele>
      </trkpt>
      <trkpt lat="42.44325672325004" lon="2.6856255960328035">
        <ele>578</ele>
      </trkpt>
      <trkpt lat="42.44361911119587" lon="2.6850686629792082">
        <ele>564</ele>
      </trkpt>
      <trkpt lat="42.44412168605759" lon="2.6846347510966981">
        <ele>549</ele>
      </trkpt>
      <trkpt lat="42.44422086591645" lon="2.6843658210947909">
        <ele>550</ele>
      </trkpt>
      <trkpt lat="42.44422086591645" lon="2.6843658210947909">
        <ele>550</ele>
      </trkpt>
      <trkpt lat="42.44416746137706" lon="2.6843581918748787">
        <ele>551</ele>
      </trkpt>
      <trkpt lat="42.44408067900056" lon="2.6843219530802953">
        <ele>555</ele>
      </trkpt>
      <trkpt lat="42.44399389662406" lon="2.6842866679382009">
        <ele>559</ele>
      </trkpt>
      <trkpt lat="42.44393000190729" lon="2.6842294487888592">
        <ele>562</ele>
      </trkpt>
      <trkpt lat="42.44393190921227" lon="2.684136944497423">
        <ele>562</ele>
      </trkpt>
      <trkpt lat="42.44393381651725" lon="2.6840444402059869">
        <ele>560</ele>
      </trkpt>
      <trkpt lat="42.44392427999236" lon="2.6840129696738484">
        <ele>559</ele>
      </trkpt>
      <trkpt lat="42.44387087545297" lon="2.6839061605950767">
        <ele>559</ele>
      </trkpt>
      <trkpt lat="42.44384989509822" lon="2.683877551020406">
        <ele>559</ele>
      </trkpt>
      <trkpt lat="42.4437726492466" lon="2.6838699218004938">
        <ele>561</ele>
      </trkpt>
      <trkpt lat="42.44369540339499" lon="2.6838632462330705">
        <ele>564</ele>
      </trkpt>
      <trkpt lat="42.44360671371351" lon="2.6838651535380484">
        <ele>567</ele>
      </trkpt>
      <trkpt lat="42.44351802403203" lon="2.6838670608430264">
        <ele>570</ele>
      </trkpt>
      <trkpt lat="42.44345222201029" lon="2.6838527560556908">
        <ele>572</ele>
      </trkpt>
      <trkpt lat="42.44338737364103" lon="2.6838384512683557">
        <ele>574</ele>
      </trkpt>
      <trkpt lat="42.44329296204462" lon="2.6838022124737724">
        <ele>577</ele>
      </trkpt>
      <trkpt lat="42.44318615296585" lon="2.6837392714094963">
        <ele>581</ele>
      </trkpt>
      <trkpt lat="42.44308697310699" lon="2.683652489032994">
        <ele>584</ele>
      </trkpt>
      <trkpt lat="42.44298874690062" lon="2.6835657066564922">
        <ele>587</ele>
      </trkpt>
      <trkpt lat="42.44288670608429" lon="2.6835285142094198">
        <ele>591</ele>
      </trkpt>
      <trkpt lat="42.44283711615486" lon="2.6834655731451438">
        <ele>592</ele>
      </trkpt>
      <trkpt lat="42.44278752622543" lon="2.6834035857333567">
        <ele>592</ele>
      </trkpt>
      <trkpt lat="42.44270741941635" lon="2.6833768834636635">
        <ele>595</ele>
      </trkpt>
      <trkpt lat="42.44262731260727" lon="2.6833501811939708">
        <ele>598</ele>
      </trkpt>
      <trkpt lat="42.44253290101086" lon="2.6832939156971176">
        <ele>601</ele>
      </trkpt>
      <trkpt lat="42.44248712569139" lon="2.6832233454129293">
        <ele>600</ele>
      </trkpt>
      <trkpt lat="42.44244135037192" lon="2.6831537287812299">
        <ele>597</ele>
      </trkpt>
      <trkpt lat="42.44242895288956" lon="2.6830907877169539">
        <ele>594</ele>
      </trkpt>
      <trkpt lat="42.44241750905969" lon="2.6830278466526774">
        <ele>592</ele>
      </trkpt>
      <trkpt lat="42.44229544154109" lon="2.6829391569711976">
        <ele>586</ele>
      </trkpt>
      <trkpt lat="42.44222963951935" lon="2.6829534617585331">
        <ele>586</ele>
      </trkpt>
      <trkpt lat="42.44213045966049" lon="2.6830555025748595">
        <ele>588</ele>
      </trkpt>
      <trkpt lat="42.44208086973106" lon="2.6831203509441135">
        <ele>589</ele>
      </trkpt>
      <trkpt lat="42.44203223345412" lon="2.6831861529658569">
        <ele>590</ele>
      </trkpt>
      <trkpt lat="42.44189490749569" lon="2.6834302880030494">
        <ele>597</ele>
      </trkpt>
      <trkpt lat="42.44173183292007" lon="2.6838603852756031">
        <ele>611</ele>
      </trkpt>
      <trkpt lat="42.44161358001143" lon="2.6839748235742871">
        <ele>613</ele>
      </trkpt>
      <trkpt lat="42.44149246614533" lon="2.6840024794964692">
        <ele>611</ele>
      </trkpt>
      <trkpt lat="42.44137230593171" lon="2.6840310890711403">
        <ele>608</ele>
      </trkpt>
      <trkpt lat="42.44132462330725" lon="2.6840978447453727">
        <ele>610</ele>
      </trkpt>
      <trkpt lat="42.4412769406828" lon="2.6841646004196047">
        <ele>611</ele>
      </trkpt>
      <trkpt lat="42.44120446309364" lon="2.6842103757390783">
        <ele>611</ele>
      </trkpt>
      <trkpt lat="42.44113293915696" lon="2.6842561510585519">
        <ele>611</ele>
      </trkpt>
      <trkpt lat="42.44105664695784" lon="2.6842408926187273">
        <ele>608</ele>
      </trkpt>
      <trkpt lat="42.44098035475871" lon="2.6842265878313918">
        <ele>605</ele>
      </trkpt>
      <trkpt lat="42.4409031089071" lon="2.6842466145336616">
        <ele>604</ele>
      </trkpt>
      <trkpt lat="42.44080392904824" lon="2.6842590120160192">
        <ele>603</ele>
      </trkpt>
      <trkpt lat="42.44070570284187" lon="2.6842714094983764">
        <ele>605</ele>
      </trkpt>
      <trkpt lat="42.4406427617776" lon="2.6842962044630916">
        <ele>607</ele>
      </trkpt>
      <trkpt lat="42.44054930383367" lon="2.684316231165361">
        <ele>608</ele>
      </trkpt>
      <trkpt lat="42.44045393858477" lon="2.6843105092504267">
        <ele>609</ele>
      </trkpt>
      <trkpt lat="42.44035952698835" lon="2.6843057409879818">
        <ele>609</ele>
      </trkpt>
      <trkpt lat="42.44024127407972" lon="2.6842246805264138">
        <ele>605</ele>
      </trkpt>
      <trkpt lat="42.44012302117108" lon="2.6841436200648463">
        <ele>602</ele>
      </trkpt>
      <trkpt lat="42.44006103375929" lon="2.6841550638947145">
        <ele>602</ele>
      </trkpt>
      <trkpt lat="42.43999999999999" lon="2.6841674613770721">
        <ele>603</ele>
      </trkpt>
      <trkpt lat="42.44" lon="2.6841674613770721">
        <ele>603</ele>
      </trkpt>
      <trkpt lat="42.43991893953844" lon="2.6841808125119182">
        <ele>604</ele>
      </trkpt>
      <trkpt lat="42.43983787907687" lon="2.6841951172992538">
        <ele>605</ele>
      </trkpt>
      <trkpt lat="42.43948025939348" lon="2.6842218195689469">
        <ele>607</ele>
      </trkpt>
      <trkpt lat="42.43940205988938" lon="2.6842246805264138">
        <ele>608</ele>
      </trkpt>
      <trkpt lat="42.43932386038528" lon="2.6842275414838812">
        <ele>608</ele>
      </trkpt>
      <trkpt lat="42.43930574098799" lon="2.6842323097463261">
        <ele>608</ele>
      </trkpt>
      <trkpt lat="42.43924947549114" lon="2.6842866679382009">
        <ele>610</ele>
      </trkpt>
      <trkpt lat="42.43919511729926" lon="2.6842714094983764">
        <ele>610</ele>
      </trkpt>
      <trkpt lat="42.43911977875263" lon="2.6842771314133107">
        <ele>611</ele>
      </trkpt>
      <trkpt lat="42.439044440206" lon="2.684282853328245">
        <ele>614</ele>
      </trkpt>
      <trkpt lat="42.43893381651727" lon="2.6843009727255365">
        <ele>618</ele>
      </trkpt>
      <trkpt lat="42.43881842456609" lon="2.68439633797444">
        <ele>623</ele>
      </trkpt>
      <trkpt lat="42.43872019835973" lon="2.6843629601373236">
        <ele>625</ele>
      </trkpt>
      <trkpt lat="42.43862292580584" lon="2.6843305359526966">
        <ele>628</ele>
      </trkpt>
      <trkpt lat="42.43863055502575" lon="2.6842561510585519">
        <ele>627</ele>
      </trkpt>
      <trkpt lat="42.43863913789816" lon="2.6841817661644076">
        <ele>626</ele>
      </trkpt>
      <trkpt lat="42.43874594697693" lon="2.6840625596032783">
        <ele>623</ele>
      </trkpt>
      <trkpt lat="42.43881842456609" lon="2.6839958039290459">
        <ele>620</ele>
      </trkpt>
      <trkpt lat="42.43889185580775" lon="2.6839290482548135">
        <ele>617</ele>
      </trkpt>
      <trkpt lat="42.438913789815" lon="2.6838508487507129">
        <ele>617</ele>
      </trkpt>
      <trkpt lat="42.43893667747474" lon="2.6837736028991013">
        <ele>616</ele>
      </trkpt>
      <trkpt lat="42.43898245279421" lon="2.6837030326149129">
        <ele>613</ele>
      </trkpt>
      <trkpt lat="42.43902918176617" lon="2.6836334159832136">
        <ele>611</ele>
      </trkpt>
      <trkpt lat="42.43907686439062" lon="2.6835475872592003">
        <ele>608</ele>
      </trkpt>
      <trkpt lat="42.43912550066756" lon="2.6834627121876764">
        <ele>604</ele>
      </trkpt>
      <trkpt lat="42.43917795155446" lon="2.6833473202365035">
        <ele>600</ele>
      </trkpt>
      <trkpt lat="42.43923135609385" lon="2.6832328819378195">
        <ele>601</ele>
      </trkpt>
      <trkpt lat="42.43928380698074" lon="2.6831403776463834">
        <ele>601</ele>
      </trkpt>
      <trkpt lat="42.43934388708755" lon="2.6830774365821073">
        <ele>600</ele>
      </trkpt>
      <trkpt lat="42.43939252336449" lon="2.6829858859431601">
        <ele>600</ele>
      </trkpt>
      <trkpt lat="42.43944688155636" lon="2.6828981499141689">
        <ele>599</ele>
      </trkpt>
      <trkpt lat="42.43950123974825" lon="2.682811367537667">
        <ele>598</ele>
      </trkpt>
      <trkpt lat="42.43954892237269" lon="2.6827522410833469">
        <ele>597</ele>
      </trkpt>
      <trkpt lat="42.43958516116728" lon="2.6826816707991585">
        <ele>596</ele>
      </trkpt>
      <trkpt lat="42.43962426091933" lon="2.6825672325004746">
        <ele>596</ele>
      </trkpt>
      <trkpt lat="42.43967957276369" lon="2.6824794964714833">
        <ele>595</ele>
      </trkpt>
      <trkpt lat="42.43973488460806" lon="2.6823927140949815">
        <ele>594</ele>
      </trkpt>
      <trkpt lat="42.43976826244517" lon="2.6823126072859029">
        <ele>595</ele>
      </trkpt>
      <trkpt lat="42.43980259393478" lon="2.6822334541293129">
        <ele>595</ele>
      </trkpt>
      <trkpt lat="42.43985313751669" lon="2.6821600228876576">
        <ele>594</ele>
      </trkpt>
      <trkpt lat="42.43988937631128" lon="2.682083730688535">
        <ele>594</ele>
      </trkpt>
      <trkpt lat="42.43988842265879" lon="2.6820322334541271">
        <ele>595</ele>
      </trkpt>
      <trkpt lat="42.43987125691399" lon="2.6819635704749167">
        <ele>598</ele>
      </trkpt>
      <trkpt lat="42.43985409116919" lon="2.6818958611481953">
        <ele>601</ele>
      </trkpt>
      <trkpt lat="42.43985123021172" lon="2.6818119397291604">
        <ele>603</ele>
      </trkpt>
      <trkpt lat="42.43984836925425" lon="2.6817289719626145">
        <ele>606</ele>
      </trkpt>
      <trkpt lat="42.43985123021172" lon="2.6816250238413097">
        <ele>609</ele>
      </trkpt>
      <trkpt lat="42.43987983978639" lon="2.6815506389471655">
        <ele>610</ele>
      </trkpt>
      <trkpt lat="42.43990844936106" lon="2.6814762540530208">
        <ele>611</ele>
      </trkpt>
      <trkpt lat="42.43995422468053" lon="2.6814085447262994">
        <ele>610</ele>
      </trkpt>
      <trkpt lat="42.44" lon="2.681340835399578">
        <ele>610</ele>
      </trkpt>
      <trkpt lat="42.43999999999999" lon="2.681340835399578">
        <ele>610</ele>
      </trkpt>
      <trkpt lat="42.44003909975204" lon="2.6812836162502363">
        <ele>610</ele>
      </trkpt>
      <trkpt lat="42.44019931337019" lon="2.6811338928094579">
        <ele>608</ele>
      </trkpt>
      <trkpt lat="42.44045203127979" lon="2.6806551592599632">
        <ele>613</ele>
      </trkpt>
      <trkpt lat="42.44051401869158" lon="2.6805502574861699">
        <ele>614</ele>
      </trkpt>
      <trkpt lat="42.44053881365629" lon="2.6804911310318498">
        <ele>615</ele>
      </trkpt>
      <trkpt lat="42.44057982071332" lon="2.6802212473774536">
        <ele>622</ele>
      </trkpt>
      <trkpt lat="42.44063608621018" lon="2.6800905969864557">
        <ele>623</ele>
      </trkpt>
      <trkpt lat="42.44073240511157" lon="2.6799999999999979">
        <ele>620</ele>
      </trkpt>
      <trkpt lat="42.44073240511157" lon="2.6800000000000157">
        <ele>620</ele>
      </trkpt>
      <trkpt lat="42.44080202174327" lon="2.6799341979782727">
        <ele>618</ele>
      </trkpt>
      <trkpt lat="42.44087163837496" lon="2.6798683959565293">
        <ele>616</ele>
      </trkpt>
      <trkpt lat="42.4409383940492" lon="2.6797835208850054">
        <ele>616</ele>
      </trkpt>
      <trkpt lat="42.44100610337592" lon="2.6796995994659705">
        <ele>616</ele>
      </trkpt>
      <trkpt lat="42.44106522983024" lon="2.679600419607111">
        <ele>616</ele>
      </trkpt>
      <trkpt lat="42.44112435628456" lon="2.6795012397482516">
        <ele>616</ele>
      </trkpt>
      <trkpt lat="42.44122448979591" lon="2.6793848941445897">
        <ele>614</ele>
      </trkpt>
      <trkpt lat="42.44128456990271" lon="2.6792971581155984">
        <ele>614</ele>
      </trkpt>
      <trkpt lat="42.44133511348463" lon="2.6791827198169145">
        <ele>615</ele>
      </trkpt>
      <trkpt lat="42.44139328628646" lon="2.6791226397101058">
        <ele>613</ele>
      </trkpt>
      <trkpt lat="42.44140568376882" lon="2.6790682815182305">
        <ele>613</ele>
      </trkpt>
      <trkpt lat="42.44136181575433" lon="2.6789738699218164">
        <ele>616</ele>
      </trkpt>
      <trkpt lat="42.44131794773983" lon="2.6788794583254023">
        <ele>619</ele>
      </trkpt>
      <trkpt lat="42.44129601373258" lon="2.6787898149914331">
        <ele>621</ele>
      </trkpt>
      <trkpt lat="42.44127407972534" lon="2.6787001716574639">
        <ele>624</ele>
      </trkpt>
      <trkpt lat="42.44126168224298" lon="2.6786076673660277">
        <ele>625</ele>
      </trkpt>
      <trkpt lat="42.44124928476062" lon="2.6785151630745916">
        <ele>627</ele>
      </trkpt>
      <trkpt lat="42.44120923135608" lon="2.6784188441731991">
        <ele>630</ele>
      </trkpt>
      <trkpt lat="42.44117013160403" lon="2.678323478924296">
        <ele>633</ele>
      </trkpt>
      <trkpt lat="42.44113675376692" lon="2.6782576769025526">
        <ele>635</ele>
      </trkpt>
      <trkpt lat="42.44110432958229" lon="2.6781928285332985">
        <ele>636</ele>
      </trkpt>
      <trkpt lat="42.44110909784473" lon="2.6780755292771472">
        <ele>636</ele>
      </trkpt>
      <trkpt lat="42.4411901583063" lon="2.6779992370780246">
        <ele>632</ele>
      </trkpt>
      <trkpt lat="42.44121972153346" lon="2.6779610909784632">
        <ele>631</ele>
      </trkpt>
      <trkpt lat="42.44129029181765" lon="2.6779153156589897">
        <ele>629</ele>
      </trkpt>
      <trkpt lat="42.44136086210184" lon="2.6778704939920051">
        <ele>626</ele>
      </trkpt>
      <trkpt lat="42.44141140568376" lon="2.6778247186725315">
        <ele>625</ele>
      </trkpt>
      <trkpt lat="42.44144382986838" lon="2.6777789433530579">
        <ele>624</ele>
      </trkpt>
      <trkpt lat="42.44150581728017" lon="2.6777589166507885">
        <ele>622</ele>
      </trkpt>
      <trkpt lat="42.44154396337974" lon="2.6777131413313149">
        <ele>621</ele>
      </trkpt>
      <trkpt lat="42.44147434674803" lon="2.6776358954797033">
        <ele>624</ele>
      </trkpt>
      <trkpt lat="42.44142666412358" lon="2.6775510204081794">
        <ele>627</ele>
      </trkpt>
      <trkpt lat="42.44139996185389" lon="2.6774327674995391">
        <ele>626</ele>
      </trkpt>
      <trkpt lat="42.44138279610909" lon="2.6774070188823353">
        <ele>625</ele>
      </trkpt>
      <trkpt lat="42.44132462330725" lon="2.6773602899103728">
        <ele>625</ele>
      </trkpt>
      <trkpt lat="42.44127026511538" lon="2.6773612435628618">
        <ele>626</ele>
      </trkpt>
      <trkpt lat="42.44119492656875" lon="2.6773393095556139">
        <ele>627</ele>
      </trkpt>
      <trkpt lat="42.4411205416746" lon="2.6773173755483661">
        <ele>628</ele>
      </trkpt>
      <trkpt lat="42.44102708373067" lon="2.6772983024985852">
        <ele>630</ele>
      </trkpt>
      <trkpt lat="42.44093362578676" lon="2.6772792294488048">
        <ele>632</ele>
      </trkpt>
      <trkpt lat="42.44086210185007" lon="2.6772544344840901">
        <ele>632</ele>
      </trkpt>
      <trkpt lat="42.44079153156589" lon="2.6772305931718643">
        <ele>633</ele>
      </trkpt>
      <trkpt lat="42.44068949074956" lon="2.6772162883845287">
        <ele>635</ele>
      </trkpt>
      <trkpt lat="42.44060652298301" lon="2.6772134274270614">
        <ele>637</ele>
      </trkpt>
      <trkpt lat="42.44053213808887" lon="2.6772468052641778">
        <ele>640</ele>
      </trkpt>
      <trkpt lat="42.44045775319472" lon="2.6772801831012938">
        <ele>642</ele>
      </trkpt>
      <trkpt lat="42.44037860003814" lon="2.6772935342361404">
        <ele>645</ele>
      </trkpt>
      <trkpt lat="42.44028323478923" lon="2.6772944878886293">
        <ele>647</ele>
      </trkpt>
      <trkpt lat="42.44018882319282" lon="2.6772963951936073">
        <ele>649</ele>
      </trkpt>
      <trkpt lat="42.44008010680907" lon="2.6772878123212061">
        <ele>651</ele>
      </trkpt>
      <trkpt lat="42.43999999999999" lon="2.6773240511157894">
        <ele>654</ele>
      </trkpt>
      <trkpt lat="42.44" lon="2.6773240511157894">
        <ele>654</ele>
      </trkpt>
      <trkpt lat="42.43995994659547" lon="2.6773412168605919">
        <ele>656</ele>
      </trkpt>
      <trkpt lat="42.43986744230403" lon="2.6772916269311624">
        <ele>658</ele>
      </trkpt>
      <trkpt lat="42.43977207705512" lon="2.6772839977112501">
        <ele>661</ele>
      </trkpt>
      <trkpt lat="42.43965573145147" lon="2.6772963951936073">
        <ele>666</ele>
      </trkpt>
      <trkpt lat="42.4395832538623" lon="2.6772592027465349">
        <ele>667</ele>
      </trkpt>
      <trkpt lat="42.4395308029754" lon="2.6771848178523907">
        <ele>667</ele>
      </trkpt>
      <trkpt lat="42.439522220103" lon="2.677078962426108">
        <ele>665</ele>
      </trkpt>
      <trkpt lat="42.43946595460615" lon="2.6769759679572922">
        <ele>664</ele>
      </trkpt>
      <trkpt lat="42.43941064276179" lon="2.6768729734884769">
        <ele>664</ele>
      </trkpt>
      <trkpt lat="42.43936963570476" lon="2.676788098416953">
        <ele>663</ele>
      </trkpt>
      <trkpt lat="42.43932862864773" lon="2.6767041769979181">
        <ele>663</ele>
      </trkpt>
      <trkpt lat="42.43926568758345" lon="2.6766097654015035">
        <ele>663</ele>
      </trkpt>
      <trkpt lat="42.4391741369445" lon="2.6765868777417667">
        <ele>666</ele>
      </trkpt>
      <trkpt lat="42.43890616059509" lon="2.6766040434865692">
        <ele>670</ele>
      </trkpt>
      <trkpt lat="42.43882986839596" lon="2.6766307457562624">
        <ele>672</ele>
      </trkpt>
      <trkpt lat="42.43856761396148" lon="2.6765735266069202">
        <ele>674</ele>
      </trkpt>
      <trkpt lat="42.43850181193974" lon="2.6765706656494532">
        <ele>674</ele>
      </trkpt>
      <trkpt lat="42.43843600991799" lon="2.6765678046919863">
        <ele>675</ele>
      </trkpt>
      <trkpt lat="42.43834827388901" lon="2.6765468243372275">
        <ele>676</ele>
      </trkpt>
      <trkpt lat="42.43828437917224" lon="2.6765563608621177">
        <ele>677</ele>
      </trkpt>
      <trkpt lat="42.43822048445547" lon="2.6765668510394973">
        <ele>679</ele>
      </trkpt>
      <trkpt lat="42.43788956704178" lon="2.6764094983788067">
        <ele>681</ele>
      </trkpt>
      <trkpt lat="42.43780183101278" lon="2.6762998283425681">
        <ele>680</ele>
      </trkpt>
      <trkpt lat="42.43772363150868" lon="2.6762769406828313">
        <ele>681</ele>
      </trkpt>
      <trkpt lat="42.43761110051498" lon="2.6762044630936646">
        <ele>681</ele>
      </trkpt>
      <trkpt lat="42.43752717909594" lon="2.6761424756818775">
        <ele>681</ele>
      </trkpt>
      <trkpt lat="42.4374442113294" lon="2.6760804882700904">
        <ele>682</ele>
      </trkpt>
      <trkpt lat="42.43734789242801" lon="2.6759841693686979">
        <ele>682</ele>
      </trkpt>
      <trkpt lat="42.43728685866871" lon="2.6759422086591806">
        <ele>682</ele>
      </trkpt>
      <trkpt lat="42.43723345412932" lon="2.6758802212473936">
        <ele>682</ele>
      </trkpt>
      <trkpt lat="42.43718004958993" lon="2.675818233835606">
        <ele>681</ele>
      </trkpt>
      <trkpt lat="42.43714476444784" lon="2.6757476635514177">
        <ele>681</ele>
      </trkpt>
      <trkpt lat="42.43710947930575" lon="2.6756780469197183">
        <ele>681</ele>
      </trkpt>
      <trkpt lat="42.43710089643335" lon="2.6753127980164186">
        <ele>675</ele>
      </trkpt>
      <trkpt lat="42.4371485790578" lon="2.6752069425901359">
        <ele>673</ele>
      </trkpt>
      <trkpt lat="42.43717814228496" lon="2.6751058554262985">
        <ele>672</ele>
      </trkpt>
      <trkpt lat="42.43718767880985" lon="2.675026702269709">
        <ele>671</ele>
      </trkpt>
      <trkpt lat="42.43719721533474" lon="2.6749475491131189">
        <ele>670</ele>
      </trkpt>
      <trkpt lat="42.4372353614343" lon="2.6748655349990624">
        <ele>669</ele>
      </trkpt>
      <trkpt lat="42.43729925615106" lon="2.674797825672341">
        <ele>668</ele>
      </trkpt>
      <trkpt lat="42.43730402441351" lon="2.6747158115582841">
        <ele>668</ele>
      </trkpt>
      <trkpt lat="42.43725729544155" lon="2.6747119969483277">
        <ele>667</ele>
      </trkpt>
      <trkpt lat="42.4372181956895" lon="2.6747015067709485">
        <ele>667</ele>
      </trkpt>
      <trkpt lat="42.43719816898723" lon="2.6746566851039639">
        <ele>667</ele>
      </trkpt>
      <trkpt lat="42.43712664505055" lon="2.6746824337211681">
        <ele>666</ele>
      </trkpt>
      <trkpt lat="42.43703223345413" lon="2.674686248331124">
        <ele>666</ele>
      </trkpt>
      <trkpt lat="42.43693877551021" lon="2.6746910165935693">
        <ele>665</ele>
      </trkpt>
      <trkpt lat="42.43684245660882" lon="2.6746948312035252">
        <ele>665</ele>
      </trkpt>
      <trkpt lat="42.43676139614725" lon="2.6746719435437885">
        <ele>664</ele>
      </trkpt>
      <trkpt lat="42.4366526797635" lon="2.6746795727637007">
        <ele>664</ele>
      </trkpt>
      <trkpt lat="42.43654491703224" lon="2.6747243944306853">
        <ele>666</ele>
      </trkpt>
      <trkpt lat="42.4365220293725" lon="2.6747015067709485">
        <ele>665</ele>
      </trkpt>
      <trkpt lat="42.43649246614535" lon="2.6746061415220455">
        <ele>663</ele>
      </trkpt>
      <trkpt lat="42.43646385657068" lon="2.6745107762731419">
        <ele>660</ele>
      </trkpt>
      <trkpt lat="42.43646290291818" lon="2.6744440205989095">
        <ele>657</ele>
      </trkpt>
      <trkpt lat="42.43646290291818" lon="2.6743782185771665">
        <ele>655</ele>
      </trkpt>
      <trkpt lat="42.43641712759871" lon="2.6743381651726272">
        <ele>654</ele>
      </trkpt>
      <trkpt lat="42.43639042532902" lon="2.6742761777608397">
        <ele>652</ele>
      </trkpt>
      <trkpt lat="42.43636372305932" lon="2.6742151440015416">
        <ele>649</ele>
      </trkpt>
      <trkpt lat="42.43629982834256" lon="2.6741235933625944">
        <ele>646</ele>
      </trkpt>
      <trkpt lat="42.43622258249095" lon="2.6740930764829454">
        <ele>645</ele>
      </trkpt>
      <trkpt lat="42.4361567804692" lon="2.674103566660325">
        <ele>645</ele>
      </trkpt>
      <trkpt lat="42.43608716383751" lon="2.6741436200648643">
        <ele>646</ele>
      </trkpt>
      <trkpt lat="42.4360185008583" lon="2.6741836734694036">
        <ele>647</ele>
      </trkpt>
      <trkpt lat="42.43590883082206" lon="2.6741808125119366">
        <ele>647</ele>
      </trkpt>
      <trkpt lat="42.43584875071524" lon="2.6741607858096668">
        <ele>646</ele>
      </trkpt>
      <trkpt lat="42.43580202174329" lon="2.6741302689300177">
        <ele>646</ele>
      </trkpt>
      <trkpt lat="42.43578771695595" lon="2.6740940301354348">
        <ele>645</ele>
      </trkpt>
      <trkpt lat="42.43566755674233" lon="2.673991989319108">
        <ele>644</ele>
      </trkpt>
      <trkpt lat="42.43559984741561" lon="2.6739462139996344">
        <ele>644</ele>
      </trkpt>
      <trkpt lat="42.43553213808889" lon="2.6739013923326498">
        <ele>644</ele>
      </trkpt>
      <trkpt lat="42.43545870684723" lon="2.6738708754530007">
        <ele>645</ele>
      </trkpt>
      <trkpt lat="42.43538527560558" lon="2.6738413122258406">
        <ele>646</ele>
      </trkpt>
      <trkpt lat="42.43527369826436" lon="2.6737840930764989">
        <ele>647</ele>
      </trkpt>
      <trkpt lat="42.4351659355331" lon="2.6737039862674199">
        <ele>647</ele>
      </trkpt>
      <trkpt lat="42.4351049017738" lon="2.6736648865153696">
        <ele>647</ele>
      </trkpt>
      <trkpt lat="42.4350438680145" lon="2.6736267404158083">
        <ele>647</ele>
      </trkpt>
      <trkpt lat="42.43494278085066" lon="2.6736162502384291">
        <ele>650</ele>
      </trkpt>
      <trkpt lat="42.43492207179361" lon="2.6735880106151666">
        <ele>650</ele>
      </trkpt>
      <trkpt lat="42.43492207178105" lon="2.6735880106086314">
        <ele>650</ele>
      </trkpt>
      <trkpt lat="42.43491035666604" lon="2.6735819187488237">
        <ele>650</ele>
      </trkpt>
      <trkpt lat="42.43491035666604" lon="2.6735819187488237">
        <ele>650</ele>
      </trkpt>
      <trkpt lat="42.43488365439634" lon="2.6735237459469929">
        <ele>649</ele>
      </trkpt>
      <trkpt lat="42.43488365439634" lon="2.6735237459469929">
        <ele>649</ele>
      </trkpt>
      <trkpt lat="42.4348874690063" lon="2.6734922754148549">
        <ele>648</ele>
      </trkpt>
      <trkpt lat="42.43492656875835" lon="2.6733873736410612">
        <ele>643</ele>
      </trkpt>
      <trkpt lat="42.4349656685104" lon="2.6732834255197564">
        <ele>639</ele>
      </trkpt>
      <trkpt lat="42.43497901964525" lon="2.6731737554835178">
        <ele>635</ele>
      </trkpt>
      <trkpt lat="42.43496948312035" lon="2.6731089071142633">
        <ele>633</ele>
      </trkpt>
      <trkpt lat="42.43495041007058" lon="2.6730535952698995">
        <ele>633</ele>
      </trkpt>
      <trkpt lat="42.43488556170132" lon="2.6729830249857112">
        <ele>633</ele>
      </trkpt>
      <trkpt lat="42.43477589166508" lon="2.672893381651742">
        <ele>634</ele>
      </trkpt>
      <trkpt lat="42.43466336067138" lon="2.6728123211901744">
        <ele>636</ele>
      </trkpt>
      <trkpt lat="42.43457943925235" lon="2.6727360289910518">
        <ele>637</ele>
      </trkpt>
      <trkpt lat="42.43439061605952" lon="2.6724842647339471">
        <ele>635</ele>
      </trkpt>
      <trkpt lat="42.43428571428572" lon="2.6723974823574448">
        <ele>638</ele>
      </trkpt>
      <trkpt lat="42.43418081251193" lon="2.6723106999809429">
        <ele>640</ele>
      </trkpt>
      <trkpt lat="42.43412931527752" lon="2.6722782757963159">
        <ele>640</ele>
      </trkpt>
      <trkpt lat="42.43407781804311" lon="2.6722582490940461">
        <ele>641</ele>
      </trkpt>
      <trkpt lat="42.43395670417701" lon="2.672261110051513">
        <ele>643</ele>
      </trkpt>
      <trkpt lat="42.43367919130269" lon="2.6722096128171056">
        <ele>646</ele>
      </trkpt>
      <trkpt lat="42.43362101850087" lon="2.6722220102994627">
        <ele>647</ele>
      </trkpt>
      <trkpt lat="42.43358096509633" lon="2.6722229639519517">
        <ele>648</ele>
      </trkpt>
      <trkpt lat="42.4334703414076" lon="2.6722019835971933">
        <ele>649</ele>
      </trkpt>
      <trkpt lat="42.43335971771887" lon="2.6721819568949234">
        <ele>650</ele>
      </trkpt>
      <trkpt lat="42.43328819378219" lon="2.6721514400152744">
        <ele>650</ele>
      </trkpt>
      <trkpt lat="42.43319855044822" lon="2.6720980354758885">
        <ele>647</ele>
      </trkpt>
      <trkpt lat="42.43310890711425" lon="2.6720455845889917">
        <ele>645</ele>
      </trkpt>
      <trkpt lat="42.43299351516308" lon="2.6719483120351102">
        <ele>641</ele>
      </trkpt>
      <trkpt lat="42.43291436200649" lon="2.6718729734884765">
        <ele>639</ele>
      </trkpt>
      <trkpt lat="42.43285714285715" lon="2.6718405493038495">
        <ele>638</ele>
      </trkpt>
      <trkpt lat="42.43279897005532" lon="2.671826244516514">
        <ele>637</ele>
      </trkpt>
      <trkpt lat="42.4327226778562" lon="2.6718291054739813">
        <ele>637</ele>
      </trkpt>
      <trkpt lat="42.43263780278467" lon="2.6718500858287397">
        <ele>637</ele>
      </trkpt>
      <trkpt lat="42.43256055693306" lon="2.6718910928857684">
        <ele>638</ele>
      </trkpt>
      <trkpt lat="42.43251001335114" lon="2.6719826435247156">
        <ele>640</ele>
      </trkpt>
      <trkpt lat="42.43240320427237" lon="2.6723259584207675">
        <ele>646</ele>
      </trkpt>
      <trkpt lat="42.43239366774748" lon="2.67237268739273">
        <ele>647</ele>
      </trkpt>
      <trkpt lat="42.43238985313752" lon="2.672453747854298">
        <ele>648</ele>
      </trkpt>
      <trkpt lat="42.43239366774748" lon="2.6725281327484423">
        <ele>650</ele>
      </trkpt>
      <trkpt lat="42.43239843600993" lon="2.6726025176425869">
        <ele>652</ele>
      </trkpt>
      <trkpt lat="42.43238889948503" lon="2.6726473393095715">
        <ele>653</ele>
      </trkpt>
      <trkpt lat="42.43235933625787" lon="2.6727093267213586">
        <ele>654</ele>
      </trkpt>
      <trkpt lat="42.4322963951936" lon="2.6728046919702622">
        <ele>656</ele>
      </trkpt>
      <trkpt lat="42.43223440778181" lon="2.6729010108716542">
        <ele>658</ele>
      </trkpt>
      <trkpt lat="42.43217242037002" lon="2.6729629982834413">
        <ele>658</ele>
      </trkpt>
      <trkpt lat="42.43211043295824" lon="2.6730259393477178">
        <ele>659</ele>
      </trkpt>
      <trkpt lat="42.43200839214191" lon="2.6730812511920816">
        <ele>659</ele>
      </trkpt>
      <trkpt lat="42.43194068281519" lon="2.6731022315468405">
        <ele>658</ele>
      </trkpt>
      <trkpt lat="42.43187297348847" lon="2.6731241655540878">
        <ele>657</ele>
      </trkpt>
      <trkpt lat="42.43179000572192" lon="2.6731451459088467">
        <ele>656</ele>
      </trkpt>
      <trkpt lat="42.43170799160787" lon="2.6731661262636055">
        <ele>656</ele>
      </trkpt>
      <trkpt lat="42.43127789433531" lon="2.6732386038527718">
        <ele>657</ele>
      </trkpt>
      <trkpt lat="42.43117203890903" lon="2.6732653061224649">
        <ele>657</ele>
      </trkpt>
      <trkpt lat="42.43106713713524" lon="2.6732920083921576">
        <ele>658</ele>
      </trkpt>
      <trkpt lat="42.43065611291246" lon="2.673294869349625">
        <ele>655</ele>
      </trkpt>
      <trkpt lat="42.43058077436583" lon="2.6732843791722454">
        <ele>654</ele>
      </trkpt>
      <trkpt lat="42.43050543581919" lon="2.6732738889948662">
        <ele>653</ele>
      </trkpt>
      <trkpt lat="42.43043963379745" lon="2.6732748426473552">
        <ele>652</ele>
      </trkpt>
      <trkpt lat="42.4303747854282" lon="2.6732767499523331">
        <ele>651</ele>
      </trkpt>
      <trkpt lat="42.43025557886707" lon="2.6733101277894495">
        <ele>650</ele>
      </trkpt>
      <trkpt lat="42.43018024032043" lon="2.6733950028609734">
        <ele>650</ele>
      </trkpt>
      <trkpt lat="42.43012492847607" lon="2.6734951363723218">
        <ele>650</ele>
      </trkpt>
      <trkpt lat="42.43010871638376" lon="2.6736124356284727">
        <ele>651</ele>
      </trkpt>
      <trkpt lat="42.43018977684532" lon="2.6741874880793599">
        <ele>661</ele>
      </trkpt>
      <trkpt lat="42.43023459851231" lon="2.6742685485409274">
        <ele>662</ele>
      </trkpt>
      <trkpt lat="42.43028037383178" lon="2.6743496090024954">
        <ele>664</ele>
      </trkpt>
      <trkpt lat="42.43030230783903" lon="2.6744382986839756">
        <ele>665</ele>
      </trkpt>
      <trkpt lat="42.43030707610148" lon="2.6745250810604775">
        <ele>665</ele>
      </trkpt>
      <trkpt lat="42.43031279801641" lon="2.6746118634369793">
        <ele>666</ele>
      </trkpt>
      <trkpt lat="42.43032901010872" lon="2.6746976921609926">
        <ele>667</ele>
      </trkpt>
      <trkpt lat="42.43050162120924" lon="2.675347129506024">
        <ele>670</ele>
      </trkpt>
      <trkpt lat="42.4305216479115" lon="2.6754682433721313">
        <ele>670</ele>
      </trkpt>
      <trkpt lat="42.4305397673088" lon="2.6755216479115171">
        <ele>671</ele>
      </trkpt>
      <trkpt lat="42.43059984741561" lon="2.6756294106427778">
        <ele>672</ele>
      </trkpt>
      <trkpt lat="42.43066088117491" lon="2.6757381270265275">
        <ele>673</ele>
      </trkpt>
      <trkpt lat="42.4306790005722" lon="2.6758115582681832">
        <ele>673</ele>
      </trkpt>
      <trkpt lat="42.43067423230976" lon="2.675900247949663">
        <ele>673</ele>
      </trkpt>
      <trkpt lat="42.43061033759299" lon="2.6761596414266799">
        <ele>672</ele>
      </trkpt>
      <trkpt lat="42.43056742323098" lon="2.6764276177760982">
        <ele>672</ele>
      </trkpt>
      <trkpt lat="42.43056170131604" lon="2.6765334732023809">
        <ele>672</ele>
      </trkpt>
      <trkpt lat="42.43055597940111" lon="2.6766393286286636">
        <ele>672</ele>
      </trkpt>
      <trkpt lat="42.43055311844365" lon="2.6767585351897929">
        <ele>673</ele>
      </trkpt>
      <trkpt lat="42.43055121113867" lon="2.6768786954034107">
        <ele>675</ele>
      </trkpt>
      <trkpt lat="42.43054167461378" lon="2.6769216097654174">
        <ele>676</ele>
      </trkpt>
      <trkpt lat="42.43051687964906" lon="2.6769616631699567">
        <ele>676</ele>
      </trkpt>
      <trkpt lat="42.43048064085448" lon="2.6769883654396498">
        <ele>675</ele>
      </trkpt>
      <trkpt lat="42.43045298493229" lon="2.6769950410070731">
        <ele>675</ele>
      </trkpt>
      <trkpt lat="42.43041674613772" lon="2.6769912263971167">
        <ele>674</ele>
      </trkpt>
      <trkpt lat="42.43035857333588" lon="2.6769588022124897">
        <ele>673</ele>
      </trkpt>
      <trkpt lat="42.43024222773222" lon="2.6769244707228843">
        <ele>670</ele>
      </trkpt>
      <trkpt lat="42.43016402822812" lon="2.6769263780278627">
        <ele>668</ele>
      </trkpt>
      <trkpt lat="42.43013255769598" lon="2.6769635704749351">
        <ele>668</ele>
      </trkpt>
      <trkpt lat="42.43008201411406" lon="2.6769683387373799">
        <ele>667</ele>
      </trkpt>
      <trkpt lat="42.43002479496472" lon="2.6769559412550228">
        <ele>666</ele>
      </trkpt>
      <trkpt lat="42.42998664886516" lon="2.6769273316803517">
        <ele>665</ele>
      </trkpt>
      <trkpt lat="42.4299313370208" lon="2.6769120732405272">
        <ele>665</ele>
      </trkpt>
      <trkpt lat="42.42986744230403" lon="2.6769120732405272">
        <ele>665</ele>
      </trkpt>
      <trkpt lat="42.42979305740989" lon="2.6769454510776431">
        <ele>666</ele>
      </trkpt>
      <trkpt lat="42.42969292389854" lon="2.6770055311844523">
        <ele>668</ele>
      </trkpt>
      <trkpt lat="42.42960518786955" lon="2.6770350944116124">
        <ele>669</ele>
      </trkpt>
      <trkpt lat="42.42950123974824" lon="2.6770112530993866">
        <ele>669</ele>
      </trkpt>
      <trkpt lat="42.42937917222964" lon="2.6770036238794743">
        <ele>669</ele>
      </trkpt>
      <trkpt lat="42.42925805836354" lon="2.676996948312051">
        <ele>669</ele>
      </trkpt>
      <trkpt lat="42.42915029563228" lon="2.6769778752622702">
        <ele>669</ele>
      </trkpt>
      <trkpt lat="42.429087354568" lon="2.6769826435247155">
        <ele>670</ele>
      </trkpt>
      <trkpt lat="42.42898245279421" lon="2.6770427236315246">
        <ele>671</ele>
      </trkpt>
      <trkpt lat="42.4288785046729" lon="2.6771028037383338">
        <ele>672</ele>
      </trkpt>
      <trkpt lat="42.4288785046729" lon="2.6771028037383338">
        <ele>672</ele>
      </trkpt>
      <trkpt lat="42.42880507343125" lon="2.6770741941636627">
        <ele>672</ele>
      </trkpt>
      <trkpt lat="42.42882510013352" lon="2.6770350944116124">
        <ele>671</ele>
      </trkpt>
      <trkpt lat="42.4288785046729" lon="2.6770045775319633">
        <ele>671</ele>
      </trkpt>
      <trkpt lat="42.4289223726874" lon="2.6769702460423579">
        <ele>670</ele>
      </trkpt>
      <trkpt lat="42.42896814800687" lon="2.6768758344459438">
        <ele>668</ele>
      </trkpt>
      <trkpt lat="42.42901296967386" lon="2.6768167079916236">
        <ele>666</ele>
      </trkpt>
      <trkpt lat="42.42901964524128" lon="2.6767919130269089">
        <ele>665</ele>
      </trkpt>
      <trkpt lat="42.42901392332634" lon="2.6767547205798365">
        <ele>665</ele>
      </trkpt>
      <trkpt lat="42.42901392332634" lon="2.6767547205798365">
        <ele>665</ele>
      </trkpt>
      <trkpt lat="42.42901296967386" lon="2.6766698455083127">
        <ele>663</ele>
      </trkpt>
      <trkpt lat="42.42901201602137" lon="2.6765849704367888">
        <ele>664</ele>
      </trkpt>
      <trkpt lat="42.42901201602137" lon="2.6765849704367888">
        <ele>664</ele>
      </trkpt>
      <trkpt lat="42.42899580392906" lon="2.6765411024222932">
        <ele>665</ele>
      </trkpt>
      <trkpt lat="42.42898531375167" lon="2.6764743467480607">
        <ele>666</ele>
      </trkpt>
      <trkpt lat="42.42903871829106" lon="2.6764390616059668">
        <ele>666</ele>
      </trkpt>
      <trkpt lat="42.42906255960329" lon="2.6763913789815152">
        <ele>667</ele>
      </trkpt>
      <trkpt lat="42.4290787716956" lon="2.6763417890520853">
        <ele>667</ele>
      </trkpt>
      <trkpt lat="42.42907209612818" lon="2.6762750333778529">
        <ele>669</ele>
      </trkpt>
      <trkpt lat="42.42908258630555" lon="2.6762139996185548">
        <ele>669</ele>
      </trkpt>
      <trkpt lat="42.42915792485219" lon="2.6761367537669432">
        <ele>669</ele>
      </trkpt>
      <trkpt lat="42.42925233644861" lon="2.6760576006103536">
        <ele>669</ele>
      </trkpt>
      <trkpt lat="42.42931527751288" lon="2.6760385275605727">
        <ele>668</ele>
      </trkpt>
      <trkpt lat="42.42937917222964" lon="2.6760204081632812">
        <ele>668</ele>
      </trkpt>
      <trkpt lat="42.42949837879078" lon="2.676009917985902">
        <ele>666</ele>
      </trkpt>
      <trkpt lat="42.42961663169942" lon="2.6759345794392684">
        <ele>664</ele>
      </trkpt>
      <trkpt lat="42.42965191684151" lon="2.6758697310700139">
        <ele>664</ele>
      </trkpt>
      <trkpt lat="42.42968815563609" lon="2.6758058363532489">
        <ele>663</ele>
      </trkpt>
      <trkpt lat="42.42971962616823" lon="2.6756980736219882">
        <ele>664</ele>
      </trkpt>
      <trkpt lat="42.42970627503338" lon="2.6756208277703766">
        <ele>665</ele>
      </trkpt>
      <trkpt lat="42.42962044630937" lon="2.6755254625214731">
        <ele>668</ele>
      </trkpt>
      <trkpt lat="42.42953557123785" lon="2.675431050925059">
        <ele>672</ele>
      </trkpt>
      <trkpt lat="42.42946976921611" lon="2.6753356856761554">
        <ele>675</ele>
      </trkpt>
      <trkpt lat="42.42942876215908" lon="2.6752431813847193">
        <ele>678</ele>
      </trkpt>
      <trkpt lat="42.42938775510205" lon="2.6751516307457721">
        <ele>681</ele>
      </trkpt>
      <trkpt lat="42.42934007247759" lon="2.6750867823765181">
        <ele>683</ele>
      </trkpt>
      <trkpt lat="42.42929238985315" lon="2.6750228876597526">
        <ele>686</ele>
      </trkpt>
      <trkpt lat="42.42922849513638" lon="2.6749580392904986">
        <ele>689</ele>
      </trkpt>
      <trkpt lat="42.4291655540721" lon="2.6748941445737331">
        <ele>690</ele>
      </trkpt>
      <trkpt lat="42.42895098226207" lon="2.6745803929048413">
        <ele>696</ele>
      </trkpt>
      <trkpt lat="42.42890425329011" lon="2.6744678619111357">
        <ele>697</ele>
      </trkpt>
      <trkpt lat="42.42885752431815" lon="2.6743553309174297">
        <ele>699</ele>
      </trkpt>
      <trkpt lat="42.42883272935343" lon="2.6742618729735046">
        <ele>700</ele>
      </trkpt>
      <trkpt lat="42.4288088880412" lon="2.674168415029579">
        <ele>701</ele>
      </trkpt>
      <trkpt lat="42.42879362960138" lon="2.6740816326530772">
        <ele>702</ele>
      </trkpt>
      <trkpt lat="42.42877932481404" lon="2.6739948502765754">
        <ele>703</ele>
      </trkpt>
      <trkpt lat="42.42875166889186" lon="2.6734493610528482">
        <ele>706</ele>
      </trkpt>
      <trkpt lat="42.42883177570094" lon="2.6731527751287589">
        <ele>704</ele>
      </trkpt>
      <trkpt lat="42.42893572382225" lon="2.6728771695594284">
        <ele>702</ele>
      </trkpt>
      <trkpt lat="42.42902250619875" lon="2.6726187297349004">
        <ele>701</ele>
      </trkpt>
      <trkpt lat="42.4290787716956" lon="2.6725329010108876">
        <ele>698</ele>
      </trkpt>
      <trkpt lat="42.42913599084494" lon="2.6724470722868747">
        <ele>697</ele>
      </trkpt>
      <trkpt lat="42.42919416364678" lon="2.6723717337402411">
        <ele>696</ele>
      </trkpt>
      <trkpt lat="42.42925233644861" lon="2.6722973488460964">
        <ele>695</ele>
      </trkpt>
      <trkpt lat="42.42940301354187" lon="2.6718682052260316">
        <ele>703</ele>
      </trkpt>
      <trkpt lat="42.42945451077628" lon="2.6717556742323256">
        <ele>704</ele>
      </trkpt>
      <trkpt lat="42.42950600801069" lon="2.6716431432386196">
        <ele>706</ele>
      </trkpt>
      <trkpt lat="42.42955369063514" lon="2.6715248903299798">
        <ele>707</ele>
      </trkpt>
      <trkpt lat="42.4295746709899" lon="2.6714314323860546">
        <ele>710</ele>
      </trkpt>
      <trkpt lat="42.42959565134466" lon="2.671338928094618">
        <ele>712</ele>
      </trkpt>
      <trkpt lat="42.42962998283426" lon="2.6712511920656272">
        <ele>714</ele>
      </trkpt>
      <trkpt lat="42.42972916269312" lon="2.671160595079169">
        <ele>713</ele>
      </trkpt>
      <trkpt lat="42.42983787907687" lon="2.6711262635895641">
        <ele>710</ele>
      </trkpt>
      <trkpt lat="42.42995517833302" lon="2.6711672706465923">
        <ele>704</ele>
      </trkpt>
      <trkpt lat="42.43003242418463" lon="2.6712159069235328">
        <ele>700</ele>
      </trkpt>
      <trkpt lat="42.43011062368873" lon="2.6712645432004738">
        <ele>696</ele>
      </trkpt>
      <trkpt lat="42.43017356475301" lon="2.6712788479878093">
        <ele>695</ele>
      </trkpt>
      <trkpt lat="42.43023745946978" lon="2.6712941064276339">
        <ele>693</ele>
      </trkpt>
      <trkpt lat="42.43029849322907" lon="2.6713026893000351">
        <ele>691</ele>
      </trkpt>
      <trkpt lat="42.43036048064086" lon="2.6713122258249253">
        <ele>690</ele>
      </trkpt>
      <trkpt lat="42.43045012397483" lon="2.6712311653633574">
        <ele>690</ele>
      </trkpt>
      <trkpt lat="42.43054072096129" lon="2.6711510585542788">
        <ele>690</ele>
      </trkpt>
      <trkpt lat="42.43063036429525" lon="2.6711415220293886">
        <ele>688</ele>
      </trkpt>
      <trkpt lat="42.43072000762923" lon="2.6711329391569869">
        <ele>686</ele>
      </trkpt>
      <trkpt lat="42.43082872401298" lon="2.6711481975968114">
        <ele>683</ele>
      </trkpt>
      <trkpt lat="42.43089738699219" lon="2.6711720389090376">
        <ele>680</ele>
      </trkpt>
      <trkpt lat="42.43096700362388" lon="2.6711968338737524">
        <ele>677</ele>
      </trkpt>
      <trkpt lat="42.43100324241847" lon="2.6711014686248489">
        <ele>677</ele>
      </trkpt>
      <trkpt lat="42.43094697692162" lon="2.6710261300782152">
        <ele>681</ele>
      </trkpt>
      <trkpt lat="42.43091073812703" lon="2.6709546061415379">
        <ele>684</ele>
      </trkpt>
      <trkpt lat="42.43087449933245" lon="2.6708830822048606">
        <ele>686</ele>
      </trkpt>
      <trkpt lat="42.43084302880031" lon="2.6707848559984901">
        <ele>688</ele>
      </trkpt>
      <trkpt lat="42.43081155826818" lon="2.6706875834446087">
        <ele>688</ele>
      </trkpt>
      <trkpt lat="42.43082014114057" lon="2.6705702841884578">
        <ele>687</ele>
      </trkpt>
      <trkpt lat="42.43080583635324" lon="2.6704539385847954">
        <ele>686</ele>
      </trkpt>
      <trkpt lat="42.4307915315659" lon="2.6703385466336225">
        <ele>686</ele>
      </trkpt>
      <trkpt lat="42.43078962426092" lon="2.670239366774763">
        <ele>685</ele>
      </trkpt>
      <trkpt lat="42.43078867060844" lon="2.6701401869159036">
        <ele>684</ele>
      </trkpt>
      <trkpt lat="42.4307915315659" lon="2.6700495899294454">
        <ele>683</ele>
      </trkpt>
      <trkpt lat="42.43079534617586" lon="2.6699599465954766">
        <ele>682</ele>
      </trkpt>
      <trkpt lat="42.43081251192066" lon="2.669852183864216">
        <ele>683</ele>
      </trkpt>
      <trkpt lat="42.43083063131795" lon="2.6697453747854443">
        <ele>683</ele>
      </trkpt>
      <trkpt lat="42.43096223536144" lon="2.6694735838260697">
        <ele>682</ele>
      </trkpt>
      <trkpt lat="42.43096223536144" lon="2.6694735838260697">
        <ele>682</ele>
      </trkpt>
      <trkpt lat="42.43098893763113" lon="2.6695565515926156">
        <ele>681</ele>
      </trkpt>
      <trkpt lat="42.43102899103567" lon="2.6695212664505212">
        <ele>680</ele>
      </trkpt>
      <trkpt lat="42.43109956131986" lon="2.6695250810604776">
        <ele>679</ele>
      </trkpt>
      <trkpt lat="42.43117394621401" lon="2.669543200457769">
        <ele>677</ele>
      </trkpt>
      <trkpt lat="42.43124833110815" lon="2.669561319855061">
        <ele>675</ele>
      </trkpt>
      <trkpt lat="42.43133511348465" lon="2.669657638756453">
        <ele>671</ele>
      </trkpt>
      <trkpt lat="42.43145432004578" lon="2.6697434674804659">
        <ele>667</ele>
      </trkpt>
      <trkpt lat="42.43154110242229" lon="2.6697549113103345">
        <ele>665</ele>
      </trkpt>
      <trkpt lat="42.43162120923137" lon="2.6697434674804659">
        <ele>663</ele>
      </trkpt>
      <trkpt lat="42.43157734121687" lon="2.6696490558840518">
        <ele>666</ele>
      </trkpt>
      <trkpt lat="42.43164791150105" lon="2.6696509631890297">
        <ele>664</ele>
      </trkpt>
      <trkpt lat="42.43173946214" lon="2.6696872019836131">
        <ele>664</ele>
      </trkpt>
      <trkpt lat="42.43184341026131" lon="2.6696128170894684">
        <ele>668</ele>
      </trkpt>
      <trkpt lat="42.43188251001336" lon="2.6695632271600389">
        <ele>671</ele>
      </trkpt>
      <trkpt lat="42.4319654777799" lon="2.6695479687202144">
        <ele>673</ele>
      </trkpt>
      <trkpt lat="42.43204844554645" lon="2.6695336639328788">
        <ele>675</ele>
      </trkpt>
      <trkpt lat="42.43209708182339" lon="2.6694497425138439">
        <ele>679</ele>
      </trkpt>
      <trkpt lat="42.43219530802976" lon="2.6693848941445895">
        <ele>683</ele>
      </trkpt>
      <trkpt lat="42.43229353423613" lon="2.6693209994278244">
        <ele>688</ele>
      </trkpt>
      <trkpt lat="42.43236410452032" lon="2.6693057409879999">
        <ele>690</ele>
      </trkpt>
      <trkpt lat="42.43243467480451" lon="2.6692904825481754">
        <ele>693</ele>
      </trkpt>
      <trkpt lat="42.43251954987603" lon="2.6692895288956864">
        <ele>695</ele>
      </trkpt>
      <trkpt lat="42.43260442494756" lon="2.6692895288956864">
        <ele>697</ele>
      </trkpt>
      <trkpt lat="42.43262349799733" lon="2.6691836734694037">
        <ele>701</ele>
      </trkpt>
      <trkpt lat="42.43253862292581" lon="2.6691178714476602">
        <ele>701</ele>
      </trkpt>
      <trkpt lat="42.43247758916652" lon="2.6690368109860927">
        <ele>700</ele>
      </trkpt>
      <trkpt lat="42.4324175090597" lon="2.6689557505245247">
        <ele>699</ele>
      </trkpt>
      <trkpt lat="42.43247663551403" lon="2.6689128361625185">
        <ele>701</ele>
      </trkpt>
      <trkpt lat="42.43256437154302" lon="2.6688737364104678">
        <ele>704</ele>
      </trkpt>
      <trkpt lat="42.43263112721725" lon="2.6689052069426062">
        <ele>705</ele>
      </trkpt>
      <trkpt lat="42.43269788289148" lon="2.6689366774747443">
        <ele>707</ele>
      </trkpt>
      <trkpt lat="42.43276082395576" lon="2.6689328628647879">
        <ele>709</ele>
      </trkpt>
      <trkpt lat="42.43282471867252" lon="2.668930001907321">
        <ele>711</ele>
      </trkpt>
      <trkpt lat="42.43293438870876" lon="2.6688937631127376">
        <ele>715</ele>
      </trkpt>
      <trkpt lat="42.43299160785811" lon="2.6688613389281106">
        <ele>718</ele>
      </trkpt>
      <trkpt lat="42.43304691970247" lon="2.6687678809841855">
        <ele>722</ele>
      </trkpt>
      <trkpt lat="42.43292485218387" lon="2.6687230593172009">
        <ele>719</ele>
      </trkpt>
      <trkpt lat="42.43298588594317" lon="2.6686734693877709">
        <ele>723</ele>
      </trkpt>
      <trkpt lat="42.43309078771696" lon="2.668557123784109">
        <ele>730</ele>
      </trkpt>
      <trkpt lat="42.43319378218577" lon="2.6685218386420146">
        <ele>736</ele>
      </trkpt>
      <trkpt lat="42.43329677665459" lon="2.6684865534999207">
        <ele>742</ele>
      </trkpt>
      <trkpt lat="42.43338546633608" lon="2.668524699599482">
        <ele>744</ele>
      </trkpt>
      <trkpt lat="42.43347510967004" lon="2.6685466336067298">
        <ele>746</ele>
      </trkpt>
      <trkpt lat="42.4335227922945" lon="2.6684665267976508">
        <ele>750</ele>
      </trkpt>
      <trkpt lat="42.43344363913791" lon="2.6683530421514559">
        <ele>753</ele>
      </trkpt>
      <trkpt lat="42.43337116154874" lon="2.6682319282853486">
        <ele>754</ele>
      </trkpt>
      <trkpt lat="42.43329963761206" lon="2.6681117680717308">
        <ele>755</ele>
      </trkpt>
      <trkpt lat="42.43330917413695" lon="2.6680221247377616">
        <ele>759</ele>
      </trkpt>
      <trkpt lat="42.43333015449171" lon="2.6679181766164568">
        <ele>763</ele>
      </trkpt>
      <trkpt lat="42.43333683005913" lon="2.6678514209422244">
        <ele>766</ele>
      </trkpt>
      <trkpt lat="42.43334350562656" lon="2.6677856189204814">
        <ele>768</ele>
      </trkpt>
      <trkpt lat="42.43338355903109" lon="2.667716002288782">
        <ele>772</ele>
      </trkpt>
      <trkpt lat="42.43342361243563" lon="2.6676463856570827">
        <ele>775</ele>
      </trkpt>
      <trkpt lat="42.43344363913791" lon="2.6675748617204049">
        <ele>778</ele>
      </trkpt>
      <trkpt lat="42.43346366584017" lon="2.6675042914362166">
        <ele>781</ele>
      </trkpt>
      <trkpt lat="42.43347510967004" lon="2.6674423040244295">
        <ele>783</ele>
      </trkpt>
      <trkpt lat="42.4334875071524" lon="2.6673812702651314">
        <ele>785</ele>
      </trkpt>
      <trkpt lat="42.43352374594699" lon="2.6673192828533443">
        <ele>787</ele>
      </trkpt>
      <trkpt lat="42.43354186534427" lon="2.6672525271791119">
        <ele>789</ele>
      </trkpt>
      <trkpt lat="42.43358191874881" lon="2.6672057982071493">
        <ele>791</ele>
      </trkpt>
      <trkpt lat="42.43363436963571" lon="2.6671829105474125">
        <ele>794</ele>
      </trkpt>
      <trkpt lat="42.43368205226016" lon="2.6672496662216449">
        <ele>794</ele>
      </trkpt>
      <trkpt lat="42.43372592027466" lon="2.667166698455099">
        <ele>797</ele>
      </trkpt>
      <trkpt lat="42.43376978828915" lon="2.6670846843410421">
        <ele>801</ele>
      </trkpt>
      <trkpt lat="42.43384798779326" lon="2.6670741941636629">
        <ele>804</ele>
      </trkpt>
      <trkpt lat="42.43385466336068" lon="2.667166698455099">
        <ele>802</ele>
      </trkpt>
      <trkpt lat="42.43386229258059" lon="2.6672592027465352">
        <ele>801</ele>
      </trkpt>
      <trkpt lat="42.4338880411978" lon="2.6671752813275003">
        <ele>803</ele>
      </trkpt>
      <trkpt lat="42.433913789815" lon="2.6670923135609543">
        <ele>806</ele>
      </trkpt>
      <trkpt lat="42.43398054548923" lon="2.6671438107953622">
        <ele>808</ele>
      </trkpt>
      <trkpt lat="42.4340358573336" lon="2.6670722868586845">
        <ele>811</ele>
      </trkpt>
      <trkpt lat="42.43406542056076" lon="2.6670102994468974">
        <ele>813</ele>
      </trkpt>
      <trkpt lat="42.43412645432005" lon="2.6669702460423581">
        <ele>816</ele>
      </trkpt>
      <trkpt lat="42.43417985885944" lon="2.6668977684531914">
        <ele>819</ele>
      </trkpt>
      <trkpt lat="42.43422754148389" lon="2.6669721533473361">
        <ele>818</ele>
      </trkpt>
      <trkpt lat="42.43429811176808" lon="2.6670493991989477">
        <ele>817</ele>
      </trkpt>
      <trkpt lat="42.43436296013734" lon="2.6670322334541452">
        <ele>817</ele>
      </trkpt>
      <trkpt lat="42.43441445737174" lon="2.6669950410070729">
        <ele>818</ele>
      </trkpt>
      <trkpt lat="42.43442208659165" lon="2.6668815563608779">
        <ele>820</ele>
      </trkpt>
      <trkpt lat="42.43452794201794" lon="2.6668472248712729">
        <ele>820</ele>
      </trkpt>
      <trkpt lat="42.4346185390044" lon="2.6668500858287398">
        <ele>820</ele>
      </trkpt>
      <trkpt lat="42.43469864581347" lon="2.6668653442685644">
        <ele>820</ele>
      </trkpt>
      <trkpt lat="42.4347224871257" lon="2.6667814228495295">
        <ele>821</ele>
      </trkpt>
      <trkpt lat="42.43474728209041" lon="2.6666984550829835">
        <ele>822</ele>
      </trkpt>
      <trkpt lat="42.43474728209041" lon="2.6666984550829835">
        <ele>822</ele>
      </trkpt>
      <trkpt lat="42.43470436772841" lon="2.6665773412168763">
        <ele>822</ele>
      </trkpt>
      <trkpt lat="42.43466240701889" lon="2.6664562273507695">
        <ele>823</ele>
      </trkpt>
      <trkpt lat="42.43458897577723" lon="2.6663885180240481">
        <ele>824</ele>
      </trkpt>
      <trkpt lat="42.43451554453558" lon="2.6663217623498157">
        <ele>825</ele>
      </trkpt>
      <trkpt lat="42.43447167652108" lon="2.6662092313561097">
        <ele>826</ele>
      </trkpt>
      <trkpt lat="42.43446786191112" lon="2.6661367537669434">
        <ele>827</ele>
      </trkpt>
      <trkpt lat="42.43446404730117" lon="2.6660642761777766">
        <ele>828</ele>
      </trkpt>
      <trkpt lat="42.43432958230022" lon="2.6657886706084462">
        <ele>833</ele>
      </trkpt>
      <trkpt lat="42.43429238985314" lon="2.6656999809269659">
        <ele>835</ele>
      </trkpt>
      <trkpt lat="42.43425615105856" lon="2.6656122448979751">
        <ele>837</ele>
      </trkpt>
      <trkpt lat="42.43426378027847" lon="2.6655397673088084">
        <ele>837</ele>
      </trkpt>
      <trkpt lat="42.43427140949839" lon="2.6654682433721311">
        <ele>838</ele>
      </trkpt>
      <trkpt lat="42.43428380698074" lon="2.6653929048254974">
        <ele>839</ele>
      </trkpt>
      <trkpt lat="42.4342962044631" lon="2.6653175662788637">
        <ele>839</ele>
      </trkpt>
      <trkpt lat="42.43423898531376" lon="2.6650572191493578">
        <ele>843</ele>
      </trkpt>
      <trkpt lat="42.4342351707038" lon="2.6649494564180971">
        <ele>845</ele>
      </trkpt>
      <trkpt lat="42.43423135609385" lon="2.6648416936868364">
        <ele>846</ele>
      </trkpt>
      <trkpt lat="42.43428189967577" lon="2.6644449742513987">
        <ele>850</ele>
      </trkpt>
      <trkpt lat="42.43430288003052" lon="2.6643477016975172">
        <ele>851</ele>
      </trkpt>
      <trkpt lat="42.43433244325768" lon="2.6642685485409277">
        <ele>851</ele>
      </trkpt>
      <trkpt lat="42.43436200648485" lon="2.6641903490368271">
        <ele>851</ele>
      </trkpt>
      <trkpt lat="42.43447263017357" lon="2.6640854472630333">
        <ele>850</ele>
      </trkpt>
      <trkpt lat="42.43450219340073" lon="2.6639996185390205">
        <ele>851</ele>
      </trkpt>
      <trkpt lat="42.43453271028038" lon="2.6639147434674966">
        <ele>852</ele>
      </trkpt>
      <trkpt lat="42.43461281708946" lon="2.6638746900629569">
        <ele>851</ele>
      </trkpt>
      <trkpt lat="42.43469387755103" lon="2.6638355903109066">
        <ele>849</ele>
      </trkpt>
      <trkpt lat="42.43478733549495" lon="2.6637535761968496">
        <ele>848</ele>
      </trkpt>
      <trkpt lat="42.43484932290674" lon="2.6636553499904796">
        <ele>848</ele>
      </trkpt>
      <trkpt lat="42.43488079343888" lon="2.6635342361243723">
        <ele>849</ele>
      </trkpt>
      <trkpt lat="42.43486458134657" lon="2.6634274270456006">
        <ele>852</ele>
      </trkpt>
      <trkpt lat="42.43484932290674" lon="2.6633215716193179">
        <ele>854</ele>
      </trkpt>
      <trkpt lat="42.43482548159452" lon="2.6632233454129475">
        <ele>856</ele>
      </trkpt>
      <trkpt lat="42.43480259393478" lon="2.663125119206577">
        <ele>858</ele>
      </trkpt>
      <trkpt lat="42.43477207705513" lon="2.6630192637802943">
        <ele>860</ele>
      </trkpt>
      <trkpt lat="42.43474251382797" lon="2.6629134083540116">
        <ele>863</ele>
      </trkpt>
      <trkpt lat="42.43472820904064" lon="2.6628256723250208">
        <ele>864</ele>
      </trkpt>
      <trkpt lat="42.43471485790579" lon="2.6627388899485185">
        <ele>866</ele>
      </trkpt>
      <trkpt lat="42.4347921037574" lon="2.6626454320045934">
        <ele>866</ele>
      </trkpt>
      <trkpt lat="42.43486934960901" lon="2.6625529277131572">
        <ele>865</ele>
      </trkpt>
      <trkpt lat="42.43489891283617" lon="2.6624871256914138">
        <ele>865</ele>
      </trkpt>
      <trkpt lat="42.43492942971582" lon="2.6624222773221597">
        <ele>866</ele>
      </trkpt>
      <trkpt lat="42.43499332443258" lon="2.6623822239176205">
        <ele>866</ele>
      </trkpt>
      <trkpt lat="42.43505817280184" lon="2.6623431241655702">
        <ele>866</ele>
      </trkpt>
      <trkpt lat="42.43513160404349" lon="2.6622887659736949">
        <ele>867</ele>
      </trkpt>
      <trkpt lat="42.43520598893764" lon="2.6622353614343091">
        <ele>868</ele>
      </trkpt>
      <trkpt lat="42.4352880030517" lon="2.6622477589166667">
        <ele>867</ele>
      </trkpt>
      <trkpt lat="42.43537097081824" lon="2.6622601563990242">
        <ele>866</ele>
      </trkpt>
      <trkpt lat="42.4354701506771" lon="2.6622210566469739">
        <ele>866</ele>
      </trkpt>
      <trkpt lat="42.43557028418845" lon="2.6621819568949232">
        <ele>866</ele>
      </trkpt>
      <trkpt lat="42.43589929429717" lon="2.6621686057600771">
        <ele>864</ele>
      </trkpt>
      <trkpt lat="42.43600991798589" lon="2.6621419034903839">
        <ele>864</ele>
      </trkpt>
      <trkpt lat="42.43655826816709" lon="2.66210661834829">
        <ele>864</ele>
      </trkpt>
      <trkpt lat="42.43666793820333" lon="2.6621419034903839">
        <ele>864</ele>
      </trkpt>
      <trkpt lat="42.43677856189205" lon="2.6621781422849673">
        <ele>861</ele>
      </trkpt>
      <trkpt lat="42.43681670799162" lon="2.6621447644478513">
        <ele>860</ele>
      </trkpt>
      <trkpt lat="42.43683196643144" lon="2.6620532138089041">
        <ele>861</ele>
      </trkpt>
      <trkpt lat="42.43679954224681" lon="2.6617814228495296">
        <ele>864</ele>
      </trkpt>
      <trkpt lat="42.43667652107573" lon="2.6612378409307809">
        <ele>866</ele>
      </trkpt>
      <trkpt lat="42.43667175281328" lon="2.6611548731642349">
        <ele>865</ele>
      </trkpt>
      <trkpt lat="42.43666698455084" lon="2.661071905397689">
        <ele>864</ele>
      </trkpt>
      <trkpt lat="42.43665363341599" lon="2.6609927522410994">
        <ele>864</ele>
      </trkpt>
      <trkpt lat="42.43664028228115" lon="2.6609145527369984">
        <ele>863</ele>
      </trkpt>
      <trkpt lat="42.43655731451459" lon="2.6608020217432928">
        <ele>864</ele>
      </trkpt>
      <trkpt lat="42.43647625405303" lon="2.6607371733740384">
        <ele>866</ele>
      </trkpt>
      <trkpt lat="42.43639614724395" lon="2.6606732786572733">
        <ele>867</ele>
      </trkpt>
      <trkpt lat="42.43631890139234" lon="2.660636086210201">
        <ele>869</ele>
      </trkpt>
      <trkpt lat="42.43624260919322" lon="2.6605998474156176">
        <ele>870</ele>
      </trkpt>
      <trkpt lat="42.43616917795156" lon="2.6605330917413852">
        <ele>872</ele>
      </trkpt>
      <trkpt lat="42.4360957467099" lon="2.6604672897196422">
        <ele>873</ele>
      </trkpt>
      <trkpt lat="42.43603948121305" lon="2.6603995803929208">
        <ele>874</ele>
      </trkpt>
      <trkpt lat="42.4359832157162" lon="2.6603328247186884">
        <ele>875</ele>
      </trkpt>
      <trkpt lat="42.43583253862293" lon="2.6600000000000161">
        <ele>878</ele>
      </trkpt>
      <trkpt lat="42.43583253862293" lon="2.6600000000000055">
        <ele>878</ele>
      </trkpt>
      <trkpt lat="42.43580774365822" lon="2.6599084493610583">
        <ele>880</ele>
      </trkpt>
      <trkpt lat="42.4357829486935" lon="2.6598178523746006">
        <ele>881</ele>
      </trkpt>
      <trkpt lat="42.43578008773603" lon="2.6597091359908505">
        <ele>882</ele>
      </trkpt>
      <trkpt lat="42.43577722677857" lon="2.6596004196071008">
        <ele>883</ele>
      </trkpt>
      <trkpt lat="42.43580583635324" lon="2.6594878886133948">
        <ele>883</ele>
      </trkpt>
      <trkpt lat="42.43583444592791" lon="2.6593763112721782">
        <ele>882</ele>
      </trkpt>
      <trkpt lat="42.43586973107001" lon="2.6592971581155882">
        <ele>881</ele>
      </trkpt>
      <trkpt lat="42.4359050162121" lon="2.6592189586114876">
        <ele>881</ele>
      </trkpt>
      <trkpt lat="42.43594411596415" lon="2.6591598321571674">
        <ele>880</ele>
      </trkpt>
      <trkpt lat="42.43601754720581" lon="2.6591531565897446">
        <ele>878</ele>
      </trkpt>
      <trkpt lat="42.43610909784475" lon="2.6592170513065096">
        <ele>875</ele>
      </trkpt>
      <trkpt lat="42.43614533663933" lon="2.6592342170513121">
        <ele>874</ele>
      </trkpt>
      <trkpt lat="42.4362359336258" lon="2.6592160976540207">
        <ele>871</ele>
      </trkpt>
      <trkpt lat="42.43631985504483" lon="2.6591255006675625">
        <ele>870</ele>
      </trkpt>
      <trkpt lat="42.43640377646386" lon="2.6590349036811043">
        <ele>871</ele>
      </trkpt>
      <trkpt lat="42.43650677093268" lon="2.6589300019073105">
        <ele>871</ele>
      </trkpt>
      <trkpt lat="42.43660976540149" lon="2.6588251001335172">
        <ele>872</ele>
      </trkpt>
      <trkpt lat="42.43665935533092" lon="2.6587173374022561">
        <ele>874</ele>
      </trkpt>
      <trkpt lat="42.43670894526036" lon="2.6586105283234844">
        <ele>876</ele>
      </trkpt>
      <trkpt lat="42.43677379362961" lon="2.6584951363723115">
        <ele>878</ele>
      </trkpt>
      <trkpt lat="42.43683959565135" lon="2.6583806980736275">
        <ele>880</ele>
      </trkpt>
      <trkpt lat="42.43693877551021" lon="2.6582729353423669">
        <ele>881</ele>
      </trkpt>
      <trkpt lat="42.43703795536907" lon="2.6581661262635952">
        <ele>883</ele>
      </trkpt>
      <trkpt lat="42.43715811558269" lon="2.6581203509441216">
        <ele>881</ele>
      </trkpt>
      <trkpt lat="42.4372792294488" lon="2.658074575624648">
        <ele>880</ele>
      </trkpt>
      <trkpt lat="42.43735456799543" lon="2.6580202174327732">
        <ele>881</ele>
      </trkpt>
      <trkpt lat="42.43742990654206" lon="2.6579668128933873">
        <ele>881</ele>
      </trkpt>
      <trkpt lat="42.43748903299638" lon="2.6578762159069291">
        <ele>884</ele>
      </trkpt>
      <trkpt lat="42.43753004005341" lon="2.6577951554453616">
        <ele>887</ele>
      </trkpt>
      <trkpt lat="42.43757200076293" lon="2.6577150486362826">
        <ele>890</ele>
      </trkpt>
      <trkpt lat="42.43761300781996" lon="2.6576187297348901">
        <ele>894</ele>
      </trkpt>
      <trkpt lat="42.43765496852947" lon="2.657522410833498">
        <ele>898</ele>
      </trkpt>
      <trkpt lat="42.43775796299829" lon="2.6574632843791779">
        <ele>900</ele>
      </trkpt>
      <trkpt lat="42.43784951363724" lon="2.6575376692733226">
        <ele>897</ele>
      </trkpt>
      <trkpt lat="42.43832061796682" lon="2.6580183101277952">
        <ele>874</ele>
      </trkpt>
      <trkpt lat="42.43840740034332" lon="2.6580078199504156">
        <ele>875</ele>
      </trkpt>
      <trkpt lat="42.43850276559223" lon="2.6579782567232559">
        <ele>877</ele>
      </trkpt>
      <trkpt lat="42.43859908449362" lon="2.6579401106236946">
        <ele>880</ele>
      </trkpt>
      <trkpt lat="42.4386963570475" lon="2.6579029181766223">
        <ele>882</ele>
      </trkpt>
      <trkpt lat="42.43876406637422" lon="2.6578914743467537">
        <ele>883</ele>
      </trkpt>
      <trkpt lat="42.43883272935343" lon="2.6578809841693745">
        <ele>884</ele>
      </trkpt>
      <trkpt lat="42.43889757772268" lon="2.6578981499141769">
        <ele>884</ele>
      </trkpt>
      <trkpt lat="42.43896337974443" lon="2.6579162693114684">
        <ele>884</ele>
      </trkpt>
      <trkpt lat="42.43903967194355" lon="2.658008773602905">
        <ele>881</ele>
      </trkpt>
      <trkpt lat="42.43911596414267" lon="2.6581012778943411">
        <ele>878</ele>
      </trkpt>
      <trkpt lat="42.4392265878314" lon="2.658219530802981">
        <ele>873</ele>
      </trkpt>
      <trkpt lat="42.43930574098799" lon="2.6582319282853386">
        <ele>872</ele>
      </trkpt>
      <trkpt lat="42.43938489414458" lon="2.6582443257676958">
        <ele>871</ele>
      </trkpt>
      <trkpt lat="42.43946500095366" lon="2.6582347892428055">
        <ele>871</ele>
      </trkpt>
      <trkpt lat="42.43954510776274" lon="2.6582252527179153">
        <ele>871</ele>
      </trkpt>
      <trkpt lat="42.43981880602709" lon="2.6580831584970492">
        <ele>874</ele>
      </trkpt>
      <trkpt lat="42.43986553499905" lon="2.6580383368300646">
        <ele>876</ele>
      </trkpt>
      <trkpt lat="42.43990940301355" lon="2.6579629982834314">
        <ele>878</ele>
      </trkpt>
      <trkpt lat="42.43994659546062" lon="2.657863818424572">
        <ele>882</ele>
      </trkpt>
      <trkpt lat="42.43998474156018" lon="2.6577646385657125">
        <ele>885</ele>
      </trkpt>
      <trkpt lat="42.44" lon="2.6577455655159317">
        <ele>886</ele>
      </trkpt>
      <trkpt lat="42.43999999999999" lon="2.6577455655159317">
        <ele>886</ele>
      </trkpt>
      <trkpt lat="42.44002002670226" lon="2.6577217242037059">
        <ele>887</ele>
      </trkpt>
      <trkpt lat="42.44057409879839" lon="2.6573087926759547">
        <ele>897</ele>
      </trkpt>
      <trkpt lat="42.44066564943734" lon="2.6572630173564811">
        <ele>898</ele>
      </trkpt>
      <trkpt lat="42.44078485599847" lon="2.6572201029944744">
        <ele>899</ele>
      </trkpt>
      <trkpt lat="42.44096032805645" lon="2.6572067518596278">
        <ele>900</ele>
      </trkpt>
      <trkpt lat="42.44149341979782" lon="2.6572248712569198">
        <ele>903</ele>
      </trkpt>
      <trkpt lat="42.44166316994086" lon="2.6572248712569198">
        <ele>904</ele>
      </trkpt>
      <trkpt lat="42.4417642571047" lon="2.6571962616822487">
        <ele>905</ele>
      </trkpt>
      <trkpt lat="42.44187106618347" lon="2.6571476254053081">
        <ele>906</ele>
      </trkpt>
      <trkpt lat="42.44200934579438" lon="2.6570350944116021">
        <ele>906</ele>
      </trkpt>
      <trkpt lat="42.44200934579438" lon="2.6570350944116021">
        <ele>906</ele>
      </trkpt>
      <trkpt lat="42.44206275033377" lon="2.6569626168224354">
        <ele>905</ele>
      </trkpt>
      <trkpt lat="42.44212283044057" lon="2.6568415029563286">
        <ele>904</ele>
      </trkpt>
      <trkpt lat="42.44215239366773" lon="2.6567289719626226">
        <ele>902</ele>
      </trkpt>
      <trkpt lat="42.44218767880983" lon="2.6564714857905836">
        <ele>897</ele>
      </trkpt>
      <trkpt lat="42.44221152012206" lon="2.656246423803172">
        <ele>893</ele>
      </trkpt>
      <trkpt lat="42.44221533473201" lon="2.6560423421705188">
        <ele>889</ele>
      </trkpt>
      <trkpt lat="42.44220579820712" lon="2.6557686439061663">
        <ele>886</ele>
      </trkpt>
      <trkpt lat="42.44241560175471" lon="2.6553986267404213">
        <ele>882</ele>
      </trkpt>
      <trkpt lat="42.44253766927331" lon="2.6553051687964961">
        <ele>879</ele>
      </trkpt>
      <trkpt lat="42.44279706275032" lon="2.6553614342933494">
        <ele>873</ele>
      </trkpt>
      <trkpt lat="42.44311558268166" lon="2.6552536715620882">
        <ele>866</ele>
      </trkpt>
      <trkpt lat="42.44347606332251" lon="2.6551220675186018">
        <ele>857</ele>
      </trkpt>
      <trkpt lat="42.44375357619682" lon="2.6550047682624509">
        <ele>847</ele>
      </trkpt>
      <trkpt lat="42.44409975205034" lon="2.6547949647148634">
        <ele>836</ele>
      </trkpt>
      <trkpt lat="42.44410928857523" lon="2.6550200267022754">
        <ele>834</ele>
      </trkpt>
      <trkpt lat="42.44419702460422" lon="2.6549370589357295">
        <ele>831</ele>
      </trkpt>
      <trkpt lat="42.44424852183863" lon="2.6547816135800173">
        <ele>830</ele>
      </trkpt>
      <trkpt lat="42.44428380698073" lon="2.6545966049971446">
        <ele>830</ele>
      </trkpt>
      <trkpt lat="42.44432386038527" lon="2.654484074003439">
        <ele>829</ele>
      </trkpt>
      <trkpt lat="42.44446213999618" lon="2.6543181384703471">
        <ele>825</ele>
      </trkpt>
      <trkpt lat="42.44445451077626" lon="2.6538613389281003">
        <ele>830</ele>
      </trkpt>
      <trkpt lat="42.44446213999618" lon="2.6538003051688022">
        <ele>830</ele>
      </trkpt>
      <trkpt lat="42.44454320045774" lon="2.6536095746709956">
        <ele>831</ele>
      </trkpt>
      <trkpt lat="42.4445823002098" lon="2.653563799351522">
        <ele>830</ele>
      </trkpt>
      <trkpt lat="42.44462235361433" lon="2.6535428189967631">
        <ele>829</ele>
      </trkpt>
      <trkpt lat="42.44469769216096" lon="2.6535504482166754">
        <ele>827</ele>
      </trkpt>
      <trkpt lat="42.44487125691397" lon="2.6535857333587698">
        <ele>822</ele>
      </trkpt>
      <trkpt lat="42.44513446500094" lon="2.6535723822239232">
        <ele>815</ele>
      </trkpt>
      <trkpt lat="42.44526130078199" lon="2.6535561701316097">
        <ele>813</ele>
      </trkpt>
      <trkpt lat="42.44556074766354" lon="2.6536553499904691">
        <ele>805</ele>
      </trkpt>
      <trkpt lat="42.44569711996947" lon="2.6536687011253157">
        <ele>802</ele>
      </trkpt>
      <trkpt lat="42.44576006103375" lon="2.6536229258058421">
        <ele>801</ele>
      </trkpt>
      <trkpt lat="42.44591073812702" lon="2.6534541293152833">
        <ele>800</ele>
      </trkpt>
      <trkpt lat="42.44664886515353" lon="2.6524299065420616">
        <ele>776</ele>
      </trkpt>
      <trkpt lat="42.44656208277703" lon="2.651799542246811">
        <ele>782</ele>
      </trkpt>
      <trkpt lat="42.44656208277703" lon="2.6516812893381707">
        <ele>783</ele>
      </trkpt>
      <trkpt lat="42.44641331298874" lon="2.65154396337975">
        <ele>794</ele>
      </trkpt>
      <trkpt lat="42.44656589738698" lon="2.6514962807552984">
        <ele>784</ele>
      </trkpt>
      <trkpt lat="42.44681289338164" lon="2.6512435628457047">
        <ele>774</ele>
      </trkpt>
      <trkpt lat="42.44713618157542" lon="2.6511100514972399">
        <ele>757</ele>
      </trkpt>
      <trkpt lat="42.44724489795917" lon="2.6508630555025805">
        <ele>753</ele>
      </trkpt>
      <trkpt lat="42.44739366774746" lon="2.6510270837306944">
        <ele>744</ele>
      </trkpt>
      <trkpt lat="42.44739748235742" lon="2.6506942590120217">
        <ele>746</ele>
      </trkpt>
      <trkpt lat="42.44753385466335" lon="2.6509088308220541">
        <ele>737</ele>
      </trkpt>
      <trkpt lat="42.44750429143619" lon="2.6502889567041827">
        <ele>741</ele>
      </trkpt>
      <trkpt lat="42.44763494182719" lon="2.6504310509250484">
        <ele>733</ele>
      </trkpt>
      <trkpt lat="42.44762635895479" lon="2.649924661453372">
        <ele>736</ele>
      </trkpt>
      <trkpt lat="42.44778466526797" lon="2.6501115773412227">
        <ele>726</ele>
      </trkpt>
      <trkpt lat="42.44781708945259" lon="2.6499027274461242">
        <ele>725</ele>
      </trkpt>
      <trkpt lat="42.44786477207705" lon="2.6496852946786249">
        <ele>724</ele>
      </trkpt>
      <trkpt lat="42.44792389853136" lon="2.6495489223726931">
        <ele>721</ele>
      </trkpt>
      <trkpt lat="42.44802880030516" lon="2.6494115964142724">
        <ele>716</ele>
      </trkpt>
      <trkpt lat="42.44813179477397" lon="2.6493238603852811">
        <ele>711</ele>
      </trkpt>
      <trkpt lat="42.44827007438488" lon="2.6492695021934063">
        <ele>704</ele>
      </trkpt>
      <trkpt lat="42.44840453938583" lon="2.6492513827961148">
        <ele>697</ele>
      </trkpt>
      <trkpt lat="42.44847797062749" lon="2.6492666412359394">
        <ele>693</ele>
      </trkpt>
      <trkpt lat="42.44856284569902" lon="2.6493477016975073">
        <ele>687</ele>
      </trkpt>
      <trkpt lat="42.44859431623115" lon="2.6494173183292067">
        <ele>685</ele>
      </trkpt>
      <trkpt lat="42.44861052832347" lon="2.6494793057409938">
        <ele>683</ele>
      </trkpt>
      <trkpt lat="42.44864009155063" lon="2.6495088689681539">
        <ele>681</ele>
      </trkpt>
      <trkpt lat="42.44868968148005" lon="2.6495269883654453">
        <ele>678</ele>
      </trkpt>
      <trkpt lat="42.44876311272171" lon="2.6494840740034387">
        <ele>675</ele>
      </trkpt>
      <trkpt lat="42.44884798779324" lon="2.6492218195689547">
        <ele>674</ele>
      </trkpt>
      <trkpt lat="42.44887373641044" lon="2.6491817661644155">
        <ele>674</ele>
      </trkpt>
      <trkpt lat="42.44913312988746" lon="2.6488889948502821">
        <ele>656</ele>
      </trkpt>
      <trkpt lat="42.44916460041959" lon="2.6487278275796355">
        <ele>652</ele>
      </trkpt>
      <trkpt lat="42.44904157924851" lon="2.6485914552737038">
        <ele>656</ele>
      </trkpt>
      <trkpt lat="42.44900247949646" lon="2.6483015449170377">
        <ele>653</ele>
      </trkpt>
      <trkpt lat="42.44913122258248" lon="2.6483415983215775">
        <ele>648</ele>
      </trkpt>
      <trkpt lat="42.44913503719243" lon="2.6480679000572249">
        <ele>639</ele>
      </trkpt>
      <trkpt lat="42.44937631127216" lon="2.6483473202365113">
        <ele>638</ele>
      </trkpt>
      <trkpt lat="42.44948312035093" lon="2.6481804310509309">
        <ele>629</ele>
      </trkpt>
      <trkpt lat="42.44973297730306" lon="2.6484732023650639">
        <ele>624</ele>
      </trkpt>
      <trkpt lat="42.44973488460803" lon="2.648939538432201">
        <ele>626</ele>
      </trkpt>
      <trkpt lat="42.44978256723249" lon="2.6489881747091415">
        <ele>623</ele>
      </trkpt>
      <trkpt lat="42.4499208468434" lon="2.648824146481028">
        <ele>616</ele>
      </trkpt>
      <trkpt lat="42.44997234407781" lon="2.6485809650963246">
        <ele>614</ele>
      </trkpt>
      <trkpt lat="42.4500333778371" lon="2.6485809650963246">
        <ele>611</ele>
      </trkpt>
      <trkpt lat="42.4500333778371" lon="2.6482557695975641">
        <ele>610</ele>
      </trkpt>
      <trkpt lat="42.4500772458516" lon="2.6480221247377513">
        <ele>602</ele>
      </trkpt>
      <trkpt lat="42.45029658592408" lon="2.6481565897387047">
        <ele>594</ele>
      </trkpt>
      <trkpt lat="42.45042723631507" lon="2.6481699408735513">
        <ele>588</ele>
      </trkpt>
      <trkpt lat="42.45029277131412" lon="2.6477808506580258">
        <ele>586</ele>
      </trkpt>
      <trkpt lat="42.45057123784092" lon="2.6479582300209858">
        <ele>576</ele>
      </trkpt>
      <trkpt lat="42.45053023078389" lon="2.6476578294869406">
        <ele>573</ele>
      </trkpt>
      <trkpt lat="42.45053023078389" lon="2.6476578294869406">
        <ele>573</ele>
      </trkpt>
      <trkpt lat="42.45062273507533" lon="2.64772744611864">
        <ele>570</ele>
      </trkpt>
      <trkpt lat="42.45071619301925" lon="2.6477970627503393">
        <ele>567</ele>
      </trkpt>
      <trkpt lat="42.45070093457943" lon="2.6476854854091227">
        <ele>565</ele>
      </trkpt>
      <trkpt lat="42.4506866297921" lon="2.6475748617203947">
        <ele>564</ele>
      </trkpt>
      <trkpt lat="42.45078962426091" lon="2.6476549685294737">
        <ele>561</ele>
      </trkpt>
      <trkpt lat="42.45089261872972" lon="2.6477360289910412">
        <ele>557</ele>
      </trkpt>
      <trkpt lat="42.45086687011252" lon="2.6474213236696604">
        <ele>552</ele>
      </trkpt>
      <trkpt lat="42.45098512302116" lon="2.6475061987411843">
        <ele>549</ele>
      </trkpt>
      <trkpt lat="42.45110432958229" lon="2.6475910738127082">
        <ele>543</ele>
      </trkpt>
      <trkpt lat="42.45108048827007" lon="2.6471533473202422">
        <ele>534</ele>
      </trkpt>
      <trkpt lat="42.45131794773983" lon="2.6475853518977743">
        <ele>532</ele>
      </trkpt>
      <trkpt lat="42.45132366965477" lon="2.6471724203700226">
        <ele>524</ele>
      </trkpt>
      <trkpt lat="42.45157924852182" lon="2.6475290864009211">
        <ele>518</ele>
      </trkpt>
      <trkpt lat="42.45156875834445" lon="2.6474108334922812">
        <ele>517</ele>
      </trkpt>
      <trkpt lat="42.45155922181956" lon="2.6472925805836409">
        <ele>515</ele>
      </trkpt>
      <trkpt lat="42.45166412359335" lon="2.6473497997329831">
        <ele>511</ele>
      </trkpt>
      <trkpt lat="42.45164505054357" lon="2.6472391760442551">
        <ele>510</ele>
      </trkpt>
      <trkpt lat="42.45162693114628" lon="2.6471295060080164">
        <ele>509</ele>
      </trkpt>
      <trkpt lat="42.4517470913599" lon="2.6471657448025998">
        <ele>504</ele>
      </trkpt>
      <trkpt lat="42.45186820522601" lon="2.6472019835971827">
        <ele>500</ele>
      </trkpt>
      <trkpt lat="42.45196261682242" lon="2.6471905397673146">
        <ele>495</ele>
      </trkpt>
      <trkpt lat="42.45205798207132" lon="2.6471800495899349">
        <ele>491</ele>
      </trkpt>
      <trkpt lat="42.45189395384321" lon="2.6469120732405167">
        <ele>493</ele>
      </trkpt>
      <trkpt lat="42.45198455082966" lon="2.6468996757581595">
        <ele>489</ele>
      </trkpt>
      <trkpt lat="42.45207610146861" lon="2.6468882319282909">
        <ele>485</ele>
      </trkpt>
      <trkpt lat="42.4519645241274" lon="2.6466040434865592">
        <ele>484</ele>
      </trkpt>
      <trkpt lat="42.45222582490939" lon="2.6466011825290923">
        <ele>473</ele>
      </trkpt>
      <trkpt lat="42.45215906923516" lon="2.6462607285905073">
        <ele>466</ele>
      </trkpt>
      <trkpt lat="42.45247949647148" lon="2.6462254434484129">
        <ele>452</ele>
      </trkpt>
      <trkpt lat="42.45256818615295" lon="2.6461234026320866">
        <ele>445</ele>
      </trkpt>
      <trkpt lat="42.45259870303261" lon="2.645852565325201">
        <ele>437</ele>
      </trkpt>
      <trkpt lat="42.45268167079915" lon="2.6457457562464293">
        <ele>431</ele>
      </trkpt>
      <trkpt lat="42.45268739271408" lon="2.6456799542246863">
        <ele>430</ele>
      </trkpt>
      <trkpt lat="42.45269311462902" lon="2.6456141522029428">
        <ele>429</ele>
      </trkpt>
      <trkpt lat="42.45274842647338" lon="2.6455016212092368">
        <ele>425</ele>
      </trkpt>
      <trkpt lat="42.45284188441731" lon="2.6454100705702897">
        <ele>420</ele>
      </trkpt>
      <trkpt lat="42.45293629601372" lon="2.6453185199313429">
        <ele>416</ele>
      </trkpt>
      <trkpt lat="42.45298016402822" lon="2.6453833683005969">
        <ele>415</ele>
      </trkpt>
      <trkpt lat="42.45309937058935" lon="2.6453404539385903">
        <ele>411</ele>
      </trkpt>
      <trkpt lat="42.45318043105091" lon="2.6453404539385903">
        <ele>409</ele>
      </trkpt>
      <trkpt lat="42.45328914743467" lon="2.6452384131222639">
        <ele>405</ele>
      </trkpt>
      <trkpt lat="42.45334827388898" lon="2.6452975395765841">
        <ele>404</ele>
      </trkpt>
      <trkpt lat="42.45343505626548" lon="2.6451850085828781">
        <ele>400</ele>
      </trkpt>
      <trkpt lat="42.45351325576959" lon="2.6451077627312665">
        <ele>397</ele>
      </trkpt>
      <trkpt lat="42.45359145527369" lon="2.6450314705321438">
        <ele>395</ele>
      </trkpt>
      <trkpt lat="42.45363723059316" lon="2.6450028609574727">
        <ele>393</ele>
      </trkpt>
      <trkpt lat="42.4537030326149" lon="2.6450295632271659">
        <ele>391</ele>
      </trkpt>
      <trkpt lat="42.453738317757" lon="2.6451125309937118">
        <ele>389</ele>
      </trkpt>
      <trkpt lat="42.45382128552355" lon="2.6450734312416611">
        <ele>386</ele>
      </trkpt>
      <trkpt lat="42.45390425329009" lon="2.6450343314896108">
        <ele>383</ele>
      </trkpt>
      <trkpt lat="42.45434197978255" lon="2.6446004196071007">
        <ele>370</ele>
      </trkpt>
      <trkpt lat="42.45437917222963" lon="2.6445813465573202">
        <ele>370</ele>
      </trkpt>
      <trkpt lat="42.45442685485408" lon="2.644570856379941">
        <ele>369</ele>
      </trkpt>
      <trkpt lat="42.45449265687582" lon="2.6445145908830878">
        <ele>367</ele>
      </trkpt>
      <trkpt lat="42.4545298493229" lon="2.6444335304215203">
        <ele>366</ele>
      </trkpt>
      <trkpt lat="42.45457753194734" lon="2.6443877551020467">
        <ele>365</ele>
      </trkpt>
      <trkpt lat="42.45459088308219" lon="2.6444039671943602">
        <ele>365</ele>
      </trkpt>
      <trkpt lat="42.45462712187678" lon="2.6444993324432633">
        <ele>364</ele>
      </trkpt>
      <trkpt lat="42.45466431432385" lon="2.6445946976921668">
        <ele>364</ele>
      </trkpt>
      <trkpt lat="42.45470627503337" lon="2.6445012397482413">
        <ele>362</ele>
      </trkpt>
      <trkpt lat="42.45474823574288" lon="2.6444087354568051">
        <ele>361</ele>
      </trkpt>
      <trkpt lat="42.45477112340262" lon="2.6440339500286152">
        <ele>358</ele>
      </trkpt>
      <trkpt lat="42.45478542818996" lon="2.643941445737179">
        <ele>357</ele>
      </trkpt>
      <trkpt lat="42.45480068662978" lon="2.6438489414457429">
        <ele>356</ele>
      </trkpt>
      <trkpt lat="42.4547987793248" lon="2.6437440396719492">
        <ele>355</ele>
      </trkpt>
      <trkpt lat="42.45484836925423" lon="2.6434007247758973">
        <ele>351</ele>
      </trkpt>
      <trkpt lat="42.45487221056646" lon="2.6433253862292636">
        <ele>349</ele>
      </trkpt>
      <trkpt lat="42.45489700553117" lon="2.6432500476826299">
        <ele>348</ele>
      </trkpt>
      <trkpt lat="42.45490940301353" lon="2.643182338355909">
        <ele>347</ele>
      </trkpt>
      <trkpt lat="42.45492275414838" lon="2.6431146290291876">
        <ele>346</ele>
      </trkpt>
      <trkpt lat="42.45493991989318" lon="2.643070761014692">
        <ele>345</ele>
      </trkpt>
      <trkpt lat="42.45493991989318" lon="2.643070761014692">
        <ele>345</ele>
      </trkpt>
      <trkpt lat="42.45501335113484" lon="2.6431155826816766">
        <ele>344</ele>
      </trkpt>
      <trkpt lat="42.45508678237649" lon="2.6431604043486612">
        <ele>344</ele>
      </trkpt>
      <trkpt lat="42.45511253099369" lon="2.6431680335685734">
        <ele>343</ele>
      </trkpt>
      <trkpt lat="42.4551468624833" lon="2.6431546824337269">
        <ele>343</ele>
      </trkpt>
      <trkpt lat="42.4551726111005" lon="2.643135609383946">
        <ele>342</ele>
      </trkpt>
      <trkpt lat="42.45520217432767" lon="2.6430793438870932">
        <ele>342</ele>
      </trkpt>
      <trkpt lat="42.45520026702268" lon="2.642987793248146">
        <ele>341</ele>
      </trkpt>
      <trkpt lat="42.45519835971771" lon="2.6428971962616878">
        <ele>340</ele>
      </trkpt>
      <trkpt lat="42.45518214762539" lon="2.6428037383177627">
        <ele>339</ele>
      </trkpt>
      <trkpt lat="42.45515639900819" lon="2.642731260728596">
        <ele>338</ele>
      </trkpt>
      <trkpt lat="42.45514876978828" lon="2.642666412359342">
        <ele>338</ele>
      </trkpt>
      <trkpt lat="42.4551640282281" lon="2.6425939347701752">
        <ele>337</ele>
      </trkpt>
      <trkpt lat="42.45520217432767" lon="2.6425891665077303">
        <ele>336</ele>
      </trkpt>
      <trkpt lat="42.45527942017927" lon="2.6425967957276426">
        <ele>336</ele>
      </trkpt>
      <trkpt lat="42.45539099752049" lon="2.6426883463665898">
        <ele>335</ele>
      </trkpt>
      <trkpt lat="42.45544917032232" lon="2.6427150486362825">
        <ele>335</ele>
      </trkpt>
      <trkpt lat="42.45551306503909" lon="2.6427264924661511">
        <ele>334</ele>
      </trkpt>
      <trkpt lat="42.45557791340834" lon="2.6427379362960193">
        <ele>334</ele>
      </trkpt>
      <trkpt lat="42.45569425901201" lon="2.6427350753385523">
        <ele>333</ele>
      </trkpt>
      <trkpt lat="42.45569425901201" lon="2.6427350753385523">
        <ele>333</ele>
      </trkpt>
      <trkpt lat="42.45573145145908" lon="2.6426702269692979">
        <ele>331</ele>
      </trkpt>
      <trkpt lat="42.45579153156589" lon="2.6426521075720064">
        <ele>330</ele>
      </trkpt>
      <trkpt lat="42.45581823383558" lon="2.6425700934579495">
        <ele>329</ele>
      </trkpt>
      <trkpt lat="42.45585256532518" lon="2.6424909403013599">
        <ele>328</ele>
      </trkpt>
      <trkpt lat="42.45588689681479" lon="2.6424642380316667">
        <ele>327</ele>
      </trkpt>
      <trkpt lat="42.45584207514781" lon="2.6424012969673907">
        <ele>327</ele>
      </trkpt>
      <trkpt lat="42.45579820713331" lon="2.6423383559031146">
        <ele>327</ele>
      </trkpt>
      <trkpt lat="42.45578580965095" lon="2.642262063703992">
        <ele>327</ele>
      </trkpt>
      <trkpt lat="42.45577436582109" lon="2.6421867251573583">
        <ele>326</ele>
      </trkpt>
      <trkpt lat="42.45578771695593" lon="2.6421094793057467">
        <ele>326</ele>
      </trkpt>
      <trkpt lat="42.45580106809078" lon="2.642033187106624">
        <ele>325</ele>
      </trkpt>
      <trkpt lat="42.45580297539576" lon="2.6419197024604291">
        <ele>324</ele>
      </trkpt>
      <trkpt lat="42.45584684341025" lon="2.6418605760061089">
        <ele>323</ele>
      </trkpt>
      <trkpt lat="42.45607572000762" lon="2.6414390616059564">
        <ele>317</ele>
      </trkpt>
      <trkpt lat="42.45609670036237" lon="2.6413475109670093">
        <ele>316</ele>
      </trkpt>
      <trkpt lat="42.45611768071713" lon="2.6412559603280621">
        <ele>315</ele>
      </trkpt>
      <trkpt lat="42.45616345603661" lon="2.6411672706465819">
        <ele>314</ele>
      </trkpt>
      <trkpt lat="42.45626072859049" lon="2.6411043295823058">
        <ele>312</ele>
      </trkpt>
      <trkpt lat="42.45635895479686" lon="2.6410413885180297">
        <ele>310</ele>
      </trkpt>
      <trkpt lat="42.45640186915887" lon="2.6410356666030954">
        <ele>309</ele>
      </trkpt>
      <trkpt lat="42.45648292962044" lon="2.6409937058935782">
        <ele>308</ele>
      </trkpt>
      <trkpt lat="42.45656494373449" lon="2.6409526988365495">
        <ele>306</ele>
      </trkpt>
      <trkpt lat="42.45664791150104" lon="2.6408983406446747">
        <ele>304</ele>
      </trkpt>
      <trkpt lat="42.45673087926758" lon="2.6408449361052888">
        <ele>303</ele>
      </trkpt>
      <trkpt lat="42.45680144955177" lon="2.640791531565903">
        <ele>302</ele>
      </trkpt>
      <trkpt lat="42.45687297348845" lon="2.6407381270265171">
        <ele>300</ele>
      </trkpt>
      <trkpt lat="42.45696261682242" lon="2.6407457562464294">
        <ele>300</ele>
      </trkpt>
      <trkpt lat="42.45735933625786" lon="2.6405855426282718">
        <ele>294</ele>
      </trkpt>
      <trkpt lat="42.4574165554072" lon="2.640467289719632">
        <ele>293</ele>
      </trkpt>
      <trkpt lat="42.45747949647147" lon="2.6403662025557946">
        <ele>292</ele>
      </trkpt>
      <trkpt lat="42.45752622544344" lon="2.6403290101087222">
        <ele>291</ele>
      </trkpt>
      <trkpt lat="42.45764066374212" lon="2.6403652489033052">
        <ele>291</ele>
      </trkpt>
      <trkpt lat="42.45768930001906" lon="2.6403004005340511">
        <ele>290</ele>
      </trkpt>
      <trkpt lat="42.45775319473583" lon="2.640239366774753">
        <ele>289</ele>
      </trkpt>
      <trkpt lat="42.45782281136753" lon="2.6401935914552794">
        <ele>289</ele>
      </trkpt>
      <trkpt lat="42.45791626931145" lon="2.6401707037955426">
        <ele>288</ele>
      </trkpt>
      <trkpt lat="42.45798302498569" lon="2.6400886896814857">
        <ele>287</ele>
      </trkpt>
      <trkpt lat="42.45807648292961" lon="2.6400000000000059">
        <ele>286</ele>
      </trkpt>
      <trkpt lat="42.45807648292961" lon="2.6399999999999952">
        <ele>286</ele>
      </trkpt>
      <trkpt lat="42.45811462902917" lon="2.6399628075529233">
        <ele>285</ele>
      </trkpt>
      <trkpt lat="42.45822048445545" lon="2.6399141712759824">
        <ele>284</ele>
      </trkpt>
      <trkpt lat="42.45826816707991" lon="2.6399141712759824">
        <ele>284</ele>
      </trkpt>
      <trkpt lat="42.45830822048445" lon="2.6399713904253246">
        <ele>284</ele>
      </trkpt>
      <trkpt lat="42.45833206179667" lon="2.6399790196452368">
        <ele>284</ele>
      </trkpt>
      <trkpt lat="42.45833206179667" lon="2.6399790196452368">
        <ele>284</ele>
      </trkpt>
      <trkpt lat="42.45842838069806" lon="2.6399685294678572">
        <ele>283</ele>
      </trkpt>
      <trkpt lat="42.45842838069806" lon="2.6399685294678572">
        <ele>283</ele>
      </trkpt>
      <trkpt lat="42.45843887087544" lon="2.6399418271981645">
        <ele>283</ele>
      </trkpt>
      <trkpt lat="42.45842456608811" lon="2.6398426473393051">
        <ele>281</ele>
      </trkpt>
      <trkpt lat="42.45844077818042" lon="2.6398207133320573">
        <ele>281</ele>
      </trkpt>
      <trkpt lat="42.45854758725919" lon="2.6398312035094365">
        <ele>280</ele>
      </trkpt>
      <trkpt lat="42.45862864772076" lon="2.6398016402822764">
        <ele>279</ele>
      </trkpt>
      <trkpt lat="42.45870017165743" lon="2.6397158115582635">
        <ele>277</ele>
      </trkpt>
      <trkpt lat="42.45870970818233" lon="2.6396786191111912">
        <ele>276</ele>
      </trkpt>
      <trkpt lat="42.45870970818233" lon="2.6396786191111912">
        <ele>276</ele>
      </trkpt>
      <trkpt lat="42.45875357619682" lon="2.6394878886133846">
        <ele>273</ele>
      </trkpt>
      <trkpt lat="42.45877551020407" lon="2.6392904825481551">
        <ele>271</ele>
      </trkpt>
      <trkpt lat="42.45877551020407" lon="2.6392904825481551">
        <ele>271</ele>
      </trkpt>
      <trkpt lat="42.45876788098415" lon="2.6391665077245805">
        <ele>269</ele>
      </trkpt>
      <trkpt lat="42.45876788098415" lon="2.6391665077245805">
        <ele>269</ele>
      </trkpt>
      <trkpt lat="42.45864772077054" lon="2.6382738889948456">
        <ele>265</ele>
      </trkpt>
      <trkpt lat="42.45864772077054" lon="2.6382738889948456">
        <ele>265</ele>
      </trkpt>
      <trkpt lat="42.45862197215334" lon="2.6378304405874453">
        <ele>266</ele>
      </trkpt>
      <trkpt lat="42.45860576006102" lon="2.6377236315086736">
        <ele>267</ele>
      </trkpt>
      <trkpt lat="42.45855235552164" lon="2.6377074194163601">
        <ele>267</ele>
      </trkpt>
      <trkpt lat="42.45855235552164" lon="2.6377074194163601">
        <ele>267</ele>
      </trkpt>
      <trkpt lat="42.45850276559221" lon="2.6377083730688491">
        <ele>267</ele>
      </trkpt>
      <trkpt lat="42.458303452222" lon="2.6377522410833447">
        <ele>267</ele>
      </trkpt>
      <trkpt lat="42.45824814037763" lon="2.6377064657638711">
        <ele>267</ele>
      </trkpt>
      <trkpt lat="42.45820808697309" lon="2.6374699599465909">
        <ele>268</ele>
      </trkpt>
      <trkpt lat="42.45805931718481" lon="2.6372458516116684">
        <ele>270</ele>
      </trkpt>
      <trkpt lat="42.45805931718481" lon="2.6372458516116684">
        <ele>270</ele>
      </trkpt>
      <trkpt lat="42.45812035094411" lon="2.6364238031661218">
        <ele>275</ele>
      </trkpt>
      <trkpt lat="42.45812035094411" lon="2.6364238031661218">
        <ele>275</ele>
      </trkpt>
      <trkpt lat="42.45777894335303" lon="2.6363723059317139">
        <ele>275</ele>
      </trkpt>
      <trkpt lat="42.45777894335303" lon="2.6363723059317139">
        <ele>275</ele>
      </trkpt>
      <trkpt lat="42.45749952317374" lon="2.6363007819950366">
        <ele>275</ele>
      </trkpt>
      <trkpt lat="42.45749952317374" lon="2.6363007819950366">
        <ele>275</ele>
      </trkpt>
      <trkpt lat="42.4575815372878" lon="2.6354243753576152">
        <ele>282</ele>
      </trkpt>
      <trkpt lat="42.45763494182719" lon="2.634963761205412">
        <ele>285</ele>
      </trkpt>
      <trkpt lat="42.45763494182719" lon="2.634963761205412">
        <ele>285</ele>
      </trkpt>
      <trkpt lat="42.45763017356474" lon="2.6348874690062893">
        <ele>286</ele>
      </trkpt>
      <trkpt lat="42.4576254053023" lon="2.6348121304596561">
        <ele>286</ele>
      </trkpt>
      <trkpt lat="42.45756913980544" lon="2.634818806027079">
        <ele>286</ele>
      </trkpt>
      <trkpt lat="42.45756913980544" lon="2.634818806027079">
        <ele>286</ele>
      </trkpt>
      <trkpt lat="42.45744802593934" lon="2.6346976921609722">
        <ele>287</ele>
      </trkpt>
      <trkpt lat="42.45742132366964" lon="2.6347053213808844">
        <ele>287</ele>
      </trkpt>
      <trkpt lat="42.45736219721532" lon="2.6346852946786146">
        <ele>287</ele>
      </trkpt>
      <trkpt lat="42.45736219721532" lon="2.6346852946786146">
        <ele>287</ele>
      </trkpt>
      <trkpt lat="42.45735838260537" lon="2.6346299828342508">
        <ele>287</ele>
      </trkpt>
      <trkpt lat="42.45737459469768" lon="2.6345527369826391">
        <ele>288</ele>
      </trkpt>
      <trkpt lat="42.45739176044248" lon="2.6344764447835165">
        <ele>288</ele>
      </trkpt>
      <trkpt lat="42.45737650200266" lon="2.6343972916269265">
        <ele>289</ele>
      </trkpt>
      <trkpt lat="42.45736219721532" lon="2.6343181384703369">
        <ele>289</ele>
      </trkpt>
      <trkpt lat="42.45734312416554" lon="2.6343076482929577">
        <ele>289</ele>
      </trkpt>
      <trkpt lat="42.45734312416554" lon="2.6343076482929577">
        <ele>289</ele>
      </trkpt>
      <trkpt lat="42.45687106618347" lon="2.6342199122639665">
        <ele>290</ele>
      </trkpt>
      <trkpt lat="42.45687583444592" lon="2.6343305359526945">
        <ele>289</ele>
      </trkpt>
      <trkpt lat="42.45679095937439" lon="2.6343448407400296">
        <ele>289</ele>
      </trkpt>
      <trkpt lat="42.45661262635895" lon="2.6343534236124313">
        <ele>289</ele>
      </trkpt>
      <trkpt lat="42.45661262635895" lon="2.6343534236124313">
        <ele>289</ele>
      </trkpt>
      <trkpt lat="42.45657638756436" lon="2.6343381651726068">
        <ele>289</ele>
      </trkpt>
      <trkpt lat="42.45657638756436" lon="2.6343381651726068">
        <ele>289</ele>
      </trkpt>
      <trkpt lat="42.45636753766926" lon="2.6342799923707756">
        <ele>290</ele>
      </trkpt>
      <trkpt lat="42.45633511348463" lon="2.6341007057028372">
        <ele>291</ele>
      </trkpt>
      <trkpt lat="42.4562855235552" lon="2.6339204653824102">
        <ele>291</ele>
      </trkpt>
      <trkpt lat="42.45626263589547" lon="2.6339071142475636">
        <ele>291</ele>
      </trkpt>
      <trkpt lat="42.45616059507914" lon="2.6337449933244281">
        <ele>292</ele>
      </trkpt>
      <trkpt lat="42.45615833823642" lon="2.6337414076876247">
        <ele>292</ele>
      </trkpt>
      <trkpt lat="42.45617776082394" lon="2.6336820522601521">
        <ele>292</ele>
      </trkpt>
      <trkpt lat="42.45617776082394" lon="2.6336820522601521">
        <ele>292</ele>
      </trkpt>
      <trkpt lat="42.45623974823573" lon="2.6336772839977067">
        <ele>292</ele>
      </trkpt>
      <trkpt lat="42.45630268930001" lon="2.6336725157352614">
        <ele>292</ele>
      </trkpt>
      <trkpt lat="42.45639519359145" lon="2.6336467671180577">
        <ele>292</ele>
      </trkpt>
      <trkpt lat="42.45646576387563" lon="2.6336086210184964">
        <ele>292</ele>
      </trkpt>
      <trkpt lat="42.45653633415982" lon="2.633571428571424">
        <ele>293</ele>
      </trkpt>
      <trkpt lat="42.45661453366392" lon="2.6335695212664461">
        <ele>293</ele>
      </trkpt>
      <trkpt lat="42.45669273316802" lon="2.6335685676139571">
        <ele>293</ele>
      </trkpt>
      <trkpt lat="42.45708373068852" lon="2.6337669273316759">
        <ele>292</ele>
      </trkpt>
      <trkpt lat="42.45732309746327" lon="2.6340291817661599">
        <ele>291</ele>
      </trkpt>
      <trkpt lat="42.45734312416554" lon="2.6341083349227494">
        <ele>291</ele>
      </trkpt>
      <trkpt lat="42.45734312416554" lon="2.6342075147816089">
        <ele>290</ele>
      </trkpt>
      <trkpt lat="42.45734312416554" lon="2.6343076482929577">
        <ele>289</ele>
      </trkpt>
      <trkpt lat="42.45736219721532" lon="2.6343181384703369">
        <ele>289</ele>
      </trkpt>
      <trkpt lat="42.45737650200266" lon="2.6343972916269265">
        <ele>289</ele>
      </trkpt>
      <trkpt lat="42.45739176044248" lon="2.6344764447835165">
        <ele>288</ele>
      </trkpt>
      <trkpt lat="42.45737459469768" lon="2.6345527369826391">
        <ele>288</ele>
      </trkpt>
      <trkpt lat="42.45735838260537" lon="2.6346299828342508">
        <ele>287</ele>
      </trkpt>
      <trkpt lat="42.45736219721532" lon="2.6346852946786146">
        <ele>287</ele>
      </trkpt>
      <trkpt lat="42.45736219721532" lon="2.6346852946786146">
        <ele>287</ele>
      </trkpt>
      <trkpt lat="42.45742132366964" lon="2.6347053213808844">
        <ele>287</ele>
      </trkpt>
      <trkpt lat="42.45744802593934" lon="2.6346976921609722">
        <ele>287</ele>
      </trkpt>
      <trkpt lat="42.45756913980544" lon="2.634818806027079">
        <ele>286</ele>
      </trkpt>
      <trkpt lat="42.45756913980544" lon="2.634818806027079">
        <ele>286</ele>
      </trkpt>
      <trkpt lat="42.4576254053023" lon="2.6348121304596561">
        <ele>286</ele>
      </trkpt>
      <trkpt lat="42.4576254053023" lon="2.6348121304596561">
        <ele>286</ele>
      </trkpt>
      <trkpt lat="42.45767976349417" lon="2.6348741178714432">
        <ele>286</ele>
      </trkpt>
      <trkpt lat="42.45767976349417" lon="2.6348741178714432">
        <ele>286</ele>
      </trkpt>
      <trkpt lat="42.45775128743085" lon="2.6349113103185156">
        <ele>286</ele>
      </trkpt>
      <trkpt lat="42.45788384512682" lon="2.6349446881556315">
        <ele>286</ele>
      </trkpt>
      <trkpt lat="42.45795734310658" lon="2.6349739845531577">
        <ele>286</ele>
      </trkpt>
      <trkpt lat="42.45795734308749" lon="2.6349739845067748">
        <ele>286</ele>
      </trkpt>
      <trkpt lat="42.4579906542056" lon="2.6348407400343268">
        <ele>286</ele>
      </trkpt>
      <trkpt lat="42.45798302498569" lon="2.6347310699980881">
        <ele>287</ele>
      </trkpt>
      <trkpt lat="42.45798302498569" lon="2.6347310699980881">
        <ele>287</ele>
      </trkpt>
      <trkpt lat="42.4579906542056" lon="2.6348407400343268">
        <ele>286</ele>
      </trkpt>
      <trkpt lat="42.45795734308749" lon="2.6349739845067748">
        <ele>286</ele>
      </trkpt>
      <trkpt lat="42.45795734310658" lon="2.6349739845531577">
        <ele>286</ele>
      </trkpt>
      <trkpt lat="42.45802021743275" lon="2.6349990463475064">
        <ele>286</ele>
      </trkpt>
      <trkpt lat="42.4581995041007" lon="2.635157352660686">
        <ele>284</ele>
      </trkpt>
      <trkpt lat="42.45838355903108" lon="2.6352632080869687">
        <ele>284</ele>
      </trkpt>
      <trkpt lat="42.45851134846461" lon="2.6353461758535146">
        <ele>284</ele>
      </trkpt>
      <trkpt lat="42.45867251573525" lon="2.6354873164218913">
        <ele>283</ele>
      </trkpt>
      <trkpt lat="42.45867251573525" lon="2.6354873164218913">
        <ele>283</ele>
      </trkpt>
      <trkpt lat="42.45883845126835" lon="2.6356017547205752">
        <ele>281</ele>
      </trkpt>
      <trkpt lat="42.45974644621835" lon="2.6359797132096183">
        <ele>282</ele>
      </trkpt>
      <trkpt lat="42.45974644621835" lon="2.6359797132096183">
        <ele>282</ele>
      </trkpt>
      <trkpt lat="42.45999999999999" lon="2.6360852565325148">
        <ele>283</ele>
      </trkpt>
      <trkpt lat="42.46" lon="2.6360852565325148">
        <ele>283</ele>
      </trkpt>
      <trkpt lat="42.460347129506" lon="2.6362492847606287">
        <ele>284</ele>
      </trkpt>
      <trkpt lat="42.46088880411978" lon="2.6366002288765928">
        <ele>281</ele>
      </trkpt>
      <trkpt lat="42.4610175472058" lon="2.6367118062178099">
        <ele>281</ele>
      </trkpt>
      <trkpt lat="42.4610175472058" lon="2.6367118062178099">
        <ele>281</ele>
      </trkpt>
      <trkpt lat="42.46106427617776" lon="2.6367327865725683">
        <ele>281</ele>
      </trkpt>
      <trkpt lat="42.46109670036239" lon="2.6367833301544872">
        <ele>281</ele>
      </trkpt>
      <trkpt lat="42.4611043295823" lon="2.6368500858287196">
        <ele>280</ele>
      </trkpt>
      <trkpt lat="42.4611043295823" lon="2.6368500858287196">
        <ele>280</ele>
      </trkpt>
      <trkpt lat="42.46127217242037" lon="2.6369387755101994">
        <ele>281</ele>
      </trkpt>
      <trkpt lat="42.46157352660691" lon="2.6372820904062513">
        <ele>277</ele>
      </trkpt>
      <trkpt lat="42.46179382033187" lon="2.6375185962235315">
        <ele>274</ele>
      </trkpt>
      <trkpt lat="42.46211520122068" lon="2.6378323478924233">
        <ele>274</ele>
      </trkpt>
      <trkpt lat="42.46211520122068" lon="2.6378323478924233">
        <ele>274</ele>
      </trkpt>
      <trkpt lat="42.46217051306504" lon="2.6378018310127742">
        <ele>275</ele>
      </trkpt>
      <trkpt lat="42.46223726873927" lon="2.6378218577150441">
        <ele>275</ele>
      </trkpt>
      <trkpt lat="42.46253862292581" lon="2.6381337020789579">
        <ele>272</ele>
      </trkpt>
      <trkpt lat="42.46259393477017" lon="2.6381766164409646">
        <ele>271</ele>
      </trkpt>
      <trkpt lat="42.46263398817471" lon="2.638162311653629">
        <ele>272</ele>
      </trkpt>
      <trkpt lat="42.46314133129887" lon="2.6374766355140142">
        <ele>280</ele>
      </trkpt>
      <trkpt lat="42.4637306885371" lon="2.6367451840549259">
        <ele>283</ele>
      </trkpt>
      <trkpt lat="42.46385275605569" lon="2.6365048636276893">
        <ele>283</ele>
      </trkpt>
      <trkpt lat="42.46393572382224" lon="2.636256913980541">
        <ele>284</ele>
      </trkpt>
      <trkpt lat="42.46388804119778" lon="2.6360509250429098">
        <ele>289</ele>
      </trkpt>
      <trkpt lat="42.4638088880412" lon="2.6358582872401253">
        <ele>296</ele>
      </trkpt>
      <trkpt lat="42.46384894144573" lon="2.635627503337779">
        <ele>299</ele>
      </trkpt>
      <trkpt lat="42.46391855807744" lon="2.6355016212092268">
        <ele>298</ele>
      </trkpt>
      <trkpt lat="42.46404539385848" lon="2.6353366393286239">
        <ele>296</ele>
      </trkpt>
      <trkpt lat="42.46418653442685" lon="2.6352422277322098">
        <ele>292</ele>
      </trkpt>
      <trkpt lat="42.46430764829296" lon="2.6352260156398963">
        <ele>293</ele>
      </trkpt>
      <trkpt lat="42.46443257676903" lon="2.6351020408163222">
        <ele>295</ele>
      </trkpt>
      <trkpt lat="42.46465668510395" lon="2.634752050352847">
        <ele>298</ele>
      </trkpt>
      <trkpt lat="42.4648254815945" lon="2.6343410261300737">
        <ele>298</ele>
      </trkpt>
      <trkpt lat="42.46490654205607" lon="2.6338279610909741">
        <ele>297</ele>
      </trkpt>
      <trkpt lat="42.46487888613389" lon="2.6336152965859196">
        <ele>299</ele>
      </trkpt>
      <trkpt lat="42.46479687201983" lon="2.6333311081441879">
        <ele>304</ele>
      </trkpt>
      <trkpt lat="42.46479401106237" lon="2.6330173564752957">
        <ele>305</ele>
      </trkpt>
      <trkpt lat="42.46488556170132" lon="2.6325281327484218">
        <ele>301</ele>
      </trkpt>
      <trkpt lat="42.46496471485791" lon="2.6321686057600564">
        <ele>301</ele>
      </trkpt>
      <trkpt lat="42.4650171657448" lon="2.6321409498378747">
        <ele>299</ele>
      </trkpt>
      <trkpt lat="42.46513446500095" lon="2.6322372687392668">
        <ele>300</ele>
      </trkpt>
      <trkpt lat="42.46517642571047" lon="2.6323240511157691">
        <ele>299</ele>
      </trkpt>
      <trkpt lat="42.46516975014305" lon="2.632586305550253">
        <ele>297</ele>
      </trkpt>
      <trkpt lat="42.46519645241274" lon="2.6327531947358338">
        <ele>298</ele>
      </trkpt>
      <trkpt lat="42.46527179095937" lon="2.632957276368487">
        <ele>300</ele>
      </trkpt>
      <trkpt lat="42.46533663932863" lon="2.6331127217241992">
        <ele>302</ele>
      </trkpt>
      <trkpt lat="42.46535952698837" lon="2.6332529086400869">
        <ele>302</ele>
      </trkpt>
      <trkpt lat="42.46535189776845" lon="2.6334140759107334">
        <ele>302</ele>
      </trkpt>
      <trkpt lat="42.46535189776845" lon="2.6337001716574435">
        <ele>302</ele>
      </trkpt>
      <trkpt lat="42.465304215144" lon="2.6339719626168181">
        <ele>301</ele>
      </trkpt>
      <trkpt lat="42.46530230783902" lon="2.6341035666603045">
        <ele>301</ele>
      </trkpt>
      <trkpt lat="42.46532424184627" lon="2.6341493419797781">
        <ele>301</ele>
      </trkpt>
      <trkpt lat="42.46534999046347" lon="2.6341607858096463">
        <ele>302</ele>
      </trkpt>
      <trkpt lat="42.46540148769788" lon="2.6341445737173328">
        <ele>303</ele>
      </trkpt>
      <trkpt lat="42.4654787335495" lon="2.6339700553118397">
        <ele>305</ele>
      </trkpt>
      <trkpt lat="42.46554167461377" lon="2.6337640663742086">
        <ele>307</ele>
      </trkpt>
      <trkpt lat="42.46554353780926" lon="2.6337477116582004">
        <ele>307</ele>
      </trkpt>
      <trkpt lat="42.46554353780926" lon="2.6337477116582004">
        <ele>307</ele>
      </trkpt>
      <trkpt lat="42.46556742323097" lon="2.633538050734308">
        <ele>307</ele>
      </trkpt>
      <trkpt lat="42.46561129124547" lon="2.6333015449170278">
        <ele>308</ele>
      </trkpt>
      <trkpt lat="42.46561129124547" lon="2.6333015449170278">
        <ele>308</ele>
      </trkpt>
      <trkpt lat="42.46587068472249" lon="2.6327436582109436">
        <ele>315</ele>
      </trkpt>
      <trkpt lat="42.46588117489986" lon="2.6326111005149677">
        <ele>315</ele>
      </trkpt>
      <trkpt lat="42.46580488270074" lon="2.6323707800877316">
        <ele>311</ele>
      </trkpt>
      <trkpt lat="42.4657734121686" lon="2.6322019835971728">
        <ele>309</ele>
      </trkpt>
      <trkpt lat="42.46579629982834" lon="2.6320637039862627">
        <ele>307</ele>
      </trkpt>
      <trkpt lat="42.46586687011253" lon="2.6319759679572718">
        <ele>308</ele>
      </trkpt>
      <trkpt lat="42.4661214953271" lon="2.6317842838069763">
        <ele>314</ele>
      </trkpt>
      <trkpt lat="42.46653633415983" lon="2.6313999618538957">
        <ele>317</ele>
      </trkpt>
      <trkpt lat="42.46697215334732" lon="2.6310566469578438">
        <ele>317</ele>
      </trkpt>
      <trkpt lat="42.4671562082777" lon="2.6308840358573291">
        <ele>316</ele>
      </trkpt>
      <trkpt lat="42.46734121686058" lon="2.6306875834445882">
        <ele>318</ele>
      </trkpt>
      <trkpt lat="42.4675739080679" lon="2.6303633415983172">
        <ele>319</ele>
      </trkpt>
      <trkpt lat="42.46765306122449" lon="2.6302279229448744">
        <ele>320</ele>
      </trkpt>
      <trkpt lat="42.46772839977113" lon="2.6299208468434059">
        <ele>319</ele>
      </trkpt>
      <trkpt lat="42.46793248140378" lon="2.6295718100324197">
        <ele>324</ele>
      </trkpt>
      <trkpt lat="42.46801258821285" lon="2.6293572382223873">
        <ele>326</ele>
      </trkpt>
      <trkpt lat="42.46809937058936" lon="2.6291855807743612">
        <ele>327</ele>
      </trkpt>
      <trkpt lat="42.46840740034332" lon="2.6287192447072241">
        <ele>328</ele>
      </trkpt>
      <trkpt lat="42.46858382605379" lon="2.6285571237840886">
        <ele>331</ele>
      </trkpt>
      <trkpt lat="42.46875166889185" lon="2.6284588975777181">
        <ele>335</ele>
      </trkpt>
      <trkpt lat="42.46892523364486" lon="2.6283415983215672">
        <ele>339</ele>
      </trkpt>
      <trkpt lat="42.46940492084684" lon="2.6273374022506153">
        <ele>339</ele>
      </trkpt>
      <trkpt lat="42.4695479687202" lon="2.6272258249093983">
        <ele>344</ele>
      </trkpt>
      <trkpt lat="42.46959755864962" lon="2.6271657448025896">
        <ele>346</ele>
      </trkpt>
      <trkpt lat="42.46962139996185" lon="2.6270617966812848">
        <ele>346</ele>
      </trkpt>
      <trkpt lat="42.46961377074194" lon="2.6267852374594653">
        <ele>343</ele>
      </trkpt>
      <trkpt lat="42.46964790166346" lon="2.6266204674935536">
        <ele>344</ele>
      </trkpt>
      <trkpt lat="42.46964790166346" lon="2.6266204674935536">
        <ele>344</ele>
      </trkpt>
      <trkpt lat="42.46966908258631" lon="2.6265182147625361">
        <ele>344</ele>
      </trkpt>
      <trkpt lat="42.46975681861529" lon="2.6263036429525037">
        <ele>346</ele>
      </trkpt>
      <trkpt lat="42.46992847606332" lon="2.626117680717142">
        <ele>352</ele>
      </trkpt>
      <trkpt lat="42.46995327102804" lon="2.6259908449361009">
        <ele>352</ele>
      </trkpt>
      <trkpt lat="42.46990272744612" lon="2.6258439824527895">
        <ele>349</ele>
      </trkpt>
      <trkpt lat="42.46982738889948" lon="2.6256933053595226">
        <ele>346</ele>
      </trkpt>
      <trkpt lat="42.46981499141712" lon="2.6255626549685247">
        <ele>346</ele>
      </trkpt>
      <trkpt lat="42.46988365439633" lon="2.6251153919511685">
        <ele>350</ele>
      </trkpt>
      <trkpt lat="42.47008392141903" lon="2.6246166316994044">
        <ele>359</ele>
      </trkpt>
      <trkpt lat="42.4701649818806" lon="2.624434484073999">
        <ele>363</ele>
      </trkpt>
      <trkpt lat="42.47018786954034" lon="2.6242494754911263">
        <ele>365</ele>
      </trkpt>
      <trkpt lat="42.47017261110052" lon="2.6240577913408307">
        <ele>364</ele>
      </trkpt>
      <trkpt lat="42.4700953652489" lon="2.6238041197787481">
        <ele>361</ele>
      </trkpt>
      <trkpt lat="42.47005149723441" lon="2.6235103948121261">
        <ele>360</ele>
      </trkpt>
      <trkpt lat="42.4700352851421" lon="2.6230440587449886">
        <ele>360</ele>
      </trkpt>
      <trkpt lat="42.47003147053213" lon="2.6224938012588166">
        <ele>362</ele>
      </trkpt>
      <trkpt lat="42.47007438489414" lon="2.6222220102994425">
        <ele>359</ele>
      </trkpt>
      <trkpt lat="42.47015544535571" lon="2.6220188823192783">
        <ele>359</ele>
      </trkpt>
      <trkpt lat="42.47024985695212" lon="2.6218376883463619">
        <ele>360</ele>
      </trkpt>
      <trkpt lat="42.47036810986076" lon="2.6217308792675902">
        <ele>363</ele>
      </trkpt>
      <trkpt lat="42.47060080106809" lon="2.6216545870684675">
        <ele>371</ele>
      </trkpt>
      <trkpt lat="42.47078867060843" lon="2.6215601754720534">
        <ele>377</ele>
      </trkpt>
      <trkpt lat="42.47080901917715" lon="2.6215413191317101">
        <ele>377</ele>
      </trkpt>
      <trkpt lat="42.47080901917715" lon="2.6215413191317101">
        <ele>377</ele>
      </trkpt>
      <trkpt lat="42.47093171848179" lon="2.621427617776078">
        <ele>380</ele>
      </trkpt>
      <trkpt lat="42.47105473965287" lon="2.6212855235552119">
        <ele>381</ele>
      </trkpt>
      <trkpt lat="42.47105473965287" lon="2.6212855235552119">
        <ele>381</ele>
      </trkpt>
      <trkpt lat="42.47127407972535" lon="2.6208830822048399">
        <ele>381</ele>
      </trkpt>
      <trkpt lat="42.47141903490368" lon="2.6207228685866824">
        <ele>382</ele>
      </trkpt>
      <trkpt lat="42.471608811749" lon="2.6205626549685248">
        <ele>384</ele>
      </trkpt>
      <trkpt lat="42.47173183292009" lon="2.6204119778752579">
        <ele>384</ele>
      </trkpt>
      <trkpt lat="42.47199694831203" lon="2.6201773793629557">
        <ele>385</ele>
      </trkpt>
      <trkpt lat="42.47226587831394" lon="2.6199999999999957">
        <ele>387</ele>
      </trkpt>
      <trkpt lat="42.47226587831394" lon="2.6200000000000134">
        <ele>387</ele>
      </trkpt>
      <trkpt lat="42.47243658210948" lon="2.6198922372687528">
        <ele>388</ele>
      </trkpt>
      <trkpt lat="42.47270074384894" lon="2.6198416936868343">
        <ele>392</ele>
      </trkpt>
      <trkpt lat="42.47275700934579" lon="2.6198140377646522">
        <ele>392</ele>
      </trkpt>
      <trkpt lat="42.47302975395765" lon="2.6195994659546198">
        <ele>390</ele>
      </trkpt>
      <trkpt lat="42.47310604615678" lon="2.6195660881175038">
        <ele>390</ele>
      </trkpt>
      <trkpt lat="42.47341121495327" lon="2.6195489223727009">
        <ele>394</ele>
      </trkpt>
      <trkpt lat="42.47385752431813" lon="2.6193572382224053">
        <ele>392</ele>
      </trkpt>
      <trkpt lat="42.47392904825482" lon="2.6193314896052016">
        <ele>391</ele>
      </trkpt>
      <trkpt lat="42.47399771123403" lon="2.619350562654982">
        <ele>393</ele>
      </trkpt>
      <trkpt lat="42.47415983215716" lon="2.6194125500667691">
        <ele>397</ele>
      </trkpt>
      <trkpt lat="42.47445260347129" lon="2.6194554644287757">
        <ele>403</ele>
      </trkpt>
      <trkpt lat="42.47463665840168" lon="2.6194402059889512">
        <ele>406</ele>
      </trkpt>
      <trkpt lat="42.4748092695022" lon="2.6193620064848506">
        <ele>406</ele>
      </trkpt>
      <trkpt lat="42.47488746900629" lon="2.6193591455273832">
        <ele>408</ele>
      </trkpt>
      <trkpt lat="42.47505054358192" lon="2.6194096891093022">
        <ele>413</ele>
      </trkpt>
      <trkpt lat="42.4751039481213" lon="2.6194087354568132">
        <ele>415</ele>
      </trkpt>
      <trkpt lat="42.47513827961091" lon="2.6193572382224053">
        <ele>415</ele>
      </trkpt>
      <trkpt lat="42.47514495517833" lon="2.6192752241083488">
        <ele>414</ele>
      </trkpt>
      <trkpt lat="42.47510490177379" lon="2.6189853137516828">
        <ele>408</ele>
      </trkpt>
      <trkpt lat="42.4751478161358" lon="2.6186019454510912">
        <ele>406</ele>
      </trkpt>
      <trkpt lat="42.47512874308602" lon="2.6183053595270018">
        <ele>403</ele>
      </trkpt>
      <trkpt lat="42.47480831584971" lon="2.6175805836353367">
        <ele>398</ele>
      </trkpt>
      <trkpt lat="42.47480831584971" lon="2.6175805836353367">
        <ele>398</ele>
      </trkpt>
      <trkpt lat="42.47475586496281" lon="2.6174461186343834">
        <ele>398</ele>
      </trkpt>
      <trkpt lat="42.47470150677093" lon="2.6173421705130786">
        <ele>399</ele>
      </trkpt>
      <trkpt lat="42.4746726537774" lon="2.6173293469603953">
        <ele>399</ele>
      </trkpt>
      <trkpt lat="42.4746726537774" lon="2.6173293469603953">
        <ele>399</ele>
      </trkpt>
      <trkpt lat="42.47463284379172" lon="2.6173116536334295">
        <ele>399</ele>
      </trkpt>
      <trkpt lat="42.47454320045775" lon="2.6173393095556117">
        <ele>399</ele>
      </trkpt>
      <trkpt lat="42.47448598130841" lon="2.6173869921800632">
        <ele>399</ele>
      </trkpt>
      <trkpt lat="42.47447549113103" lon="2.6175147816135937">
        <ele>398</ele>
      </trkpt>
      <trkpt lat="42.47448216669845" lon="2.6176578294869488">
        <ele>397</ele>
      </trkpt>
      <trkpt lat="42.47442685485409" lon="2.617958230020994">
        <ele>394</ele>
      </trkpt>
      <trkpt lat="42.47435819187488" lon="2.6180831584970572">
        <ele>392</ele>
      </trkpt>
      <trkpt lat="42.47421037573908" lon="2.6179811176807308">
        <ele>392</ele>
      </trkpt>
      <trkpt lat="42.47405683768834" lon="2.6177341216860714">
        <ele>395</ele>
      </trkpt>
      <trkpt lat="42.47363532328819" lon="2.6174556551592736">
        <ele>402</ele>
      </trkpt>
      <trkpt lat="42.47299923707801" lon="2.6172696929239123">
        <ele>409</ele>
      </trkpt>
      <trkpt lat="42.47264543200458" lon="2.6172181956895044">
        <ele>411</ele>
      </trkpt>
      <trkpt lat="42.47259774938013" lon="2.6171676521075855">
        <ele>412</ele>
      </trkpt>
      <trkpt lat="42.47269406828152" lon="2.6170837306885506">
        <ele>415</ele>
      </trkpt>
      <trkpt lat="42.47315086782376" lon="2.6170923135609518">
        <ele>415</ele>
      </trkpt>
      <trkpt lat="42.47336734693877" lon="2.6170837306885506">
        <ele>415</ele>
      </trkpt>
      <trkpt lat="42.47365916460042" lon="2.6171113866107327">
        <ele>410</ele>
      </trkpt>
      <trkpt lat="42.47380411977875" lon="2.6170694259012151">
        <ele>409</ele>
      </trkpt>
      <trkpt lat="42.47388994850277" lon="2.6169254243753715">
        <ele>410</ele>
      </trkpt>
      <trkpt lat="42.47391665077246" lon="2.6163198550448352">
        <ele>424</ele>
      </trkpt>
      <trkpt lat="42.47401010871639" lon="2.6159889376311409">
        <ele>430</ele>
      </trkpt>
      <trkpt lat="42.47397577722678" lon="2.6158773602899239">
        <ele>434</ele>
      </trkpt>
      <trkpt lat="42.47405493038337" lon="2.6155645622735211">
        <ele>441</ele>
      </trkpt>
      <trkpt lat="42.47450791531566" lon="2.6153976730879402">
        <ele>438</ele>
      </trkpt>
      <trkpt lat="42.47473965287049" lon="2.615420560747677">
        <ele>433</ele>
      </trkpt>
      <trkpt lat="42.47492275414839" lon="2.6153156589738837">
        <ele>434</ele>
      </trkpt>
      <trkpt lat="42.47502288765973" lon="2.6150600801068227">
        <ele>441</ele>
      </trkpt>
      <trkpt lat="42.47503923494352" lon="2.6149322080203055">
        <ele>445</ele>
      </trkpt>
      <trkpt lat="42.47503923494352" lon="2.6149322080203055">
        <ele>445</ele>
      </trkpt>
      <trkpt lat="42.47506550587885" lon="2.6147267109261518">
        <ele>449</ele>
      </trkpt>
      <trkpt lat="42.47506550587885" lon="2.6147267109261518">
        <ele>449</ele>
      </trkpt>
      <trkpt lat="42.47506580202174" lon="2.6147243944306831">
        <ele>449</ele>
      </trkpt>
      <trkpt lat="42.47524032042723" lon="2.6141483883273073">
        <ele>459</ele>
      </trkpt>
      <trkpt lat="42.47524032042723" lon="2.6139567041770118">
        <ele>464</ele>
      </trkpt>
      <trkpt lat="42.47516116727065" lon="2.6136553499904771">
        <ele>473</ele>
      </trkpt>
      <trkpt lat="42.47530516879649" lon="2.6135246995994796">
        <ele>474</ele>
      </trkpt>
      <trkpt lat="42.47546633606714" lon="2.6135761968338875">
        <ele>470</ele>
      </trkpt>
      <trkpt lat="42.47565897386992" lon="2.613705893572396">
        <ele>463</ele>
      </trkpt>
      <trkpt lat="42.47583730688537" lon="2.6137345031470667">
        <ele>459</ele>
      </trkpt>
      <trkpt lat="42.47624642380317" lon="2.6135437726492601">
        <ele>472</ele>
      </trkpt>
      <trkpt lat="42.47664791150105" lon="2.6137297348846218">
        <ele>471</ele>
      </trkpt>
      <trkpt lat="42.47695021934007" lon="2.6138460804882837">
        <ele>470</ele>
      </trkpt>
      <trkpt lat="42.47735266069044" lon="2.6141674613770878">
        <ele>463</ele>
      </trkpt>
      <trkpt lat="42.4774518405493" lon="2.614223726873941">
        <ele>463</ele>
      </trkpt>
      <trkpt lat="42.47758916650773" lon="2.6143257676902674">
        <ele>461</ele>
      </trkpt>
      <trkpt lat="42.47763112721724" lon="2.6143305359527127">
        <ele>461</ele>
      </trkpt>
      <trkpt lat="42.47770932672134" lon="2.6142284951363859">
        <ele>462</ele>
      </trkpt>
      <trkpt lat="42.47779038718291" lon="2.6137964905588542">
        <ele>475</ele>
      </trkpt>
      <trkpt lat="42.47790577913408" lon="2.613658210947944">
        <ele>477</ele>
      </trkpt>
      <trkpt lat="42.47804501239748" lon="2.6133559031089209">
        <ele>483</ele>
      </trkpt>
      <trkpt lat="42.47816231165363" lon="2.613271028037397">
        <ele>482</ele>
      </trkpt>
      <trkpt lat="42.47823627233733" lon="2.6132756676374811">
        <ele>479</ele>
      </trkpt>
      <trkpt lat="42.47823627233733" lon="2.6132756676374811">
        <ele>479</ele>
      </trkpt>
      <trkpt lat="42.47816231165363" lon="2.613271028037397">
        <ele>482</ele>
      </trkpt>
      <trkpt lat="42.47804501239748" lon="2.6133559031089209">
        <ele>483</ele>
      </trkpt>
      <trkpt lat="42.47790577913408" lon="2.613658210947944">
        <ele>477</ele>
      </trkpt>
      <trkpt lat="42.47779038718291" lon="2.6137964905588542">
        <ele>475</ele>
      </trkpt>
      <trkpt lat="42.47770932672134" lon="2.6142284951363859">
        <ele>462</ele>
      </trkpt>
      <trkpt lat="42.47763112721724" lon="2.6143305359527127">
        <ele>461</ele>
      </trkpt>
      <trkpt lat="42.47758916650773" lon="2.6143257676902674">
        <ele>461</ele>
      </trkpt>
      <trkpt lat="42.4774518405493" lon="2.614223726873941">
        <ele>463</ele>
      </trkpt>
      <trkpt lat="42.47735266069044" lon="2.6141674613770878">
        <ele>463</ele>
      </trkpt>
      <trkpt lat="42.47695021934007" lon="2.6138460804882837">
        <ele>470</ele>
      </trkpt>
      <trkpt lat="42.47664791150105" lon="2.6137297348846218">
        <ele>471</ele>
      </trkpt>
      <trkpt lat="42.47624642380317" lon="2.6135437726492601">
        <ele>472</ele>
      </trkpt>
      <trkpt lat="42.47583730688537" lon="2.6137345031470667">
        <ele>459</ele>
      </trkpt>
      <trkpt lat="42.47565897386992" lon="2.613705893572396">
        <ele>463</ele>
      </trkpt>
      <trkpt lat="42.47546633606714" lon="2.6135761968338875">
        <ele>470</ele>
      </trkpt>
      <trkpt lat="42.47530516879649" lon="2.6135246995994796">
        <ele>474</ele>
      </trkpt>
      <trkpt lat="42.47516116727065" lon="2.6136553499904771">
        <ele>473</ele>
      </trkpt>
      <trkpt lat="42.47524032042723" lon="2.6139567041770118">
        <ele>464</ele>
      </trkpt>
      <trkpt lat="42.47524032042723" lon="2.6141483883273073">
        <ele>459</ele>
      </trkpt>
      <trkpt lat="42.47506580202174" lon="2.6147243944306831">
        <ele>449</ele>
      </trkpt>
      <trkpt lat="42.47506580202174" lon="2.6147243944306831">
        <ele>449</ele>
      </trkpt>
      <trkpt lat="42.47496662216288" lon="2.614611863436977">
        <ele>454</ele>
      </trkpt>
      <trkpt lat="42.47496662216288" lon="2.6145374785428328">
        <ele>456</ele>
      </trkpt>
      <trkpt lat="42.47496757581537" lon="2.6144640473011771">
        <ele>458</ele>
      </trkpt>
      <trkpt lat="42.47498188060271" lon="2.6143496090024931">
        <ele>460</ele>
      </trkpt>
      <trkpt lat="42.47499713904253" lon="2.6142351707038092">
        <ele>462</ele>
      </trkpt>
      <trkpt lat="42.47499713904253" lon="2.6141321762349938">
        <ele>465</ele>
      </trkpt>
      <trkpt lat="42.47496757581537" lon="2.6140177379363099">
        <ele>468</ele>
      </trkpt>
      <trkpt lat="42.47491512492847" lon="2.6139309555598076">
        <ele>472</ele>
      </trkpt>
      <trkpt lat="42.4748521838642" lon="2.613851802403218">
        <ele>476</ele>
      </trkpt>
      <trkpt lat="42.47479019645241" lon="2.6137736028991174">
        <ele>480</ele>
      </trkpt>
      <trkpt lat="42.47472344077818" lon="2.6137182910547532">
        <ele>484</ele>
      </trkpt>
      <trkpt lat="42.47465668510394" lon="2.6136629792103894">
        <ele>487</ele>
      </trkpt>
      <trkpt lat="42.47458420751478" lon="2.6136200648483827">
        <ele>491</ele>
      </trkpt>
      <trkpt lat="42.47449837879077" lon="2.6135838260537998">
        <ele>495</ele>
      </trkpt>
      <trkpt lat="42.47441255006675" lon="2.6135485409117054">
        <ele>499</ele>
      </trkpt>
      <trkpt lat="42.4743391188251" lon="2.6135065802021882">
        <ele>502</ele>
      </trkpt>
      <trkpt lat="42.47426664123594" lon="2.6134655731451595">
        <ele>506</ele>
      </trkpt>
      <trkpt lat="42.47420560747663" lon="2.6134026320808834">
        <ele>510</ele>
      </trkpt>
      <trkpt lat="42.47417795155445" lon="2.6133292008392277">
        <ele>512</ele>
      </trkpt>
      <trkpt lat="42.47415029563227" lon="2.6132567232500614">
        <ele>515</ele>
      </trkpt>
      <trkpt lat="42.47413694449742" lon="2.6131480068663118">
        <ele>517</ele>
      </trkpt>
      <trkpt lat="42.47412359336258" lon="2.6130392904825617">
        <ele>520</ele>
      </trkpt>
      <trkpt lat="42.47413026893" lon="2.6129248521838777">
        <ele>522</ele>
      </trkpt>
      <trkpt lat="42.47408353995804" lon="2.6128266259775073">
        <ele>526</ele>
      </trkpt>
      <trkpt lat="42.47402822811367" lon="2.6127474728209177">
        <ele>529</ele>
      </trkpt>
      <trkpt lat="42.47401106236887" lon="2.6126292199122778">
        <ele>532</ele>
      </trkpt>
      <trkpt lat="42.47401106236887" lon="2.6125185962235498">
        <ele>535</ele>
      </trkpt>
      <trkpt lat="42.47405111577341" lon="2.6124279992370916">
        <ele>536</ele>
      </trkpt>
      <trkpt lat="42.47410356666031" lon="2.6123431241655677">
        <ele>537</ele>
      </trkpt>
      <trkpt lat="42.4741560175472" lon="2.6122582490940438">
        <ele>538</ele>
      </trkpt>
      <trkpt lat="42.47422849513637" lon="2.6122115201220812">
        <ele>538</ele>
      </trkpt>
      <trkpt lat="42.47428380698074" lon="2.6121361815754476">
        <ele>539</ele>
      </trkpt>
      <trkpt lat="42.4743305359527" lon="2.6120417699790335">
        <ele>540</ele>
      </trkpt>
      <trkpt lat="42.47438680144955" lon="2.6119645241274214">
        <ele>541</ele>
      </trkpt>
      <trkpt lat="42.4744440205989" lon="2.6118872782758098">
        <ele>542</ele>
      </trkpt>
      <trkpt lat="42.47448216669845" lon="2.6117966812893516">
        <ele>544</ele>
      </trkpt>
      <trkpt lat="42.47447644478352" lon="2.6116784283807117">
        <ele>548</ele>
      </trkpt>
      <trkpt lat="42.47443829868396" lon="2.6115802021743413">
        <ele>552</ele>
      </trkpt>
      <trkpt lat="42.4743744039672" lon="2.6115124928476199">
        <ele>557</ele>
      </trkpt>
      <trkpt lat="42.47429238985313" lon="2.6115172611100652">
        <ele>559</ele>
      </trkpt>
      <trkpt lat="42.47422277322143" lon="2.61157161930194">
        <ele>559</ele>
      </trkpt>
      <trkpt lat="42.47414171275987" lon="2.6115639900820278">
        <ele>562</ele>
      </trkpt>
      <trkpt lat="42.47407781804311" lon="2.6114934197978394">
        <ele>566</ele>
      </trkpt>
      <trkpt lat="42.4740692351707" lon="2.6113866107190677">
        <ele>569</ele>
      </trkpt>
      <trkpt lat="42.47410928857524" lon="2.6112921991226532">
        <ele>571</ele>
      </trkpt>
      <trkpt lat="42.4741388518024" lon="2.6111930192637938">
        <ele>574</ele>
      </trkpt>
      <trkpt lat="42.47414310926703" lon="2.6111688189385704">
        <ele>574</ele>
      </trkpt>
      <trkpt lat="42.47414310926703" lon="2.6111688189385704">
        <ele>574</ele>
      </trkpt>
      <trkpt lat="42.47414431698377" lon="2.6111619540223225">
        <ele>575</ele>
      </trkpt>
      <trkpt lat="42.47414431698377" lon="2.6111619540223225">
        <ele>575</ele>
      </trkpt>
      <trkpt lat="42.47415697119969" lon="2.6110900247949784">
        <ele>577</ele>
      </trkpt>
      <trkpt lat="42.47417604424948" lon="2.6109879839786516">
        <ele>579</ele>
      </trkpt>
      <trkpt lat="42.47421132939157" lon="2.6108897577722816">
        <ele>582</ele>
      </trkpt>
      <trkpt lat="42.47426664123594" lon="2.6107943925233781">
        <ele>583</ele>
      </trkpt>
      <trkpt lat="42.47427522410833" lon="2.6101907304978202">
        <ele>600</ele>
      </trkpt>
      <trkpt lat="42.4742695021934" lon="2.6099427808506719">
        <ele>606</ele>
      </trkpt>
      <trkpt lat="42.47431623116536" lon="2.6098559984741696">
        <ele>607</ele>
      </trkpt>
      <trkpt lat="42.47432481403776" lon="2.6097530040053543">
        <ele>608</ele>
      </trkpt>
      <trkpt lat="42.47426378027846" lon="2.6096862483311218">
        <ele>609</ele>
      </trkpt>
      <trkpt lat="42.47419320999428" lon="2.6096290291817796">
        <ele>610</ele>
      </trkpt>
      <trkpt lat="42.47412359336258" lon="2.6095718100324379">
        <ele>609</ele>
      </trkpt>
      <trkpt lat="42.47412359336258" lon="2.6095718100324379">
        <ele>609</ele>
      </trkpt>
      <trkpt lat="42.47435342361243" lon="2.6090148769788426">
        <ele>613</ele>
      </trkpt>
      <trkpt lat="42.4744783520885" lon="2.6088146099561458">
        <ele>613</ele>
      </trkpt>
      <trkpt lat="42.4744783520885" lon="2.6088146099561458">
        <ele>613</ele>
      </trkpt>
      <trkpt lat="42.47481022315468" lon="2.6085409116917933">
        <ele>620</ele>
      </trkpt>
      <trkpt lat="42.47505054358192" lon="2.6084274270455983">
        <ele>627</ele>
      </trkpt>
      <trkpt lat="42.47520026702269" lon="2.6083215716193155">
        <ele>632</ele>
      </trkpt>
      <trkpt lat="42.4753738317757" lon="2.6080698073622108">
        <ele>636</ele>
      </trkpt>
      <trkpt lat="42.4753738317757" lon="2.6080698073622108">
        <ele>636</ele>
      </trkpt>
      <trkpt lat="42.47541102422277" lon="2.6079553690635269">
        <ele>636</ele>
      </trkpt>
      <trkpt lat="42.47544821666985" lon="2.6078418844173319">
        <ele>637</ele>
      </trkpt>
      <trkpt lat="42.47544249475491" lon="2.60772553881367">
        <ele>636</ele>
      </trkpt>
      <trkpt lat="42.47545584588975" lon="2.6076683196643278">
        <ele>636</ele>
      </trkpt>
      <trkpt lat="42.47545584588975" lon="2.6076683196643278">
        <ele>636</ele>
      </trkpt>
      <trkpt lat="42.47548254815945" lon="2.6074098798398002">
        <ele>635</ele>
      </trkpt>
      <trkpt lat="42.47553786000381" lon="2.6072162883845262">
        <ele>636</ele>
      </trkpt>
      <trkpt lat="42.47569711996948" lon="2.6068720198359854">
        <ele>640</ele>
      </trkpt>
      <trkpt lat="42.4760261300782" lon="2.6065515925996703">
        <ele>650</ele>
      </trkpt>
      <trkpt lat="42.47615201220675" lon="2.6064896051878832">
        <ele>653</ele>
      </trkpt>
      <trkpt lat="42.47629887469006" lon="2.6063436963570612">
        <ele>658</ele>
      </trkpt>
      <trkpt lat="42.47637516688918" lon="2.6061977875262392">
        <ele>661</ele>
      </trkpt>
      <trkpt lat="42.47647053213809" lon="2.6061834827389037">
        <ele>664</ele>
      </trkpt>
      <trkpt lat="42.47659641426664" lon="2.6059469769216235">
        <ele>671</ele>
      </trkpt>
      <trkpt lat="42.47681193972916" lon="2.6057753194735973">
        <ele>679</ele>
      </trkpt>
      <trkpt lat="42.47690349036811" lon="2.6054367728399908">
        <ele>686</ele>
      </trkpt>
      <trkpt lat="42.47684245660881" lon="2.6052641617394756">
        <ele>687</ele>
      </trkpt>
      <trkpt lat="42.47694163646767" lon="2.604897005531198">
        <ele>693</ele>
      </trkpt>
      <trkpt lat="42.47708182338356" lon="2.6048197596795863">
        <ele>696</ele>
      </trkpt>
      <trkpt lat="42.47719340072477" lon="2.6046728971962754">
        <ele>698</ele>
      </trkpt>
      <trkpt lat="42.47740797253481" lon="2.6043915697120106">
        <ele>704</ele>
      </trkpt>
      <trkpt lat="42.47748235742895" lon="2.6042132366965616">
        <ele>705</ele>
      </trkpt>
      <trkpt lat="42.47757772267786" lon="2.6033292008392279">
        <ele>707</ele>
      </trkpt>
      <trkpt lat="42.47765973679191" lon="2.6032023650581864">
        <ele>711</ele>
      </trkpt>
      <trkpt lat="42.47777417509059" lon="2.6026435246996131">
        <ele>719</ele>
      </trkpt>
      <trkpt lat="42.47790101087164" lon="2.6025748617204028">
        <ele>726</ele>
      </trkpt>
      <trkpt lat="42.47801640282281" lon="2.602290673278671">
        <ele>732</ele>
      </trkpt>
      <trkpt lat="42.47813465573145" lon="2.6013131794774123">
        <ele>733</ele>
      </trkpt>
      <trkpt lat="42.47813084112149" lon="2.6011834827389038">
        <ele>732</ele>
      </trkpt>
      <trkpt lat="42.4782347892428" lon="2.6009059698645949">
        <ele>737</ele>
      </trkpt>
      <trkpt lat="42.47849704367728" lon="2.6005922181957031">
        <ele>743</ele>
      </trkpt>
      <trkpt lat="42.47873354949456" lon="2.6000677093267348">
        <ele>740</ele>
      </trkpt>
      <trkpt lat="42.47881365630364" lon="2.6000000000000139">
        <ele>740</ele>
      </trkpt>
      <trkpt lat="42.47881365630364" lon="2.6000000000000032">
        <ele>740</ele>
      </trkpt>
      <trkpt lat="42.47894907495709" lon="2.5998865153538087">
        <ele>740</ele>
      </trkpt>
      <trkpt lat="42.47927140949838" lon="2.5996442876215942">
        <ele>743</ele>
      </trkpt>
      <trkpt lat="42.47931241655541" lon="2.5996509631890174">
        <ele>744</ele>
      </trkpt>
      <trkpt lat="42.47946690825863" lon="2.5995260347129538">
        <ele>746</ele>
      </trkpt>
      <trkpt lat="42.47988746900629" lon="2.5989443066946438">
        <ele>743</ele>
      </trkpt>
      <trkpt lat="42.48" lon="2.5988689681480102">
        <ele>744</ele>
      </trkpt>
      <trkpt lat="42.48000000000001" lon="2.5988689681480102">
        <ele>744</ele>
      </trkpt>
      <trkpt lat="42.48051020408164" lon="2.5985246995994693">
        <ele>747</ele>
      </trkpt>
      <trkpt lat="42.48065802021744" lon="2.5983835590310926">
        <ele>749</ele>
      </trkpt>
      <trkpt lat="42.48068662979211" lon="2.5981699408735492">
        <ele>747</ele>
      </trkpt>
      <trkpt lat="42.48067232500478" lon="2.5978027846652716">
        <ele>744</ele>
      </trkpt>
      <trkpt lat="42.48076196833875" lon="2.5972153347320273">
        <ele>743</ele>
      </trkpt>
      <trkpt lat="42.48083158497045" lon="2.5969311462902951">
        <ele>746</ele>
      </trkpt>
      <trkpt lat="42.48085924089263" lon="2.5965573145145942">
        <ele>747</ele>
      </trkpt>
      <trkpt lat="42.48093839404922" lon="2.5960213618157577">
        <ele>754</ele>
      </trkpt>
      <trkpt lat="42.48104234217053" lon="2.5959107381270301">
        <ele>760</ele>
      </trkpt>
      <trkpt lat="42.48104234217053" lon="2.5959107381270301">
        <ele>760</ele>
      </trkpt>
      <trkpt lat="42.48109383940493" lon="2.595736219721537">
        <ele>762</ele>
      </trkpt>
      <trkpt lat="42.48130459660501" lon="2.5948340644669114">
        <ele>758</ele>
      </trkpt>
      <trkpt lat="42.48137707419417" lon="2.5945832538622962">
        <ele>756</ele>
      </trkpt>
      <trkpt lat="42.48146576387565" lon="2.5942056074766389">
        <ele>752</ele>
      </trkpt>
      <trkpt lat="42.48194354377266" lon="2.5939042532901047">
        <ele>768</ele>
      </trkpt>
      <trkpt lat="42.48214762540531" lon="2.5938022124737778">
        <ele>774</ele>
      </trkpt>
      <trkpt lat="42.48228876597368" lon="2.5936677474728245">
        <ele>777</ele>
      </trkpt>
      <trkpt lat="42.48239462139997" lon="2.5935180240320461">
        <ele>779</ele>
      </trkpt>
      <trkpt lat="42.48251764257105" lon="2.5932166698455119">
        <ele>781</ele>
      </trkpt>
      <trkpt lat="42.48267404157926" lon="2.5925195498760285">
        <ele>780</ele>
      </trkpt>
      <trkpt lat="42.48272839977113" lon="2.5924003433148997">
        <ele>780</ele>
      </trkpt>
      <trkpt lat="42.4828962426092" lon="2.5922553881365666">
        <ele>783</ele>
      </trkpt>
      <trkpt lat="42.48324623307268" lon="2.5919769216097688">
        <ele>789</ele>
      </trkpt>
      <trkpt lat="42.48335399580394" lon="2.5918453175662823">
        <ele>790</ele>
      </trkpt>
      <trkpt lat="42.48346652679764" lon="2.5916879649055917">
        <ele>793</ele>
      </trkpt>
      <trkpt lat="42.48368586687012" lon="2.5912721724203736">
        <ele>792</ele>
      </trkpt>
      <trkpt lat="42.48386419988557" lon="2.5908830822048481">
        <ele>791</ele>
      </trkpt>
      <trkpt lat="42.4842008392142" lon="2.5903919511729958">
        <ele>794</ele>
      </trkpt>
      <trkpt lat="42.48466526797636" lon="2.5896929238985349">
        <ele>800</ele>
      </trkpt>
      <trkpt lat="42.48462616822431" lon="2.589238031661266">
        <ele>796</ele>
      </trkpt>
      <trkpt lat="42.48461853900439" lon="2.5888155636086245">
        <ele>793</ele>
      </trkpt>
      <trkpt lat="42.4849227541484" lon="2.5878523745947013">
        <ele>797</ele>
      </trkpt>
      <trkpt lat="42.48495422468054" lon="2.5877160022887695">
        <ele>797</ele>
      </trkpt>
      <trkpt lat="42.48508868968149" lon="2.5874642380316648">
        <ele>798</ele>
      </trkpt>
      <trkpt lat="42.48530230783904" lon="2.5870188823192861">
        <ele>798</ele>
      </trkpt>
      <trkpt lat="42.48540625596033" lon="2.5866460041960742">
        <ele>799</ele>
      </trkpt>
      <trkpt lat="42.48545679954226" lon="2.5863036429525117">
        <ele>799</ele>
      </trkpt>
      <trkpt lat="42.48544535571239" lon="2.5859870303261525">
        <ele>796</ele>
      </trkpt>
      <trkpt lat="42.48568090787718" lon="2.5851764257104746">
        <ele>794</ele>
      </trkpt>
      <trkpt lat="42.48578199504102" lon="2.5843305359527022">
        <ele>782</ele>
      </trkpt>
      <trkpt lat="42.48600514972345" lon="2.583657257295445">
        <ele>775</ele>
      </trkpt>
      <trkpt lat="42.48613580011445" lon="2.5833482738889981">
        <ele>772</ele>
      </trkpt>
      <trkpt lat="42.48627026321278" lon="2.5832157113291561">
        <ele>772</ele>
      </trkpt>
      <trkpt lat="42.48627026367226" lon="2.5832157108761753">
        <ele>772</ele>
      </trkpt>
      <trkpt lat="42.48623402632082" lon="2.5830822048445579">
        <ele>767</ele>
      </trkpt>
      <trkpt lat="42.48631699408736" lon="2.5829162693114665">
        <ele>766</ele>
      </trkpt>
      <trkpt lat="42.4864533663933" lon="2.5827522410833526">
        <ele>765</ele>
      </trkpt>
      <trkpt lat="42.48658592408927" lon="2.5826311272172453">
        <ele>766</ele>
      </trkpt>
      <trkpt lat="42.48667461377075" lon="2.5824623307266865">
        <ele>765</ele>
      </trkpt>
      <trkpt lat="42.48674423040245" lon="2.5822372687392749">
        <ele>763</ele>
      </trkpt>
      <trkpt lat="42.48681670799161" lon="2.5819530802975428">
        <ele>760</ele>
      </trkpt>
      <trkpt lat="42.48691016593554" lon="2.581751859622357">
        <ele>757</ele>
      </trkpt>
      <trkpt lat="42.48703414075911" lon="2.581639328628651">
        <ele>755</ele>
      </trkpt>
      <trkpt lat="42.48727827579631" lon="2.5815773412168639">
        <ele>754</ele>
      </trkpt>
      <trkpt lat="42.48761586877743" lon="2.5815830631317982">
        <ele>755</ele>
      </trkpt>
      <trkpt lat="42.48789338165174" lon="2.5815401487697915">
        <ele>756</ele>
      </trkpt>
      <trkpt lat="42.48797062750334" lon="2.5814676711806253">
        <ele>756</ele>
      </trkpt>
      <trkpt lat="42.48796204463095" lon="2.5813007819950444">
        <ele>755</ele>
      </trkpt>
      <trkpt lat="42.48798016402824" lon="2.5811052832347925">
        <ele>754</ele>
      </trkpt>
      <trkpt lat="42.48801544917033" lon="2.580909784474541">
        <ele>754</ele>
      </trkpt>
      <trkpt lat="42.48805931718483" lon="2.5807781804310546">
        <ele>755</ele>
      </trkpt>
      <trkpt lat="42.48816231165365" lon="2.5806141522029407">
        <ele>761</ele>
      </trkpt>
      <trkpt lat="42.48830249856953" lon="2.5805578867060879">
        <ele>764</ele>
      </trkpt>
      <trkpt lat="42.48849799732978" lon="2.5803890902155291">
        <ele>771</ele>
      </trkpt>
      <trkpt lat="42.48859908449362" lon="2.5801478161358036">
        <ele>780</ele>
      </trkpt>
      <trkpt lat="42.48856379935152" lon="2.5800810604615712">
        <ele>781</ele>
      </trkpt>
      <trkpt lat="42.48850467289721" lon="2.5800619874117907">
        <ele>782</ele>
      </trkpt>
      <trkpt lat="42.48847606332254" lon="2.5800000000000036">
        <ele>784</ele>
      </trkpt>
      <trkpt lat="42.48847606332254" lon="2.579999999999993">
        <ele>784</ele>
      </trkpt>
      <trkpt lat="42.48840740034333" lon="2.5798502765592151">
        <ele>790</ele>
      </trkpt>
      <trkpt lat="42.48843696357049" lon="2.5797615868777348">
        <ele>793</ele>
      </trkpt>
      <trkpt lat="42.48837402250621" lon="2.5796862483311012">
        <ele>796</ele>
      </trkpt>
      <trkpt lat="42.48840549303834" lon="2.5795260347129436">
        <ele>803</ele>
      </trkpt>
      <trkpt lat="42.48834255197407" lon="2.5794440205988871">
        <ele>806</ele>
      </trkpt>
      <trkpt lat="42.48839786381843" lon="2.5794077818043037">
        <ele>808</ele>
      </trkpt>
      <trkpt lat="42.48839500286097" lon="2.5793162311653566">
        <ele>812</ele>
      </trkpt>
      <trkpt lat="42.48864104520314" lon="2.5789462139996115">
        <ele>826</ele>
      </trkpt>
      <trkpt lat="42.48885180240321" lon="2.5787469006294037">
        <ele>834</ele>
      </trkpt>
      <trkpt lat="42.48911787144765" lon="2.5783730688537028">
        <ele>849</ele>
      </trkpt>
      <trkpt lat="42.48922181956896" lon="2.5781117680717078">
        <ele>857</ele>
      </trkpt>
      <trkpt lat="42.48936772839978" lon="2.5780783902345918">
        <ele>855</ele>
      </trkpt>
      <trkpt lat="42.4894964714858" lon="2.5779696738508417">
        <ele>855</ele>
      </trkpt>
      <trkpt lat="42.48956894907496" lon="2.5778418844173117">
        <ele>858</ele>
      </trkpt>
      <trkpt lat="42.48958802212475" lon="2.5777608239557437">
        <ele>860</ele>
      </trkpt>
      <trkpt lat="42.48969292389854" lon="2.5776282662597683">
        <ele>861</ele>
      </trkpt>
      <trkpt lat="42.48971676521077" lon="2.5774833110814352">
        <ele>865</ele>
      </trkpt>
      <trkpt lat="42.48948121304598" lon="2.577506198741172">
        <ele>872</ele>
      </trkpt>
      <trkpt lat="42.48933816517262" lon="2.5773688727827513">
        <ele>881</ele>
      </trkpt>
      <trkpt lat="42.48947739843602" lon="2.5770503528514142">
        <ele>885</ele>
      </trkpt>
      <trkpt lat="42.48947739843602" lon="2.5770503528514142">
        <ele>885</ele>
      </trkpt>
      <trkpt lat="42.48966908258632" lon="2.5765658973869852">
        <ele>892</ele>
      </trkpt>
      <trkpt lat="42.49044821666985" lon="2.5748512302117041">
        <ele>896</ele>
      </trkpt>
      <trkpt lat="42.49044821666985" lon="2.5748512302117041">
        <ele>896</ele>
      </trkpt>
      <trkpt lat="42.49055884035858" lon="2.5740530230783834">
        <ele>902</ele>
      </trkpt>
      <trkpt lat="42.49066660308984" lon="2.5736515353805007">
        <ele>903</ele>
      </trkpt>
      <trkpt lat="42.49063799351517" lon="2.5735628456990205">
        <ele>906</ele>
      </trkpt>
      <trkpt lat="42.49090978447455" lon="2.5726721342742636">
        <ele>909</ele>
      </trkpt>
      <trkpt lat="42.49091646004197" lon="2.5723097463284312">
        <ele>916</ele>
      </trkpt>
      <trkpt lat="42.4910185008583" lon="2.5719654777798904">
        <ele>918</ele>
      </trkpt>
      <trkpt lat="42.49104138851803" lon="2.5716593553309104">
        <ele>923</ele>
      </trkpt>
      <trkpt lat="42.49137516688919" lon="2.5712521457180935">
        <ele>921</ele>
      </trkpt>
      <trkpt lat="42.49157734121687" lon="2.5707648292961975">
        <ele>929</ele>
      </trkpt>
      <trkpt lat="42.49188441731834" lon="2.5706770932672067">
        <ele>928</ele>
      </trkpt>
      <trkpt lat="42.49209898912837" lon="2.5705950791531498">
        <ele>930</ele>
      </trkpt>
      <trkpt lat="42.49225824909404" lon="2.5703509441159573">
        <ele>937</ele>
      </trkpt>
      <trkpt lat="42.49235075338547" lon="2.570168796490552">
        <ele>943</ele>
      </trkpt>
      <trkpt lat="42.49253385466337" lon="2.5699713904253221">
        <ele>949</ele>
      </trkpt>
      <trkpt lat="42.49268548540913" lon="2.5700371924470655">
        <ele>947</ele>
      </trkpt>
      <trkpt lat="42.49282090406257" lon="2.5702202937249599">
        <ele>941</ele>
      </trkpt>
      <trkpt lat="42.49298970055312" lon="2.5702212473774488">
        <ele>941</ele>
      </trkpt>
      <trkpt lat="42.49303166126265" lon="2.5701468624833042">
        <ele>944</ele>
      </trkpt>
      <trkpt lat="42.49303929048256" lon="2.5700133511348398">
        <ele>949</ele>
      </trkpt>
      <trkpt lat="42.49270360480642" lon="2.5696929238985247">
        <ele>960</ele>
      </trkpt>
      <trkpt lat="42.49251478161359" lon="2.5695384321953014">
        <ele>965</ele>
      </trkpt>
      <trkpt lat="42.49238127026513" lon="2.5695622735075272">
        <ele>964</ele>
      </trkpt>
      <trkpt lat="42.49200553118445" lon="2.5696843410261234">
        <ele>959</ele>
      </trkpt>
      <trkpt lat="42.49130364295252" lon="2.5693181384703347">
        <ele>976</ele>
      </trkpt>
      <trkpt lat="42.49095460614153" lon="2.5692723631508612">
        <ele>984</ele>
      </trkpt>
      <trkpt lat="42.49060747663552" lon="2.569619492656869">
        <ele>982</ele>
      </trkpt>
      <trkpt lat="42.49022887659738" lon="2.5698855617013092">
        <ele>983</ele>
      </trkpt>
      <trkpt lat="42.49008106046158" lon="2.5700753385466268">
        <ele>982</ele>
      </trkpt>
      <trkpt lat="42.48928285332826" lon="2.5704186534426787">
        <ele>992</ele>
      </trkpt>
      <trkpt lat="42.48896337974443" lon="2.570522601563983">
        <ele>995</ele>
      </trkpt>
      <trkpt lat="42.48877741750907" lon="2.5706093839404853">
        <ele>995</ele>
      </trkpt>
      <trkpt lat="42.48867346938776" lon="2.5706160595079086">
        <ele>996</ele>
      </trkpt>
      <trkpt lat="42.48860671371353" lon="2.5704958992942903">
        <ele>995</ele>
      </trkpt>
      <trkpt lat="42.4886181575434" lon="2.5703404539385781">
        <ele>994</ele>
      </trkpt>
      <trkpt lat="42.48880221247379" lon="2.5701268357810347">
        <ele>993</ele>
      </trkpt>
      <trkpt lat="42.48919320999429" lon="2.5699141712759803">
        <ele>994</ele>
      </trkpt>
      <trkpt lat="42.48940492084685" lon="2.5697549113103118">
        <ele>994</ele>
      </trkpt>
      <trkpt lat="42.48960041960711" lon="2.5694840740034262">
        <ele>999</ele>
      </trkpt>
      <trkpt lat="42.48992656875836" lon="2.5688374976158621">
        <ele>1009</ele>
      </trkpt>
      <trkpt lat="42.49002574861721" lon="2.5686038527560489">
        <ele>1011</ele>
      </trkpt>
      <trkpt lat="42.49009822620638" lon="2.5683368300591196">
        <ele>1014</ele>
      </trkpt>
      <trkpt lat="42.49023269120733" lon="2.5677894335304146">
        <ele>1021</ele>
      </trkpt>
      <trkpt lat="42.49047301163457" lon="2.5673793629601307">
        <ele>1026</ele>
      </trkpt>
      <trkpt lat="42.49064180812513" lon="2.5671304596604929">
        <ele>1028</ele>
      </trkpt>
      <trkpt lat="42.49071333206181" lon="2.5670980354758659">
        <ele>1028</ele>
      </trkpt>
      <trkpt lat="42.49088117489988" lon="2.5671457181003174">
        <ele>1028</ele>
      </trkpt>
      <trkpt lat="42.49087831394241" lon="2.56719244707228">
        <ele>1028</ele>
      </trkpt>
      <trkpt lat="42.49107285905017" lon="2.5672811367537602">
        <ele>1026</ele>
      </trkpt>
      <trkpt lat="42.49127217242038" lon="2.5672086591645935">
        <ele>1025</ele>
      </trkpt>
      <trkpt lat="42.49143715430098" lon="2.5671380888804052">
        <ele>1025</ele>
      </trkpt>
      <trkpt lat="42.49155922181958" lon="2.5669492656875765">
        <ele>1027</ele>
      </trkpt>
      <trkpt lat="42.49175853518979" lon="2.5668148006866232">
        <ele>1029</ele>
      </trkpt>
      <trkpt lat="42.49197978256724" lon="2.566819568949068">
        <ele>1031</ele>
      </trkpt>
      <trkpt lat="42.49219816898723" lon="2.566933053595263">
        <ele>1032</ele>
      </trkpt>
      <trkpt lat="42.49221265805034" lon="2.5669039153688877">
        <ele>1032</ele>
      </trkpt>
      <trkpt lat="42.49221342742705" lon="2.5669034903681029">
        <ele>1032</ele>
      </trkpt>
      <trkpt lat="42.49261586877743" lon="2.5666812893381583">
        <ele>1040</ele>
      </trkpt>
      <trkpt lat="42.49303738317758" lon="2.5666936868205159">
        <ele>1046</ele>
      </trkpt>
      <trkpt lat="42.49307362197217" lon="2.5667509059698577">
        <ele>1046</ele>
      </trkpt>
      <trkpt lat="42.49314609956133" lon="2.5667289719626099">
        <ele>1047</ele>
      </trkpt>
      <trkpt lat="42.49321953080298" lon="2.5667079916078515">
        <ele>1049</ele>
      </trkpt>
      <trkpt lat="42.49329486934962" lon="2.566675567423224">
        <ele>1051</ele>
      </trkpt>
      <trkpt lat="42.4933139423994" lon="2.5665821094792989">
        <ele>1051</ele>
      </trkpt>
      <trkpt lat="42.49330345222202" lon="2.5664829296204394">
        <ele>1051</ele>
      </trkpt>
      <trkpt lat="42.49332538622927" lon="2.5659441159641356">
        <ele>1053</ele>
      </trkpt>
      <trkpt lat="42.49336830059127" lon="2.5658821285523485">
        <ele>1054</ele>
      </trkpt>
      <trkpt lat="42.49338451268359" lon="2.5657915315658903">
        <ele>1054</ele>
      </trkpt>
      <trkpt lat="42.49344936105284" lon="2.5656999809269432">
        <ele>1054</ele>
      </trkpt>
      <trkpt lat="42.49351516307458" lon="2.5656093839404854">
        <ele>1054</ele>
      </trkpt>
      <trkpt lat="42.49358764066375" lon="2.5655349990463407">
        <ele>1055</ele>
      </trkpt>
      <trkpt lat="42.49366107190541" lon="2.565461567804685">
        <ele>1055</ele>
      </trkpt>
      <trkpt lat="42.49375834445929" lon="2.5653871829105404">
        <ele>1057</ele>
      </trkpt>
      <trkpt lat="42.49385561701317" lon="2.5653137516688851">
        <ele>1058</ele>
      </trkpt>
      <trkpt lat="42.49392714094985" lon="2.56524985695212">
        <ele>1059</ele>
      </trkpt>
      <trkpt lat="42.49399961853901" lon="2.5651859622353546">
        <ele>1061</ele>
      </trkpt>
      <trkpt lat="42.49410452031281" lon="2.5651678428380631">
        <ele>1063</ele>
      </trkpt>
      <trkpt lat="42.49448598130842" lon="2.5648550448216603">
        <ele>1070</ele>
      </trkpt>
      <trkpt lat="42.49454320045776" lon="2.5647787526225376">
        <ele>1072</ele>
      </trkpt>
      <trkpt lat="42.49457943925235" lon="2.5646767118062108">
        <ele>1074</ele>
      </trkpt>
      <trkpt lat="42.49461663169942" lon="2.5645756246423734">
        <ele>1077</ele>
      </trkpt>
      <trkpt lat="42.49462807552928" lon="2.5645117299256084">
        <ele>1079</ele>
      </trkpt>
      <trkpt lat="42.49464047301164" lon="2.5644487888613323">
        <ele>1080</ele>
      </trkpt>
      <trkpt lat="42.49467194354378" lon="2.5643705893572313">
        <ele>1083</ele>
      </trkpt>
      <trkpt lat="42.49470436772841" lon="2.5642933435056197">
        <ele>1085</ele>
      </trkpt>
      <trkpt lat="42.49474251382797" lon="2.5642761777608172">
        <ele>1087</ele>
      </trkpt>
      <trkpt lat="42.49476921609767" lon="2.5642313560938326">
        <ele>1089</ele>
      </trkpt>
      <trkpt lat="42.4947921037574" lon="2.5641131031851927">
        <ele>1092</ele>
      </trkpt>
      <trkpt lat="42.49485027655923" lon="2.564038718291048">
        <ele>1095</ele>
      </trkpt>
      <trkpt lat="42.49490940301355" lon="2.5639643333969033">
        <ele>1098</ele>
      </trkpt>
      <trkpt lat="42.49496948312036" lon="2.563845126835774">
        <ele>1101</ele>
      </trkpt>
      <trkpt lat="42.49503433148961" lon="2.5638794583253794">
        <ele>1104</ele>
      </trkpt>
      <trkpt lat="42.49509917985887" lon="2.5639147434674738">
        <ele>1106</ele>
      </trkpt>
      <trkpt lat="42.49516021361816" lon="2.5639996185389977">
        <ele>1107</ele>
      </trkpt>
      <trkpt lat="42.49519073049782" lon="2.5639938966240634">
        <ele>1108</ele>
      </trkpt>
      <trkpt lat="42.49520503528515" lon="2.5639176044249408">
        <ele>1109</ele>
      </trkpt>
      <trkpt lat="42.49525557886707" lon="2.5639423993896555">
        <ele>1111</ele>
      </trkpt>
      <trkpt lat="42.49528514209423" lon="2.5639214190348967">
        <ele>1112</ele>
      </trkpt>
      <trkpt lat="42.49527655922183" lon="2.5638565706656427">
        <ele>1112</ele>
      </trkpt>
      <trkpt lat="42.49539004386802" lon="2.5636086210184938">
        <ele>1118</ele>
      </trkpt>
      <trkpt lat="42.49549303833684" lon="2.563521838641992">
        <ele>1123</ele>
      </trkpt>
      <trkpt lat="42.49591932099943" lon="2.5632881937821788">
        <ele>1139</ele>
      </trkpt>
      <trkpt lat="42.49598798397864" lon="2.5633606713713455">
        <ele>1139</ele>
      </trkpt>
      <trkpt lat="42.4960270837307" lon="2.5632834255197339">
        <ele>1140</ele>
      </trkpt>
      <trkpt lat="42.49609860766738" lon="2.5633044058744927">
        <ele>1141</ele>
      </trkpt>
      <trkpt lat="42.49616822429908" lon="2.5632080869731002">
        <ele>1141</ele>
      </trkpt>
      <trkpt lat="42.49623879458326" lon="2.5631127217241967">
        <ele>1142</ele>
      </trkpt>
      <trkpt lat="42.49625596032806" lon="2.5630450123974757">
        <ele>1143</ele>
      </trkpt>
      <trkpt lat="42.49631031851994" lon="2.563004005340447">
        <ele>1144</ele>
      </trkpt>
      <trkpt lat="42.49633892809461" lon="2.5629029181766096">
        <ele>1145</ele>
      </trkpt>
      <trkpt lat="42.49643047873356" lon="2.5628638184245593">
        <ele>1148</ele>
      </trkpt>
      <trkpt lat="42.49652202937251" lon="2.562825672324998">
        <ele>1151</ele>
      </trkpt>
      <trkpt lat="42.49660595079154" lon="2.5627255388136496">
        <ele>1154</ele>
      </trkpt>
      <trkpt lat="42.49669082586306" lon="2.5626254053023012">
        <ele>1159</ele>
      </trkpt>
      <trkpt lat="42.49677856189206" lon="2.5625853518977615">
        <ele>1162</ele>
      </trkpt>
      <trkpt lat="42.4968443639138" lon="2.5625004768262376">
        <ele>1167</ele>
      </trkpt>
      <trkpt lat="42.49691874880794" lon="2.5625233644859744">
        <ele>1169</ele>
      </trkpt>
      <trkpt lat="42.49700553118445" lon="2.5624966622162817">
        <ele>1173</ele>
      </trkpt>
      <trkpt lat="42.49709231356095" lon="2.5624699599465885">
        <ele>1177</ele>
      </trkpt>
      <trkpt lat="42.49714476444785" lon="2.5624032042723561">
        <ele>1179</ele>
      </trkpt>
      <trkpt lat="42.49719816898723" lon="2.5623374022506131">
        <ele>1182</ele>
      </trkpt>
      <trkpt lat="42.49727160022888" lon="2.5623316803356788">
        <ele>1185</ele>
      </trkpt>
      <trkpt lat="42.49733358764068" lon="2.5623850848750647">
        <ele>1187</ele>
      </trkpt>
      <trkpt lat="42.49741464810224" lon="2.5622677856189138">
        <ele>1192</ele>
      </trkpt>
      <trkpt lat="42.49749094030136" lon="2.5622792294487819">
        <ele>1195</ele>
      </trkpt>
      <trkpt lat="42.49756723250049" lon="2.5622916269311395">
        <ele>1197</ele>
      </trkpt>
      <trkpt lat="42.49764066374214" lon="2.5622544344840672">
        <ele>1199</ele>
      </trkpt>
      <trkpt lat="42.49769788289149" lon="2.5622706465763807">
        <ele>1201</ele>
      </trkpt>
      <trkpt lat="42.49776368491322" lon="2.5621666984550759">
        <ele>1204</ele>
      </trkpt>
      <trkpt lat="42.49788289147435" lon="2.5622181956894838">
        <ele>1207</ele>
      </trkpt>
      <trkpt lat="42.49800209803549" lon="2.5622706465763807">
        <ele>1209</ele>
      </trkpt>
      <trkpt lat="42.49809555597941" lon="2.5622010299446814">
        <ele>1213</ele>
      </trkpt>
      <trkpt lat="42.49815277512875" lon="2.5621037573907999">
        <ele>1217</ele>
      </trkpt>
      <trkpt lat="42.49825767690255" lon="2.5621419034903612">
        <ele>1220</ele>
      </trkpt>
      <trkpt lat="42.49829010108717" lon="2.5621113866107121">
        <ele>1222</ele>
      </trkpt>
      <trkpt lat="42.49825386229259" lon="2.5620036238794515">
        <ele>1223</ele>
      </trkpt>
      <trkpt lat="42.49825672325006" lon="2.5619139805454823">
        <ele>1226</ele>
      </trkpt>
      <trkpt lat="42.49825958420752" lon="2.5618243372115135">
        <ele>1228</ele>
      </trkpt>
      <trkpt lat="42.49828914743468" lon="2.561726111005143">
        <ele>1232</ele>
      </trkpt>
      <trkpt lat="42.49831966431433" lon="2.5616278847987726">
        <ele>1235</ele>
      </trkpt>
      <trkpt lat="42.49837783711617" lon="2.5615849704367659">
        <ele>1238</ele>
      </trkpt>
      <trkpt lat="42.49869826435248" lon="2.5617575815372811">
        <ele>1245</ele>
      </trkpt>
      <trkpt lat="42.49879649055885" lon="2.5617394621399892">
        <ele>1248</ele>
      </trkpt>
      <trkpt lat="42.49889567041771" lon="2.5617222963951867">
        <ele>1252</ele>
      </trkpt>
      <trkpt lat="42.4989834064467" lon="2.561728018310121">
        <ele>1254</ele>
      </trkpt>
      <trkpt lat="42.49907209612818" lon="2.5617346938775443">
        <ele>1257</ele>
      </trkpt>
      <trkpt lat="42.4991665077246" lon="2.5616326530612175">
        <ele>1263</ele>
      </trkpt>
      <trkpt lat="42.49923326339883" lon="2.5616603089833996">
        <ele>1264</ele>
      </trkpt>
      <trkpt lat="42.49934388708756" lon="2.5616116727064591">
        <ele>1268</ele>
      </trkpt>
      <trkpt lat="42.49945451077628" lon="2.5615630364295181">
        <ele>1272</ele>
      </trkpt>
      <trkpt lat="42.50000000000001" lon="2.5616421895861081">
        <ele>1289</ele>
      </trkpt>
      <trkpt lat="42.49999999999999" lon="2.5616421895861081">
        <ele>1289</ele>
      </trkpt>
      <trkpt lat="42.50027274461186" lon="2.5616822429906474">
        <ele>1292</ele>
      </trkpt>
      <trkpt lat="42.50090120160213" lon="2.5616431432385971">
        <ele>1304</ele>
      </trkpt>
      <trkpt lat="42.501390425329" lon="2.5616507724585094">
        <ele>1309</ele>
      </trkpt>
      <trkpt lat="42.50151344650008" lon="2.5616889185580707">
        <ele>1309</ele>
      </trkpt>
      <trkpt lat="42.50165935533091" lon="2.5616364676711738">
        <ele>1312</ele>
      </trkpt>
      <trkpt lat="42.5018949074957" lon="2.5617013160404278">
        <ele>1311</ele>
      </trkpt>
      <trkpt lat="42.50203032614914" lon="2.561790959374397">
        <ele>1308</ele>
      </trkpt>
      <trkpt lat="42.50211138661071" lon="2.5618682052260087">
        <ele>1306</ele>
      </trkpt>
      <trkpt lat="42.50232500476825" lon="2.5618577150486295">
        <ele>1309</ele>
      </trkpt>
      <trkpt lat="42.50240892618729" lon="2.5617976349418203">
        <ele>1311</ele>
      </trkpt>
      <trkpt lat="42.50252908640091" lon="2.5612836162502317">
        <ele>1320</ele>
      </trkpt>
      <trkpt lat="42.50270455845889" lon="2.5602603471294993">
        <ele>1340</ele>
      </trkpt>
      <trkpt lat="42.50269597558648" lon="2.5599999999999934">
        <ele>1344</ele>
      </trkpt>
      <trkpt lat="42.50269597558648" lon="2.5600000000000112">
        <ele>1344</ele>
      </trkpt>
      <trkpt lat="42.50269311462902" lon="2.5599141712759983">
        <ele>1345</ele>
      </trkpt>
      <trkpt lat="42.50273412168605" lon="2.5596118634369751">
        <ele>1348</ele>
      </trkpt>
      <trkpt lat="42.50281899675758" lon="2.5593991989319207">
        <ele>1351</ele>
      </trkpt>
      <trkpt lat="42.50255292771313" lon="2.5588842265878426">
        <ele>1350</ele>
      </trkpt>
      <trkpt lat="42.50260442494754" lon="2.5584417318329313">
        <ele>1354</ele>
      </trkpt>
      <trkpt lat="42.50259298111767" lon="2.5581060461567917">
        <ele>1358</ele>
      </trkpt>
      <trkpt lat="42.50264733930955" lon="2.5578724012969789">
        <ele>1362</ele>
      </trkpt>
      <trkpt lat="42.502564371543" lon="2.5576397100896546">
        <ele>1364</ele>
      </trkpt>
      <trkpt lat="42.5025033377837" lon="2.5572429906542169">
        <ele>1371</ele>
      </trkpt>
      <trkpt lat="42.50237268739271" lon="2.5570551211138777">
        <ele>1377</ele>
      </trkpt>
      <trkpt lat="42.50226301735647" lon="2.5569979019645355">
        <ele>1380</ele>
      </trkpt>
      <trkpt lat="42.50219626168224" lon="2.5568748807934503">
        <ele>1383</ele>
      </trkpt>
      <trkpt lat="42.50218577150486" lon="2.5567737936296129">
        <ele>1386</ele>
      </trkpt>
      <trkpt lat="42.50211424756818" lon="2.5566717528132861">
        <ele>1389</ele>
      </trkpt>
      <trkpt lat="42.50169273316803" lon="2.5564457371733855">
        <ele>1398</ele>
      </trkpt>
      <trkpt lat="42.50167652107571" lon="2.5563923326339997">
        <ele>1399</ele>
      </trkpt>
      <trkpt lat="42.50168796490558" lon="2.5562664505054471">
        <ele>1400</ele>
      </trkpt>
      <trkpt lat="42.50168796490558" lon="2.5562664505054471">
        <ele>1400</ele>
      </trkpt>
      <trkpt lat="42.50173564753003" lon="2.5561367537669386">
        <ele>1401</ele>
      </trkpt>
      <trkpt lat="42.50170989891283" lon="2.5560747663551515">
        <ele>1402</ele>
      </trkpt>
      <trkpt lat="42.50141903490367" lon="2.5558849895098339">
        <ele>1395</ele>
      </trkpt>
      <trkpt lat="42.50137230593171" lon="2.5558392141903603">
        <ele>1394</ele>
      </trkpt>
      <trkpt lat="42.50133511348464" lon="2.555766736601194">
        <ele>1393</ele>
      </trkpt>
      <trkpt lat="42.50131699408735" lon="2.555686629792115">
        <ele>1393</ele>
      </trkpt>
      <trkpt lat="42.50130459660499" lon="2.5555655159260078">
        <ele>1394</ele>
      </trkpt>
      <trkpt lat="42.50130650390997" lon="2.555186915887862">
        <ele>1397</ele>
      </trkpt>
      <trkpt lat="42.50129124547014" lon="2.5548550448216782">
        <ele>1400</ele>
      </trkpt>
      <trkpt lat="42.50130745756245" lon="2.5546376120541789">
        <ele>1404</ele>
      </trkpt>
      <trkpt lat="42.50140091550638" lon="2.5539881747091475">
        <ele>1420</ele>
      </trkpt>
      <trkpt lat="42.50139996185389" lon="2.5538470341407704">
        <ele>1423</ele>
      </trkpt>
      <trkpt lat="42.50137802784664" lon="2.5537316421895975">
        <ele>1425</ele>
      </trkpt>
      <trkpt lat="42.50111672706465" lon="2.5530888804119893">
        <ele>1428</ele>
      </trkpt>
      <trkpt lat="42.5010165935533" lon="2.5527560556933167">
        <ele>1431</ele>
      </trkpt>
      <trkpt lat="42.50098989128361" lon="2.5525643715430211">
        <ele>1433</ele>
      </trkpt>
      <trkpt lat="42.50099465954605" lon="2.5524432576769138">
        <ele>1435</ele>
      </trkpt>
      <trkpt lat="42.50113447580404" lon="2.5514732823871302">
        <ele>1442</ele>
      </trkpt>
      <trkpt lat="42.50113447580404" lon="2.5514732823871302">
        <ele>1442</ele>
      </trkpt>
      <trkpt lat="42.50117523172986" lon="2.5512545602112104">
        <ele>1443</ele>
      </trkpt>
      <trkpt lat="42.50117523172986" lon="2.5512545602112104">
        <ele>1443</ele>
      </trkpt>
      <trkpt lat="42.5012426091932" lon="2.5509412550066868">
        <ele>1445</ele>
      </trkpt>
      <trkpt lat="42.50135990844935" lon="2.5505435819187601">
        <ele>1449</ele>
      </trkpt>
      <trkpt lat="42.50161548731641" lon="2.5492380316612739">
        <ele>1459</ele>
      </trkpt>
      <trkpt lat="42.50162693114628" lon="2.5491359908449476">
        <ele>1459</ele>
      </trkpt>
      <trkpt lat="42.50162693114628" lon="2.5489109288575356">
        <ele>1460</ele>
      </trkpt>
      <trkpt lat="42.50164886515353" lon="2.5483702078962538">
        <ele>1463</ele>
      </trkpt>
      <trkpt lat="42.50166698455082" lon="2.5482138088880526">
        <ele>1465</ele>
      </trkpt>
      <trkpt lat="42.50170513065038" lon="2.5480698073622086">
        <ele>1468</ele>
      </trkpt>
      <trkpt lat="42.50172706465763" lon="2.5477942017928781">
        <ele>1472</ele>
      </trkpt>
      <trkpt lat="42.50173755483501" lon="2.5474432576769139">
        <ele>1476</ele>
      </trkpt>
      <trkpt lat="42.50176521075719" lon="2.5473850848750828">
        <ele>1477</ele>
      </trkpt>
      <trkpt lat="42.50180144955178" lon="2.5473803166126379">
        <ele>1479</ele>
      </trkpt>
      <trkpt lat="42.50183959565133" lon="2.5474365821094906">
        <ele>1480</ele>
      </trkpt>
      <trkpt lat="42.50192447072286" lon="2.5483377837116268">
        <ele>1478</ele>
      </trkpt>
      <trkpt lat="42.5019912263971" lon="2.5487688346366699">
        <ele>1480</ele>
      </trkpt>
      <trkpt lat="42.50205988937631" lon="2.5491159641426777">
        <ele>1481</ele>
      </trkpt>
      <trkpt lat="42.50206592659674" lon="2.5492631213907955">
        <ele>1482</ele>
      </trkpt>
      <trkpt lat="42.50206592659674" lon="2.5492631213907955">
        <ele>1482</ele>
      </trkpt>
      <trkpt lat="42.50206751859621" lon="2.5493019263780394">
        <ele>1482</ele>
      </trkpt>
      <trkpt lat="42.50198367492401" lon="2.549926523275567">
        <ele>1481</ele>
      </trkpt>
      <trkpt lat="42.50198367492401" lon="2.549926523275567">
        <ele>1481</ele>
      </trkpt>
      <trkpt lat="42.50196357047491" lon="2.550076292199134">
        <ele>1480</ele>
      </trkpt>
      <trkpt lat="42.50197596795726" lon="2.5504987602517755">
        <ele>1482</ele>
      </trkpt>
      <trkpt lat="42.5019645241274" lon="2.5509231356093953">
        <ele>1482</ele>
      </trkpt>
      <trkpt lat="42.5019645241274" lon="2.5509231356093953">
        <ele>1482</ele>
      </trkpt>
      <trkpt lat="42.50200076292198" lon="2.55091836734695">
        <ele>1483</ele>
      </trkpt>
      <trkpt lat="42.50201697501429" lon="2.5508964333397022">
        <ele>1484</ele>
      </trkpt>
      <trkpt lat="42.50204558458897" lon="2.5506542056074881">
        <ele>1485</ele>
      </trkpt>
      <trkpt lat="42.50208182338355" lon="2.5500267022697041">
        <ele>1487</ele>
      </trkpt>
      <trkpt lat="42.50208896499449" lon="2.5499862331410137">
        <ele>1487</ele>
      </trkpt>
      <trkpt lat="42.50208896499449" lon="2.5499862331410137">
        <ele>1487</ele>
      </trkpt>
      <trkpt lat="42.50209326721342" lon="2.54996185390045">
        <ele>1487</ele>
      </trkpt>
      <trkpt lat="42.50211520122067" lon="2.5499055884035973">
        <ele>1488</ele>
      </trkpt>
      <trkpt lat="42.50220865916459" lon="2.5497606332252643">
        <ele>1493</ele>
      </trkpt>
      <trkpt lat="42.50230974632843" lon="2.5495031470532252">
        <ele>1496</ele>
      </trkpt>
      <trkpt lat="42.50231131366479" lon="2.5494960194045229">
        <ele>1496</ele>
      </trkpt>
      <trkpt lat="42.50231131366479" lon="2.5494960194045229">
        <ele>1496</ele>
      </trkpt>
      <trkpt lat="42.50234979973297" lon="2.5493209994278199">
        <ele>1497</ele>
      </trkpt>
      <trkpt lat="42.50238222391759" lon="2.5490225061987526">
        <ele>1499</ele>
      </trkpt>
      <trkpt lat="42.50237840930764" lon="2.5483616250238526">
        <ele>1504</ele>
      </trkpt>
      <trkpt lat="42.50240320427235" lon="2.5483120350944231">
        <ele>1506</ele>
      </trkpt>
      <trkpt lat="42.50240320427235" lon="2.5483120350944231">
        <ele>1506</ele>
      </trkpt>
      <trkpt lat="42.50243944306694" lon="2.5483196643143353">
        <ele>1508</ele>
      </trkpt>
      <trkpt lat="42.5024604234217" lon="2.5483530421514513">
        <ele>1509</ele>
      </trkpt>
      <trkpt lat="42.50246614533663" lon="2.5484741560175586">
        <ele>1508</ele>
      </trkpt>
      <trkpt lat="42.50246873285987" lon="2.5485289252593435">
        <ele>1508</ele>
      </trkpt>
      <trkpt lat="42.50246873285987" lon="2.5485289252593435">
        <ele>1508</ele>
      </trkpt>
      <trkpt lat="42.50246685467715" lon="2.5484891703918806">
        <ele>1508</ele>
      </trkpt>
      <trkpt lat="42.50246685467715" lon="2.5484891703918806">
        <ele>1508</ele>
      </trkpt>
      <trkpt lat="42.50247186725156" lon="2.5485952698836658">
        <ele>1507</ele>
      </trkpt>
      <trkpt lat="42.5024861720389" lon="2.5487163837497731">
        <ele>1507</ele>
      </trkpt>
      <trkpt lat="42.50250143047872" lon="2.5488374976158803">
        <ele>1507</ele>
      </trkpt>
      <trkpt lat="42.50257009345793" lon="2.549235170703807">
        <ele>1507</ele>
      </trkpt>
      <trkpt lat="42.5025815372878" lon="2.5493181384703529">
        <ele>1509</ele>
      </trkpt>
      <trkpt lat="42.50259298111767" lon="2.5494011062368989">
        <ele>1510</ele>
      </trkpt>
      <trkpt lat="42.50259774938012" lon="2.5494878886134007">
        <ele>1510</ele>
      </trkpt>
      <trkpt lat="42.5025910738127" lon="2.5496042342170626">
        <ele>1511</ele>
      </trkpt>
      <trkpt lat="42.50258439824527" lon="2.5497205798207245">
        <ele>1511</ele>
      </trkpt>
      <trkpt lat="42.50257104711042" lon="2.5498369254243869">
        <ele>1512</ele>
      </trkpt>
      <trkpt lat="42.50255769597558" lon="2.5499542246805378">
        <ele>1512</ele>
      </trkpt>
      <trkpt lat="42.50255864962806" lon="2.5500534045393972">
        <ele>1512</ele>
      </trkpt>
      <trkpt lat="42.50256055693305" lon="2.5501535380507456">
        <ele>1512</ele>
      </trkpt>
      <trkpt lat="42.50257772267785" lon="2.5502469959946708">
        <ele>1512</ele>
      </trkpt>
      <trkpt lat="42.50259488842265" lon="2.55033663932864">
        <ele>1513</ele>
      </trkpt>
      <trkpt lat="42.50268167079915" lon="2.5509736791913142">
        <ele>1512</ele>
      </trkpt>
      <trkpt lat="42.5027036048064" lon="2.5510843028800418">
        <ele>1512</ele>
      </trkpt>
      <trkpt lat="42.50272553881365" lon="2.5511949265687699">
        <ele>1511</ele>
      </trkpt>
      <trkpt lat="42.50278657257294" lon="2.5512416555407325">
        <ele>1512</ele>
      </trkpt>
      <trkpt lat="42.50288098416936" lon="2.5512340263208202">
        <ele>1514</ele>
      </trkpt>
      <trkpt lat="42.50296013732595" lon="2.5511682242990767">
        <ele>1517</ele>
      </trkpt>
      <trkpt lat="42.50303929048254" lon="2.5511033759298227">
        <ele>1519</ele>
      </trkpt>
      <trkpt lat="42.50312321190157" lon="2.5510146862483425">
        <ele>1522</ele>
      </trkpt>
      <trkpt lat="42.5032080869731" lon="2.5509259965668623">
        <ele>1525</ele>
      </trkpt>
      <trkpt lat="42.50339500286095" lon="2.5506379935151746">
        <ele>1533</ele>
      </trkpt>
      <trkpt lat="42.50348941445736" lon="2.5505254625214686">
        <ele>1536</ele>
      </trkpt>
      <trkpt lat="42.50353137516688" lon="2.5504224680526528">
        <ele>1537</ele>
      </trkpt>
      <trkpt lat="42.5035733358764" lon="2.5503194735838375">
        <ele>1539</ele>
      </trkpt>
      <trkpt lat="42.50364295250809" lon="2.5502069425901315">
        <ele>1542</ele>
      </trkpt>
      <trkpt lat="42.50376120541674" lon="2.5501220675186076">
        <ele>1544</ele>
      </trkpt>
      <trkpt lat="42.50383082204844" lon="2.5500963189014039">
        <ele>1545</ele>
      </trkpt>
      <trkpt lat="42.50390043868013" lon="2.5500715239366887">
        <ele>1547</ele>
      </trkpt>
      <trkpt lat="42.5039643333969" lon="2.5500581728018425">
        <ele>1547</ele>
      </trkpt>
      <trkpt lat="42.50402918176616" lon="2.550045775319485">
        <ele>1548</ele>
      </trkpt>
      <trkpt lat="42.50411882510012" lon="2.5500085828724126">
        <ele>1550</ele>
      </trkpt>
      <trkpt lat="42.50421228304405" lon="2.549962807552939">
        <ele>1551</ele>
      </trkpt>
      <trkpt lat="42.50430574098797" lon="2.5499170322334654">
        <ele>1552</ele>
      </trkpt>
      <trkpt lat="42.50471390425328" lon="2.5496948312035208">
        <ele>1559</ele>
      </trkpt>
      <trkpt lat="42.50480259393476" lon="2.5496643143238717">
        <ele>1560</ele>
      </trkpt>
      <trkpt lat="42.50480259393476" lon="2.5496643143238717">
        <ele>1560</ele>
      </trkpt>
      <trkpt lat="42.50453080297539" lon="2.5495441541102535">
        <ele>1562</ele>
      </trkpt>
      <trkpt lat="42.50442399389662" lon="2.5494611863437076">
        <ele>1563</ele>
      </trkpt>
      <trkpt lat="42.50431718481784" lon="2.5493782185771621">
        <ele>1563</ele>
      </trkpt>
      <trkpt lat="42.50419988556169" lon="2.5493295823002211">
        <ele>1563</ele>
      </trkpt>
      <trkpt lat="42.50408353995803" lon="2.5492809460232806">
        <ele>1561</ele>
      </trkpt>
      <trkpt lat="42.50410547396528" lon="2.5492103757390923">
        <ele>1563</ele>
      </trkpt>
      <trkpt lat="42.50412740797253" lon="2.5491407591073925">
        <ele>1565</ele>
      </trkpt>
      <trkpt lat="42.50414075910737" lon="2.5490616059508029">
        <ele>1567</ele>
      </trkpt>
      <trkpt lat="42.50415411024222" lon="2.5489824527942133">
        <ele>1569</ele>
      </trkpt>
      <trkpt lat="42.50435533091741" lon="2.5485494945641922">
        <ele>1583</ele>
      </trkpt>
      <trkpt lat="42.5043639137898" lon="2.5484741560175586">
        <ele>1585</ele>
      </trkpt>
      <trkpt lat="42.5043734503147" lon="2.5483988174709249">
        <ele>1587</ele>
      </trkpt>
      <trkpt lat="42.50438012588212" lon="2.5481441922563532">
        <ele>1592</ele>
      </trkpt>
      <trkpt lat="42.50439633797443" lon="2.5480516879649171">
        <ele>1593</ele>
      </trkpt>
      <trkpt lat="42.50442113293915" lon="2.5479792103757504">
        <ele>1595</ele>
      </trkpt>
      <trkpt lat="42.50441541102421" lon="2.5478924279992485">
        <ele>1596</ele>
      </trkpt>
      <trkpt lat="42.50442208659164" lon="2.5478037383177683">
        <ele>1598</ele>
      </trkpt>
      <trkpt lat="42.50440492084683" lon="2.5477150486362885">
        <ele>1599</ele>
      </trkpt>
      <trkpt lat="42.5043991989319" lon="2.5476540148769904">
        <ele>1599</ele>
      </trkpt>
      <trkpt lat="42.50439347701697" lon="2.5475929811176923">
        <ele>1600</ele>
      </trkpt>
      <trkpt lat="42.50439252336448" lon="2.5472658783139539">
        <ele>1604</ele>
      </trkpt>
      <trkpt lat="42.50438584779705" lon="2.5471695594125614">
        <ele>1605</ele>
      </trkpt>
      <trkpt lat="42.50437917222963" lon="2.5470741941636583">
        <ele>1606</ele>
      </trkpt>
      <trkpt lat="42.5043648674423" lon="2.5469759679572879">
        <ele>1607</ele>
      </trkpt>
      <trkpt lat="42.50435151630745" lon="2.5468786954034064">
        <ele>1608</ele>
      </trkpt>
      <trkpt lat="42.50432386038527" lon="2.5457324051115888">
        <ele>1627</ele>
      </trkpt>
      <trkpt lat="42.50433911882509" lon="2.5456465763875755">
        <ele>1629</ele>
      </trkpt>
      <trkpt lat="42.50433053595269" lon="2.5455369063513369">
        <ele>1631</ele>
      </trkpt>
      <trkpt lat="42.504346748045" lon="2.5454701506771045">
        <ele>1634</ele>
      </trkpt>
      <trkpt lat="42.50433244325767" lon="2.5453938584779818">
        <ele>1635</ele>
      </trkpt>
      <trkpt lat="42.50433721152011" lon="2.5452899103566775">
        <ele>1637</ele>
      </trkpt>
      <trkpt lat="42.50432195308029" lon="2.5452002670227083">
        <ele>1639</ele>
      </trkpt>
      <trkpt lat="42.50430764829295" lon="2.5451115773412281">
        <ele>1640</ele>
      </trkpt>
      <trkpt lat="42.50428476063322" lon="2.5450324241846385">
        <ele>1641</ele>
      </trkpt>
      <trkpt lat="42.50426282662597" lon="2.5449542246805379">
        <ele>1642</ele>
      </trkpt>
      <trkpt lat="42.50425710471104" lon="2.5448779324814153">
        <ele>1642</ele>
      </trkpt>
      <trkpt lat="42.5042513827961" lon="2.5448016402822926">
        <ele>1643</ele>
      </trkpt>
      <trkpt lat="42.50419797825671" lon="2.5445584588975891">
        <ele>1643</ele>
      </trkpt>
      <trkpt lat="42.50411310318519" lon="2.5440024794964828">
        <ele>1643</ele>
      </trkpt>
      <trkpt lat="42.50409212283043" lon="2.5437545298493345">
        <ele>1642</ele>
      </trkpt>
      <trkpt lat="42.50409593744039" lon="2.543657257295453">
        <ele>1642</ele>
      </trkpt>
      <trkpt lat="42.50409975205034" lon="2.5435609383940605">
        <ele>1642</ele>
      </trkpt>
      <trkpt lat="42.50411024222772" lon="2.5434855998474268">
        <ele>1643</ele>
      </trkpt>
      <trkpt lat="42.50412168605759" lon="2.5434102613007932">
        <ele>1644</ele>
      </trkpt>
      <trkpt lat="42.50415983215715" lon="2.5433425519740722">
        <ele>1646</ele>
      </trkpt>
      <trkpt lat="42.50419988556169" lon="2.543286286477219">
        <ele>1647</ele>
      </trkpt>
      <trkpt lat="42.50429238985313" lon="2.5429553690635247">
        <ele>1651</ele>
      </trkpt>
      <trkpt lat="42.50432767499522" lon="2.5428933816517376">
        <ele>1652</ele>
      </trkpt>
      <trkpt lat="42.50436296013731" lon="2.5428323478924395">
        <ele>1654</ele>
      </trkpt>
      <trkpt lat="42.50438298683959" lon="2.5427245851611788">
        <ele>1655</ele>
      </trkpt>
      <trkpt lat="42.50440396719434" lon="2.5426177760824071">
        <ele>1655</ele>
      </trkpt>
      <trkpt lat="42.50444497425137" lon="2.5425071523936791">
        <ele>1657</ele>
      </trkpt>
      <trkpt lat="42.50450123974823" lon="2.5424232309746442">
        <ele>1658</ele>
      </trkpt>
      <trkpt lat="42.5045117299256" lon="2.5423679191302804">
        <ele>1658</ele>
      </trkpt>
      <trkpt lat="42.50454320045775" lon="2.5423450314705436">
        <ele>1659</ele>
      </trkpt>
      <trkpt lat="42.50463570474918" lon="2.542298302498581">
        <ele>1663</ele>
      </trkpt>
      <trkpt lat="42.50473393095555" lon="2.5421962616822542">
        <ele>1666</ele>
      </trkpt>
      <trkpt lat="42.50483311081441" lon="2.5420942208659278">
        <ele>1670</ele>
      </trkpt>
      <trkpt lat="42.50489700553118" lon="2.542038909021564">
        <ele>1673</ele>
      </trkpt>
      <trkpt lat="42.50496185390043" lon="2.5419835971771998">
        <ele>1676</ele>
      </trkpt>
      <trkpt lat="42.5050514972344" lon="2.5419225634179017">
        <ele>1680</ele>
      </trkpt>
      <trkpt lat="42.50511062368872" lon="2.541846271218779">
        <ele>1682</ele>
      </trkpt>
      <trkpt lat="42.50513255769597" lon="2.5417690253671674">
        <ele>1683</ele>
      </trkpt>
      <trkpt lat="42.5051554453557" lon="2.5416917795155558">
        <ele>1683</ele>
      </trkpt>
      <trkpt lat="42.50519263780278" lon="2.5416135800114552">
        <ele>1684</ele>
      </trkpt>
      <trkpt lat="42.50523078390233" lon="2.5415363341598436">
        <ele>1686</ele>
      </trkpt>
      <trkpt lat="42.50524127407972" lon="2.5414733930955675">
        <ele>1685</ele>
      </trkpt>
      <trkpt lat="42.50525271790958" lon="2.54141140568378">
        <ele>1685</ele>
      </trkpt>
      <trkpt lat="42.50530135418653" lon="2.5413551401869272">
        <ele>1687</ele>
      </trkpt>
      <trkpt lat="42.50539099752049" lon="2.5412845699027389">
        <ele>1692</ele>
      </trkpt>
      <trkpt lat="42.50547301163455" lon="2.5412016021361929">
        <ele>1696</ele>
      </trkpt>
      <trkpt lat="42.5055121113866" lon="2.5411129124547127">
        <ele>1697</ele>
      </trkpt>
      <trkpt lat="42.50551878695403" lon="2.5410528323479036">
        <ele>1697</ele>
      </trkpt>
      <trkpt lat="42.50555597940109" lon="2.5409975205035398">
        <ele>1699</ele>
      </trkpt>
      <trkpt lat="42.50557886706083" lon="2.540940301354198">
        <ele>1700</ele>
      </trkpt>
      <trkpt lat="42.50558077436581" lon="2.5408439824528055">
        <ele>1699</ele>
      </trkpt>
      <trkpt lat="42.50560556933053" lon="2.5407505245088804">
        <ele>1700</ele>
      </trkpt>
      <trkpt lat="42.50562845699027" lon="2.540716193019275">
        <ele>1701</ele>
      </trkpt>
      <trkpt lat="42.50566469578484" lon="2.5406322716002401">
        <ele>1702</ele>
      </trkpt>
      <trkpt lat="42.50569139805454" lon="2.5406322716002401">
        <ele>1704</ele>
      </trkpt>
      <trkpt lat="42.50571714667174" lon="2.5406151058554376">
        <ele>1705</ele>
      </trkpt>
      <trkpt lat="42.50573908067899" lon="2.5405731451459204">
        <ele>1706</ele>
      </trkpt>
      <trkpt lat="42.50584875071523" lon="2.5404815945069732">
        <ele>1712</ele>
      </trkpt>
      <trkpt lat="42.50595937440396" lon="2.540390997520515">
        <ele>1715</ele>
      </trkpt>
      <trkpt lat="42.50599752050352" lon="2.5403271028037495">
        <ele>1716</ele>
      </trkpt>
      <trkpt lat="42.50607095174517" lon="2.5403004005340568">
        <ele>1718</ele>
      </trkpt>
      <trkpt lat="42.50618348273888" lon="2.5401831012779059">
        <ele>1721</ele>
      </trkpt>
      <trkpt lat="42.50623211901582" lon="2.5401611672706581">
        <ele>1722</ele>
      </trkpt>
      <trkpt lat="42.50629792103756" lon="2.5400801068090901">
        <ele>1723</ele>
      </trkpt>
      <trkpt lat="42.50636372305931" lon="2.5400000000000116">
        <ele>1724</ele>
      </trkpt>
      <trkpt lat="42.50636372305931" lon="2.5400000000000009">
        <ele>1724</ele>
      </trkpt>
      <trkpt lat="42.50640091550638" lon="2.539915124928477">
        <ele>1725</ele>
      </trkpt>
      <trkpt lat="42.50643143238603" lon="2.5398798397863831">
        <ele>1725</ele>
      </trkpt>
      <trkpt lat="42.50656399008201" lon="2.5395317566278859">
        <ele>1725</ele>
      </trkpt>
      <trkpt lat="42.50668128933815" lon="2.5391798588594328">
        <ele>1722</ele>
      </trkpt>
      <trkpt lat="42.50674423040243" lon="2.539009155063896">
        <ele>1723</ele>
      </trkpt>
      <trkpt lat="42.50683864199885" lon="2.5388622925805846">
        <ele>1723</ele>
      </trkpt>
      <trkpt lat="42.50688346366583" lon="2.5387764638565717">
        <ele>1723</ele>
      </trkpt>
      <trkpt lat="42.50701888231927" lon="2.5384569902727456">
        <ele>1722</ele>
      </trkpt>
      <trkpt lat="42.50715334732023" lon="2.5380812511920667">
        <ele>1723</ele>
      </trkpt>
      <trkpt lat="42.50720293724966" lon="2.5378847987793258">
        <ele>1724</ele>
      </trkpt>
      <trkpt lat="42.50724012969673" lon="2.5376673660118265">
        <ele>1727</ele>
      </trkpt>
      <trkpt lat="42.50741274079724" lon="2.537248712569141">
        <ele>1727</ele>
      </trkpt>
      <trkpt lat="42.50749284760632" lon="2.5370284188441743">
        <ele>1728</ele>
      </trkpt>
      <trkpt lat="42.50761205416745" lon="2.5365945069616642">
        <ele>1730</ele>
      </trkpt>
      <trkpt lat="42.50768739271408" lon="2.5363522792294497">
        <ele>1729</ele>
      </trkpt>
      <trkpt lat="42.50775891665077" lon="2.5360270837306897">
        <ele>1728</ele>
      </trkpt>
      <trkpt lat="42.50776177760823" lon="2.5355035285142105">
        <ele>1727</ele>
      </trkpt>
      <trkpt lat="42.50758344459278" lon="2.5350181193972929">
        <ele>1731</ele>
      </trkpt>
      <trkpt lat="42.5074947549113" lon="2.5346070951745197">
        <ele>1726</ele>
      </trkpt>
      <trkpt lat="42.50730497806598" lon="2.5342237268739285">
        <ele>1729</ele>
      </trkpt>
      <trkpt lat="42.50709994278084" lon="2.5334407781804322">
        <ele>1724</ele>
      </trkpt>
      <trkpt lat="42.50703604806407" lon="2.5329687201983608">
        <ele>1713</ele>
      </trkpt>
      <trkpt lat="42.50670417699789" lon="2.5325605569330549">
        <ele>1717</ele>
      </trkpt>
      <trkpt lat="42.50634083539957" lon="2.5321962616822442">
        <ele>1729</ele>
      </trkpt>
      <trkpt lat="42.50608334922753" lon="2.5313732595842087">
        <ele>1734</ele>
      </trkpt>
      <trkpt lat="42.5060690444402" lon="2.531186343696358">
        <ele>1736</ele>
      </trkpt>
      <trkpt lat="42.50611672706465" lon="2.531121495327104">
        <ele>1734</ele>
      </trkpt>
      <trkpt lat="42.50621590692351" lon="2.5310671371352291">
        <ele>1729</ele>
      </trkpt>
      <trkpt lat="42.50628933816516" lon="2.5309317184817863">
        <ele>1727</ele>
      </trkpt>
      <trkpt lat="42.50637612054167" lon="2.5307371733740238">
        <ele>1727</ele>
      </trkpt>
      <trkpt lat="42.50647053213808" lon="2.5305750524508879">
        <ele>1729</ele>
      </trkpt>
      <trkpt lat="42.50665649437344" lon="2.5303938584779719">
        <ele>1727</ele>
      </trkpt>
      <trkpt lat="42.50668033568567" lon="2.5302431813847046">
        <ele>1730</ele>
      </trkpt>
      <trkpt lat="42.50664505054358" lon="2.5301516307457574">
        <ele>1735</ele>
      </trkpt>
      <trkpt lat="42.50670513065038" lon="2.5300476826244527">
        <ele>1735</ele>
      </trkpt>
      <trkpt lat="42.50686439061605" lon="2.5298111768071725">
        <ele>1735</ele>
      </trkpt>
      <trkpt lat="42.5068863246233" lon="2.5297453747854295">
        <ele>1736</ele>
      </trkpt>
      <trkpt lat="42.5069378218577" lon="2.5297196261682253">
        <ele>1735</ele>
      </trkpt>
      <trkpt lat="42.50716288384512" lon="2.5294802593934782">
        <ele>1732</ele>
      </trkpt>
      <trkpt lat="42.50818806027083" lon="2.5287335494945653">
        <ele>1712</ele>
      </trkpt>
      <trkpt lat="42.50880984169368" lon="2.5283520884989521">
        <ele>1703</ele>
      </trkpt>
      <trkpt lat="42.50938966240701" lon="2.5281403776463867">
        <ele>1687</ele>
      </trkpt>
      <trkpt lat="42.50971771886324" lon="2.5280116345603671">
        <ele>1674</ele>
      </trkpt>
      <trkpt lat="42.50993133702078" lon="2.5272716002288775">
        <ele>1676</ele>
      </trkpt>
      <trkpt lat="42.50989605187868" lon="2.5267575815372889">
        <ele>1680</ele>
      </trkpt>
      <trkpt lat="42.51005531184435" lon="2.5264266641235946">
        <ele>1667</ele>
      </trkpt>
      <trkpt lat="42.51020694259011" lon="2.5255521647911512">
        <ele>1650</ele>
      </trkpt>
      <trkpt lat="42.51045775319473" lon="2.5244125500667569">
        <ele>1627</ele>
      </trkpt>
      <trkpt lat="42.51058744993323" lon="2.5245803929048267">
        <ele>1619</ele>
      </trkpt>
      <trkpt lat="42.5106160595079" lon="2.5244621399961864">
        <ele>1618</ele>
      </trkpt>
      <trkpt lat="42.51074766355139" lon="2.5247167652107585">
        <ele>1607</ele>
      </trkpt>
      <trkpt lat="42.51073526606903" lon="2.5242122830440601">
        <ele>1614</ele>
      </trkpt>
      <trkpt lat="42.51056170131603" lon="2.5239519359145537">
        <ele>1632</ele>
      </trkpt>
      <trkpt lat="42.51072477589165" lon="2.523812702651155">
        <ele>1633</ele>
      </trkpt>
      <trkpt lat="42.51084016784283" lon="2.5238804119778764">
        <ele>1626</ele>
      </trkpt>
      <trkpt lat="42.51093648674422" lon="2.5239910356666044">
        <ele>1622</ele>
      </trkpt>
      <trkpt lat="42.51101182529086" lon="2.523989128361626">
        <ele>1624</ele>
      </trkpt>
      <trkpt lat="42.51106522983024" lon="2.524006294106429">
        <ele>1624</ele>
      </trkpt>
      <trkpt lat="42.51117966812892" lon="2.5239977112340273">
        <ele>1626</ele>
      </trkpt>
      <trkpt lat="42.51127503337783" lon="2.5240234598512314">
        <ele>1626</ele>
      </trkpt>
      <trkpt lat="42.51145813465573" lon="2.5241245470150688">
        <ele>1624</ele>
      </trkpt>
      <trkpt lat="42.51161453366392" lon="2.5243343505626563">
        <ele>1616</ele>
      </trkpt>
      <trkpt lat="42.51170703795536" lon="2.5245374785428201">
        <ele>1606</ele>
      </trkpt>
      <trkpt lat="42.51220579820713" lon="2.5247816135800125">
        <ele>1593</ele>
      </trkpt>
      <trkpt lat="42.51295060080106" lon="2.5255273698264364">
        <ele>1553</ele>
      </trkpt>
      <trkpt lat="42.51349990463474" lon="2.5260623688727839">
        <ele>1533</ele>
      </trkpt>
      <trkpt lat="42.51383845126835" lon="2.5262826625977506">
        <ele>1531</ele>
      </trkpt>
      <trkpt lat="42.51414171275986" lon="2.5266564943734515">
        <ele>1520</ele>
      </trkpt>
      <trkpt lat="42.51423898531375" lon="2.5270551211138672">
        <ele>1507</ele>
      </trkpt>
      <trkpt lat="42.51451363723059" lon="2.5274279992370792">
        <ele>1495</ele>
      </trkpt>
      <trkpt lat="42.51560461567804" lon="2.5269225634178918">
        <ele>1492</ele>
      </trkpt>
      <trkpt lat="42.51615868777417" lon="2.5265506389471688">
        <ele>1494</ele>
      </trkpt>
      <trkpt lat="42.51619969483119" lon="2.5264876978828927">
        <ele>1496</ele>
      </trkpt>
      <trkpt lat="42.51631031851992" lon="2.5264123593362591">
        <ele>1498</ele>
      </trkpt>
      <trkpt lat="42.51640949837878" lon="2.5264123593362591">
        <ele>1495</ele>
      </trkpt>
      <trkpt lat="42.5165296585924" lon="2.5263484646194936">
        <ele>1495</ele>
      </trkpt>
      <trkpt lat="42.51665744802593" lon="2.5263398817470923">
        <ele>1492</ele>
      </trkpt>
      <trkpt lat="42.51688823192828" lon="2.526417127598704">
        <ele>1484</ele>
      </trkpt>
      <trkpt lat="42.51726969292389" lon="2.526059507915317">
        <ele>1489</ele>
      </trkpt>
      <trkpt lat="42.51731049919819" lon="2.5260558081464475">
        <ele>1488</ele>
      </trkpt>
      <trkpt lat="42.51731049919819" lon="2.5260558081464475">
        <ele>1488</ele>
      </trkpt>
      <trkpt lat="42.51739261468584" lon="2.526133365860292">
        <ele>1483</ele>
      </trkpt>
      <trkpt lat="42.51739261468584" lon="2.526133365860292">
        <ele>1483</ele>
      </trkpt>
      <trkpt lat="42.51748331108143" lon="2.526124356284571">
        <ele>1481</ele>
      </trkpt>
      <trkpt lat="42.51777989700552" lon="2.5259269502193411">
        <ele>1483</ele>
      </trkpt>
      <trkpt lat="42.51773602899102" lon="2.5258373068853719">
        <ele>1485</ele>
      </trkpt>
      <trkpt lat="42.51774079725347" lon="2.5257352660690455">
        <ele>1486</ele>
      </trkpt>
      <trkpt lat="42.51779134083539" lon="2.5253900438680157">
        <ele>1490</ele>
      </trkpt>
      <trkpt lat="42.51785714285713" lon="2.5250362387945846">
        <ele>1493</ele>
      </trkpt>
      <trkpt lat="42.51791054739652" lon="2.5248130841121506">
        <ele>1493</ele>
      </trkpt>
      <trkpt lat="42.51800400534044" lon="2.524475491131033">
        <ele>1493</ele>
      </trkpt>
      <trkpt lat="42.51799542246804" lon="2.5240635132557707">
        <ele>1499</ele>
      </trkpt>
      <trkpt lat="42.51823288193781" lon="2.523554262826627">
        <ele>1493</ele>
      </trkpt>
      <trkpt lat="42.51822906732786" lon="2.5228161358001158">
        <ele>1507</ele>
      </trkpt>
      <trkpt lat="42.51826435246995" lon="2.5219835971771896">
        <ele>1515</ele>
      </trkpt>
      <trkpt lat="42.51795155445355" lon="2.5222010299446893">
        <ele>1531</ele>
      </trkpt>
      <trkpt lat="42.51768167079915" lon="2.5228466526797648">
        <ele>1538</ele>
      </trkpt>
      <trkpt lat="42.51739462139995" lon="2.5236257867633047">
        <ele>1544</ele>
      </trkpt>
      <trkpt lat="42.51721342742704" lon="2.5240825863055516">
        <ele>1547</ele>
      </trkpt>
      <trkpt lat="42.51704653824146" lon="2.5246347510967015">
        <ele>1543</ele>
      </trkpt>
      <trkpt lat="42.51710089643333" lon="2.5241893953843233">
        <ele>1551</ele>
      </trkpt>
      <trkpt lat="42.51713045966049" lon="2.5237688346366594">
        <ele>1557</ele>
      </trkpt>
      <trkpt lat="42.51712664505053" lon="2.5232357428952903">
        <ele>1567</ele>
      </trkpt>
      <trkpt lat="42.51724028257565" lon="2.5225843277865199">
        <ele>1568</ele>
      </trkpt>
      <trkpt lat="42.51724028257565" lon="2.5225843277865199">
        <ele>1568</ele>
      </trkpt>
      <trkpt lat="42.5172343365327" lon="2.5226184128496283">
        <ele>1568</ele>
      </trkpt>
      <trkpt lat="42.5172343365327" lon="2.5226184128496283">
        <ele>1568</ele>
      </trkpt>
      <trkpt lat="42.51726206370397" lon="2.5224594697692173">
        <ele>1568</ele>
      </trkpt>
      <trkpt lat="42.51714857905778" lon="2.5219225634178914">
        <ele>1580</ele>
      </trkpt>
      <trkpt lat="42.51717909593743" lon="2.5212120923135619">
        <ele>1585</ele>
      </trkpt>
      <trkpt lat="42.5170083921419" lon="2.5202803738317767">
        <ele>1585</ele>
      </trkpt>
      <trkpt lat="42.51684531756627" lon="2.5200000000000014">
        <ele>1588</ele>
      </trkpt>
      <trkpt lat="42.51684531756627" lon="2.5199999999999907">
        <ele>1588</ele>
      </trkpt>
      <trkpt lat="42.51673755483501" lon="2.5198130841121404">
        <ele>1587</ele>
      </trkpt>
      <trkpt lat="42.51635990844935" lon="2.519632843791713">
        <ele>1603</ele>
      </trkpt>
      <trkpt lat="42.51604806408544" lon="2.5193314896051788">
        <ele>1614</ele>
      </trkpt>
      <trkpt lat="42.51579534617584" lon="2.5187402250619781">
        <ele>1625</ele>
      </trkpt>
      <trkpt lat="42.51574480259393" lon="2.5179696738508395">
        <ele>1626</ele>
      </trkpt>
      <trkpt lat="42.51589357238222" lon="2.5176263589547876">
        <ele>1616</ele>
      </trkpt>
      <trkpt lat="42.5158601945451" lon="2.5173192828533191">
        <ele>1615</ele>
      </trkpt>
      <trkpt lat="42.51548827007438" lon="2.5167346938775421">
        <ele>1623</ele>
      </trkpt>
      <trkpt lat="42.5151382796109" lon="2.5165363341598233">
        <ele>1636</ele>
      </trkpt>
      <trkpt lat="42.51498569521266" lon="2.5164075910738037">
        <ele>1641</ele>
      </trkpt>
      <trkpt lat="42.51486553499904" lon="2.5163236696547688">
        <ele>1647</ele>
      </trkpt>
      <trkpt lat="42.51476158687773" lon="2.5162073240511065">
        <ele>1650</ele>
      </trkpt>
      <trkpt lat="42.51473106999808" lon="2.516044249475482">
        <ele>1648</ele>
      </trkpt>
      <trkpt lat="42.51467098989127" lon="2.5158239557505153">
        <ele>1647</ele>
      </trkpt>
      <trkpt lat="42.5146862483311" lon="2.5154501239748144">
        <ele>1641</ele>
      </trkpt>
      <trkpt lat="42.51444497425138" lon="2.5152279229448697">
        <ele>1649</ele>
      </trkpt>
      <trkpt lat="42.51425615105855" lon="2.5149227541483792">
        <ele>1655</ele>
      </trkpt>
      <trkpt lat="42.51404730116344" lon="2.514652870493983">
        <ele>1669</ele>
      </trkpt>
      <trkpt lat="42.5139729162693" lon="2.5144888422658691">
        <ele>1674</ele>
      </trkpt>
      <trkpt lat="42.51425519740606" lon="2.5143047873354858">
        <ele>1662</ele>
      </trkpt>
      <trkpt lat="42.51441636467671" lon="2.5140062941064185">
        <ele>1665</ele>
      </trkpt>
      <trkpt lat="42.51444974251382" lon="2.5138622925805745">
        <ele>1671</ele>
      </trkpt>
      <trkpt lat="42.51458706847224" lon="2.5137049399198843">
        <ele>1674</ele>
      </trkpt>
      <trkpt lat="42.51473297730306" lon="2.5136706084302789">
        <ele>1671</ele>
      </trkpt>
      <trkpt lat="42.51483215716192" lon="2.513666793820323">
        <ele>1668</ele>
      </trkpt>
      <trkpt lat="42.51495708563798" lon="2.5136238794583163">
        <ele>1666</ele>
      </trkpt>
      <trkpt lat="42.51501811939728" lon="2.5135294678619022">
        <ele>1670</ele>
      </trkpt>
      <trkpt lat="42.51519263780278" lon="2.5135428189967484">
        <ele>1664</ele>
      </trkpt>
      <trkpt lat="42.51538622925805" lon="2.5134236124356195">
        <ele>1665</ele>
      </trkpt>
      <trkpt lat="42.51554930383367" lon="2.5131775700934487">
        <ele>1672</ele>
      </trkpt>
      <trkpt lat="42.51571047110432" lon="2.5130564562273419">
        <ele>1673</ele>
      </trkpt>
      <trkpt lat="42.51591646004195" lon="2.513035475872583">
        <ele>1670</ele>
      </trkpt>
      <trkpt lat="42.51614342933434" lon="2.5131060461567714">
        <ele>1665</ele>
      </trkpt>
      <trkpt lat="42.51647434674803" lon="2.5131365630364204">
        <ele>1662</ele>
      </trkpt>
      <trkpt lat="42.51670703795536" lon="2.5130078199504009">
        <ele>1663</ele>
      </trkpt>
      <trkpt lat="42.51693686820521" lon="2.5125891665077154">
        <ele>1663</ele>
      </trkpt>
      <trkpt lat="42.51699313370207" lon="2.5122687392714003">
        <ele>1666</ele>
      </trkpt>
      <trkpt lat="42.51708659164599" lon="2.5120036238794494">
        <ele>1666</ele>
      </trkpt>
      <trkpt lat="42.51739271409497" lon="2.5115534999046258">
        <ele>1656</ele>
      </trkpt>
      <trkpt lat="42.51740415792484" lon="2.5104548922372598">
        <ele>1654</ele>
      </trkpt>
      <trkpt lat="42.51741464810222" lon="2.5101029944688062">
        <ele>1653</ele>
      </trkpt>
      <trkpt lat="42.51726492466145" lon="2.5097425138279519">
        <ele>1669</ele>
      </trkpt>
      <trkpt lat="42.51722296395193" lon="2.5094897959183582">
        <ele>1678</ele>
      </trkpt>
      <trkpt lat="42.5173736410452" lon="2.5094392523364397">
        <ele>1672</ele>
      </trkpt>
      <trkpt lat="42.51752527179095" lon="2.5093438870875362">
        <ele>1669</ele>
      </trkpt>
      <trkpt lat="42.51803452222009" lon="2.5092094220865824">
        <ele>1662</ele>
      </trkpt>
      <trkpt lat="42.51836639328628" lon="2.5090663742132278">
        <ele>1661</ele>
      </trkpt>
      <trkpt lat="42.51853614342932" lon="2.5090635132557604">
        <ele>1657</ele>
      </trkpt>
      <trkpt lat="42.51868205226015" lon="2.5091302689299928">
        <ele>1652</ele>
      </trkpt>
      <trkpt lat="42.5188251001335" lon="2.5091016593553217">
        <ele>1650</ele>
      </trkpt>
      <trkpt lat="42.5188947167652" lon="2.5090310890711334">
        <ele>1651</ele>
      </trkpt>
      <trkpt lat="42.51894144573716" lon="2.5089872210566377">
        <ele>1651</ele>
      </trkpt>
      <trkpt lat="42.51904444020598" lon="2.5088451268357721">
        <ele>1652</ele>
      </trkpt>
      <trkpt lat="42.51908449361052" lon="2.5087802784665176">
        <ele>1653</ele>
      </trkpt>
      <trkpt lat="42.5190949837879" lon="2.5087278275796208">
        <ele>1654</ele>
      </trkpt>
      <trkpt lat="42.51908067900057" lon="2.5086610719053888">
        <ele>1656</ele>
      </trkpt>
      <trkpt lat="42.51909116917794" lon="2.5085456799542154">
        <ele>1658</ele>
      </trkpt>
      <trkpt lat="42.51913980545488" lon="2.5083969101659265">
        <ele>1659</ele>
      </trkpt>
      <trkpt lat="42.51903013541865" lon="2.5081241655540629">
        <ele>1669</ele>
      </trkpt>
      <trkpt lat="42.51907781804309" lon="2.5077226778561803">
        <ele>1673</ele>
      </trkpt>
      <trkpt lat="42.51903585733358" lon="2.5075119206561038">
        <ele>1678</ele>
      </trkpt>
      <trkpt lat="42.51905397673087" lon="2.507312607285896">
        <ele>1679</ele>
      </trkpt>
      <trkpt lat="42.5191989319092" lon="2.5071028037383085">
        <ele>1671</ele>
      </trkpt>
      <trkpt lat="42.51932004577531" lon="2.5064018691588692">
        <ele>1662</ele>
      </trkpt>
      <trkpt lat="42.51931527751287" lon="2.5062578676330256">
        <ele>1660</ele>
      </trkpt>
      <trkpt lat="42.51927999237077" lon="2.5061090978447362">
        <ele>1660</ele>
      </trkpt>
      <trkpt lat="42.51914457371733" lon="2.5058697310699891">
        <ele>1666</ele>
      </trkpt>
      <trkpt lat="42.51905874499332" lon="2.5056484836925335">
        <ele>1667</ele>
      </trkpt>
      <trkpt lat="42.51895765782947" lon="2.505436772839968">
        <ele>1670</ele>
      </trkpt>
      <trkpt lat="42.51892332633987" lon="2.5053070761014595">
        <ele>1669</ele>
      </trkpt>
      <trkpt lat="42.51882033187105" lon="2.5051001335113394">
        <ele>1672</ele>
      </trkpt>
      <trkpt lat="42.51876788098416" lon="2.5049580392904733">
        <ele>1673</ele>
      </trkpt>
      <trkpt lat="42.5187297348846" lon="2.5047224871256821">
        <ele>1671</ele>
      </trkpt>
      <trkpt lat="42.51870112530993" lon="2.504483120350935">
        <ele>1668</ele>
      </trkpt>
      <trkpt lat="42.51860099179858" lon="2.5041636467671089">
        <ele>1668</ele>
      </trkpt>
      <trkpt lat="42.51856666030898" lon="2.5038346366583926">
        <ele>1664</ele>
      </trkpt>
      <trkpt lat="42.51853709708181" lon="2.5036677474728117">
        <ele>1663</ele>
      </trkpt>
      <trkpt lat="42.5185037192447" lon="2.5034884608048737">
        <ele>1661</ele>
      </trkpt>
      <trkpt lat="42.51844459279038" lon="2.5033168033568476">
        <ele>1661</ele>
      </trkpt>
      <trkpt lat="42.51842742704557" lon="2.5030974632843699">
        <ele>1659</ele>
      </trkpt>
      <trkpt lat="42.51823669654777" lon="2.5028485599847325">
        <ele>1667</ele>
      </trkpt>
      <trkpt lat="42.5181985504482" lon="2.5026282662597659">
        <ele>1666</ele>
      </trkpt>
      <trkpt lat="42.5181556360862" lon="2.5025023841312133">
        <ele>1667</ele>
      </trkpt>
      <trkpt lat="42.51812035094411" lon="2.5023278657257206">
        <ele>1664</ele>
      </trkpt>
      <trkpt lat="42.51800400534044" lon="2.5018624833110725">
        <ele>1657</ele>
      </trkpt>
      <trkpt lat="42.51784188441731" lon="2.5016078580965004">
        <ele>1658</ele>
      </trkpt>
      <trkpt lat="42.51769406828151" lon="2.5014199885561612">
        <ele>1664</ele>
      </trkpt>
      <trkpt lat="42.51755292771313" lon="2.5013007819950319">
        <ele>1670</ele>
      </trkpt>
      <trkpt lat="42.51740987983978" lon="2.5011596414266548">
        <ele>1676</ele>
      </trkpt>
      <trkpt lat="42.51732500476825" lon="2.5011329391569621">
        <ele>1680</ele>
      </trkpt>
      <trkpt lat="42.51725729544153" lon="2.5010843028800216">
        <ele>1684</ele>
      </trkpt>
      <trkpt lat="42.51724489795917" lon="2.501008010680899">
        <ele>1684</ele>
      </trkpt>
      <trkpt lat="42.51726301735646" lon="2.5009612817089359">
        <ele>1683</ele>
      </trkpt>
      <trkpt lat="42.51749189395383" lon="2.5007610146862391">
        <ele>1670</ele>
      </trkpt>
      <trkpt lat="42.51748235742895" lon="2.5006961663169851">
        <ele>1671</ele>
      </trkpt>
      <trkpt lat="42.51748426473392" lon="2.5006189204653735">
        <ele>1672</ele>
      </trkpt>
      <trkpt lat="42.51761968338737" lon="2.500489223726865">
        <ele>1663</ele>
      </trkpt>
      <trkpt lat="42.51776559221819" lon="2.5002603471294971">
        <ele>1653</ele>
      </trkpt>
      <trkpt lat="42.51777512874308" lon="2.500149723440769">
        <ele>1652</ele>
      </trkpt>
      <trkpt lat="42.51773221438107" lon="2.5000791531565807">
        <ele>1655</ele>
      </trkpt>
      <trkpt lat="42.51760156399007" lon="2.5000238413122169">
        <ele>1666</ele>
      </trkpt>
      <trkpt lat="42.51758249094029" lon="2.4999999999999911">
        <ele>1667</ele>
      </trkpt>
      <trkpt lat="42.51758249094029" lon="2.5000000000000089">
        <ele>1667</ele>
      </trkpt>
      <trkpt lat="42.51753671562082" lon="2.4999399198932002">
        <ele>1664</ele>
      </trkpt>
      <trkpt lat="42.51744421132938" lon="2.4996852946786281">
        <ele>1666</ele>
      </trkpt>
      <trkpt lat="42.51739843600991" lon="2.4995975586496373">
        <ele>1667</ele>
      </trkpt>
      <trkpt lat="42.51738413122257" lon="2.4995164981880693">
        <ele>1667</ele>
      </trkpt>
      <trkpt lat="42.51736982643524" lon="2.4994363913789908">
        <ele>1667</ele>
      </trkpt>
      <trkpt lat="42.5173555216479" lon="2.4990806790005813">
        <ele>1663</ele>
      </trkpt>
      <trkpt lat="42.51721533473201" lon="2.498783139424003">
        <ele>1667</ele>
      </trkpt>
      <trkpt lat="42.517129506008" lon="2.4985180240320517">
        <ele>1668</ele>
      </trkpt>
      <trkpt lat="42.51703890902154" lon="2.4982729353423703">
        <ele>1670</ele>
      </trkpt>
      <trkpt lat="42.51701697501429" lon="2.4981851993133795">
        <ele>1670</ele>
      </trkpt>
      <trkpt lat="42.51699599465954" lon="2.4980984169368772">
        <ele>1670</ele>
      </trkpt>
      <trkpt lat="42.51694926568757" lon="2.4980154491703312">
        <ele>1671</ele>
      </trkpt>
      <trkpt lat="42.5169034903681" lon="2.4979334350562747">
        <ele>1673</ele>
      </trkpt>
      <trkpt lat="42.51681480068662" lon="2.4976654587068565">
        <ele>1673</ele>
      </trkpt>
      <trkpt lat="42.51671466717527" lon="2.4974070188823285">
        <ele>1674</ele>
      </trkpt>
      <trkpt lat="42.51665554072095" lon="2.4972935342361335">
        <ele>1676</ele>
      </trkpt>
      <trkpt lat="42.51659641426663" lon="2.4971810032424275">
        <ele>1678</ele>
      </trkpt>
      <trkpt lat="42.51656303642952" lon="2.4970741941636558">
        <ele>1678</ele>
      </trkpt>
      <trkpt lat="42.51656971199694" lon="2.4969902727446209">
        <ele>1676</ele>
      </trkpt>
      <trkpt lat="42.51656685103947" lon="2.4969216097654106">
        <ele>1675</ele>
      </trkpt>
      <trkpt lat="42.51656494373449" lon="2.4968539004386892">
        <ele>1674</ele>
      </trkpt>
      <trkpt lat="42.51646957848559" lon="2.496502002670236">
        <ele>1673</ele>
      </trkpt>
      <trkpt lat="42.51646385657066" lon="2.4964094983787999">
        <ele>1671</ele>
      </trkpt>
      <trkpt lat="42.51645813465572" lon="2.4963179477398527">
        <ele>1668</ele>
      </trkpt>
      <trkpt lat="42.51641712759869" lon="2.496213999618548">
        <ele>1668</ele>
      </trkpt>
      <trkpt lat="42.51635323288193" lon="2.4961367537669363">
        <ele>1669</ele>
      </trkpt>
      <trkpt lat="42.51626931146289" lon="2.4960881174899958">
        <ele>1672</ele>
      </trkpt>
      <trkpt lat="42.51621686057599" lon="2.4960299446881646">
        <ele>1673</ele>
      </trkpt>
      <trkpt lat="42.51622925805835" lon="2.4959755864962898">
        <ele>1671</ele>
      </trkpt>
      <trkpt lat="42.51625500667556" lon="2.4959240892618819">
        <ele>1668</ele>
      </trkpt>
      <trkpt lat="42.51624547015066" lon="2.4958640091550728">
        <ele>1666</ele>
      </trkpt>
      <trkpt lat="42.51616727064657" lon="2.4957781804310599">
        <ele>1668</ele>
      </trkpt>
      <trkpt lat="42.5161033759298" lon="2.4956818615296679">
        <ele>1669</ele>
      </trkpt>
      <trkpt lat="42.5160776273126" lon="2.4956141522029465">
        <ele>1668</ele>
      </trkpt>
      <trkpt lat="42.51600705702841" lon="2.4955779134083631">
        <ele>1671</ele>
      </trkpt>
      <trkpt lat="42.51589834064466" lon="2.4954968529467951">
        <ele>1673</ele>
      </trkpt>
      <trkpt lat="42.5159031089071" lon="2.4954320045775411">
        <ele>1671</ele>
      </trkpt>
      <trkpt lat="42.51592790387182" lon="2.4953547587259295">
        <ele>1669</ele>
      </trkpt>
      <trkpt lat="42.51595269883654" lon="2.4952784665268068">
        <ele>1666</ele>
      </trkpt>
      <trkpt lat="42.51596414266641" lon="2.4952155254625303">
        <ele>1665</ele>
      </trkpt>
      <trkpt lat="42.51597558649627" lon="2.4951535380507432">
        <ele>1663</ele>
      </trkpt>
      <trkpt lat="42.51595937440396" lon="2.4950553118443728">
        <ele>1661</ele>
      </trkpt>
      <trkpt lat="42.51594411596413" lon="2.4949570856380028">
        <ele>1661</ele>
      </trkpt>
      <trkpt lat="42.51596604997138" lon="2.4948664886515446">
        <ele>1661</ele>
      </trkpt>
      <trkpt lat="42.51596223536143" lon="2.4947472820904153">
        <ele>1662</ele>
      </trkpt>
      <trkpt lat="42.51597749380125" lon="2.4946805264161829">
        <ele>1662</ele>
      </trkpt>
      <trkpt lat="42.51599370589356" lon="2.4946147243944399">
        <ele>1662</ele>
      </trkpt>
      <trkpt lat="42.51602994468815" lon="2.494530802975405">
        <ele>1662</ele>
      </trkpt>
      <trkpt lat="42.51606713713522" lon="2.4944468815563701">
        <ele>1661</ele>
      </trkpt>
      <trkpt lat="42.51608907114247" lon="2.4943467480450217">
        <ele>1662</ele>
      </trkpt>
      <trkpt lat="42.51613198550447" lon="2.49423993896625">
        <ele>1661</ele>
      </trkpt>
      <trkpt lat="42.5161386610719" lon="2.4941626931146383">
        <ele>1661</ele>
      </trkpt>
      <trkpt lat="42.51618252908639" lon="2.4941121495327194">
        <ele>1661</ele>
      </trkpt>
      <trkpt lat="42.51624833110814" lon="2.4940596986458226">
        <ele>1659</ele>
      </trkpt>
      <trkpt lat="42.51628838451268" lon="2.4939433530421606">
        <ele>1660</ele>
      </trkpt>
      <trkpt lat="42.51629792103756" lon="2.4938432195308122">
        <ele>1661</ele>
      </trkpt>
      <trkpt lat="42.51628075529276" lon="2.4938031661262725">
        <ele>1662</ele>
      </trkpt>
      <trkpt lat="42.51621304596604" lon="2.4937650200267112">
        <ele>1665</ele>
      </trkpt>
      <trkpt lat="42.51613198550447" lon="2.4936772839977204">
        <ele>1668</ele>
      </trkpt>
      <trkpt lat="42.51613580011443" lon="2.4936191111958892">
        <ele>1669</ele>
      </trkpt>
      <trkpt lat="42.51616536334159" lon="2.4935838260537952">
        <ele>1669</ele>
      </trkpt>
      <trkpt lat="42.51624070188822" lon="2.4935676139614817">
        <ele>1667</ele>
      </trkpt>
      <trkpt lat="42.51631699408735" lon="2.4935523555216572">
        <ele>1665</ele>
      </trkpt>
      <trkpt lat="42.51635990844935" lon="2.493526606904453">
        <ele>1665</ele>
      </trkpt>
      <trkpt lat="42.51634083539957" lon="2.4934159832157254">
        <ele>1667</ele>
      </trkpt>
      <trkpt lat="42.51637993515162" lon="2.4933921419034997">
        <ele>1666</ele>
      </trkpt>
      <trkpt lat="42.51646957848559" lon="2.4934875071524027">
        <ele>1662</ele>
      </trkpt>
      <trkpt lat="42.51652012206751" lon="2.4935037192447163">
        <ele>1661</ele>
      </trkpt>
      <trkpt lat="42.51661262635895" lon="2.493461758535199">
        <ele>1659</ele>
      </trkpt>
      <trkpt lat="42.5166431432386" lon="2.4934121686057691">
        <ele>1659</ele>
      </trkpt>
      <trkpt lat="42.51665649437344" lon="2.4933444592790477">
        <ele>1660</ele>
      </trkpt>
      <trkpt lat="42.51670036238794" lon="2.4932719816898814">
        <ele>1661</ele>
      </trkpt>
      <trkpt lat="42.51671371352278" lon="2.4931651726111097">
        <ele>1662</ele>
      </trkpt>
      <trkpt lat="42.51664600419606" lon="2.4931127217242128">
        <ele>1664</ele>
      </trkpt>
      <trkpt lat="42.5166078580965" lon="2.4930192637802877">
        <ele>1666</ele>
      </trkpt>
      <trkpt lat="42.5166336067137" lon="2.492945832538632">
        <ele>1666</ele>
      </trkpt>
      <trkpt lat="42.5166603089834" lon="2.4928733549494657">
        <ele>1666</ele>
      </trkpt>
      <trkpt lat="42.51672229639519" lon="2.4927570093458034">
        <ele>1667</ele>
      </trkpt>
      <trkpt lat="42.51674995231737" lon="2.4926816707991697">
        <ele>1668</ele>
      </trkpt>
      <trkpt lat="42.51676234979973" lon="2.4926053786000471">
        <ele>1669</ele>
      </trkpt>
      <trkpt lat="42.51679954224679" lon="2.4925338546633697">
        <ele>1670</ele>
      </trkpt>
      <trkpt lat="42.51684627121876" lon="2.4924556551592691">
        <ele>1671</ele>
      </trkpt>
      <trkpt lat="42.51689395384321" lon="2.4923784093076575">
        <ele>1672</ele>
      </trkpt>
      <trkpt lat="42.51694831203508" lon="2.4923173755483594">
        <ele>1674</ele>
      </trkpt>
      <trkpt lat="42.51700362387945" lon="2.4922563417890613">
        <ele>1675</ele>
      </trkpt>
      <trkpt lat="42.51707037955368" lon="2.4921628838451357">
        <ele>1677</ele>
      </trkpt>
      <trkpt lat="42.51712473774555" lon="2.4921266450505528">
        <ele>1677</ele>
      </trkpt>
      <trkpt lat="42.51724108334922" lon="2.4921819568949166">
        <ele>1676</ele>
      </trkpt>
      <trkpt lat="42.51735838260537" lon="2.4922382223917694">
        <ele>1674</ele>
      </trkpt>
      <trkpt lat="42.51745470150676" lon="2.4922944878886226">
        <ele>1672</ele>
      </trkpt>
      <trkpt lat="42.51755102040816" lon="2.4923507533854754">
        <ele>1670</ele>
      </trkpt>
      <trkpt lat="42.51762063703985" lon="2.4923583826053877">
        <ele>1669</ele>
      </trkpt>
      <trkpt lat="42.51769120732404" lon="2.4923660118252999">
        <ele>1668</ele>
      </trkpt>
      <trkpt lat="42.51777798970054" lon="2.4923898531375257">
        <ele>1666</ele>
      </trkpt>
      <trkpt lat="42.51786572572954" lon="2.4924146481022404">
        <ele>1665</ele>
      </trkpt>
      <trkpt lat="42.5179820713332" lon="2.4924594697692251">
        <ele>1663</ele>
      </trkpt>
      <trkpt lat="42.51806790005721" lon="2.4924480259393569">
        <ele>1662</ele>
      </trkpt>
      <trkpt lat="42.51815468243371" lon="2.4924365821094883">
        <ele>1661</ele>
      </trkpt>
      <trkpt lat="42.51826435246995" lon="2.4923507533854754">
        <ele>1660</ele>
      </trkpt>
      <trkpt lat="42.51837497615868" lon="2.4922658783139515">
        <ele>1657</ele>
      </trkpt>
      <trkpt lat="42.51854377264924" lon="2.4919464047301254">
        <ele>1648</ele>
      </trkpt>
      <trkpt lat="42.51865821094792" lon="2.4916355140187005">
        <ele>1640</ele>
      </trkpt>
      <trkpt lat="42.51867537669273" lon="2.4915515925996656">
        <ele>1639</ele>
      </trkpt>
      <trkpt lat="42.51866202555788" lon="2.4914905588403675">
        <ele>1640</ele>
      </trkpt>
      <trkpt lat="42.51864867442303" lon="2.4914295250810694">
        <ele>1641</ele>
      </trkpt>
      <trkpt lat="42.5185819187488" lon="2.4913646767118154">
        <ele>1646</ele>
      </trkpt>
      <trkpt lat="42.51857619683386" lon="2.491295060080116">
        <ele>1647</ele>
      </trkpt>
      <trkpt lat="42.51857047491893" lon="2.4912254434484167">
        <ele>1647</ele>
      </trkpt>
      <trkpt lat="42.51855235552164" lon="2.4911558268167169">
        <ele>1649</ele>
      </trkpt>
      <trkpt lat="42.51853423612435" lon="2.4910862101850175">
        <ele>1650</ele>
      </trkpt>
      <trkpt lat="42.51853518977683" lon="2.4909813084112242">
        <ele>1650</ele>
      </trkpt>
      <trkpt lat="42.51853709708181" lon="2.4908764066374305">
        <ele>1650</ele>
      </trkpt>
      <trkpt lat="42.51863246233071" lon="2.4905054358191965">
        <ele>1644</ele>
      </trkpt>
      <trkpt lat="42.5186944497425" lon="2.490229830249866">
        <ele>1641</ele>
      </trkpt>
      <trkpt lat="42.51868682052259" lon="2.4899103566660399">
        <ele>1643</ele>
      </trkpt>
      <trkpt lat="42.5186772839977" lon="2.4898378790768736">
        <ele>1644</ele>
      </trkpt>
      <trkpt lat="42.51866774747281" lon="2.4897654014877069">
        <ele>1645</ele>
      </trkpt>
      <trkpt lat="42.51863246233071" lon="2.4897005531184528">
        <ele>1648</ele>
      </trkpt>
      <trkpt lat="42.51856570665649" lon="2.489680526416183">
        <ele>1652</ele>
      </trkpt>
      <trkpt lat="42.5185037192447" lon="2.4896995994659639">
        <ele>1656</ele>
      </trkpt>
      <trkpt lat="42.51844173183291" lon="2.4897196261682333">
        <ele>1659</ele>
      </trkpt>
      <trkpt lat="42.51837211520121" lon="2.4897177188632553">
        <ele>1664</ele>
      </trkpt>
      <trkpt lat="42.518303452222" lon="2.4897167652107663">
        <ele>1668</ele>
      </trkpt>
      <trkpt lat="42.51827007438489" lon="2.489678619111205">
        <ele>1670</ele>
      </trkpt>
      <trkpt lat="42.51831108144192" lon="2.4896128170894616">
        <ele>1668</ele>
      </trkpt>
      <trkpt lat="42.51839404920846" lon="2.4895966049971481">
        <ele>1663</ele>
      </trkpt>
      <trkpt lat="42.51848941445736" lon="2.4894869349609094">
        <ele>1658</ele>
      </trkpt>
      <trkpt lat="42.51858954796871" lon="2.4892160976540239">
        <ele>1654</ele>
      </trkpt>
      <trkpt lat="42.51858954796871" lon="2.489128361625033">
        <ele>1654</ele>
      </trkpt>
      <trkpt lat="42.51858954796871" lon="2.4890415792485308">
        <ele>1655</ele>
      </trkpt>
      <trkpt lat="42.51854186534426" lon="2.4889538432195399">
        <ele>1658</ele>
      </trkpt>
      <trkpt lat="42.51847892427998" lon="2.4889395384322044">
        <ele>1661</ele>
      </trkpt>
      <trkpt lat="42.5184159832157" lon="2.4889252336448688">
        <ele>1665</ele>
      </trkpt>
      <trkpt lat="42.51835399580392" lon="2.4888508487507242">
        <ele>1668</ele>
      </trkpt>
      <trkpt lat="42.51835685676139" lon="2.4887535761968431">
        <ele>1668</ele>
      </trkpt>
      <trkpt lat="42.51836067137134" lon="2.4886563036429616">
        <ele>1668</ele>
      </trkpt>
      <trkpt lat="42.51833683005912" lon="2.4885933625786856">
        <ele>1669</ele>
      </trkpt>
      <trkpt lat="42.51831298874689" lon="2.4885304215144091">
        <ele>1670</ele>
      </trkpt>
      <trkpt lat="42.51821857715048" lon="2.4884426854854182">
        <ele>1674</ele>
      </trkpt>
      <trkpt lat="42.51812511920655" lon="2.4883559031089164">
        <ele>1679</ele>
      </trkpt>
      <trkpt lat="42.51809650963188" lon="2.4882796109097938">
        <ele>1681</ele>
      </trkpt>
      <trkpt lat="42.51806790005721" lon="2.4882042723631601">
        <ele>1684</ele>
      </trkpt>
      <trkpt lat="42.51805550257485" lon="2.4881203509441252">
        <ele>1686</ele>
      </trkpt>
      <trkpt lat="42.51804405874498" lon="2.4880364295250903">
        <ele>1688</ele>
      </trkpt>
      <trkpt lat="42.51804501239747" lon="2.4879610909784566">
        <ele>1689</ele>
      </trkpt>
      <trkpt lat="42.51804691970245" lon="2.487885752431823">
        <ele>1690</ele>
      </trkpt>
      <trkpt lat="42.51813942399389" lon="2.4877942017928758">
        <ele>1688</ele>
      </trkpt>
      <trkpt lat="42.51823669654777" lon="2.487739843601001">
        <ele>1685</ele>
      </trkpt>
      <trkpt lat="42.51833396910165" lon="2.4876864390616151">
        <ele>1683</ele>
      </trkpt>
      <trkpt lat="42.51868014495517" lon="2.4875262254434576">
        <ele>1675</ele>
      </trkpt>
      <trkpt lat="42.51871447644478" lon="2.4874642380316705">
        <ele>1675</ele>
      </trkpt>
      <trkpt lat="42.51874880793438" lon="2.4874032042723724">
        <ele>1676</ele>
      </trkpt>
      <trkpt lat="42.51875452984931" lon="2.4873240511157824">
        <ele>1678</ele>
      </trkpt>
      <trkpt lat="42.51876120541674" lon="2.4872448979591928">
        <ele>1680</ele>
      </trkpt>
      <trkpt lat="42.51868205226015" lon="2.4869568949075047">
        <ele>1691</ele>
      </trkpt>
      <trkpt lat="42.51868395956512" lon="2.4868901392332723">
        <ele>1693</ele>
      </trkpt>
      <trkpt lat="42.51869635704748" lon="2.4868453175662881">
        <ele>1694</ele>
      </trkpt>
      <trkpt lat="42.51874785428189" lon="2.4867900057219239">
        <ele>1694</ele>
      </trkpt>
      <trkpt lat="42.51883845126835" lon="2.4868376883463759">
        <ele>1691</ele>
      </trkpt>
      <trkpt lat="42.51890997520503" lon="2.4868949074957176">
        <ele>1688</ele>
      </trkpt>
      <trkpt lat="42.51897863818424" lon="2.4868653442685575">
        <ele>1687</ele>
      </trkpt>
      <trkpt lat="42.51902632080868" lon="2.4869034903681189">
        <ele>1685</ele>
      </trkpt>
      <trkpt lat="42.51905588403585" lon="2.4869492656875924">
        <ele>1683</ele>
      </trkpt>
      <trkpt lat="42.51912359336257" lon="2.4869807362197305">
        <ele>1680</ele>
      </trkpt>
      <trkpt lat="42.51916078580964" lon="2.4869883654396427">
        <ele>1679</ele>
      </trkpt>
      <trkpt lat="42.51918653442684" lon="2.4869521266450598">
        <ele>1681</ele>
      </trkpt>
      <trkpt lat="42.51922754148387" lon="2.4868386419988648">
        <ele>1687</ele>
      </trkpt>
      <trkpt lat="42.51924375357619" lon="2.4867604424947638">
        <ele>1690</ele>
      </trkpt>
      <trkpt lat="42.51922563417889" lon="2.4866994087354657">
        <ele>1692</ele>
      </trkpt>
      <trkpt lat="42.51923517070379" lon="2.4866612626359044">
        <ele>1694</ele>
      </trkpt>
      <trkpt lat="42.51927999237077" lon="2.4866374213236786">
        <ele>1696</ele>
      </trkpt>
      <trkpt lat="42.51932386038526" lon="2.4866269311462994">
        <ele>1698</ele>
      </trkpt>
      <trkpt lat="42.5193734503147" lon="2.4866889185580865">
        <ele>1698</ele>
      </trkpt>
      <trkpt lat="42.51940110623688" lon="2.4867633034522312">
        <ele>1696</ele>
      </trkpt>
      <trkpt lat="42.51941159641426" lon="2.4868682052260249">
        <ele>1692</ele>
      </trkpt>
      <trkpt lat="42.51944592790386" lon="2.4869254243753667">
        <ele>1690</ele>
      </trkpt>
      <trkpt lat="42.51954033950027" lon="2.4870379553690727">
        <ele>1689</ele>
      </trkpt>
      <trkpt lat="42.51963475109669" lon="2.4871514400152677">
        <ele>1687</ele>
      </trkpt>
      <trkpt lat="42.51965668510394" lon="2.4872038909021645">
        <ele>1685</ele>
      </trkpt>
      <trkpt lat="42.51974060652297" lon="2.4873059317184909">
        <ele>1683</ele>
      </trkpt>
      <trkpt lat="42.51980640854472" lon="2.487400343314905">
        <ele>1680</ele>
      </trkpt>
      <trkpt lat="42.51987316421895" lon="2.4874947549113195">
        <ele>1678</ele>
      </trkpt>
      <trkpt lat="42.51991035666602" lon="2.4876091932100035">
        <ele>1674</ele>
      </trkpt>
      <trkpt lat="42.51994754911309" lon="2.4877236315086875">
        <ele>1670</ele>
      </trkpt>
      <trkpt lat="42.51999999999999" lon="2.4878094602327003">
        <ele>1668</ele>
      </trkpt>
      <trkpt lat="42.52" lon="2.4878094602327003">
        <ele>1668</ele>
      </trkpt>
      <trkpt lat="42.52004005340454" lon="2.4878762159069328">
        <ele>1666</ele>
      </trkpt>
      <trkpt lat="42.52014209422087" lon="2.4879515544535664">
        <ele>1667</ele>
      </trkpt>
      <trkpt lat="42.52024508868968" lon="2.4880278466526891">
        <ele>1667</ele>
      </trkpt>
      <trkpt lat="42.52027560556933" lon="2.4880373831775793">
        <ele>1668</ele>
      </trkpt>
      <trkpt lat="42.52030802975396" lon="2.4880802975395855">
        <ele>1667</ele>
      </trkpt>
      <trkpt lat="42.52036334159833" lon="2.4880659927522504">
        <ele>1669</ele>
      </trkpt>
      <trkpt lat="42.52043963379744" lon="2.4880545489223818">
        <ele>1673</ele>
      </trkpt>
      <trkpt lat="42.52051592599657" lon="2.4880431050925136">
        <ele>1676</ele>
      </trkpt>
      <trkpt lat="42.52059221819569" lon="2.4880135418653535">
        <ele>1680</ele>
      </trkpt>
      <trkpt lat="42.5206694640473" lon="2.4879839786381934">
        <ele>1684</ele>
      </trkpt>
      <trkpt lat="42.52069807362197" lon="2.4879467861911211">
        <ele>1686</ele>
      </trkpt>
      <trkpt lat="42.52095269883655" lon="2.487949647148588">
        <ele>1696</ele>
      </trkpt>
      <trkpt lat="42.5210261300782" lon="2.4879591836734787">
        <ele>1698</ele>
      </trkpt>
      <trkpt lat="42.52105950791532" lon="2.48799732977304">
        <ele>1697</ele>
      </trkpt>
      <trkpt lat="42.52107095174519" lon="2.4881193972916362">
        <ele>1693</ele>
      </trkpt>
      <trkpt lat="42.52108334922755" lon="2.4882414648102325">
        <ele>1688</ele>
      </trkpt>
      <trkpt lat="42.52107953461758" lon="2.4883177570093551">
        <ele>1684</ele>
      </trkpt>
      <trkpt lat="42.52107667366012" lon="2.4883940492084777">
        <ele>1681</ele>
      </trkpt>
      <trkpt lat="42.52109288575243" lon="2.4885132557696066">
        <ele>1677</ele>
      </trkpt>
      <trkpt lat="42.52115868777418" lon="2.4886343696357138">
        <ele>1676</ele>
      </trkpt>
      <trkpt lat="42.5212263971009" lon="2.4886458134655824">
        <ele>1678</ele>
      </trkpt>
      <trkpt lat="42.52129410642762" lon="2.4886582109479396">
        <ele>1681</ele>
      </trkpt>
      <trkpt lat="42.52139328628648" lon="2.4887163837497708">
        <ele>1683</ele>
      </trkpt>
      <trkpt lat="42.52144859813085" lon="2.4888174709136082">
        <ele>1682</ele>
      </trkpt>
      <trkpt lat="42.5215048636277" lon="2.4889185580774456">
        <ele>1681</ele>
      </trkpt>
      <trkpt lat="42.52156589738699" lon="2.4889652870494081">
        <ele>1682</ele>
      </trkpt>
      <trkpt lat="42.52162788479878" lon="2.4890120160213711">
        <ele>1684</ele>
      </trkpt>
      <trkpt lat="42.52169940873546" lon="2.4890787716956031">
        <ele>1685</ele>
      </trkpt>
      <trkpt lat="42.52184722487126" lon="2.4893534236124446">
        <ele>1686</ele>
      </trkpt>
      <trkpt lat="42.52190921228304" lon="2.4894115964142758">
        <ele>1689</ele>
      </trkpt>
      <trkpt lat="42.52197119969483" lon="2.4894707228685959">
        <ele>1691</ele>
      </trkpt>
      <trkpt lat="42.52202460423422" lon="2.4895613198550541">
        <ele>1691</ele>
      </trkpt>
      <trkpt lat="42.52204272363151" lon="2.4896433339691106">
        <ele>1690</ele>
      </trkpt>
      <trkpt lat="42.52206179668129" lon="2.4897263017356566">
        <ele>1688</ele>
      </trkpt>
      <trkpt lat="42.52207037955369" lon="2.4898388327293626">
        <ele>1685</ele>
      </trkpt>
      <trkpt lat="42.52207991607858" lon="2.4899523173755576">
        <ele>1681</ele>
      </trkpt>
      <trkpt lat="42.52209708182338" lon="2.4900410070570373">
        <ele>1680</ele>
      </trkpt>
      <trkpt lat="42.52211424756819" lon="2.4901306503910066">
        <ele>1678</ele>
      </trkpt>
      <trkpt lat="42.52213999618539" lon="2.4902174327675084">
        <ele>1678</ele>
      </trkpt>
      <trkpt lat="42.52221438107954" lon="2.4903366393286377">
        <ele>1679</ele>
      </trkpt>
      <trkpt lat="42.5222782757963" lon="2.4904243753576289">
        <ele>1681</ele>
      </trkpt>
      <trkpt lat="42.52234217051306" lon="2.4905121113866198">
        <ele>1682</ele>
      </trkpt>
      <trkpt lat="42.5224089261873" lon="2.4905798207133412">
        <ele>1684</ele>
      </trkpt>
      <trkpt lat="42.52242704558459" lon="2.4906313179477491">
        <ele>1684</ele>
      </trkpt>
      <trkpt lat="42.52245660881175" lon="2.4906599275224197">
        <ele>1685</ele>
      </trkpt>
      <trkpt lat="42.52251382796109" lon="2.4907524318138563">
        <ele>1685</ele>
      </trkpt>
      <trkpt lat="42.52255102040817" lon="2.4908678237650292">
        <ele>1684</ele>
      </trkpt>
      <trkpt lat="42.52257104711043" lon="2.4909832157162022">
        <ele>1681</ele>
      </trkpt>
      <trkpt lat="42.52259679572764" lon="2.4914333396910258">
        <ele>1669</ele>
      </trkpt>
      <trkpt lat="42.52261491512493" lon="2.4914857905779226">
        <ele>1668</ele>
      </trkpt>
      <trkpt lat="42.52263875643715" lon="2.4914962807553018">
        <ele>1669</ele>
      </trkpt>
      <trkpt lat="42.52273602899103" lon="2.4915077245851704">
        <ele>1672</ele>
      </trkpt>
      <trkpt lat="42.52282662597749" lon="2.4915258439824619">
        <ele>1675</ele>
      </trkpt>
      <trkpt lat="42.52291436200649" lon="2.4915344268548631">
        <ele>1679</ele>
      </trkpt>
      <trkpt lat="42.52300305168797" lon="2.4915430097272644">
        <ele>1682</ele>
      </trkpt>
      <trkpt lat="42.52312130459661" lon="2.4915391951173085">
        <ele>1687</ele>
      </trkpt>
      <trkpt lat="42.52324051115774" lon="2.4915353805073521">
        <ele>1692</ele>
      </trkpt>
      <trkpt lat="42.52330917413695" lon="2.4915649437345122">
        <ele>1694</ele>
      </trkpt>
      <trkpt lat="42.52338355903109" lon="2.4916326530612336">
        <ele>1693</ele>
      </trkpt>
      <trkpt lat="42.523695403395" lon="2.4916879649055974">
        <ele>1698</ele>
      </trkpt>
      <trkpt lat="42.52378123211902" lon="2.4917165744802685">
        <ele>1698</ele>
      </trkpt>
      <trkpt lat="42.52384512683578" lon="2.4917757009345887">
        <ele>1698</ele>
      </trkpt>
      <trkpt lat="42.5239309555598" lon="2.491877741750915">
        <ele>1696</ele>
      </trkpt>
      <trkpt lat="42.52422181956895" lon="2.4921676521075811">
        <ele>1692</ele>
      </trkpt>
      <trkpt lat="42.52432290673278" lon="2.4922401296967478">
        <ele>1690</ele>
      </trkpt>
      <trkpt lat="42.5244001525844" lon="2.4922735075338638">
        <ele>1690</ele>
      </trkpt>
      <trkpt lat="42.5244783520885" lon="2.4923068853709798">
        <ele>1689</ele>
      </trkpt>
      <trkpt lat="42.524565134465" lon="2.4923221438108043">
        <ele>1690</ele>
      </trkpt>
      <trkpt lat="42.52465191684151" lon="2.4923383559031178">
        <ele>1690</ele>
      </trkpt>
      <trkpt lat="42.52471676521075" lon="2.4923259584207607">
        <ele>1691</ele>
      </trkpt>
      <trkpt lat="42.52478161358001" lon="2.492314514590892">
        <ele>1692</ele>
      </trkpt>
      <trkpt lat="42.52485313751669" lon="2.4922611100515062">
        <ele>1695</ele>
      </trkpt>
      <trkpt lat="42.52492466145337" lon="2.4922077055121203">
        <ele>1698</ele>
      </trkpt>
      <trkpt lat="42.52502384131223" lon="2.4921075720007719">
        <ele>1704</ele>
      </trkpt>
      <trkpt lat="42.52512683578104" lon="2.4920427236315179">
        <ele>1708</ele>
      </trkpt>
      <trkpt lat="42.52517547205798" lon="2.4920188823192921">
        <ele>1709</ele>
      </trkpt>
      <trkpt lat="42.52527560556933" lon="2.4920389090215616">
        <ele>1710</ele>
      </trkpt>
      <trkpt lat="42.52537669273317" lon="2.4920589357238314">
        <ele>1710</ele>
      </trkpt>
      <trkpt lat="42.52562178142285" lon="2.4921562082777129">
        <ele>1707</ele>
      </trkpt>
      <trkpt lat="42.52572382223918" lon="2.4921914934198068">
        <ele>1707</ele>
      </trkpt>
      <trkpt lat="42.5258258630555" lon="2.4922267785619012">
        <ele>1706</ele>
      </trkpt>
      <trkpt lat="42.52590596986458" lon="2.4922248712569233">
        <ele>1708</ele>
      </trkpt>
      <trkpt lat="42.52598607667366" lon="2.4922229639519449">
        <ele>1712</ele>
      </trkpt>
      <trkpt lat="42.52610337592981" lon="2.4922534808315939">
        <ele>1714</ele>
      </trkpt>
      <trkpt lat="42.52622162883845" lon="2.492284951363732">
        <ele>1717</ele>
      </trkpt>
      <trkpt lat="42.52631508678238" lon="2.492284951363732">
        <ele>1721</ele>
      </trkpt>
      <trkpt lat="42.5263913789815" lon="2.4922611100515062">
        <ele>1725</ele>
      </trkpt>
      <trkpt lat="42.52646767118063" lon="2.4922372687392804">
        <ele>1729</ele>
      </trkpt>
      <trkpt lat="42.52657161930193" lon="2.4922315468243461">
        <ele>1733</ele>
      </trkpt>
      <trkpt lat="42.52667652107572" lon="2.4922267785619012">
        <ele>1737</ele>
      </trkpt>
      <trkpt lat="42.52676807171467" lon="2.4922983024985785">
        <ele>1739</ele>
      </trkpt>
      <trkpt lat="42.52685580774366" lon="2.4924022506198833">
        <ele>1739</ele>
      </trkpt>
      <trkpt lat="42.52686057600611" lon="2.4924871256914072">
        <ele>1735</ele>
      </trkpt>
      <trkpt lat="42.52690539767309" lon="2.492510013351144">
        <ele>1737</ele>
      </trkpt>
      <trkpt lat="42.52692828533283" lon="2.4925910738127119">
        <ele>1735</ele>
      </trkpt>
      <trkpt lat="42.52695117299256" lon="2.4926730879267684">
        <ele>1733</ele>
      </trkpt>
      <trkpt lat="42.52699313370208" lon="2.4927741750906063">
        <ele>1732</ele>
      </trkpt>
      <trkpt lat="42.52703509441159" lon="2.4928752622544437">
        <ele>1731</ele>
      </trkpt>
      <trkpt lat="42.5270694259012" lon="2.4929725348083251">
        <ele>1729</ele>
      </trkpt>
      <trkpt lat="42.5271047110433" lon="2.4930707610146952">
        <ele>1727</ele>
      </trkpt>
      <trkpt lat="42.52711996948312" lon="2.4931642189586207">
        <ele>1725</ele>
      </trkpt>
      <trkpt lat="42.52714571810033" lon="2.493236696547787">
        <ele>1724</ele>
      </trkpt>
      <trkpt lat="42.52717242037002" lon="2.4933101277894427">
        <ele>1723</ele>
      </trkpt>
      <trkpt lat="42.52725157352661" lon="2.4934274270455936">
        <ele>1724</ele>
      </trkpt>
      <trkpt lat="42.52732023650582" lon="2.4934512683578194">
        <ele>1727</ele>
      </trkpt>
      <trkpt lat="42.52738985313752" lon="2.4934751096700452">
        <ele>1730</ele>
      </trkpt>
      <trkpt lat="42.52748903299638" lon="2.4935695212664597">
        <ele>1733</ele>
      </trkpt>
      <trkpt lat="42.5275567423231" lon="2.493641045203137">
        <ele>1735</ele>
      </trkpt>
      <trkpt lat="42.52762445164982" lon="2.4937125691398148">
        <ele>1738</ele>
      </trkpt>
      <trkpt lat="42.52764733930956" lon="2.4938327293534326">
        <ele>1735</ele>
      </trkpt>
      <trkpt lat="42.52768930001908" lon="2.4939042532901103">
        <ele>1736</ele>
      </trkpt>
      <trkpt lat="42.52773126072859" lon="2.4939757772267876">
        <ele>1737</ele>
      </trkpt>
      <trkpt lat="42.52775414838833" lon="2.4940797253480924">
        <ele>1735</ele>
      </trkpt>
      <trkpt lat="42.52775414838833" lon="2.4941398054549015">
        <ele>1733</ele>
      </trkpt>
      <trkpt lat="42.5278170894526" lon="2.4942056074766445">
        <ele>1735</ele>
      </trkpt>
      <trkpt lat="42.52786286477208" lon="2.4942962044631027">
        <ele>1734</ele>
      </trkpt>
      <trkpt lat="42.52794869349609" lon="2.4943868014495609">
        <ele>1737</ele>
      </trkpt>
      <trkpt lat="42.52801354186535" lon="2.4944411596414358">
        <ele>1739</ele>
      </trkpt>
      <trkpt lat="42.52803833683006" lon="2.494529849322916">
        <ele>1737</ele>
      </trkpt>
      <trkpt lat="42.5280268930002" lon="2.4945880221247467">
        <ele>1734</ele>
      </trkpt>
      <trkpt lat="42.5280345222201" lon="2.4946414266641326">
        <ele>1733</ele>
      </trkpt>
      <trkpt lat="42.52801354186535" lon="2.4947015067709417">
        <ele>1729</ele>
      </trkpt>
      <trkpt lat="42.52803833683006" lon="2.4947701697501521">
        <ele>1728</ele>
      </trkpt>
      <trkpt lat="42.52806313179477" lon="2.4948388327293625">
        <ele>1727</ele>
      </trkpt>
      <trkpt lat="42.52823669654778" lon="2.4950905969864672">
        <ele>1730</ele>
      </trkpt>
      <trkpt lat="42.52822716002289" lon="2.495145908830831">
        <ele>1727</ele>
      </trkpt>
      <trkpt lat="42.52827198168988" lon="2.4952326912073333">
        <ele>1727</ele>
      </trkpt>
      <trkpt lat="42.52835781041389" lon="2.4953518977684621">
        <ele>1727</ele>
      </trkpt>
      <trkpt lat="42.52844745374786" lon="2.4954119778752712">
        <ele>1728</ele>
      </trkpt>
      <trkpt lat="42.52855617013161" lon="2.4954730116345694">
        <ele>1729</ele>
      </trkpt>
      <trkpt lat="42.52863341598322" lon="2.4955006675567515">
        <ele>1731</ele>
      </trkpt>
      <trkpt lat="42.52875548350181" lon="2.4955025748617294">
        <ele>1736</ele>
      </trkpt>
      <trkpt lat="42.52879362960137" lon="2.4954949456418172">
        <ele>1738</ele>
      </trkpt>
      <trkpt lat="42.52889185580774" lon="2.4955102040816417">
        <ele>1741</ele>
      </trkpt>
      <trkpt lat="42.52898817470913" lon="2.4955569330536043">
        <ele>1744</ele>
      </trkpt>
      <trkpt lat="42.52905302307839" lon="2.4956227350753477">
        <ele>1744</ele>
      </trkpt>
      <trkpt lat="42.52911214953271" lon="2.4957076101468716">
        <ele>1743</ele>
      </trkpt>
      <trkpt lat="42.52919797825673" lon="2.4957848559984832">
        <ele>1743</ele>
      </trkpt>
      <trkpt lat="42.52926378027847" lon="2.49580774365822">
        <ele>1742</ele>
      </trkpt>
      <trkpt lat="42.52931623116537" lon="2.495919320999437">
        <ele>1738</ele>
      </trkpt>
      <trkpt lat="42.52942017928667" lon="2.4960041960709609">
        <ele>1735</ele>
      </trkpt>
      <trkpt lat="42.52945737173374" lon="2.4959803547587351">
        <ele>1735</ele>
      </trkpt>
      <trkpt lat="42.52950942384908" lon="2.4959244264220408">
        <ele>1737</ele>
      </trkpt>
      <trkpt lat="42.52950942384908" lon="2.4959244264220408">
        <ele>1737</ele>
      </trkpt>
      <trkpt lat="42.52953557123784" lon="2.4957839023459942">
        <ele>1741</ele>
      </trkpt>
      <trkpt lat="42.52953557123784" lon="2.4957839023459942">
        <ele>1741</ele>
      </trkpt>
      <trkpt lat="42.52953271028038" lon="2.4958325386229347">
        <ele>1740</ele>
      </trkpt>
      <trkpt lat="42.52954701506771" lon="2.4958840358573426">
        <ele>1738</ele>
      </trkpt>
      <trkpt lat="42.52958706847225" lon="2.4959107381270358">
        <ele>1737</ele>
      </trkpt>
      <trkpt lat="42.52962521457181" lon="2.4959002479496561">
        <ele>1738</ele>
      </trkpt>
      <trkpt lat="42.52972534808316" lon="2.4958048827007531">
        <ele>1740</ele>
      </trkpt>
      <trkpt lat="42.52982548159451" lon="2.4957104711043385">
        <ele>1743</ele>
      </trkpt>
      <trkpt lat="42.52993896624071" lon="2.495628456990282">
        <ele>1745</ele>
      </trkpt>
      <trkpt lat="42.53003051687965" lon="2.4955760061033851">
        <ele>1746</ele>
      </trkpt>
      <trkpt lat="42.53012302117109" lon="2.4955245088689773">
        <ele>1746</ele>
      </trkpt>
      <trkpt lat="42.53020312798017" lon="2.495485409116927">
        <ele>1745</ele>
      </trkpt>
      <trkpt lat="42.53028323478924" lon="2.4954472630173656">
        <ele>1745</ele>
      </trkpt>
      <trkpt lat="42.53040339500286" lon="2.495404348655359">
        <ele>1744</ele>
      </trkpt>
      <trkpt lat="42.53052355521648" lon="2.4953614342933528">
        <ele>1742</ele>
      </trkpt>
      <trkpt lat="42.53060652298303" lon="2.4953442685485498">
        <ele>1741</ele>
      </trkpt>
      <trkpt lat="42.53068949074957" lon="2.4953280564562363">
        <ele>1740</ele>
      </trkpt>
      <trkpt lat="42.53104780448523" lon="2.4952979179177235">
        <ele>1733</ele>
      </trkpt>
      <trkpt lat="42.53104780448523" lon="2.4952979179177235">
        <ele>1733</ele>
      </trkpt>
      <trkpt lat="42.53117266671511" lon="2.495287415487172">
        <ele>1731</ele>
      </trkpt>
      <trkpt lat="42.53117266671511" lon="2.495287415487172">
        <ele>1731</ele>
      </trkpt>
      <trkpt lat="42.53117510418677" lon="2.4953471376417147">
        <ele>1730</ele>
      </trkpt>
      <trkpt lat="42.53117510418677" lon="2.4953471376417147">
        <ele>1730</ele>
      </trkpt>
      <trkpt lat="42.53115794180187" lon="2.4952886540312771">
        <ele>1732</ele>
      </trkpt>
      <trkpt lat="42.53115794180187" lon="2.4952886540312771">
        <ele>1732</ele>
      </trkpt>
      <trkpt lat="42.53150581728018" lon="2.495259393477026">
        <ele>1726</ele>
      </trkpt>
      <trkpt lat="42.53162120923136" lon="2.4952202937249757">
        <ele>1724</ele>
      </trkpt>
      <trkpt lat="42.53169750143048" lon="2.4951735647530131">
        <ele>1724</ele>
      </trkpt>
      <trkpt lat="42.53177474728209" lon="2.4951277894335395">
        <ele>1722</ele>
      </trkpt>
      <trkpt lat="42.53185485409117" lon="2.4950667556742414">
        <ele>1721</ele>
      </trkpt>
      <trkpt lat="42.53193591455274" lon="2.4950066755674323">
        <ele>1720</ele>
      </trkpt>
      <trkpt lat="42.53199694831203" lon="2.4949418271981783">
        <ele>1718</ele>
      </trkpt>
      <trkpt lat="42.53205893572382" lon="2.4948769788289238">
        <ele>1716</ele>
      </trkpt>
      <trkpt lat="42.53229067327866" lon="2.4945403395002952">
        <ele>1710</ele>
      </trkpt>
      <trkpt lat="42.5323307266832" lon="2.4945384321953172">
        <ele>1708</ele>
      </trkpt>
      <trkpt lat="42.53236887278276" lon="2.4945651344650099">
        <ele>1706</ele>
      </trkpt>
      <trkpt lat="42.53239271409498" lon="2.4946099561319945">
        <ele>1705</ele>
      </trkpt>
      <trkpt lat="42.53239271409498" lon="2.4946595460614245">
        <ele>1705</ele>
      </trkpt>
      <trkpt lat="42.53236028991036" lon="2.4947243944306785">
        <ele>1706</ele>
      </trkpt>
      <trkpt lat="42.53229830249857" lon="2.4948283425519833">
        <ele>1707</ele>
      </trkpt>
      <trkpt lat="42.53226206556659" lon="2.4948900585767628">
        <ele>1708</ele>
      </trkpt>
      <trkpt lat="42.53226206556659" lon="2.4948900585767628">
        <ele>1708</ele>
      </trkpt>
      <trkpt lat="42.53223726873927" lon="2.4949322906732876">
        <ele>1709</ele>
      </trkpt>
      <trkpt lat="42.53210375739081" lon="2.495193591455283">
        <ele>1708</ele>
      </trkpt>
      <trkpt lat="42.53194640473012" lon="2.4954625214571902">
        <ele>1706</ele>
      </trkpt>
      <trkpt lat="42.53186725157353" lon="2.4955607476635606">
        <ele>1706</ele>
      </trkpt>
      <trkpt lat="42.53178905206943" lon="2.4956589738699311">
        <ele>1706</ele>
      </trkpt>
      <trkpt lat="42.53169818432168" lon="2.4957597381050571">
        <ele>1705</ele>
      </trkpt>
      <trkpt lat="42.53169818432168" lon="2.4957597381050571">
        <ele>1705</ele>
      </trkpt>
      <trkpt lat="42.53169273316804" lon="2.4957657829487028">
        <ele>1705</ele>
      </trkpt>
      <trkpt lat="42.53159641426664" lon="2.4958735456799634">
        <ele>1705</ele>
      </trkpt>
      <trkpt lat="42.53149914171276" lon="2.4959698645813555">
        <ele>1705</ele>
      </trkpt>
      <trkpt lat="42.53140282281137" lon="2.496067137135237">
        <ele>1705</ele>
      </trkpt>
      <trkpt lat="42.53135609383941" lon="2.4961377074194253">
        <ele>1704</ele>
      </trkpt>
      <trkpt lat="42.53133835086244" lon="2.4961645029356569">
        <ele>1704</ele>
      </trkpt>
      <trkpt lat="42.53133835086244" lon="2.4961645029356569">
        <ele>1704</ele>
      </trkpt>
      <trkpt lat="42.53130936486745" lon="2.4962082777036141">
        <ele>1703</ele>
      </trkpt>
      <trkpt lat="42.53124181229037" lon="2.4963494913354851">
        <ele>1702</ele>
      </trkpt>
      <trkpt lat="42.53124181229037" lon="2.4963494913354851">
        <ele>1702</ele>
      </trkpt>
      <trkpt lat="42.53123329332851" lon="2.4963672995908466">
        <ele>1702</ele>
      </trkpt>
      <trkpt lat="42.53123329332851" lon="2.4963672995908466">
        <ele>1702</ele>
      </trkpt>
      <trkpt lat="42.53124508408232" lon="2.4963145658430812">
        <ele>1703</ele>
      </trkpt>
      <trkpt lat="42.53124508408232" lon="2.4963145658430812">
        <ele>1703</ele>
      </trkpt>
      <trkpt lat="42.5312801530901" lon="2.4962693427488141">
        <ele>1703</ele>
      </trkpt>
      <trkpt lat="42.5312801530901" lon="2.4962693427488141">
        <ele>1703</ele>
      </trkpt>
      <trkpt lat="42.53130936486745" lon="2.4962082777036141">
        <ele>1703</ele>
      </trkpt>
      <trkpt lat="42.53135609383941" lon="2.4961377074194253">
        <ele>1704</ele>
      </trkpt>
      <trkpt lat="42.53140282281137" lon="2.496067137135237">
        <ele>1705</ele>
      </trkpt>
      <trkpt lat="42.53149914171276" lon="2.4959698645813555">
        <ele>1705</ele>
      </trkpt>
      <trkpt lat="42.53159641426664" lon="2.4958735456799634">
        <ele>1705</ele>
      </trkpt>
      <trkpt lat="42.53169273316804" lon="2.4957657829487028">
        <ele>1705</ele>
      </trkpt>
      <trkpt lat="42.53178905206943" lon="2.4956589738699311">
        <ele>1706</ele>
      </trkpt>
      <trkpt lat="42.53186725157353" lon="2.4955607476635606">
        <ele>1706</ele>
      </trkpt>
      <trkpt lat="42.53190450075722" lon="2.495514522772956">
        <ele>1706</ele>
      </trkpt>
      <trkpt lat="42.53190450075722" lon="2.495514522772956">
        <ele>1706</ele>
      </trkpt>
      <trkpt lat="42.53190215636788" lon="2.4955064683945998">
        <ele>1707</ele>
      </trkpt>
      <trkpt lat="42.53190215636788" lon="2.4955064683945998">
        <ele>1707</ele>
      </trkpt>
      <trkpt lat="42.53199355818629" lon="2.4953819319139248">
        <ele>1707</ele>
      </trkpt>
      <trkpt lat="42.53199355818629" lon="2.4953819319139248">
        <ele>1707</ele>
      </trkpt>
      <trkpt lat="42.53210375739081" lon="2.495193591455283">
        <ele>1708</ele>
      </trkpt>
      <trkpt lat="42.53223726873927" lon="2.4949322906732876">
        <ele>1709</ele>
      </trkpt>
      <trkpt lat="42.53229830249857" lon="2.4948283425519833">
        <ele>1707</ele>
      </trkpt>
      <trkpt lat="42.53236028991036" lon="2.4947243944306785">
        <ele>1706</ele>
      </trkpt>
      <trkpt lat="42.53239271409498" lon="2.4946595460614245">
        <ele>1705</ele>
      </trkpt>
      <trkpt lat="42.53239271409498" lon="2.4946099561319945">
        <ele>1705</ele>
      </trkpt>
      <trkpt lat="42.53236887278276" lon="2.4945651344650099">
        <ele>1706</ele>
      </trkpt>
      <trkpt lat="42.53236430824246" lon="2.4945619392868035">
        <ele>1707</ele>
      </trkpt>
      <trkpt lat="42.53236430824246" lon="2.4945619392868035">
        <ele>1707</ele>
      </trkpt>
      <trkpt lat="42.5323307266832" lon="2.4945384321953172">
        <ele>1708</ele>
      </trkpt>
      <trkpt lat="42.53231910688105" lon="2.4945389855192293">
        <ele>1709</ele>
      </trkpt>
      <trkpt lat="42.53231910688105" lon="2.4945389855192293">
        <ele>1709</ele>
      </trkpt>
      <trkpt lat="42.53229223754739" lon="2.4945402650113082">
        <ele>1710</ele>
      </trkpt>
      <trkpt lat="42.53229223754739" lon="2.4945402650113082">
        <ele>1710</ele>
      </trkpt>
      <trkpt lat="42.53229527215341" lon="2.4945401205062594">
        <ele>1710</ele>
      </trkpt>
      <trkpt lat="42.53229527215341" lon="2.4945401205062594">
        <ele>1710</ele>
      </trkpt>
      <trkpt lat="42.53229067327866" lon="2.4945403395002952">
        <ele>1710</ele>
      </trkpt>
      <trkpt lat="42.53205893572382" lon="2.4948769788289238">
        <ele>1716</ele>
      </trkpt>
      <trkpt lat="42.53199694831203" lon="2.4949418271981783">
        <ele>1718</ele>
      </trkpt>
      <trkpt lat="42.53193591455274" lon="2.4950066755674323">
        <ele>1720</ele>
      </trkpt>
      <trkpt lat="42.53185485409117" lon="2.4950667556742414">
        <ele>1721</ele>
      </trkpt>
      <trkpt lat="42.53177474728209" lon="2.4951277894335395">
        <ele>1722</ele>
      </trkpt>
      <trkpt lat="42.53169750143048" lon="2.4951735647530131">
        <ele>1724</ele>
      </trkpt>
      <trkpt lat="42.53162120923136" lon="2.4952202937249757">
        <ele>1724</ele>
      </trkpt>
      <trkpt lat="42.53150581728018" lon="2.495259393477026">
        <ele>1726</ele>
      </trkpt>
      <trkpt lat="42.53068949074957" lon="2.4953280564562363">
        <ele>1740</ele>
      </trkpt>
      <trkpt lat="42.53060652298303" lon="2.4953442685485498">
        <ele>1741</ele>
      </trkpt>
      <trkpt lat="42.53052355521648" lon="2.4953614342933528">
        <ele>1742</ele>
      </trkpt>
      <trkpt lat="42.53040339500286" lon="2.495404348655359">
        <ele>1744</ele>
      </trkpt>
      <trkpt lat="42.53028323478924" lon="2.4954472630173656">
        <ele>1745</ele>
      </trkpt>
      <trkpt lat="42.53020312798017" lon="2.495485409116927">
        <ele>1745</ele>
      </trkpt>
      <trkpt lat="42.53012302117109" lon="2.4955245088689773">
        <ele>1746</ele>
      </trkpt>
      <trkpt lat="42.53003051687965" lon="2.4955760061033851">
        <ele>1746</ele>
      </trkpt>
      <trkpt lat="42.52993896624071" lon="2.495628456990282">
        <ele>1745</ele>
      </trkpt>
      <trkpt lat="42.52982548159451" lon="2.4957104711043385">
        <ele>1743</ele>
      </trkpt>
      <trkpt lat="42.52972534808316" lon="2.4958048827007531">
        <ele>1740</ele>
      </trkpt>
      <trkpt lat="42.52962521457181" lon="2.4959002479496561">
        <ele>1738</ele>
      </trkpt>
      <trkpt lat="42.52958706847225" lon="2.4959107381270358">
        <ele>1737</ele>
      </trkpt>
      <trkpt lat="42.52954701506771" lon="2.4958840358573426">
        <ele>1738</ele>
      </trkpt>
      <trkpt lat="42.52953271028038" lon="2.4958325386229347">
        <ele>1740</ele>
      </trkpt>
      <trkpt lat="42.52953557123784" lon="2.4957839023459942">
        <ele>1741</ele>
      </trkpt>
      <trkpt lat="42.5295823002098" lon="2.4956856761396238">
        <ele>1745</ele>
      </trkpt>
      <trkpt lat="42.52965287049399" lon="2.4956112912454791">
        <ele>1747</ele>
      </trkpt>
      <trkpt lat="42.52972439443067" lon="2.4955369063513348">
        <ele>1749</ele>
      </trkpt>
      <trkpt lat="42.53014686248331" lon="2.4950448216669936">
        <ele>1760</ele>
      </trkpt>
      <trkpt lat="42.53021171085257" lon="2.4949799732977396">
        <ele>1760</ele>
      </trkpt>
      <trkpt lat="42.53027751287431" lon="2.4949160785809741">
        <ele>1761</ele>
      </trkpt>
      <trkpt lat="42.53038909021553" lon="2.494822620637049">
        <ele>1761</ele>
      </trkpt>
      <trkpt lat="42.53050162120923" lon="2.4947301163456128">
        <ele>1761</ele>
      </trkpt>
      <trkpt lat="42.5309822620637" lon="2.4944268548541002">
        <ele>1759</ele>
      </trkpt>
      <trkpt lat="42.53104615678047" lon="2.4943715430097364">
        <ele>1759</ele>
      </trkpt>
      <trkpt lat="42.53111100514973" lon="2.4943171848178616">
        <ele>1758</ele>
      </trkpt>
      <trkpt lat="42.53117966812894" lon="2.4942208659164691">
        <ele>1758</ele>
      </trkpt>
      <trkpt lat="42.5312178142285" lon="2.4941102422277415">
        <ele>1758</ele>
      </trkpt>
      <trkpt lat="42.53123021171086" lon="2.494047301163465">
        <ele>1758</ele>
      </trkpt>
      <trkpt lat="42.5312435628457" lon="2.4939853137516779">
        <ele>1758</ele>
      </trkpt>
      <trkpt lat="42.5312435628457" lon="2.4939195117299349">
        <ele>1759</ele>
      </trkpt>
      <trkpt lat="42.53124451649819" lon="2.4938537097081914">
        <ele>1759</ele>
      </trkpt>
      <trkpt lat="42.53124070188823" lon="2.4937926759488933">
        <ele>1759</ele>
      </trkpt>
      <trkpt lat="42.53123784093076" lon="2.4937316421895952">
        <ele>1760</ele>
      </trkpt>
      <trkpt lat="42.53123333098073" lon="2.4937123138323054">
        <ele>1760</ele>
      </trkpt>
      <trkpt lat="42.53123333094253" lon="2.4937123136685999">
        <ele>1760</ele>
      </trkpt>
      <trkpt lat="42.5312178142285" lon="2.4936458134655823">
        <ele>1761</ele>
      </trkpt>
      <trkpt lat="42.53119874117871" lon="2.4935599847415695">
        <ele>1763</ele>
      </trkpt>
      <trkpt lat="42.53103566660309" lon="2.492736028991045">
        <ele>1770</ele>
      </trkpt>
      <trkpt lat="42.53101468624833" lon="2.4926616440969003">
        <ele>1770</ele>
      </trkpt>
      <trkpt lat="42.53089738699218" lon="2.4924136944497515">
        <ele>1774</ele>
      </trkpt>
      <trkpt lat="42.53083349227541" lon="2.4923059317184908">
        <ele>1777</ele>
      </trkpt>
      <trkpt lat="42.53076959755865" lon="2.4921981689872301">
        <ele>1779</ele>
      </trkpt>
      <trkpt lat="42.53071523936678" lon="2.4921228304405965">
        <ele>1781</ele>
      </trkpt>
      <trkpt lat="42.53066183482739" lon="2.4920474918939628">
        <ele>1783</ele>
      </trkpt>
      <trkpt lat="42.53056837688347" lon="2.4919502193400818">
        <ele>1786</ele>
      </trkpt>
      <trkpt lat="42.53026320808697" lon="2.4917127598703122">
        <ele>1797</ele>
      </trkpt>
      <trkpt lat="42.53020598893763" lon="2.4916326530612336">
        <ele>1799</ele>
      </trkpt>
      <trkpt lat="42.5302002670227" lon="2.4915658973870012">
        <ele>1800</ele>
      </trkpt>
      <trkpt lat="42.53022792294488" lon="2.4915096318901484">
        <ele>1800</ele>
      </trkpt>
      <trkpt lat="42.53027751287431" lon="2.4914714857905871">
        <ele>1799</ele>
      </trkpt>
      <trkpt lat="42.53057791340836" lon="2.4913389280946112">
        <ele>1792</ele>
      </trkpt>
      <trkpt lat="42.53066851039481" lon="2.4912731260728682">
        <ele>1791</ele>
      </trkpt>
      <trkpt lat="42.53073431241656" lon="2.4911930192637892">
        <ele>1791</ele>
      </trkpt>
      <trkpt lat="42.53080106809079" lon="2.4911138661071996">
        <ele>1791</ele>
      </trkpt>
      <trkpt lat="42.5309050162121" lon="2.491037573908077">
        <ele>1791</ele>
      </trkpt>
      <trkpt lat="42.53099275224108" lon="2.4909403013541955">
        <ele>1792</ele>
      </trkpt>
      <trkpt lat="42.5310347129506" lon="2.4908630555025839">
        <ele>1794</ele>
      </trkpt>
      <trkpt lat="42.53107667366012" lon="2.4907867633034613">
        <ele>1796</ele>
      </trkpt>
      <trkpt lat="42.53113484646195" lon="2.4907219149342072">
        <ele>1797</ele>
      </trkpt>
      <trkpt lat="42.53149437345031" lon="2.4905140186915977">
        <ele>1799</ele>
      </trkpt>
      <trkpt lat="42.53175567423231" lon="2.4904768262445254">
        <ele>1797</ele>
      </trkpt>
      <trkpt lat="42.53181861529659" lon="2.4904587068472339">
        <ele>1798</ele>
      </trkpt>
      <trkpt lat="42.53188155636087" lon="2.4904405874499425">
        <ele>1798</ele>
      </trkpt>
      <trkpt lat="42.53198359717719" lon="2.4904033950028701">
        <ele>1800</ele>
      </trkpt>
      <trkpt lat="42.53287240129697" lon="2.4903070761014776">
        <ele>1795</ele>
      </trkpt>
      <trkpt lat="42.53292389853138" lon="2.4902765592218286">
        <ele>1795</ele>
      </trkpt>
      <trkpt lat="42.53297539576578" lon="2.4902174327675084">
        <ele>1796</ele>
      </trkpt>
      <trkpt lat="42.53302212473775" lon="2.4901268357810507">
        <ele>1797</ele>
      </trkpt>
      <trkpt lat="42.53303738317757" lon="2.4900638947167741">
        <ele>1799</ele>
      </trkpt>
      <trkpt lat="42.53305359526988" lon="2.4900009536524981">
        <ele>1800</ele>
      </trkpt>
      <trkpt lat="42.53311748998665" lon="2.489645241274089">
        <ele>1808</ele>
      </trkpt>
      <trkpt lat="42.5331651726111" lon="2.4892828533282563">
        <ele>1816</ele>
      </trkpt>
      <trkpt lat="42.53319855044822" lon="2.4887125691398144">
        <ele>1825</ele>
      </trkpt>
      <trkpt lat="42.53328437917223" lon="2.4880812511920749">
        <ele>1830</ele>
      </trkpt>
      <trkpt lat="42.53335304215144" lon="2.4869397291627022">
        <ele>1841</ele>
      </trkpt>
      <trkpt lat="42.53341407591074" lon="2.4861577341216949">
        <ele>1841</ele>
      </trkpt>
      <trkpt lat="42.53338737364105" lon="2.4853557123784182">
        <ele>1852</ele>
      </trkpt>
      <trkpt lat="42.53334445927904" lon="2.4848722105664787">
        <ele>1862</ele>
      </trkpt>
      <trkpt lat="42.53334350562655" lon="2.4847911501049107">
        <ele>1863</ele>
      </trkpt>
      <trkpt lat="42.53337783711616" lon="2.4847453747854371">
        <ele>1863</ele>
      </trkpt>
      <trkpt lat="42.53341979782567" lon="2.4847291626931236">
        <ele>1863</ele>
      </trkpt>
      <trkpt lat="42.53372687392714" lon="2.4847558649628168">
        <ele>1856</ele>
      </trkpt>
      <trkpt lat="42.53383845126836" lon="2.4847682624451739">
        <ele>1853</ele>
      </trkpt>
      <trkpt lat="42.53395002860957" lon="2.4847806599275315">
        <ele>1850</ele>
      </trkpt>
      <trkpt lat="42.53402441350372" lon="2.4847921037574001">
        <ele>1848</ele>
      </trkpt>
      <trkpt lat="42.53409975205035" lon="2.4848045012397573">
        <ele>1846</ele>
      </trkpt>
      <trkpt lat="42.53418844173184" lon="2.4847901964524217">
        <ele>1845</ele>
      </trkpt>
      <trkpt lat="42.53430860194545" lon="2.4847444211329481">
        <ele>1847</ele>
      </trkpt>
      <trkpt lat="42.5345565515926" lon="2.4846271218767972">
        <ele>1851</ele>
      </trkpt>
      <trkpt lat="42.53467766545871" lon="2.4845784855998567">
        <ele>1852</ele>
      </trkpt>
      <trkpt lat="42.53478638184246" lon="2.4845498760251856">
        <ele>1853</ele>
      </trkpt>
      <trkpt lat="42.53578580965097" lon="2.4843763112721815">
        <ele>1858</ele>
      </trkpt>
      <trkpt lat="42.53589547968721" lon="2.4843152775128834">
        <ele>1859</ele>
      </trkpt>
      <trkpt lat="42.53600228876598" lon="2.4842399389662497">
        <ele>1859</ele>
      </trkpt>
      <trkpt lat="42.53611005149723" lon="2.484165554072105">
        <ele>1859</ele>
      </trkpt>
      <trkpt lat="42.53614533663933" lon="2.4840768643906252">
        <ele>1859</ele>
      </trkpt>
      <trkpt lat="42.53615201220676" lon="2.483988174709145">
        <ele>1859</ele>
      </trkpt>
      <trkpt lat="42.53613675376693" lon="2.4838765973679284">
        <ele>1861</ele>
      </trkpt>
      <trkpt lat="42.53612244897959" lon="2.4837659736792004">
        <ele>1862</ele>
      </trkpt>
      <trkpt lat="42.53606332252527" lon="2.4834846461949356">
        <ele>1868</ele>
      </trkpt>
      <trkpt lat="42.53597749380126" lon="2.4829944688155727">
        <ele>1873</ele>
      </trkpt>
      <trkpt lat="42.5359393477017" lon="2.4827245851611766">
        <ele>1874</ele>
      </trkpt>
      <trkpt lat="42.53589452603472" lon="2.482629219912273">
        <ele>1876</ele>
      </trkpt>
      <trkpt lat="42.53583063131795" lon="2.4825386229258148">
        <ele>1880</ele>
      </trkpt>
      <trkpt lat="42.53576673660118" lon="2.4824480259393567">
        <ele>1883</ele>
      </trkpt>
      <trkpt lat="42.53574480259394" lon="2.4823564753004095">
        <ele>1884</ele>
      </trkpt>
      <trkpt lat="42.53569902727446" lon="2.481790005721924">
        <ele>1886</ele>
      </trkpt>
      <trkpt lat="42.53563322525272" lon="2.4812607285905108">
        <ele>1890</ele>
      </trkpt>
      <trkpt lat="42.53555121113866" lon="2.48083730688538">
        <ele>1893</ele>
      </trkpt>
      <trkpt lat="42.53551974060652" lon="2.4807304978066083">
        <ele>1894</ele>
      </trkpt>
      <trkpt lat="42.53548922372688" lon="2.4806236887278366">
        <ele>1895</ele>
      </trkpt>
      <trkpt lat="42.53545489223727" lon="2.4805359526988457">
        <ele>1896</ele>
      </trkpt>
      <trkpt lat="42.53542151440016" lon="2.4804482166698545">
        <ele>1897</ele>
      </trkpt>
      <trkpt lat="42.53522124737746" lon="2.4800000000000093">
        <ele>1902</ele>
      </trkpt>
      <trkpt lat="42.53522124737746" lon="2.4799999999999986">
        <ele>1902</ele>
      </trkpt>
      <trkpt lat="42.53518405493038" lon="2.4799151249284748">
        <ele>1903</ele>
      </trkpt>
      <trkpt lat="42.53495041007057" lon="2.4794821666984541">
        <ele>1910</ele>
      </trkpt>
      <trkpt lat="42.53480259393477" lon="2.4790616059507906">
        <ele>1913</ele>
      </trkpt>
      <trkpt lat="42.53467194354377" lon="2.4784884608048814">
        <ele>1913</ele>
      </trkpt>
      <trkpt lat="42.53463093648674" lon="2.4783778371161538">
        <ele>1914</ele>
      </trkpt>
      <trkpt lat="42.5345908830822" lon="2.4782672134274257">
        <ele>1914</ele>
      </trkpt>
      <trkpt lat="42.53443066946405" lon="2.477949647148578">
        <ele>1915</ele>
      </trkpt>
      <trkpt lat="42.53437535761969" lon="2.477869540339499">
        <ele>1916</ele>
      </trkpt>
      <trkpt lat="42.53428094602327" lon="2.4777942017928654">
        <ele>1918</ele>
      </trkpt>
      <trkpt lat="42.53418653442686" lon="2.4777198168987211">
        <ele>1920</ele>
      </trkpt>
      <trkpt lat="42.53414171275987" lon="2.4776702269692912">
        <ele>1922</ele>
      </trkpt>
      <trkpt lat="42.53409498378791" lon="2.4776063322525261">
        <ele>1923</ele>
      </trkpt>
      <trkpt lat="42.5339385847797" lon="2.4773135609383927">
        <ele>1929</ele>
      </trkpt>
      <trkpt lat="42.53386419988556" lon="2.4772048445546431">
        <ele>1932</ele>
      </trkpt>
      <trkpt lat="42.53379649055884" lon="2.4771361815754327">
        <ele>1935</ele>
      </trkpt>
      <trkpt lat="42.53372973488461" lon="2.4770684722487113">
        <ele>1938</ele>
      </trkpt>
      <trkpt lat="42.53369826435247" lon="2.476995041007056">
        <ele>1938</ele>
      </trkpt>
      <trkpt lat="42.53366679382033" lon="2.4769216097654003">
        <ele>1939</ele>
      </trkpt>
      <trkpt lat="42.53346271218768" lon="2.4760576006103365">
        <ele>1939</ele>
      </trkpt>
      <trkpt lat="42.53343314896052" lon="2.4759488842265869">
        <ele>1939</ele>
      </trkpt>
      <trkpt lat="42.53340453938585" lon="2.4758401678428368">
        <ele>1939</ele>
      </trkpt>
      <trkpt lat="42.53326625977494" lon="2.4755330917413683">
        <ele>1946</ele>
      </trkpt>
      <trkpt lat="42.5331565897387" lon="2.4752603471295047">
        <ele>1950</ele>
      </trkpt>
      <trkpt lat="42.53310604615678" lon="2.4751649818806016">
        <ele>1952</ele>
      </trkpt>
      <trkpt lat="42.53306027083731" lon="2.4750610337592969">
        <ele>1954</ele>
      </trkpt>
      <trkpt lat="42.53304405874499" lon="2.4749456418081239">
        <ele>1954</ele>
      </trkpt>
      <trkpt lat="42.53302880030517" lon="2.47483120350944">
        <ele>1955</ele>
      </trkpt>
      <trkpt lat="42.53299637612054" lon="2.4747520503528504">
        <ele>1957</ele>
      </trkpt>
      <trkpt lat="42.53293343505626" lon="2.4746643143238591">
        <ele>1960</ele>
      </trkpt>
      <trkpt lat="42.53291054739653" lon="2.4745737173374009">
        <ele>1961</ele>
      </trkpt>
      <trkpt lat="42.53292485218387" lon="2.4744917032233444">
        <ele>1960</ele>
      </trkpt>
      <trkpt lat="42.5329391569712" lon="2.4744106427617765">
        <ele>1960</ele>
      </trkpt>
      <trkpt lat="42.53297634941827" lon="2.473762159069234">
        <ele>1968</ele>
      </trkpt>
      <trkpt lat="42.5330612244898" lon="2.4734293343505613">
        <ele>1975</ele>
      </trkpt>
      <trkpt lat="42.53310509250429" lon="2.4733568567613951">
        <ele>1976</ele>
      </trkpt>
      <trkpt lat="42.53316898722106" lon="2.4733024985695202">
        <ele>1976</ele>
      </trkpt>
      <trkpt lat="42.53327388899485" lon="2.4732805645622724">
        <ele>1976</ele>
      </trkpt>
      <trkpt lat="42.53339500286096" lon="2.4732767499523161">
        <ele>1974</ele>
      </trkpt>
      <trkpt lat="42.53351611672706" lon="2.4732729353423601">
        <ele>1973</ele>
      </trkpt>
      <trkpt lat="42.53362960137326" lon="2.4732901010871626">
        <ele>1972</ele>
      </trkpt>
      <trkpt lat="42.53397577722678" lon="2.4734016784283797">
        <ele>1965</ele>
      </trkpt>
      <trkpt lat="42.53405874499332" lon="2.4734083539958029">
        <ele>1964</ele>
      </trkpt>
      <trkpt lat="42.53414648102232" lon="2.473390234598511">
        <ele>1964</ele>
      </trkpt>
      <trkpt lat="42.53424470722869" lon="2.4733377837116142">
        <ele>1963</ele>
      </trkpt>
      <trkpt lat="42.53430288003052" lon="2.4732662597749369">
        <ele>1963</ele>
      </trkpt>
      <trkpt lat="42.53436200648484" lon="2.4731537287812309">
        <ele>1964</ele>
      </trkpt>
      <trkpt lat="42.53437917222964" lon="2.4730888804119768">
        <ele>1965</ele>
      </trkpt>
      <trkpt lat="42.53439729162693" lon="2.4730240320427224">
        <ele>1966</ele>
      </trkpt>
      <trkpt lat="42.53441541102423" lon="2.4729277131413303">
        <ele>1968</ele>
      </trkpt>
      <trkpt lat="42.534434484074" lon="2.4728313942399378">
        <ele>1970</ele>
      </trkpt>
      <trkpt lat="42.53450219340073" lon="2.4722487125691388">
        <ele>1984</ele>
      </trkpt>
      <trkpt lat="42.53453557123784" lon="2.4721876788098407">
        <ele>1984</ele>
      </trkpt>
      <trkpt lat="42.53457276368491" lon="2.4721638374976149">
        <ele>1984</ele>
      </trkpt>
      <trkpt lat="42.53466240701889" lon="2.4721485790577904">
        <ele>1981</ele>
      </trkpt>
      <trkpt lat="42.53475300400534" lon="2.4721333206179659">
        <ele>1978</ele>
      </trkpt>
      <trkpt lat="42.53480450123975" lon="2.4720999427808494">
        <ele>1977</ele>
      </trkpt>
      <trkpt lat="42.53484264733931" lon="2.4720522601563979">
        <ele>1977</ele>
      </trkpt>
      <trkpt lat="42.53486267404158" lon="2.471967385084874">
        <ele>1978</ele>
      </trkpt>
      <trkpt lat="42.53491989319092" lon="2.4712969673850838">
        <ele>1987</ele>
      </trkpt>
      <trkpt lat="42.53493419797826" lon="2.4710223154682422">
        <ele>1988</ele>
      </trkpt>
      <trkpt lat="42.53495899294298" lon="2.4707171466717517">
        <ele>1989</ele>
      </trkpt>
      <trkpt lat="42.53496376120542" lon="2.4706227350753376">
        <ele>1989</ele>
      </trkpt>
      <trkpt lat="42.53496852946786" lon="2.470529277131412">
        <ele>1990</ele>
      </trkpt>
      <trkpt lat="42.53496471485791" lon="2.4704367728399759">
        <ele>1990</ele>
      </trkpt>
      <trkpt lat="42.53496185390044" lon="2.4703452222010287">
        <ele>1991</ele>
      </trkpt>
      <trkpt lat="42.53496852946786" lon="2.4702641617394612">
        <ele>1991</ele>
      </trkpt>
      <trkpt lat="42.53497520503529" lon="2.4701840549303822">
        <ele>1991</ele>
      </trkpt>
      <trkpt lat="42.53507533854663" lon="2.4696957848559973">
        <ele>1993</ele>
      </trkpt>
      <trkpt lat="42.53509345794393" lon="2.4696299828342543">
        <ele>1993</ele>
      </trkpt>
      <trkpt lat="42.53511157734122" lon="2.4695651344649998">
        <ele>1993</ele>
      </trkpt>
      <trkpt lat="42.53515067709327" lon="2.4691693686820511">
        <ele>1999</ele>
      </trkpt>
      <trkpt lat="42.53510299446882" lon="2.4688279610909771">
        <ele>2011</ele>
      </trkpt>
      <trkpt lat="42.53511825290864" lon="2.4687430860194532">
        <ele>2014</ele>
      </trkpt>
      <trkpt lat="42.53514972344078" lon="2.4686887278275784">
        <ele>2016</ele>
      </trkpt>
      <trkpt lat="42.53523745946977" lon="2.4686114819759668">
        <ele>2017</ele>
      </trkpt>
      <trkpt lat="42.53535285142095" lon="2.4685485409116907">
        <ele>2019</ele>
      </trkpt>
      <trkpt lat="42.53545012397483" lon="2.4685084875071515">
        <ele>2020</ele>
      </trkpt>
      <trkpt lat="42.53554835018119" lon="2.4684693877551007">
        <ele>2020</ele>
      </trkpt>
      <trkpt lat="42.53565134465001" lon="2.468443639137897">
        <ele>2021</ele>
      </trkpt>
      <trkpt lat="42.53575433911882" lon="2.4684178905206933">
        <ele>2021</ele>
      </trkpt>
      <trkpt lat="42.53584684341026" lon="2.4684054930383357">
        <ele>2021</ele>
      </trkpt>
      <trkpt lat="42.53594030135419" lon="2.4683940492084675">
        <ele>2023</ele>
      </trkpt>
      <trkpt lat="42.53645050543582" lon="2.4683864199885552">
        <ele>2028</ele>
      </trkpt>
      <trkpt lat="42.53655922181957" lon="2.4683683005912633">
        <ele>2030</ele>
      </trkpt>
      <trkpt lat="42.53665077245851" lon="2.4683272935342351">
        <ele>2033</ele>
      </trkpt>
      <trkpt lat="42.53672897196262" lon="2.4682853328247174">
        <ele>2035</ele>
      </trkpt>
      <trkpt lat="42.53680812511921" lon="2.4682433721152002">
        <ele>2037</ele>
      </trkpt>
      <trkpt lat="42.53691588785047" lon="2.4682157161930181">
        <ele>2038</ele>
      </trkpt>
      <trkpt lat="42.5370350944116" lon="2.4682214381079524">
        <ele>2038</ele>
      </trkpt>
      <trkpt lat="42.53769311462903" lon="2.4683368300591253">
        <ele>2036</ele>
      </trkpt>
      <trkpt lat="42.53798588594316" lon="2.4684970436772828">
        <ele>2029</ele>
      </trkpt>
      <trkpt lat="42.53805645622735" lon="2.4685027655922172">
        <ele>2028</ele>
      </trkpt>
      <trkpt lat="42.53811558268167" lon="2.4684817852374583">
        <ele>2029</ele>
      </trkpt>
      <trkpt lat="42.53819282853328" lon="2.46841121495327">
        <ele>2031</ele>
      </trkpt>
      <trkpt lat="42.5382433721152" lon="2.4683330154491694">
        <ele>2034</ele>
      </trkpt>
      <trkpt lat="42.53829391569712" lon="2.4682557695975573">
        <ele>2036</ele>
      </trkpt>
      <trkpt lat="42.53832920083921" lon="2.468186152965858">
        <ele>2038</ele>
      </trkpt>
      <trkpt lat="42.5383654396338" lon="2.4681174899866476">
        <ele>2039</ele>
      </trkpt>
      <trkpt lat="42.53848273888995" lon="2.4678333015449159">
        <ele>2044</ele>
      </trkpt>
      <trkpt lat="42.53853328247187" lon="2.4677331680335675">
        <ele>2046</ele>
      </trkpt>
      <trkpt lat="42.53858573335877" lon="2.4676749952317363">
        <ele>2047</ele>
      </trkpt>
      <trkpt lat="42.53867537669274" lon="2.467633988174708">
        <ele>2046</ele>
      </trkpt>
      <trkpt lat="42.53874117871447" lon="2.4676120541674602">
        <ele>2046</ele>
      </trkpt>
      <trkpt lat="42.53880793438871" lon="2.4675910738127014">
        <ele>2045</ele>
      </trkpt>
      <trkpt lat="42.53887564371543" lon="2.4675500667556731">
        <ele>2045</ele>
      </trkpt>
      <trkpt lat="42.53893667747473" lon="2.4674823574289517">
        <ele>2046</ele>
      </trkpt>
      <trkpt lat="42.53899961853901" lon="2.4673688727827567">
        <ele>2046</ele>
      </trkpt>
      <trkpt lat="42.53906255960328" lon="2.4672553881365618">
        <ele>2045</ele>
      </trkpt>
      <trkpt lat="42.53913599084494" lon="2.4671676521075709">
        <ele>2045</ele>
      </trkpt>
      <trkpt lat="42.53921037573908" lon="2.4670808697310687">
        <ele>2045</ele>
      </trkpt>
      <trkpt lat="42.53923230974633" lon="2.4670093457943914">
        <ele>2045</ele>
      </trkpt>
      <trkpt lat="42.53923230974633" lon="2.4670093457943914">
        <ele>2045</ele>
      </trkpt>
      <trkpt lat="42.53921874749349" lon="2.4669171920251043">
        <ele>2046</ele>
      </trkpt>
      <trkpt lat="42.53921895861149" lon="2.4669168415029552">
        <ele>2046</ele>
      </trkpt>
      <trkpt lat="42.53915887850467" lon="2.466858668701124">
        <ele>2047</ele>
      </trkpt>
      <trkpt lat="42.53911405683769" lon="2.4667432767499511">
        <ele>2049</ele>
      </trkpt>
      <trkpt lat="42.53908640091551" lon="2.4666526797634929">
        <ele>2050</ele>
      </trkpt>
      <trkpt lat="42.53905874499333" lon="2.4665620827770347">
        <ele>2050</ele>
      </trkpt>
      <trkpt lat="42.53899580392905" lon="2.4664533663932851">
        <ele>2050</ele>
      </trkpt>
      <trkpt lat="42.53893381651726" lon="2.4663456036620244">
        <ele>2051</ele>
      </trkpt>
      <trkpt lat="42.53867442304025" lon="2.4659746328437904">
        <ele>2056</ele>
      </trkpt>
      <trkpt lat="42.5386172038909" lon="2.4659069235170694">
        <ele>2057</ele>
      </trkpt>
      <trkpt lat="42.53856093839405" lon="2.465839214190348">
        <ele>2058</ele>
      </trkpt>
      <trkpt lat="42.53849799732978" lon="2.4657972534808303">
        <ele>2059</ele>
      </trkpt>
      <trkpt lat="42.5384350562655" lon="2.4657552927713131">
        <ele>2061</ele>
      </trkpt>
      <trkpt lat="42.53814705321381" lon="2.4656732786572562">
        <ele>2066</ele>
      </trkpt>
      <trkpt lat="42.53804024413504" lon="2.4656589738699206">
        <ele>2069</ele>
      </trkpt>
      <trkpt lat="42.53797253480832" lon="2.4656580202174316">
        <ele>2070</ele>
      </trkpt>
      <trkpt lat="42.5379048254816" lon="2.4656570665649427">
        <ele>2072</ele>
      </trkpt>
      <trkpt lat="42.53782757962998" lon="2.4656732786572562">
        <ele>2074</ele>
      </trkpt>
      <trkpt lat="42.53775128743086" lon="2.4656894907495697">
        <ele>2076</ele>
      </trkpt>
      <trkpt lat="42.53764829296205" lon="2.4657514781613568">
        <ele>2078</ele>
      </trkpt>
      <trkpt lat="42.53754529849323" lon="2.4658134655731438">
        <ele>2081</ele>
      </trkpt>
      <trkpt lat="42.53746042342171" lon="2.4658954796872008">
        <ele>2083</ele>
      </trkpt>
      <trkpt lat="42.53735456799542" lon="2.4659412550066744">
        <ele>2086</ele>
      </trkpt>
      <trkpt lat="42.53728113675377" lon="2.4659908449361043">
        <ele>2088</ele>
      </trkpt>
      <trkpt lat="42.53721342742705" lon="2.4660556933053583">
        <ele>2089</ele>
      </trkpt>
      <trkpt lat="42.53715144001526" lon="2.4661548731642178">
        <ele>2090</ele>
      </trkpt>
      <trkpt lat="42.5370694259012" lon="2.4664142666412348">
        <ele>2090</ele>
      </trkpt>
      <trkpt lat="42.53702555788671" lon="2.4665258439824518">
        <ele>2089</ele>
      </trkpt>
      <trkpt lat="42.53697978256724" lon="2.4665878313942389">
        <ele>2089</ele>
      </trkpt>
      <trkpt lat="42.53693686820522" lon="2.466600228876596">
        <ele>2089</ele>
      </trkpt>
      <trkpt lat="42.53690539767309" lon="2.4665649437345021">
        <ele>2090</ele>
      </trkpt>
      <trkpt lat="42.53689681480068" lon="2.4665067709326709">
        <ele>2091</ele>
      </trkpt>
      <trkpt lat="42.53690158306313" lon="2.4664323860385262">
        <ele>2092</ele>
      </trkpt>
      <trkpt lat="42.53690635132558" lon="2.466358001144382">
        <ele>2093</ele>
      </trkpt>
      <trkpt lat="42.53690635132558" lon="2.466358001144382">
        <ele>2093</ele>
      </trkpt>
      <trkpt lat="42.53687964905588" lon="2.4663751668891845">
        <ele>2093</ele>
      </trkpt>
      <trkpt lat="42.53684341026131" lon="2.4664161739462127">
        <ele>2093</ele>
      </trkpt>
      <trkpt lat="42.53677474728209" lon="2.4664724394430659">
        <ele>2093</ele>
      </trkpt>
      <trkpt lat="42.53670226969292" lon="2.4665210757200065">
        <ele>2094</ele>
      </trkpt>
      <trkpt lat="42.53659069235171" lon="2.4665811558268156">
        <ele>2094</ele>
      </trkpt>
      <trkpt lat="42.5365048636277" lon="2.4665964142666401">
        <ele>2095</ele>
      </trkpt>
      <trkpt lat="42.53641903490368" lon="2.4666126263589536">
        <ele>2095</ele>
      </trkpt>
      <trkpt lat="42.53616822429907" lon="2.4665649437345021">
        <ele>2099</ele>
      </trkpt>
      <trkpt lat="42.53607667366012" lon="2.4665401487697873">
        <ele>2101</ele>
      </trkpt>
      <trkpt lat="42.53598512302117" lon="2.4665163074575611">
        <ele>2104</ele>
      </trkpt>
      <trkpt lat="42.53593171848178" lon="2.4664705321380875">
        <ele>2106</ele>
      </trkpt>
      <trkpt lat="42.53585828724013" lon="2.4664390616059495">
        <ele>2108</ele>
      </trkpt>
      <trkpt lat="42.53579248521839" lon="2.4664009155063882">
        <ele>2111</ele>
      </trkpt>
      <trkpt lat="42.53571237840931" lon="2.4663189013923317">
        <ele>2115</ele>
      </trkpt>
      <trkpt lat="42.53563322525272" lon="2.4662378409307637">
        <ele>2119</ele>
      </trkpt>
      <trkpt lat="42.53554167461377" lon="2.4662101850085816">
        <ele>2121</ele>
      </trkpt>
      <trkpt lat="42.53545107762731" lon="2.4661825290863999">
        <ele>2122</ele>
      </trkpt>
      <trkpt lat="42.53538718291055" lon="2.4661481975967945">
        <ele>2124</ele>
      </trkpt>
      <trkpt lat="42.53536238794583" lon="2.4661157734121675">
        <ele>2126</ele>
      </trkpt>
      <trkpt lat="42.53546442876216" lon="2.466020408163264">
        <ele>2130</ele>
      </trkpt>
      <trkpt lat="42.53546538241465" lon="2.4660022887659725">
        <ele>2130</ele>
      </trkpt>
      <trkpt lat="42.53541960709518" lon="2.4659822620637026">
        <ele>2132</ele>
      </trkpt>
      <trkpt lat="42.53514590883082" lon="2.46590596986458">
        <ele>2138</ele>
      </trkpt>
      <trkpt lat="42.53509727255388" lon="2.4658821285523542">
        <ele>2139</ele>
      </trkpt>
      <trkpt lat="42.53511825290864" lon="2.4658373068853696">
        <ele>2141</ele>
      </trkpt>
      <trkpt lat="42.53518500858287" lon="2.4658058363532316">
        <ele>2141</ele>
      </trkpt>
      <trkpt lat="42.53525462521457" lon="2.4658048827007426">
        <ele>2140</ele>
      </trkpt>
      <trkpt lat="42.535261300782" lon="2.4657839023459838">
        <ele>2141</ele>
      </trkpt>
      <trkpt lat="42.53523936677475" lon="2.4657629219912254">
        <ele>2141</ele>
      </trkpt>
      <trkpt lat="42.5351478161358" lon="2.4657800877360279">
        <ele>2142</ele>
      </trkpt>
      <trkpt lat="42.53507533854663" lon="2.4657505245088678">
        <ele>2143</ele>
      </trkpt>
      <trkpt lat="42.53501144382987" lon="2.4657428952889555">
        <ele>2144</ele>
      </trkpt>
      <trkpt lat="42.53494850276559" lon="2.4657352660690433">
        <ele>2145</ele>
      </trkpt>
      <trkpt lat="42.534869349609" lon="2.4657133320617954">
        <ele>2146</ele>
      </trkpt>
      <trkpt lat="42.53477303070761" lon="2.4657076101468611">
        <ele>2147</ele>
      </trkpt>
      <trkpt lat="42.53468624833111" lon="2.4656608811748986">
        <ele>2149</ele>
      </trkpt>
      <trkpt lat="42.53460614152203" lon="2.4655683768834624">
        <ele>2151</ele>
      </trkpt>
      <trkpt lat="42.5344964714858" lon="2.465470150677092">
        <ele>2154</ele>
      </trkpt>
      <trkpt lat="42.53445832538623" lon="2.4653938584779693">
        <ele>2155</ele>
      </trkpt>
      <trkpt lat="42.53438680144955" lon="2.4653251954987589">
        <ele>2156</ele>
      </trkpt>
      <trkpt lat="42.53432290673279" lon="2.4653089834064454">
        <ele>2157</ele>
      </trkpt>
      <trkpt lat="42.53426473393095" lon="2.4652355521647902">
        <ele>2159</ele>
      </trkpt>
      <trkpt lat="42.53419797825673" lon="2.4651268357810401">
        <ele>2160</ele>
      </trkpt>
      <trkpt lat="42.53419034903681" lon="2.4650133511348455">
        <ele>2162</ele>
      </trkpt>
      <trkpt lat="42.53418367346939" lon="2.4648998664886506">
        <ele>2161</ele>
      </trkpt>
      <trkpt lat="42.53410833492276" lon="2.4648016402822801">
        <ele>2161</ele>
      </trkpt>
      <trkpt lat="42.53404920846844" lon="2.4647043677283986">
        <ele>2161</ele>
      </trkpt>
      <trkpt lat="42.53396337974442" lon="2.4646156780469184">
        <ele>2161</ele>
      </trkpt>
      <trkpt lat="42.53384226587831" lon="2.4645451077627301">
        <ele>2160</ele>
      </trkpt>
      <trkpt lat="42.5337564371543" lon="2.4645193591455263">
        <ele>2160</ele>
      </trkpt>
      <trkpt lat="42.53368491321763" lon="2.4644783520884976">
        <ele>2160</ele>
      </trkpt>
      <trkpt lat="42.53361338928094" lon="2.4644382986839584">
        <ele>2160</ele>
      </trkpt>
      <trkpt lat="42.53351039481213" lon="2.4643600991798578">
        <ele>2159</ele>
      </trkpt>
      <trkpt lat="42.53345889757772" lon="2.4642923898531364">
        <ele>2158</ele>
      </trkpt>
      <trkpt lat="42.53341026130078" lon="2.4642056074766345">
        <ele>2157</ele>
      </trkpt>
      <trkpt lat="42.53336257867633" lon="2.4641197787526212">
        <ele>2157</ele>
      </trkpt>
      <trkpt lat="42.53336257867633" lon="2.4641197787526212">
        <ele>2157</ele>
      </trkpt>
      <trkpt lat="42.53332443257677" lon="2.4640873545679942">
        <ele>2156</ele>
      </trkpt>
      <trkpt lat="42.53320999427809" lon="2.464077818043104">
        <ele>2157</ele>
      </trkpt>
      <trkpt lat="42.53309650963189" lon="2.4640692351707028">
        <ele>2157</ele>
      </trkpt>
      <trkpt lat="42.53301926378028" lon="2.4639938966240691">
        <ele>2157</ele>
      </trkpt>
      <trkpt lat="42.53294297158116" lon="2.4639185580774354">
        <ele>2157</ele>
      </trkpt>
      <trkpt lat="42.532913408354" lon="2.4638088880411968">
        <ele>2158</ele>
      </trkpt>
      <trkpt lat="42.53288384512684" lon="2.4636992180049577">
        <ele>2158</ele>
      </trkpt>
      <trkpt lat="42.53288861338928" lon="2.4636143429334338">
        <ele>2158</ele>
      </trkpt>
      <trkpt lat="42.53292008392142" lon="2.4635571237840921">
        <ele>2158</ele>
      </trkpt>
      <trkpt lat="42.53294201792867" lon="2.4634760633225241">
        <ele>2158</ele>
      </trkpt>
      <trkpt lat="42.53293438870875" lon="2.4633797444211316">
        <ele>2158</ele>
      </trkpt>
      <trkpt lat="42.53294106427618" lon="2.4633177570093445">
        <ele>2158</ele>
      </trkpt>
      <trkpt lat="42.53294869349609" lon="2.4632567232500464">
        <ele>2158</ele>
      </trkpt>
      <trkpt lat="42.53294678619111" lon="2.4631928285332814">
        <ele>2159</ele>
      </trkpt>
      <trkpt lat="42.53298397863819" lon="2.4631337020789612">
        <ele>2159</ele>
      </trkpt>
      <trkpt lat="42.53309841693687" lon="2.4630535952698827">
        <ele>2158</ele>
      </trkpt>
      <trkpt lat="42.53321380888804" lon="2.4629734884608037">
        <ele>2157</ele>
      </trkpt>
      <trkpt lat="42.53326435246996" lon="2.462863818424565">
        <ele>2157</ele>
      </trkpt>
      <trkpt lat="42.53327293534236" lon="2.4627989700553106">
        <ele>2157</ele>
      </trkpt>
      <trkpt lat="42.53328151821476" lon="2.4627341216860565">
        <ele>2157</ele>
      </trkpt>
      <trkpt lat="42.53326244516499" lon="2.4624804501239739">
        <ele>2158</ele>
      </trkpt>
      <trkpt lat="42.53322811367538" lon="2.4623688727827568">
        <ele>2158</ele>
      </trkpt>
      <trkpt lat="42.53316135800114" lon="2.4622906732786563">
        <ele>2158</ele>
      </trkpt>
      <trkpt lat="42.53309460232691" lon="2.4622124737745552">
        <ele>2159</ele>
      </trkpt>
      <trkpt lat="42.53305402608039" lon="2.4621897859807995">
        <ele>2159</ele>
      </trkpt>
      <trkpt lat="42.53305402608039" lon="2.4621897859807995">
        <ele>2159</ele>
      </trkpt>
      <trkpt lat="42.5328952889567" lon="2.4620665649437332">
        <ele>2161</ele>
      </trkpt>
      <trkpt lat="42.5328952889567" lon="2.4620665649437332">
        <ele>2161</ele>
      </trkpt>
      <trkpt lat="42.53287716955941" lon="2.4619912263970996">
        <ele>2161</ele>
      </trkpt>
      <trkpt lat="42.53285905016212" lon="2.4619158878504663">
        <ele>2161</ele>
      </trkpt>
      <trkpt lat="42.5328523745947" lon="2.4614848369254232">
        <ele>2161</ele>
      </trkpt>
      <trkpt lat="42.53282376502003" lon="2.4613990082014103">
        <ele>2161</ele>
      </trkpt>
      <trkpt lat="42.53279515544536" lon="2.4613141331298865">
        <ele>2162</ele>
      </trkpt>
      <trkpt lat="42.53274079725348" lon="2.461247377455654">
        <ele>2163</ele>
      </trkpt>
      <trkpt lat="42.53262254434484" lon="2.4611748998664873">
        <ele>2166</ele>
      </trkpt>
      <trkpt lat="42.53260347129506" lon="2.461101468624832">
        <ele>2166</ele>
      </trkpt>
      <trkpt lat="42.53258535189777" lon="2.4610280373831763">
        <ele>2167</ele>
      </trkpt>
      <trkpt lat="42.5325481594507" lon="2.460991798588593">
        <ele>2167</ele>
      </trkpt>
      <trkpt lat="42.53228876597368" lon="2.4609479305740978">
        <ele>2170</ele>
      </trkpt>
      <trkpt lat="42.53226492466145" lon="2.4609050162120911">
        <ele>2171</ele>
      </trkpt>
      <trkpt lat="42.53224775891665" lon="2.460843028800304">
        <ele>2171</ele>
      </trkpt>
      <trkpt lat="42.53216002288766" lon="2.4608277703604795">
        <ele>2172</ele>
      </trkpt>
      <trkpt lat="42.53207514781614" lon="2.4607533854663348">
        <ele>2173</ele>
      </trkpt>
      <trkpt lat="42.5319912263971" lon="2.4606790005721901">
        <ele>2174</ele>
      </trkpt>
      <trkpt lat="42.53189395384322" lon="2.460664695784855">
        <ele>2175</ele>
      </trkpt>
      <trkpt lat="42.53179763494183" lon="2.4606513446500085">
        <ele>2176</ele>
      </trkpt>
      <trkpt lat="42.53174423040245" lon="2.4606227350753374">
        <ele>2177</ele>
      </trkpt>
      <trkpt lat="42.53171085256533" lon="2.4603538050734302">
        <ele>2178</ele>
      </trkpt>
      <trkpt lat="42.5316955941255" lon="2.4603290101087154">
        <ele>2178</ele>
      </trkpt>
      <trkpt lat="42.53165840167843" lon="2.4603061224489786">
        <ele>2179</ele>
      </trkpt>
      <trkpt lat="42.53161071905398" lon="2.4601878695403383">
        <ele>2180</ele>
      </trkpt>
      <trkpt lat="42.53155922181957" lon="2.4600934579439242">
        <ele>2182</ele>
      </trkpt>
      <trkpt lat="42.53150867823765" lon="2.4599999999999991">
        <ele>2183</ele>
      </trkpt>
      <trkpt lat="42.53150867823765" lon="2.4600000000000168">
        <ele>2183</ele>
      </trkpt>
      <trkpt lat="42.53147053213809" lon="2.4598874690063113">
        <ele>2187</ele>
      </trkpt>
      <trkpt lat="42.53143333969102" lon="2.4597749380126053">
        <ele>2190</ele>
      </trkpt>
      <trkpt lat="42.53136658401679" lon="2.4597119969483292">
        <ele>2194</ele>
      </trkpt>
      <trkpt lat="42.53128456990273" lon="2.4596757581537458">
        <ele>2197</ele>
      </trkpt>
      <trkpt lat="42.53125882128553" lon="2.4596385657066735">
        <ele>2198</ele>
      </trkpt>
      <trkpt lat="42.53128266259775" lon="2.4593200457753364">
        <ele>2205</ele>
      </trkpt>
      <trkpt lat="42.53128266259775" lon="2.4593200457753364">
        <ele>2205</ele>
      </trkpt>
      <trkpt lat="42.53131031851994" lon="2.459216097654032">
        <ele>2207</ele>
      </trkpt>
      <trkpt lat="42.53156208277704" lon="2.4587192447072459">
        <ele>2219</ele>
      </trkpt>
      <trkpt lat="42.53177188632463" lon="2.4583826053786173">
        <ele>2226</ele>
      </trkpt>
      <trkpt lat="42.53184627121877" lon="2.4582796109098015">
        <ele>2228</ele>
      </trkpt>
      <trkpt lat="42.53192065611292" lon="2.4581775700934752">
        <ele>2230</ele>
      </trkpt>
      <trkpt lat="42.53202269692924" lon="2.458148960518804">
        <ele>2228</ele>
      </trkpt>
      <trkpt lat="42.53212473774557" lon="2.4581213045966219">
        <ele>2226</ele>
      </trkpt>
      <trkpt lat="42.53223631508678" lon="2.4580345222201201">
        <ele>2227</ele>
      </trkpt>
      <trkpt lat="42.53231069998093" lon="2.4580001907305147">
        <ele>2226</ele>
      </trkpt>
      <trkpt lat="42.53238603852756" lon="2.4579658592409097">
        <ele>2225</ele>
      </trkpt>
      <trkpt lat="42.5328695403395" lon="2.4576158687774345">
        <ele>2227</ele>
      </trkpt>
      <trkpt lat="42.53288479877933" lon="2.4575643715430266">
        <ele>2228</ele>
      </trkpt>
      <trkpt lat="42.53293724966623" lon="2.4574718672515905">
        <ele>2230</ele>
      </trkpt>
      <trkpt lat="42.5329658592409" lon="2.4573621972153519">
        <ele>2233</ele>
      </trkpt>
      <trkpt lat="42.53301640282281" lon="2.4572639710089814">
        <ele>2235</ele>
      </trkpt>
      <trkpt lat="42.53309746328438" lon="2.4571504863627864">
        <ele>2237</ele>
      </trkpt>
      <trkpt lat="42.53313465573145" lon="2.4570408163265478">
        <ele>2239</ele>
      </trkpt>
      <trkpt lat="42.53315468243373" lon="2.4569464047301333">
        <ele>2241</ele>
      </trkpt>
      <trkpt lat="42.53317566278848" lon="2.4568529467862081">
        <ele>2244</ele>
      </trkpt>
      <trkpt lat="42.53321571619302" lon="2.4565782948693666">
        <ele>2250</ele>
      </trkpt>
      <trkpt lat="42.5333044058745" lon="2.4563179477398607">
        <ele>2253</ele>
      </trkpt>
      <trkpt lat="42.53332443257677" lon="2.456242609193227">
        <ele>2254</ele>
      </trkpt>
      <trkpt lat="42.53334445927904" lon="2.4561672706465933">
        <ele>2255</ele>
      </trkpt>
      <trkpt lat="42.53334445927904" lon="2.4560938394049381">
        <ele>2256</ele>
      </trkpt>
      <trkpt lat="42.53334541293153" lon="2.4560204081632824">
        <ele>2258</ele>
      </trkpt>
      <trkpt lat="42.53362101850086" lon="2.455288956704194">
        <ele>2264</ele>
      </trkpt>
      <trkpt lat="42.53369921800496" lon="2.4549513637230764">
        <ele>2269</ele>
      </trkpt>
      <trkpt lat="42.53369349609002" lon="2.4548750715239538">
        <ele>2270</ele>
      </trkpt>
      <trkpt lat="42.53371638374976" lon="2.4548235742895459">
        <ele>2270</ele>
      </trkpt>
      <trkpt lat="42.53371256913981" lon="2.4547549113103355">
        <ele>2272</ele>
      </trkpt>
      <trkpt lat="42.53370970818234" lon="2.4546862483311251">
        <ele>2273</ele>
      </trkpt>
      <trkpt lat="42.5337392714095" lon="2.4546452412740969">
        <ele>2273</ele>
      </trkpt>
      <trkpt lat="42.53373259584207" lon="2.454529849322924">
        <ele>2275</ele>
      </trkpt>
      <trkpt lat="42.53372687392714" lon="2.45441541102424">
        <ele>2278</ele>
      </trkpt>
      <trkpt lat="42.53374213236697" lon="2.454334350562672">
        <ele>2279</ele>
      </trkpt>
      <trkpt lat="42.53375834445928" lon="2.4542542437535935">
        <ele>2279</ele>
      </trkpt>
      <trkpt lat="42.53373259584207" lon="2.4541588785046899">
        <ele>2282</ele>
      </trkpt>
      <trkpt lat="42.53377455655159" lon="2.4540854472630342">
        <ele>2281</ele>
      </trkpt>
      <trkpt lat="42.53378504672897" lon="2.4539843600991968">
        <ele>2281</ele>
      </trkpt>
      <trkpt lat="42.53378218577151" lon="2.4538727827579803">
        <ele>2282</ele>
      </trkpt>
      <trkpt lat="42.53378027846653" lon="2.4537621590692522">
        <ele>2283</ele>
      </trkpt>
      <trkpt lat="42.53375071523937" lon="2.4536858668701296">
        <ele>2284</ele>
      </trkpt>
      <trkpt lat="42.53370589357238" lon="2.4536963570475088">
        <ele>2286</ele>
      </trkpt>
      <trkpt lat="42.53366774747282" lon="2.4537182910547566">
        <ele>2288</ele>
      </trkpt>
      <trkpt lat="42.53364104520313" lon="2.4537812321190331">
        <ele>2289</ele>
      </trkpt>
      <trkpt lat="42.53356952126645" lon="2.4538317757009516">
        <ele>2292</ele>
      </trkpt>
      <trkpt lat="42.53349799732977" lon="2.4538823192828705">
        <ele>2294</ele>
      </trkpt>
      <trkpt lat="42.53339691016593" lon="2.4539710089643503">
        <ele>2297</ele>
      </trkpt>
      <trkpt lat="42.53329677665459" lon="2.4540606522983195">
        <ele>2300</ele>
      </trkpt>
      <trkpt lat="42.53323765020027" lon="2.4540711424756991">
        <ele>2302</ele>
      </trkpt>
      <trkpt lat="42.53316612626359" lon="2.4541674613770912">
        <ele>2304</ele>
      </trkpt>
      <trkpt lat="42.53312511920656" lon="2.4541302689300188">
        <ele>2306</ele>
      </trkpt>
      <trkpt lat="42.53312702651154" lon="2.4540244135037361">
        <ele>2308</ele>
      </trkpt>
      <trkpt lat="42.53312893381652" lon="2.4539185580774538">
        <ele>2310</ele>
      </trkpt>
      <trkpt lat="42.53312035094412" lon="2.4535943162311824">
        <ele>2316</ele>
      </trkpt>
      <trkpt lat="42.5331041388518" lon="2.4532834255197575">
        <ele>2322</ele>
      </trkpt>
      <trkpt lat="42.5331041388518" lon="2.4531966431432557">
        <ele>2323</ele>
      </trkpt>
      <trkpt lat="42.53310509250429" lon="2.4531108144192428">
        <ele>2324</ele>
      </trkpt>
      <trkpt lat="42.53306408544726" lon="2.4530707610147031">
        <ele>2326</ele>
      </trkpt>
      <trkpt lat="42.53305550257486" lon="2.4529725348083331">
        <ele>2327</ele>
      </trkpt>
      <trkpt lat="42.53304787335495" lon="2.4528743086019626">
        <ele>2329</ele>
      </trkpt>
      <trkpt lat="42.53296776654587" lon="2.4524184627122048">
        <ele>2335</ele>
      </trkpt>
      <trkpt lat="42.5329391569712" lon="2.4521285523555387">
        <ele>2335</ele>
      </trkpt>
      <trkpt lat="42.53290864009155" lon="2.4520465382414818">
        <ele>2336</ele>
      </trkpt>
      <trkpt lat="42.53291150104902" lon="2.4519454510776444">
        <ele>2336</ele>
      </trkpt>
      <trkpt lat="42.53291531565898" lon="2.451844363913807">
        <ele>2335</ele>
      </trkpt>
      <trkpt lat="42.53289242799924" lon="2.4518415029563396">
        <ele>2336</ele>
      </trkpt>
      <trkpt lat="42.5328352088499" lon="2.4519521266450677">
        <ele>2338</ele>
      </trkpt>
      <trkpt lat="42.53277989700553" lon="2.4520370017165916">
        <ele>2341</ele>
      </trkpt>
      <trkpt lat="42.5327484264734" lon="2.4521237840930934">
        <ele>2343</ele>
      </trkpt>
      <trkpt lat="42.53263589547969" lon="2.4522429906542227">
        <ele>2348</ele>
      </trkpt>
      <trkpt lat="42.53255197406065" lon="2.4522544344840909">
        <ele>2352</ele>
      </trkpt>
      <trkpt lat="42.53246900629411" lon="2.4522658783139595">
        <ele>2354</ele>
      </trkpt>
      <trkpt lat="42.53239176044249" lon="2.4523087926759661">
        <ele>2354</ele>
      </trkpt>
      <trkpt lat="42.53228876597368" lon="2.4523230974633012">
        <ele>2355</ele>
      </trkpt>
      <trkpt lat="42.5321914934198" lon="2.4524318138470513">
        <ele>2357</ele>
      </trkpt>
      <trkpt lat="42.53214953271028" lon="2.4524432576769195">
        <ele>2357</ele>
      </trkpt>
      <trkpt lat="42.53209994278085" lon="2.4525252717909765">
        <ele>2359</ele>
      </trkpt>
      <trkpt lat="42.53205035285142" lon="2.4526082395575224">
        <ele>2360</ele>
      </trkpt>
      <trkpt lat="42.5319654777799" lon="2.4527131413313161">
        <ele>2363</ele>
      </trkpt>
      <trkpt lat="42.53190253671562" lon="2.4528094602327082">
        <ele>2365</ele>
      </trkpt>
      <trkpt lat="42.53184531756628" lon="2.4528590501621381">
        <ele>2367</ele>
      </trkpt>
      <trkpt lat="42.53173183292009" lon="2.4528905206942762">
        <ele>2371</ele>
      </trkpt>
      <trkpt lat="42.53161930192638" lon="2.4529219912264142">
        <ele>2373</ele>
      </trkpt>
      <trkpt lat="42.53151249284761" lon="2.4530154491703393">
        <ele>2376</ele>
      </trkpt>
      <trkpt lat="42.53141617394621" lon="2.4530717146671925">
        <ele>2378</ele>
      </trkpt>
      <trkpt lat="42.53131985504482" lon="2.4531289338165343">
        <ele>2381</ele>
      </trkpt>
      <trkpt lat="42.53124737745566" lon="2.4531317947740012">
        <ele>2381</ele>
      </trkpt>
      <trkpt lat="42.53117585351898" lon="2.4531356093839576">
        <ele>2382</ele>
      </trkpt>
      <trkpt lat="42.53109479305741" lon="2.4531737554835189">
        <ele>2384</ele>
      </trkpt>
      <trkpt lat="42.53101373259585" lon="2.4532128552355692">
        <ele>2386</ele>
      </trkpt>
      <trkpt lat="42.53089261872974" lon="2.4532796109098016">
        <ele>2390</ele>
      </trkpt>
      <trkpt lat="42.53077150486363" lon="2.453347320236523">
        <ele>2394</ele>
      </trkpt>
      <trkpt lat="42.53071047110433" lon="2.4533625786763475">
        <ele>2395</ele>
      </trkpt>
      <trkpt lat="42.53064943734503" lon="2.4533778371161721">
        <ele>2397</ele>
      </trkpt>
      <trkpt lat="42.5305473965287" lon="2.4534579439252506">
        <ele>2400</ele>
      </trkpt>
      <trkpt lat="42.53046442876216" lon="2.4534875071524107">
        <ele>2402</ele>
      </trkpt>
      <trkpt lat="42.53038146099561" lon="2.4535180240320598">
        <ele>2405</ele>
      </trkpt>
      <trkpt lat="42.53008868968148" lon="2.4535695212664677">
        <ele>2412</ele>
      </trkpt>
      <trkpt lat="42.52997234407782" lon="2.4536009917986057">
        <ele>2415</ele>
      </trkpt>
      <trkpt lat="42.52985695212664" lon="2.4536324623307437">
        <ele>2417</ele>
      </trkpt>
      <trkpt lat="42.52976444783521" lon="2.4536467671180793">
        <ele>2418</ele>
      </trkpt>
      <trkpt lat="42.52965954606142" lon="2.4536896814800859">
        <ele>2421</ele>
      </trkpt>
      <trkpt lat="42.52959469769216" lon="2.4537259202746688">
        <ele>2423</ele>
      </trkpt>
      <trkpt lat="42.52952984932291" lon="2.4537631127217412">
        <ele>2425</ele>
      </trkpt>
      <trkpt lat="42.52946786191112" lon="2.4537688346366755">
        <ele>2426</ele>
      </trkpt>
      <trkpt lat="42.52942494754912" lon="2.4538022124737915">
        <ele>2427</ele>
      </trkpt>
      <trkpt lat="42.52932290673279" lon="2.4538374976158859">
        <ele>2430</ele>
      </trkpt>
      <trkpt lat="42.5292351707038" lon="2.4538928094602497">
        <ele>2433</ele>
      </trkpt>
      <trkpt lat="42.52894621399962" lon="2.4540015258439993">
        <ele>2444</ele>
      </trkpt>
      <trkpt lat="42.52883940492084" lon="2.4540539767308962">
        <ele>2449</ele>
      </trkpt>
      <trkpt lat="42.52873354949457" lon="2.4541064276177931">
        <ele>2454</ele>
      </trkpt>
      <trkpt lat="42.52864199885562" lon="2.4541283616250409">
        <ele>2457</ele>
      </trkpt>
      <trkpt lat="42.52857810413885" lon="2.4541207324051286">
        <ele>2458</ele>
      </trkpt>
      <trkpt lat="42.52851230211711" lon="2.454077818043122">
        <ele>2458</ele>
      </trkpt>
      <trkpt lat="42.52845031470532" lon="2.4540196452412912">
        <ele>2458</ele>
      </trkpt>
      <trkpt lat="42.52846652679764" lon="2.4540816326530783">
        <ele>2460</ele>
      </trkpt>
      <trkpt lat="42.52847797062751" lon="2.4541808125119378">
        <ele>2463</ele>
      </trkpt>
      <trkpt lat="42.52849704367728" lon="2.454269502193418">
        <ele>2462</ele>
      </trkpt>
      <trkpt lat="42.52851611672707" lon="2.4543591455273868">
        <ele>2461</ele>
      </trkpt>
      <trkpt lat="42.52852565325195" lon="2.4544506961663339">
        <ele>2461</ele>
      </trkpt>
      <trkpt lat="42.52851134846462" lon="2.4545212664505227">
        <ele>2461</ele>
      </trkpt>
      <trkpt lat="42.52849513637231" lon="2.4545660881175069">
        <ele>2461</ele>
      </trkpt>
      <trkpt lat="42.52845699027274" lon="2.454593744039689">
        <ele>2462</ele>
      </trkpt>
      <trkpt lat="42.52841026130078" lon="2.4545842075147988">
        <ele>2463</ele>
      </trkpt>
      <trkpt lat="42.5283740225062" lon="2.4545575052451056">
        <ele>2464</ele>
      </trkpt>
      <trkpt lat="42.52833206179668" lon="2.4544945641808296">
        <ele>2465</ele>
      </trkpt>
      <trkpt lat="42.52829105473965" lon="2.4544316231165535">
        <ele>2467</ele>
      </trkpt>
      <trkpt lat="42.52823002098036" lon="2.4543620064848541">
        <ele>2469</ele>
      </trkpt>
      <trkpt lat="42.52816898722106" lon="2.4542933435056438">
        <ele>2471</ele>
      </trkpt>
      <trkpt lat="42.52809555597941" lon="2.454221819568966">
        <ele>2473</ele>
      </trkpt>
      <trkpt lat="42.52803166126264" lon="2.4541789052069598">
        <ele>2475</ele>
      </trkpt>
      <trkpt lat="42.52796872019836" lon="2.4541369444974421">
        <ele>2476</ele>
      </trkpt>
      <trkpt lat="42.52785618920466" lon="2.4540844936105453">
        <ele>2477</ele>
      </trkpt>
      <trkpt lat="42.52774461186344" lon="2.4540320427236484">
        <ele>2478</ele>
      </trkpt>
      <trkpt lat="42.52768834636659" lon="2.4540244135037361">
        <ele>2480</ele>
      </trkpt>
      <trkpt lat="42.52762826625978" lon="2.4539938966240871">
        <ele>2480</ele>
      </trkpt>
      <trkpt lat="42.52737650200267" lon="2.4539032996376293">
        <ele>2483</ele>
      </trkpt>
      <trkpt lat="42.52727636849132" lon="2.453930001907322">
        <ele>2486</ele>
      </trkpt>
      <trkpt lat="42.52717718863246" lon="2.4539338165172784">
        <ele>2488</ele>
      </trkpt>
      <trkpt lat="42.52691874880794" lon="2.4540263208087145">
        <ele>2496</ele>
      </trkpt>
      <trkpt lat="42.52656685103948" lon="2.4542685485409286">
        <ele>2508</ele>
      </trkpt>
      <trkpt lat="42.52648292962045" lon="2.4543066946404899">
        <ele>2509</ele>
      </trkpt>
      <trkpt lat="42.52641998855617" lon="2.4543114629029352">
        <ele>2509</ele>
      </trkpt>
      <trkpt lat="42.52634465000953" lon="2.4543696357047664">
        <ele>2510</ele>
      </trkpt>
      <trkpt lat="42.5260175472058" lon="2.454479305741005">
        <ele>2516</ele>
      </trkpt>
      <trkpt lat="42.52594220865917" lon="2.4544754911310491">
        <ele>2517</ele>
      </trkpt>
      <trkpt lat="42.52587640663742" lon="2.4545155445355884">
        <ele>2519</ele>
      </trkpt>
      <trkpt lat="42.52581251192066" lon="2.4545155445355884">
        <ele>2519</ele>
      </trkpt>
      <trkpt lat="42.52576292199123" lon="2.4545470150677264">
        <ele>2521</ele>
      </trkpt>
      <trkpt lat="42.52564848369254" lon="2.4545651344650179">
        <ele>2523</ele>
      </trkpt>
      <trkpt lat="42.52557982071333" lon="2.4545994659546233">
        <ele>2525</ele>
      </trkpt>
      <trkpt lat="42.52552641617395" lon="2.4546070951745356">
        <ele>2526</ele>
      </trkpt>
      <trkpt lat="42.52546252145718" lon="2.4546385657066736">
        <ele>2529</ele>
      </trkpt>
      <trkpt lat="42.52514018691589" lon="2.4547091359908619">
        <ele>2536</ele>
      </trkpt>
      <trkpt lat="42.52506294106428" lon="2.4547425138279779">
        <ele>2539</ele>
      </trkpt>
      <trkpt lat="42.52498664886515" lon="2.4547758916650944">
        <ele>2542</ele>
      </trkpt>
      <trkpt lat="42.52493324432577" lon="2.454771123402649">
        <ele>2542</ele>
      </trkpt>
      <trkpt lat="42.52484264733931" lon="2.4548121304596777">
        <ele>2545</ele>
      </trkpt>
      <trkpt lat="42.52475205035285" lon="2.454854091169195">
        <ele>2548</ele>
      </trkpt>
      <trkpt lat="42.52419893190921" lon="2.4549837879077034">
        <ele>2560</ele>
      </trkpt>
      <trkpt lat="42.52408830822048" lon="2.4550839214190519">
        <ele>2561</ele>
      </trkpt>
      <trkpt lat="42.52398912836163" lon="2.4551239748235911">
        <ele>2561</ele>
      </trkpt>
      <trkpt lat="42.52391855807744" lon="2.4551602136181745">
        <ele>2561</ele>
      </trkpt>
      <trkpt lat="42.52385847797063" lon="2.4552059889376481">
        <ele>2561</ele>
      </trkpt>
      <trkpt lat="42.52380602708373" lon="2.455225061987429">
        <ele>2561</ele>
      </trkpt>
      <trkpt lat="42.52372782757963" lon="2.4552765592218364">
        <ele>2561</ele>
      </trkpt>
      <trkpt lat="42.52365058172802" lon="2.4553280564562443">
        <ele>2561</ele>
      </trkpt>
      <trkpt lat="42.52356761396148" lon="2.4553337783711786">
        <ele>2561</ele>
      </trkpt>
      <trkpt lat="42.52349895098227" lon="2.4553805073431412">
        <ele>2561</ele>
      </trkpt>
      <trkpt lat="42.52343124165554" lon="2.4554272363151037">
        <ele>2561</ele>
      </trkpt>
      <trkpt lat="42.52336353232882" lon="2.4554806408544896">
        <ele>2562</ele>
      </trkpt>
      <trkpt lat="42.52329677665459" lon="2.4555340453938754">
        <ele>2563</ele>
      </trkpt>
      <trkpt lat="42.52304024413504" lon="2.4556704176998072">
        <ele>2569</ele>
      </trkpt>
      <trkpt lat="42.52292675948885" lon="2.4557018882319452">
        <ele>2571</ele>
      </trkpt>
      <trkpt lat="42.52287144764448" lon="2.4557076101468795">
        <ele>2572</ele>
      </trkpt>
      <trkpt lat="42.5227741750906" lon="2.4556637421323839">
        <ele>2573</ele>
      </trkpt>
      <trkpt lat="42.52268834636659" lon="2.455692351707055">
        <ele>2575</ele>
      </trkpt>
      <trkpt lat="42.52261205416746" lon="2.455659927522428">
        <ele>2576</ele>
      </trkpt>
      <trkpt lat="42.52253576196834" lon="2.4556513446500268">
        <ele>2577</ele>
      </trkpt>
      <trkpt lat="42.5224699599466" lon="2.4556818615296758">
        <ele>2579</ele>
      </trkpt>
      <trkpt lat="42.52236982643524" lon="2.4557066564943906">
        <ele>2584</ele>
      </trkpt>
      <trkpt lat="42.522304978066" lon="2.4556866297921207">
        <ele>2586</ele>
      </trkpt>
      <trkpt lat="42.52224108334923" lon="2.4556666030898513">
        <ele>2588</ele>
      </trkpt>
      <trkpt lat="42.52212283044059" lon="2.4556074766355311">
        <ele>2591</ele>
      </trkpt>
      <trkpt lat="42.52200553118444" lon="2.4555493038337">
        <ele>2594</ele>
      </trkpt>
      <trkpt lat="42.52198359717719" lon="2.455548350181211">
        <ele>2594</ele>
      </trkpt>
      <trkpt lat="42.52191398054549" lon="2.455514018691606">
        <ele>2596</ele>
      </trkpt>
      <trkpt lat="42.52184436391379" lon="2.4554796872020006">
        <ele>2598</ele>
      </trkpt>
      <trkpt lat="42.52148006866298" lon="2.4552489032996547">
        <ele>2606</ele>
      </trkpt>
      <trkpt lat="42.52138756437154" lon="2.455207896242626">
        <ele>2609</ele>
      </trkpt>
      <trkpt lat="42.52143810795346" lon="2.4552975395765952">
        <ele>2610</ele>
      </trkpt>
      <trkpt lat="42.52148960518787" lon="2.4553871829105645">
        <ele>2610</ele>
      </trkpt>
      <trkpt lat="42.52162883845127" lon="2.4556818615296758">
        <ele>2613</ele>
      </trkpt>
      <trkpt lat="42.52155063894717" lon="2.4556446690826035">
        <ele>2616</ele>
      </trkpt>
      <trkpt lat="42.52147243944307" lon="2.4556074766355311">
        <ele>2619</ele>
      </trkpt>
      <trkpt lat="42.52137039862674" lon="2.4555121113866276">
        <ele>2621</ele>
      </trkpt>
      <trkpt lat="42.5212693114629" lon="2.4554176997902135">
        <ele>2622</ele>
      </trkpt>
      <trkpt lat="42.52123307266832" lon="2.4554129315277682">
        <ele>2624</ele>
      </trkpt>
      <trkpt lat="42.52135418653443" lon="2.4556875834446097">
        <ele>2628</ele>
      </trkpt>
      <trkpt lat="42.52127694068282" lon="2.4556303642952679">
        <ele>2629</ele>
      </trkpt>
      <trkpt lat="42.52130364295251" lon="2.4556999809269673">
        <ele>2631</ele>
      </trkpt>
      <trkpt lat="42.52126454320046" lon="2.4556751859622525">
        <ele>2632</ele>
      </trkpt>
      <trkpt lat="42.5212521457181" lon="2.4557304978066163">
        <ele>2634</ele>
      </trkpt>
      <trkpt lat="42.52120637039863" lon="2.4557390806790176">
        <ele>2637</ele>
      </trkpt>
      <trkpt lat="42.52113103185199" lon="2.4557324051115943">
        <ele>2641</ele>
      </trkpt>
      <trkpt lat="42.52106332252527" lon="2.4557505245088862">
        <ele>2645</ele>
      </trkpt>
      <trkpt lat="42.52100514972344" lon="2.4557104711043465">
        <ele>2646</ele>
      </trkpt>
      <trkpt lat="42.52091646004196" lon="2.4557314514591053">
        <ele>2651</ele>
      </trkpt>
      <trkpt lat="42.5208439824528" lon="2.4556875834446097">
        <ele>2654</ele>
      </trkpt>
      <trkpt lat="42.52076864390616" lon="2.4556885370970987">
        <ele>2657</ele>
      </trkpt>
      <trkpt lat="42.52069425901202" lon="2.4556904444020771">
        <ele>2661</ele>
      </trkpt>
      <trkpt lat="42.52060366202556" lon="2.4556761396147415">
        <ele>2664</ele>
      </trkpt>
      <trkpt lat="42.52050734312417" lon="2.4556093839405091">
        <ele>2666</ele>
      </trkpt>
      <trkpt lat="42.52047269122509" lon="2.4555857108609436">
        <ele>2667</ele>
      </trkpt>
      <trkpt lat="42.52047269122509" lon="2.4555857108609436">
        <ele>2667</ele>
      </trkpt>
      <trkpt lat="42.52041102422277" lon="2.4555435819187656">
        <ele>2668</ele>
      </trkpt>
      <trkpt lat="42.5201220675186" lon="2.4554062559603449">
        <ele>2674</ele>
      </trkpt>
      <trkpt lat="42.5200610337593" lon="2.4553890902155424">
        <ele>2675</ele>
      </trkpt>
      <trkpt lat="42.52" lon="2.4553719244707399">
        <ele>2677</ele>
      </trkpt>
      <trkpt lat="42.51999999999999" lon="2.4553719244707399">
        <ele>2677</ele>
      </trkpt>
      <trkpt lat="42.51988174709135" lon="2.4553442685485578">
        <ele>2678</ele>
      </trkpt>
      <trkpt lat="42.51976349418271" lon="2.4553175662788651">
        <ele>2679</ele>
      </trkpt>
      <trkpt lat="42.51965668510394" lon="2.4552765592218364">
        <ele>2679</ele>
      </trkpt>
      <trkpt lat="42.51962998283425" lon="2.4552822811367707">
        <ele>2680</ele>
      </trkpt>
      <trkpt lat="42.51964905588402" lon="2.4553299637612223">
        <ele>2682</ele>
      </trkpt>
      <trkpt lat="42.51972630173564" lon="2.4553900438680314">
        <ele>2683</ele>
      </trkpt>
      <trkpt lat="42.51975681861528" lon="2.4554567995422638">
        <ele>2686</ele>
      </trkpt>
      <trkpt lat="42.51983597177188" lon="2.4555168796490729">
        <ele>2687</ele>
      </trkpt>
      <trkpt lat="42.51991798588593" lon="2.4556351325577128">
        <ele>2691</ele>
      </trkpt>
      <trkpt lat="42.51999999999999" lon="2.4557543391188421">
        <ele>2696</ele>
      </trkpt>
      <trkpt lat="42.52" lon="2.4557543391188421">
        <ele>2696</ele>
      </trkpt>
      <trkpt lat="42.5200610337593" lon="2.4558439824528113">
        <ele>2697</ele>
      </trkpt>
      <trkpt lat="42.52012016021362" lon="2.4559012016021531">
        <ele>2694</ele>
      </trkpt>
      <trkpt lat="42.52019931337021" lon="2.456016593553326">
        <ele>2690</ele>
      </trkpt>
      <trkpt lat="42.5202784665268" lon="2.4561329391569884">
        <ele>2685</ele>
      </trkpt>
      <trkpt lat="42.5202088498951" lon="2.4561005149723609">
        <ele>2690</ele>
      </trkpt>
      <trkpt lat="42.52014018691589" lon="2.4560690444402229">
        <ele>2694</ele>
      </trkpt>
      <trkpt lat="42.52005721914934" lon="2.4560547396528873">
        <ele>2699</ele>
      </trkpt>
      <trkpt lat="42.52" lon="2.4560347129506179">
        <ele>2702</ele>
      </trkpt>
      <trkpt lat="42.51999999999999" lon="2.4560347129506179">
        <ele>2702</ele>
      </trkpt>
      <trkpt lat="42.51967098989127" lon="2.4559231356094009">
        <ele>2705</ele>
      </trkpt>
      <trkpt lat="42.5195994659546" lon="2.4559393477017144">
        <ele>2706</ele>
      </trkpt>
      <trkpt lat="42.51962712187678" lon="2.4559717718863419">
        <ele>2705</ele>
      </trkpt>
      <trkpt lat="42.51969006294105" lon="2.4560175472058154">
        <ele>2705</ele>
      </trkpt>
      <trkpt lat="42.51976349418271" lon="2.4561062368872952">
        <ele>2704</ele>
      </trkpt>
      <trkpt lat="42.51980545489223" lon="2.4561710852565497">
        <ele>2704</ele>
      </trkpt>
      <trkpt lat="42.51984836925423" lon="2.4562359336258037">
        <ele>2704</ele>
      </trkpt>
      <trkpt lat="42.51978352088498" lon="2.4562159069235343">
        <ele>2704</ele>
      </trkpt>
      <trkpt lat="42.51971962616822" lon="2.4561958802212644">
        <ele>2704</ele>
      </trkpt>
      <trkpt lat="42.51938012588212" lon="2.4561348464619663">
        <ele>2705</ele>
      </trkpt>
      <trkpt lat="42.51930669464046" lon="2.4561367537669443">
        <ele>2705</ele>
      </trkpt>
      <trkpt lat="42.5192342170513" lon="2.4561396147244117">
        <ele>2705</ele>
      </trkpt>
      <trkpt lat="42.51930001907304" lon="2.4561920656113081">
        <ele>2704</ele>
      </trkpt>
      <trkpt lat="42.51936582109479" lon="2.4562454701506939">
        <ele>2703</ele>
      </trkpt>
      <trkpt lat="42.5194249475491" lon="2.4563131794774153">
        <ele>2702</ele>
      </trkpt>
      <trkpt lat="42.51948407400342" lon="2.4563808888041367">
        <ele>2701</ele>
      </trkpt>
      <trkpt lat="42.51956322716001" lon="2.4564218958611654">
        <ele>2701</ele>
      </trkpt>
      <trkpt lat="42.51960995613198" lon="2.4564953271028207">
        <ele>2701</ele>
      </trkpt>
      <trkpt lat="42.51951649818805" lon="2.4564772077055292">
        <ele>2700</ele>
      </trkpt>
      <trkpt lat="42.51942304024413" lon="2.4564600419607268">
        <ele>2699</ele>
      </trkpt>
      <trkpt lat="42.51931813847033" lon="2.4564447835209022">
        <ele>2698</ele>
      </trkpt>
      <trkpt lat="42.51921419034903" lon="2.4564295250810777">
        <ele>2697</ele>
      </trkpt>
      <trkpt lat="42.51927236315086" lon="2.4564934197978427">
        <ele>2696</ele>
      </trkpt>
      <trkpt lat="42.51933053595269" lon="2.4565573145146078">
        <ele>2695</ele>
      </trkpt>
      <trkpt lat="42.51930478733549" lon="2.4565649437345201">
        <ele>2695</ele>
      </trkpt>
      <trkpt lat="42.51928762159068" lon="2.4565487316422066">
        <ele>2695</ele>
      </trkpt>
      <trkpt lat="42.5191989319092" lon="2.456534426854871">
        <ele>2693</ele>
      </trkpt>
      <trkpt lat="42.5191388518024" lon="2.4565563608621188">
        <ele>2692</ele>
      </trkpt>
      <trkpt lat="42.51911036744181" lon="2.4565434401212372">
        <ele>2692</ele>
      </trkpt>
      <trkpt lat="42.51911036744181" lon="2.4565434401212372">
        <ele>2692</ele>
      </trkpt>
      <trkpt lat="42.51904634751096" lon="2.4565144001526016">
        <ele>2691</ele>
      </trkpt>
      <trkpt lat="42.51899926220054" lon="2.4565288396477984">
        <ele>2690</ele>
      </trkpt>
      <trkpt lat="42.51899926220054" lon="2.4565288396477984">
        <ele>2690</ele>
      </trkpt>
      <trkpt lat="42.51899403603674" lon="2.456530442338027">
        <ele>2690</ele>
      </trkpt>
      <trkpt lat="42.51899403603674" lon="2.456530442338027">
        <ele>2690</ele>
      </trkpt>
      <trkpt lat="42.51904634751096" lon="2.4565144001526016">
        <ele>2691</ele>
      </trkpt>
      <trkpt lat="42.5191388518024" lon="2.4565563608621188">
        <ele>2692</ele>
      </trkpt>
      <trkpt lat="42.5191989319092" lon="2.456534426854871">
        <ele>2693</ele>
      </trkpt>
      <trkpt lat="42.51928762159068" lon="2.4565487316422066">
        <ele>2695</ele>
      </trkpt>
      <trkpt lat="42.51930478733549" lon="2.4565649437345201">
        <ele>2695</ele>
      </trkpt>
      <trkpt lat="42.51933053595269" lon="2.4565573145146078">
        <ele>2695</ele>
      </trkpt>
      <trkpt lat="42.51927236315086" lon="2.4564934197978427">
        <ele>2696</ele>
      </trkpt>
      <trkpt lat="42.51921419034903" lon="2.4564295250810777">
        <ele>2697</ele>
      </trkpt>
      <trkpt lat="42.51931813847033" lon="2.4564447835209022">
        <ele>2698</ele>
      </trkpt>
      <trkpt lat="42.51942304024413" lon="2.4564600419607268">
        <ele>2699</ele>
      </trkpt>
      <trkpt lat="42.51951649818805" lon="2.4564772077055292">
        <ele>2700</ele>
      </trkpt>
      <trkpt lat="42.51960995613198" lon="2.4564953271028207">
        <ele>2701</ele>
      </trkpt>
      <trkpt lat="42.51956322716001" lon="2.4564218958611654">
        <ele>2701</ele>
      </trkpt>
      <trkpt lat="42.51948407400342" lon="2.4563808888041367">
        <ele>2701</ele>
      </trkpt>
      <trkpt lat="42.5194249475491" lon="2.4563131794774153">
        <ele>2702</ele>
      </trkpt>
      <trkpt lat="42.51936582109479" lon="2.4562454701506939">
        <ele>2703</ele>
      </trkpt>
      <trkpt lat="42.51930001907304" lon="2.4561920656113081">
        <ele>2704</ele>
      </trkpt>
      <trkpt lat="42.5192342170513" lon="2.4561396147244117">
        <ele>2705</ele>
      </trkpt>
      <trkpt lat="42.51930669464046" lon="2.4561367537669443">
        <ele>2705</ele>
      </trkpt>
      <trkpt lat="42.51938012588212" lon="2.4561348464619663">
        <ele>2705</ele>
      </trkpt>
      <trkpt lat="42.51971962616822" lon="2.4561958802212644">
        <ele>2704</ele>
      </trkpt>
      <trkpt lat="42.51978352088498" lon="2.4562159069235343">
        <ele>2704</ele>
      </trkpt>
      <trkpt lat="42.51984836925423" lon="2.4562359336258037">
        <ele>2704</ele>
      </trkpt>
      <trkpt lat="42.51980545489223" lon="2.4561710852565497">
        <ele>2704</ele>
      </trkpt>
      <trkpt lat="42.51976349418271" lon="2.4561062368872952">
        <ele>2704</ele>
      </trkpt>
      <trkpt lat="42.51969006294105" lon="2.4560175472058154">
        <ele>2705</ele>
      </trkpt>
      <trkpt lat="42.51962712187678" lon="2.4559717718863419">
        <ele>2705</ele>
      </trkpt>
      <trkpt lat="42.5195994659546" lon="2.4559393477017144">
        <ele>2706</ele>
      </trkpt>
      <trkpt lat="42.51967098989127" lon="2.4559231356094009">
        <ele>2705</ele>
      </trkpt>
      <trkpt lat="42.51999999999999" lon="2.4560347129506179">
        <ele>2702</ele>
      </trkpt>
      <trkpt lat="42.52" lon="2.4560347129506179">
        <ele>2702</ele>
      </trkpt>
      <trkpt lat="42.52005721914934" lon="2.4560547396528873">
        <ele>2699</ele>
      </trkpt>
      <trkpt lat="42.52014018691589" lon="2.4560690444402229">
        <ele>2694</ele>
      </trkpt>
      <trkpt lat="42.5202088498951" lon="2.4561005149723609">
        <ele>2690</ele>
      </trkpt>
      <trkpt lat="42.5202784665268" lon="2.4561329391569884">
        <ele>2685</ele>
      </trkpt>
      <trkpt lat="42.52019931337021" lon="2.456016593553326">
        <ele>2690</ele>
      </trkpt>
      <trkpt lat="42.52012016021362" lon="2.4559012016021531">
        <ele>2694</ele>
      </trkpt>
      <trkpt lat="42.5200610337593" lon="2.4558439824528113">
        <ele>2697</ele>
      </trkpt>
      <trkpt lat="42.52" lon="2.4557543391188421">
        <ele>2696</ele>
      </trkpt>
      <trkpt lat="42.51999999999999" lon="2.4557543391188421">
        <ele>2696</ele>
      </trkpt>
      <trkpt lat="42.51991798588593" lon="2.4556351325577128">
        <ele>2691</ele>
      </trkpt>
      <trkpt lat="42.51983597177188" lon="2.4555168796490729">
        <ele>2687</ele>
      </trkpt>
      <trkpt lat="42.51975681861528" lon="2.4554567995422638">
        <ele>2686</ele>
      </trkpt>
      <trkpt lat="42.51972630173564" lon="2.4553900438680314">
        <ele>2683</ele>
      </trkpt>
      <trkpt lat="42.51964905588402" lon="2.4553299637612223">
        <ele>2682</ele>
      </trkpt>
      <trkpt lat="42.51962998283425" lon="2.4552822811367707">
        <ele>2680</ele>
      </trkpt>
      <trkpt lat="42.51965668510394" lon="2.4552765592218364">
        <ele>2679</ele>
      </trkpt>
      <trkpt lat="42.51976349418271" lon="2.4553175662788651">
        <ele>2679</ele>
      </trkpt>
      <trkpt lat="42.51988174709135" lon="2.4553442685485578">
        <ele>2678</ele>
      </trkpt>
      <trkpt lat="42.51999999999999" lon="2.4553719244707399">
        <ele>2677</ele>
      </trkpt>
      <trkpt lat="42.52" lon="2.4553719244707399">
        <ele>2677</ele>
      </trkpt>
      <trkpt lat="42.5200610337593" lon="2.4553890902155424">
        <ele>2675</ele>
      </trkpt>
      <trkpt lat="42.5201220675186" lon="2.4554062559603449">
        <ele>2674</ele>
      </trkpt>
      <trkpt lat="42.52031409516217" lon="2.4554975166226383">
        <ele>2670</ele>
      </trkpt>
      <trkpt lat="42.52031409516217" lon="2.4554975166226383">
        <ele>2670</ele>
      </trkpt>
      <trkpt lat="42.52041102422277" lon="2.4555435819187656">
        <ele>2668</ele>
      </trkpt>
      <trkpt lat="42.52050734312417" lon="2.4556093839405091">
        <ele>2666</ele>
      </trkpt>
      <trkpt lat="42.52060366202556" lon="2.4556761396147415">
        <ele>2664</ele>
      </trkpt>
      <trkpt lat="42.52069425901202" lon="2.4556904444020771">
        <ele>2661</ele>
      </trkpt>
      <trkpt lat="42.52076864390616" lon="2.4556885370970987">
        <ele>2657</ele>
      </trkpt>
      <trkpt lat="42.5208439824528" lon="2.4556875834446097">
        <ele>2654</ele>
      </trkpt>
      <trkpt lat="42.52091646004196" lon="2.4557314514591053">
        <ele>2651</ele>
      </trkpt>
      <trkpt lat="42.52100514972344" lon="2.4557104711043465">
        <ele>2646</ele>
      </trkpt>
      <trkpt lat="42.52106332252527" lon="2.4557505245088862">
        <ele>2645</ele>
      </trkpt>
      <trkpt lat="42.52113103185199" lon="2.4557324051115943">
        <ele>2641</ele>
      </trkpt>
      <trkpt lat="42.52120637039863" lon="2.4557390806790176">
        <ele>2637</ele>
      </trkpt>
      <trkpt lat="42.5212521457181" lon="2.4557304978066163">
        <ele>2634</ele>
      </trkpt>
      <trkpt lat="42.52126454320046" lon="2.4556751859622525">
        <ele>2632</ele>
      </trkpt>
      <trkpt lat="42.52130364295251" lon="2.4556999809269673">
        <ele>2631</ele>
      </trkpt>
      <trkpt lat="42.52127694068282" lon="2.4556303642952679">
        <ele>2629</ele>
      </trkpt>
      <trkpt lat="42.52135418653443" lon="2.4556875834446097">
        <ele>2628</ele>
      </trkpt>
      <trkpt lat="42.52123307266832" lon="2.4554129315277682">
        <ele>2624</ele>
      </trkpt>
      <trkpt lat="42.5212693114629" lon="2.4554176997902135">
        <ele>2622</ele>
      </trkpt>
      <trkpt lat="42.52137039862674" lon="2.4555121113866276">
        <ele>2621</ele>
      </trkpt>
      <trkpt lat="42.52147243944307" lon="2.4556074766355311">
        <ele>2619</ele>
      </trkpt>
      <trkpt lat="42.52155063894717" lon="2.4556446690826035">
        <ele>2616</ele>
      </trkpt>
      <trkpt lat="42.52162883845127" lon="2.4556818615296758">
        <ele>2613</ele>
      </trkpt>
      <trkpt lat="42.52148960518787" lon="2.4553871829105645">
        <ele>2610</ele>
      </trkpt>
      <trkpt lat="42.52143810795346" lon="2.4552975395765952">
        <ele>2610</ele>
      </trkpt>
      <trkpt lat="42.52138756437154" lon="2.455207896242626">
        <ele>2609</ele>
      </trkpt>
      <trkpt lat="42.52148006866298" lon="2.4552489032996547">
        <ele>2606</ele>
      </trkpt>
      <trkpt lat="42.52184436391379" lon="2.4554796872020006">
        <ele>2598</ele>
      </trkpt>
      <trkpt lat="42.52191398054549" lon="2.455514018691606">
        <ele>2596</ele>
      </trkpt>
      <trkpt lat="42.52198359717719" lon="2.455548350181211">
        <ele>2594</ele>
      </trkpt>
      <trkpt lat="42.52200553118444" lon="2.4555493038337">
        <ele>2594</ele>
      </trkpt>
      <trkpt lat="42.52212283044059" lon="2.4556074766355311">
        <ele>2591</ele>
      </trkpt>
      <trkpt lat="42.52224108334923" lon="2.4556666030898513">
        <ele>2588</ele>
      </trkpt>
      <trkpt lat="42.522304978066" lon="2.4556866297921207">
        <ele>2586</ele>
      </trkpt>
      <trkpt lat="42.52236982643524" lon="2.4557066564943906">
        <ele>2584</ele>
      </trkpt>
      <trkpt lat="42.5224699599466" lon="2.4556818615296758">
        <ele>2579</ele>
      </trkpt>
      <trkpt lat="42.52253576196834" lon="2.4556513446500268">
        <ele>2577</ele>
      </trkpt>
      <trkpt lat="42.52261205416746" lon="2.455659927522428">
        <ele>2576</ele>
      </trkpt>
      <trkpt lat="42.52268834636659" lon="2.455692351707055">
        <ele>2575</ele>
      </trkpt>
      <trkpt lat="42.5227741750906" lon="2.4556637421323839">
        <ele>2573</ele>
      </trkpt>
      <trkpt lat="42.52287144764448" lon="2.4557076101468795">
        <ele>2572</ele>
      </trkpt>
      <trkpt lat="42.52292675948885" lon="2.4557018882319452">
        <ele>2571</ele>
      </trkpt>
      <trkpt lat="42.52304024413504" lon="2.4556704176998072">
        <ele>2569</ele>
      </trkpt>
      <trkpt lat="42.52329677665459" lon="2.4555340453938754">
        <ele>2563</ele>
      </trkpt>
      <trkpt lat="42.52336353232882" lon="2.4554806408544896">
        <ele>2562</ele>
      </trkpt>
      <trkpt lat="42.52343124165554" lon="2.4554272363151037">
        <ele>2561</ele>
      </trkpt>
      <trkpt lat="42.52349895098227" lon="2.4553805073431412">
        <ele>2561</ele>
      </trkpt>
      <trkpt lat="42.52356761396148" lon="2.4553337783711786">
        <ele>2561</ele>
      </trkpt>
      <trkpt lat="42.52365058172802" lon="2.4553280564562443">
        <ele>2561</ele>
      </trkpt>
      <trkpt lat="42.52372782757963" lon="2.4552765592218364">
        <ele>2561</ele>
      </trkpt>
      <trkpt lat="42.52380602708373" lon="2.455225061987429">
        <ele>2561</ele>
      </trkpt>
      <trkpt lat="42.52385847797063" lon="2.4552059889376481">
        <ele>2561</ele>
      </trkpt>
      <trkpt lat="42.52391855807744" lon="2.4551602136181745">
        <ele>2561</ele>
      </trkpt>
      <trkpt lat="42.52398912836163" lon="2.4551239748235911">
        <ele>2561</ele>
      </trkpt>
      <trkpt lat="42.52408830822048" lon="2.4550839214190519">
        <ele>2561</ele>
      </trkpt>
      <trkpt lat="42.52419893190921" lon="2.4549837879077034">
        <ele>2560</ele>
      </trkpt>
      <trkpt lat="42.52475205035285" lon="2.454854091169195">
        <ele>2548</ele>
      </trkpt>
      <trkpt lat="42.52484264733931" lon="2.4548121304596777">
        <ele>2545</ele>
      </trkpt>
      <trkpt lat="42.52493324432577" lon="2.454771123402649">
        <ele>2542</ele>
      </trkpt>
      <trkpt lat="42.52498664886515" lon="2.4547758916650944">
        <ele>2542</ele>
      </trkpt>
      <trkpt lat="42.52506294106428" lon="2.4547425138279779">
        <ele>2539</ele>
      </trkpt>
      <trkpt lat="42.52514018691589" lon="2.4547091359908619">
        <ele>2536</ele>
      </trkpt>
      <trkpt lat="42.52546252145718" lon="2.4546385657066736">
        <ele>2529</ele>
      </trkpt>
      <trkpt lat="42.52552641617395" lon="2.4546070951745356">
        <ele>2526</ele>
      </trkpt>
      <trkpt lat="42.52557982071333" lon="2.4545994659546233">
        <ele>2525</ele>
      </trkpt>
      <trkpt lat="42.52564848369254" lon="2.4545651344650179">
        <ele>2523</ele>
      </trkpt>
      <trkpt lat="42.52576292199123" lon="2.4545470150677264">
        <ele>2521</ele>
      </trkpt>
      <trkpt lat="42.52581251192066" lon="2.4545155445355884">
        <ele>2519</ele>
      </trkpt>
      <trkpt lat="42.52587640663742" lon="2.4545155445355884">
        <ele>2519</ele>
      </trkpt>
      <trkpt lat="42.52594220865917" lon="2.4544754911310491">
        <ele>2517</ele>
      </trkpt>
      <trkpt lat="42.5260175472058" lon="2.454479305741005">
        <ele>2516</ele>
      </trkpt>
      <trkpt lat="42.52634465000953" lon="2.4543696357047664">
        <ele>2510</ele>
      </trkpt>
      <trkpt lat="42.52641998855617" lon="2.4543114629029352">
        <ele>2509</ele>
      </trkpt>
      <trkpt lat="42.52648292962045" lon="2.4543066946404899">
        <ele>2509</ele>
      </trkpt>
      <trkpt lat="42.52656685103948" lon="2.4542685485409286">
        <ele>2508</ele>
      </trkpt>
      <trkpt lat="42.52691874880794" lon="2.4540263208087145">
        <ele>2496</ele>
      </trkpt>
      <trkpt lat="42.52717718863246" lon="2.4539338165172784">
        <ele>2488</ele>
      </trkpt>
      <trkpt lat="42.52727636849132" lon="2.453930001907322">
        <ele>2486</ele>
      </trkpt>
      <trkpt lat="42.52737650200267" lon="2.4539032996376293">
        <ele>2483</ele>
      </trkpt>
      <trkpt lat="42.52762826625978" lon="2.4539938966240871">
        <ele>2480</ele>
      </trkpt>
      <trkpt lat="42.52768834636659" lon="2.4540244135037361">
        <ele>2480</ele>
      </trkpt>
      <trkpt lat="42.52774461186344" lon="2.4540320427236484">
        <ele>2478</ele>
      </trkpt>
      <trkpt lat="42.52785618920466" lon="2.4540844936105453">
        <ele>2477</ele>
      </trkpt>
      <trkpt lat="42.52796872019836" lon="2.4541369444974421">
        <ele>2476</ele>
      </trkpt>
      <trkpt lat="42.52803166126264" lon="2.4541789052069598">
        <ele>2475</ele>
      </trkpt>
      <trkpt lat="42.52809555597941" lon="2.454221819568966">
        <ele>2473</ele>
      </trkpt>
      <trkpt lat="42.52816898722106" lon="2.4542933435056438">
        <ele>2471</ele>
      </trkpt>
      <trkpt lat="42.52823002098036" lon="2.4543620064848541">
        <ele>2469</ele>
      </trkpt>
      <trkpt lat="42.52829105473965" lon="2.4544316231165535">
        <ele>2467</ele>
      </trkpt>
      <trkpt lat="42.52833206179668" lon="2.4544945641808296">
        <ele>2465</ele>
      </trkpt>
      <trkpt lat="42.5283740225062" lon="2.4545575052451056">
        <ele>2464</ele>
      </trkpt>
      <trkpt lat="42.52841026130078" lon="2.4545842075147988">
        <ele>2463</ele>
      </trkpt>
      <trkpt lat="42.52845699027274" lon="2.454593744039689">
        <ele>2462</ele>
      </trkpt>
      <trkpt lat="42.52849513637231" lon="2.4545660881175069">
        <ele>2461</ele>
      </trkpt>
      <trkpt lat="42.52851134846462" lon="2.4545212664505227">
        <ele>2461</ele>
      </trkpt>
      <trkpt lat="42.52852565325195" lon="2.4544506961663339">
        <ele>2461</ele>
      </trkpt>
      <trkpt lat="42.52851611672707" lon="2.4543591455273868">
        <ele>2461</ele>
      </trkpt>
      <trkpt lat="42.52849704367728" lon="2.454269502193418">
        <ele>2462</ele>
      </trkpt>
      <trkpt lat="42.52847797062751" lon="2.4541808125119378">
        <ele>2463</ele>
      </trkpt>
      <trkpt lat="42.52846652679764" lon="2.4540816326530783">
        <ele>2460</ele>
      </trkpt>
      <trkpt lat="42.52845031470532" lon="2.4540196452412912">
        <ele>2458</ele>
      </trkpt>
      <trkpt lat="42.52851230211711" lon="2.454077818043122">
        <ele>2458</ele>
      </trkpt>
      <trkpt lat="42.52857810413885" lon="2.4541207324051286">
        <ele>2458</ele>
      </trkpt>
      <trkpt lat="42.52864199885562" lon="2.4541283616250409">
        <ele>2457</ele>
      </trkpt>
      <trkpt lat="42.52873354949457" lon="2.4541064276177931">
        <ele>2454</ele>
      </trkpt>
      <trkpt lat="42.52883940492084" lon="2.4540539767308962">
        <ele>2449</ele>
      </trkpt>
      <trkpt lat="42.52894621399962" lon="2.4540015258439993">
        <ele>2444</ele>
      </trkpt>
      <trkpt lat="42.5292351707038" lon="2.4538928094602497">
        <ele>2433</ele>
      </trkpt>
      <trkpt lat="42.52932290673279" lon="2.4538374976158859">
        <ele>2430</ele>
      </trkpt>
      <trkpt lat="42.52942494754912" lon="2.4538022124737915">
        <ele>2427</ele>
      </trkpt>
      <trkpt lat="42.52946786191112" lon="2.4537688346366755">
        <ele>2426</ele>
      </trkpt>
      <trkpt lat="42.52952984932291" lon="2.4537631127217412">
        <ele>2425</ele>
      </trkpt>
      <trkpt lat="42.52959469769216" lon="2.4537259202746688">
        <ele>2423</ele>
      </trkpt>
      <trkpt lat="42.52965954606142" lon="2.4536896814800859">
        <ele>2421</ele>
      </trkpt>
      <trkpt lat="42.52976444783521" lon="2.4536467671180793">
        <ele>2418</ele>
      </trkpt>
      <trkpt lat="42.52985695212664" lon="2.4536324623307437">
        <ele>2417</ele>
      </trkpt>
      <trkpt lat="42.52997234407782" lon="2.4536009917986057">
        <ele>2415</ele>
      </trkpt>
      <trkpt lat="42.53008868968148" lon="2.4535695212664677">
        <ele>2412</ele>
      </trkpt>
      <trkpt lat="42.53038146099561" lon="2.4535180240320598">
        <ele>2405</ele>
      </trkpt>
      <trkpt lat="42.53046442876216" lon="2.4534875071524107">
        <ele>2402</ele>
      </trkpt>
      <trkpt lat="42.5305473965287" lon="2.4534579439252506">
        <ele>2400</ele>
      </trkpt>
      <trkpt lat="42.53064943734503" lon="2.4533778371161721">
        <ele>2397</ele>
      </trkpt>
      <trkpt lat="42.53071047110433" lon="2.4533625786763475">
        <ele>2395</ele>
      </trkpt>
      <trkpt lat="42.53077150486363" lon="2.453347320236523">
        <ele>2394</ele>
      </trkpt>
      <trkpt lat="42.53089261872974" lon="2.4532796109098016">
        <ele>2390</ele>
      </trkpt>
      <trkpt lat="42.53101373259585" lon="2.4532128552355692">
        <ele>2386</ele>
      </trkpt>
      <trkpt lat="42.53109479305741" lon="2.4531737554835189">
        <ele>2384</ele>
      </trkpt>
      <trkpt lat="42.53117585351898" lon="2.4531356093839576">
        <ele>2382</ele>
      </trkpt>
      <trkpt lat="42.53124737745566" lon="2.4531317947740012">
        <ele>2381</ele>
      </trkpt>
      <trkpt lat="42.53131985504482" lon="2.4531289338165343">
        <ele>2381</ele>
      </trkpt>
      <trkpt lat="42.53141617394621" lon="2.4530717146671925">
        <ele>2378</ele>
      </trkpt>
      <trkpt lat="42.53151249284761" lon="2.4530154491703393">
        <ele>2376</ele>
      </trkpt>
      <trkpt lat="42.53161930192638" lon="2.4529219912264142">
        <ele>2373</ele>
      </trkpt>
      <trkpt lat="42.53173183292009" lon="2.4528905206942762">
        <ele>2371</ele>
      </trkpt>
      <trkpt lat="42.53184531756628" lon="2.4528590501621381">
        <ele>2367</ele>
      </trkpt>
      <trkpt lat="42.53190253671562" lon="2.4528094602327082">
        <ele>2365</ele>
      </trkpt>
      <trkpt lat="42.5319654777799" lon="2.4527131413313161">
        <ele>2363</ele>
      </trkpt>
      <trkpt lat="42.53205035285142" lon="2.4526082395575224">
        <ele>2360</ele>
      </trkpt>
      <trkpt lat="42.53209994278085" lon="2.4525252717909765">
        <ele>2359</ele>
      </trkpt>
      <trkpt lat="42.53214953271028" lon="2.4524432576769195">
        <ele>2357</ele>
      </trkpt>
      <trkpt lat="42.5321914934198" lon="2.4524318138470513">
        <ele>2357</ele>
      </trkpt>
      <trkpt lat="42.53228876597368" lon="2.4523230974633012">
        <ele>2355</ele>
      </trkpt>
      <trkpt lat="42.53239176044249" lon="2.4523087926759661">
        <ele>2354</ele>
      </trkpt>
      <trkpt lat="42.53246900629411" lon="2.4522658783139595">
        <ele>2354</ele>
      </trkpt>
      <trkpt lat="42.53255197406065" lon="2.4522544344840909">
        <ele>2352</ele>
      </trkpt>
      <trkpt lat="42.53263589547969" lon="2.4522429906542227">
        <ele>2348</ele>
      </trkpt>
      <trkpt lat="42.5327484264734" lon="2.4521237840930934">
        <ele>2343</ele>
      </trkpt>
      <trkpt lat="42.53277989700553" lon="2.4520370017165916">
        <ele>2341</ele>
      </trkpt>
      <trkpt lat="42.5328352088499" lon="2.4519521266450677">
        <ele>2338</ele>
      </trkpt>
      <trkpt lat="42.53289242799924" lon="2.4518415029563396">
        <ele>2336</ele>
      </trkpt>
      <trkpt lat="42.53291531565898" lon="2.451844363913807">
        <ele>2335</ele>
      </trkpt>
      <trkpt lat="42.53291150104902" lon="2.4519454510776444">
        <ele>2336</ele>
      </trkpt>
      <trkpt lat="42.53290864009155" lon="2.4520465382414818">
        <ele>2336</ele>
      </trkpt>
      <trkpt lat="42.5329391569712" lon="2.4521285523555387">
        <ele>2335</ele>
      </trkpt>
      <trkpt lat="42.53296776654587" lon="2.4524184627122048">
        <ele>2335</ele>
      </trkpt>
      <trkpt lat="42.53304787335495" lon="2.4528743086019626">
        <ele>2329</ele>
      </trkpt>
      <trkpt lat="42.53305550257486" lon="2.4529725348083331">
        <ele>2327</ele>
      </trkpt>
      <trkpt lat="42.53306408544726" lon="2.4530707610147031">
        <ele>2326</ele>
      </trkpt>
      <trkpt lat="42.53310509250429" lon="2.4531108144192428">
        <ele>2324</ele>
      </trkpt>
      <trkpt lat="42.5331041388518" lon="2.4531966431432557">
        <ele>2323</ele>
      </trkpt>
      <trkpt lat="42.5331041388518" lon="2.4532834255197575">
        <ele>2322</ele>
      </trkpt>
      <trkpt lat="42.53312035094412" lon="2.4535943162311824">
        <ele>2316</ele>
      </trkpt>
      <trkpt lat="42.53312893381652" lon="2.4539185580774538">
        <ele>2310</ele>
      </trkpt>
      <trkpt lat="42.53312702651154" lon="2.4540244135037361">
        <ele>2308</ele>
      </trkpt>
      <trkpt lat="42.53312511920656" lon="2.4541302689300188">
        <ele>2306</ele>
      </trkpt>
      <trkpt lat="42.53316612626359" lon="2.4541674613770912">
        <ele>2304</ele>
      </trkpt>
      <trkpt lat="42.53323765020027" lon="2.4540711424756991">
        <ele>2302</ele>
      </trkpt>
      <trkpt lat="42.53329677665459" lon="2.4540606522983195">
        <ele>2300</ele>
      </trkpt>
      <trkpt lat="42.53339691016593" lon="2.4539710089643503">
        <ele>2297</ele>
      </trkpt>
      <trkpt lat="42.53349799732977" lon="2.4538823192828705">
        <ele>2294</ele>
      </trkpt>
      <trkpt lat="42.53356952126645" lon="2.4538317757009516">
        <ele>2292</ele>
      </trkpt>
      <trkpt lat="42.53364104520313" lon="2.4537812321190331">
        <ele>2289</ele>
      </trkpt>
      <trkpt lat="42.53366774747282" lon="2.4537182910547566">
        <ele>2288</ele>
      </trkpt>
      <trkpt lat="42.53370589357238" lon="2.4536963570475088">
        <ele>2286</ele>
      </trkpt>
      <trkpt lat="42.53375071523937" lon="2.4536858668701296">
        <ele>2284</ele>
      </trkpt>
      <trkpt lat="42.53378027846653" lon="2.4537621590692522">
        <ele>2283</ele>
      </trkpt>
      <trkpt lat="42.53378218577151" lon="2.4538727827579803">
        <ele>2282</ele>
      </trkpt>
      <trkpt lat="42.53378504672897" lon="2.4539843600991968">
        <ele>2281</ele>
      </trkpt>
      <trkpt lat="42.53377455655159" lon="2.4540854472630342">
        <ele>2281</ele>
      </trkpt>
      <trkpt lat="42.53373259584207" lon="2.4541588785046899">
        <ele>2282</ele>
      </trkpt>
      <trkpt lat="42.53375834445928" lon="2.4542542437535935">
        <ele>2279</ele>
      </trkpt>
      <trkpt lat="42.53374213236697" lon="2.454334350562672">
        <ele>2279</ele>
      </trkpt>
      <trkpt lat="42.53372687392714" lon="2.45441541102424">
        <ele>2278</ele>
      </trkpt>
      <trkpt lat="42.53373259584207" lon="2.454529849322924">
        <ele>2275</ele>
      </trkpt>
      <trkpt lat="42.5337392714095" lon="2.4546452412740969">
        <ele>2273</ele>
      </trkpt>
      <trkpt lat="42.53370970818234" lon="2.4546862483311251">
        <ele>2273</ele>
      </trkpt>
      <trkpt lat="42.53371256913981" lon="2.4547549113103355">
        <ele>2272</ele>
      </trkpt>
      <trkpt lat="42.53371638374976" lon="2.4548235742895459">
        <ele>2270</ele>
      </trkpt>
      <trkpt lat="42.53369349609002" lon="2.4548750715239538">
        <ele>2270</ele>
      </trkpt>
      <trkpt lat="42.53369921800496" lon="2.4549513637230764">
        <ele>2269</ele>
      </trkpt>
      <trkpt lat="42.53362101850086" lon="2.455288956704194">
        <ele>2264</ele>
      </trkpt>
      <trkpt lat="42.53334541293153" lon="2.4560204081632824">
        <ele>2258</ele>
      </trkpt>
      <trkpt lat="42.53334445927904" lon="2.4560938394049381">
        <ele>2256</ele>
      </trkpt>
      <trkpt lat="42.53334445927904" lon="2.4561672706465933">
        <ele>2255</ele>
      </trkpt>
      <trkpt lat="42.53332443257677" lon="2.456242609193227">
        <ele>2254</ele>
      </trkpt>
      <trkpt lat="42.5333044058745" lon="2.4563179477398607">
        <ele>2253</ele>
      </trkpt>
      <trkpt lat="42.53321571619302" lon="2.4565782948693666">
        <ele>2250</ele>
      </trkpt>
      <trkpt lat="42.53317566278848" lon="2.4568529467862081">
        <ele>2244</ele>
      </trkpt>
      <trkpt lat="42.5331711572112" lon="2.4568730170850182">
        <ele>2243</ele>
      </trkpt>
      <trkpt lat="42.5331711572112" lon="2.4568730170850182">
        <ele>2243</ele>
      </trkpt>
      <trkpt lat="42.53317566278848" lon="2.4568529467862081">
        <ele>2244</ele>
      </trkpt>
      <trkpt lat="42.53321571619302" lon="2.4565782948693666">
        <ele>2250</ele>
      </trkpt>
      <trkpt lat="42.5333044058745" lon="2.4563179477398607">
        <ele>2253</ele>
      </trkpt>
      <trkpt lat="42.53332443257677" lon="2.456242609193227">
        <ele>2254</ele>
      </trkpt>
      <trkpt lat="42.53334445927904" lon="2.4561672706465933">
        <ele>2255</ele>
      </trkpt>
      <trkpt lat="42.53334445927904" lon="2.4560938394049381">
        <ele>2256</ele>
      </trkpt>
      <trkpt lat="42.53334541293153" lon="2.4560204081632824">
        <ele>2258</ele>
      </trkpt>
      <trkpt lat="42.53362101850086" lon="2.455288956704194">
        <ele>2264</ele>
      </trkpt>
      <trkpt lat="42.53362101850086" lon="2.455288956704194">
        <ele>2264</ele>
      </trkpt>
      <trkpt lat="42.53386706084303" lon="2.4551268357810585">
        <ele>2259</ele>
      </trkpt>
      <trkpt lat="42.53393381651726" lon="2.4551068090787886">
        <ele>2257</ele>
      </trkpt>
      <trkpt lat="42.53400152584398" lon="2.4550867823765192">
        <ele>2255</ele>
      </trkpt>
      <trkpt lat="42.53404253290101" lon="2.4550963189014094">
        <ele>2254</ele>
      </trkpt>
      <trkpt lat="42.53412263971009" lon="2.4550524508869138">
        <ele>2252</ele>
      </trkpt>
      <trkpt lat="42.53418462712188" lon="2.4550057219149513">
        <ele>2251</ele>
      </trkpt>
      <trkpt lat="42.53424756818615" lon="2.4549599465954777">
        <ele>2249</ele>
      </trkpt>
      <trkpt lat="42.53430955559794" lon="2.4549322906732955">
        <ele>2247</ele>
      </trkpt>
      <trkpt lat="42.53437154300973" lon="2.4549046347511139">
        <ele>2246</ele>
      </trkpt>
      <trkpt lat="42.53445164981881" lon="2.4548016402822981">
        <ele>2244</ele>
      </trkpt>
      <trkpt lat="42.53453175662789" lon="2.4546995994659717">
        <ele>2242</ele>
      </trkpt>
      <trkpt lat="42.5345918367347" lon="2.4545975586496454">
        <ele>2241</ele>
      </trkpt>
      <trkpt lat="42.53465287049399" lon="2.4544964714858075">
        <ele>2239</ele>
      </trkpt>
      <trkpt lat="42.53476730879267" lon="2.4540511157734293">
        <ele>2236</ele>
      </trkpt>
      <trkpt lat="42.53479687201984" lon="2.4539519359145698">
        <ele>2233</ele>
      </trkpt>
      <trkpt lat="42.534826435247" lon="2.4538527560557104">
        <ele>2229</ele>
      </trkpt>
      <trkpt lat="42.534826435247" lon="2.4537612054167632">
        <ele>2228</ele>
      </trkpt>
      <trkpt lat="42.534826435247" lon="2.453670608430305">
        <ele>2227</ele>
      </trkpt>
      <trkpt lat="42.53478733549495" lon="2.4533864199885733">
        <ele>2225</ele>
      </trkpt>
      <trkpt lat="42.53476349418272" lon="2.4532891474346918">
        <ele>2224</ele>
      </trkpt>
      <trkpt lat="42.53473965287049" lon="2.4531928285332993">
        <ele>2223</ele>
      </trkpt>
      <trkpt lat="42.53470341407591" lon="2.4530745756246595">
        <ele>2223</ele>
      </trkpt>
      <trkpt lat="42.53466812893382" lon="2.4529572763685086">
        <ele>2222</ele>
      </trkpt>
      <trkpt lat="42.53461281708945" lon="2.4526673660118425">
        <ele>2219</ele>
      </trkpt>
      <trkpt lat="42.53462426091932" lon="2.4525891665077415">
        <ele>2217</ele>
      </trkpt>
      <trkpt lat="42.53463665840168" lon="2.4525119206561299">
        <ele>2214</ele>
      </trkpt>
      <trkpt lat="42.53479496471486" lon="2.4520293724966793">
        <ele>2205</ele>
      </trkpt>
      <trkpt lat="42.53494087354568" lon="2.4515248903299809">
        <ele>2201</ele>
      </trkpt>
      <trkpt lat="42.53503814609956" lon="2.4514362006485007">
        <ele>2195</ele>
      </trkpt>
      <trkpt lat="42.53531661262636" lon="2.4509937058935893">
        <ele>2177</ele>
      </trkpt>
      <trkpt lat="42.53535189776846" lon="2.4509183673469557">
        <ele>2175</ele>
      </trkpt>
      <trkpt lat="42.53535189776846" lon="2.4508563799351686">
        <ele>2176</ele>
      </trkpt>
      <trkpt lat="42.53535189776846" lon="2.4507953461758705">
        <ele>2176</ele>
      </trkpt>
      <trkpt lat="42.53532710280374" lon="2.450262254434501">
        <ele>2185</ele>
      </trkpt>
      <trkpt lat="42.53537860003815" lon="2.4501420942208831">
        <ele>2183</ele>
      </trkpt>
      <trkpt lat="42.53543105092504" lon="2.4500228876597538">
        <ele>2180</ele>
      </trkpt>
      <trkpt lat="42.535434865535" lon="2.4499580392904998">
        <ele>2181</ele>
      </trkpt>
      <trkpt lat="42.53547777989701" lon="2.4498369254243926">
        <ele>2179</ele>
      </trkpt>
      <trkpt lat="42.5355216479115" lon="2.4497167652107743">
        <ele>2178</ele>
      </trkpt>
      <trkpt lat="42.53560080106809" lon="2.4496147243944479">
        <ele>2174</ele>
      </trkpt>
      <trkpt lat="42.53568376883464" lon="2.4495613198550621">
        <ele>2168</ele>
      </trkpt>
      <trkpt lat="42.53576673660118" lon="2.4495079153156762">
        <ele>2163</ele>
      </trkpt>
      <trkpt lat="42.53585637993515" lon="2.4494430669464218">
        <ele>2158</ele>
      </trkpt>
      <trkpt lat="42.53595365248903" lon="2.4493515163074746">
        <ele>2152</ele>
      </trkpt>
      <trkpt lat="42.5360518786954" lon="2.4492609193210164">
        <ele>2146</ele>
      </trkpt>
      <trkpt lat="42.53611481975968" lon="2.4491693686820692">
        <ele>2143</ele>
      </trkpt>
      <trkpt lat="42.53615391951173" lon="2.4490911691779687">
        <ele>2140</ele>
      </trkpt>
      <trkpt lat="42.53619397291627" lon="2.449013923326357">
        <ele>2137</ele>
      </trkpt>
      <trkpt lat="42.53620541674614" lon="2.4489223726874099">
        <ele>2135</ele>
      </trkpt>
      <trkpt lat="42.53621781422849" lon="2.4488317757009517">
        <ele>2134</ele>
      </trkpt>
      <trkpt lat="42.53617871447645" lon="2.4484455464428931">
        <ele>2137</ele>
      </trkpt>
      <trkpt lat="42.53608334922755" lon="2.4480373831775872">
        <ele>2144</ele>
      </trkpt>
      <trkpt lat="42.53609097844745" lon="2.4479410642761947">
        <ele>2143</ele>
      </trkpt>
      <trkpt lat="42.53609956131986" lon="2.4478447453748027">
        <ele>2141</ele>
      </trkpt>
      <trkpt lat="42.53610074729927" lon="2.4478350419068859">
        <ele>2141</ele>
      </trkpt>
      <trkpt lat="42.53610074729927" lon="2.4478350419068859">
        <ele>2141</ele>
      </trkpt>
      <trkpt lat="42.53613103185199" lon="2.4475872592027637">
        <ele>2137</ele>
      </trkpt>
      <trkpt lat="42.53617013160405" lon="2.447479496471503">
        <ele>2133</ele>
      </trkpt>
      <trkpt lat="42.53621018500858" lon="2.4473726873927313">
        <ele>2130</ele>
      </trkpt>
      <trkpt lat="42.53628075529277" lon="2.4472649246614706">
        <ele>2124</ele>
      </trkpt>
      <trkpt lat="42.53630268930002" lon="2.4471867251573696">
        <ele>2122</ele>
      </trkpt>
      <trkpt lat="42.53632462330727" lon="2.447109479305758">
        <ele>2121</ele>
      </trkpt>
      <trkpt lat="42.53633606713714" lon="2.4470236505817451">
        <ele>2120</ele>
      </trkpt>
      <trkpt lat="42.53634846461949" lon="2.4469378218577322">
        <ele>2119</ele>
      </trkpt>
      <trkpt lat="42.53639328628648" lon="2.4468558077436753">
        <ele>2116</ele>
      </trkpt>
      <trkpt lat="42.53640377646386" lon="2.4467451840549472">
        <ele>2116</ele>
      </trkpt>
      <trkpt lat="42.53648292962045" lon="2.4466593553309344">
        <ele>2109</ele>
      </trkpt>
      <trkpt lat="42.53656208277704" lon="2.4465735266069215">
        <ele>2104</ele>
      </trkpt>
      <trkpt lat="42.53661262635896" lon="2.4464819759679743">
        <ele>2101</ele>
      </trkpt>
      <trkpt lat="42.53666793820332" lon="2.4463961472439615">
        <ele>2097</ele>
      </trkpt>
      <trkpt lat="42.53672420370017" lon="2.4463103185199482">
        <ele>2094</ele>
      </trkpt>
      <trkpt lat="42.53675948884226" lon="2.4462082777036218">
        <ele>2093</ele>
      </trkpt>
      <trkpt lat="42.53679477398436" lon="2.4461062368872954">
        <ele>2092</ele>
      </trkpt>
      <trkpt lat="42.53678333015449" lon="2.4459994278085238">
        <ele>2094</ele>
      </trkpt>
      <trkpt lat="42.53675376692733" lon="2.4459336257867803">
        <ele>2097</ele>
      </trkpt>
      <trkpt lat="42.53672515735266" lon="2.4458687774175263">
        <ele>2100</ele>
      </trkpt>
      <trkpt lat="42.53669654777799" lon="2.4457543391188423">
        <ele>2102</ele>
      </trkpt>
      <trkpt lat="42.53666793820332" lon="2.4456399008201584">
        <ele>2103</ele>
      </trkpt>
      <trkpt lat="42.53667938203318" lon="2.4455674232309916">
        <ele>2102</ele>
      </trkpt>
      <trkpt lat="42.53669177951554" lon="2.4454949456418253">
        <ele>2100</ele>
      </trkpt>
      <trkpt lat="42.53669177951554" lon="2.4454253290101255">
        <ele>2099</ele>
      </trkpt>
      <trkpt lat="42.53669177951554" lon="2.4453557123784262">
        <ele>2099</ele>
      </trkpt>
      <trkpt lat="42.53668796490559" lon="2.4452431813847206">
        <ele>2098</ele>
      </trkpt>
      <trkpt lat="42.53668415029563" lon="2.4451306503910146">
        <ele>2098</ele>
      </trkpt>
      <trkpt lat="42.53666793820332" lon="2.4450495899294467">
        <ele>2098</ele>
      </trkpt>
      <trkpt lat="42.53665267976349" lon="2.4449694831203681">
        <ele>2098</ele>
      </trkpt>
      <trkpt lat="42.53676330345223" lon="2.4444754911310489">
        <ele>2080</ele>
      </trkpt>
      <trkpt lat="42.53678619111196" lon="2.4444058744993495">
        <ele>2077</ele>
      </trkpt>
      <trkpt lat="42.5368090787717" lon="2.4443362578676502">
        <ele>2074</ele>
      </trkpt>
      <trkpt lat="42.5368262445165" lon="2.4442504291436373">
        <ele>2071</ele>
      </trkpt>
      <trkpt lat="42.5368691588785" lon="2.4441808125119375">
        <ele>2068</ele>
      </trkpt>
      <trkpt lat="42.536913026893" lon="2.4441111958802382">
        <ele>2064</ele>
      </trkpt>
      <trkpt lat="42.5370522601564" lon="2.4438298683959734">
        <ele>2054</ele>
      </trkpt>
      <trkpt lat="42.53708277703605" lon="2.4437345031470703">
        <ele>2052</ele>
      </trkpt>
      <trkpt lat="42.5371132939157" lon="2.4436391378981668">
        <ele>2050</ele>
      </trkpt>
      <trkpt lat="42.53711901583063" lon="2.4435714285714458">
        <ele>2050</ele>
      </trkpt>
      <trkpt lat="42.53703414075911" lon="2.4434913217623668">
        <ele>2052</ele>
      </trkpt>
      <trkpt lat="42.536913026893" lon="2.4434560366202724">
        <ele>2056</ele>
      </trkpt>
      <trkpt lat="42.53683387373641" lon="2.4434131222582662">
        <ele>2057</ele>
      </trkpt>
      <trkpt lat="42.53675567423231" lon="2.4433711615487486">
        <ele>2059</ele>
      </trkpt>
      <trkpt lat="42.53667652107572" lon="2.4433063131794945">
        <ele>2059</ele>
      </trkpt>
      <trkpt lat="42.53659736791913" lon="2.443242418462729">
        <ele>2058</ele>
      </trkpt>
      <trkpt lat="42.53649818806027" lon="2.4431880602708542">
        <ele>2056</ele>
      </trkpt>
      <trkpt lat="42.5363999618539" lon="2.4431346557314684">
        <ele>2055</ele>
      </trkpt>
      <trkpt lat="42.536304596605" lon="2.4430593171848347">
        <ele>2052</ele>
      </trkpt>
      <trkpt lat="42.53623879458326" lon="2.4430364295250979">
        <ele>2052</ele>
      </trkpt>
      <trkpt lat="42.536173946214" lon="2.4430135418653611">
        <ele>2052</ele>
      </trkpt>
      <trkpt lat="42.53611100514973" lon="2.4429610909784647">
        <ele>2050</ele>
      </trkpt>
      <trkpt lat="42.53604806408545" lon="2.4429095937440568">
        <ele>2048</ele>
      </trkpt>
      <trkpt lat="42.53597272553881" lon="2.4428609574671158">
        <ele>2047</ele>
      </trkpt>
      <trkpt lat="42.53589738699218" lon="2.4428132748426643">
        <ele>2046</ele>
      </trkpt>
      <trkpt lat="42.53581251192066" lon="2.4427322143810968">
        <ele>2043</ele>
      </trkpt>
      <trkpt lat="42.53571142475682" lon="2.4426683196643313">
        <ele>2042</ele>
      </trkpt>
      <trkpt lat="42.535608430288" lon="2.4425843982452964">
        <ele>2039</ele>
      </trkpt>
      <trkpt lat="42.53550638947168" lon="2.4425014304787505">
        <ele>2037</ele>
      </trkpt>
      <trkpt lat="42.535434865535" lon="2.4424527942018099">
        <ele>2035</ele>
      </trkpt>
      <trkpt lat="42.53536429525081" lon="2.4424051115773584">
        <ele>2034</ele>
      </trkpt>
      <trkpt lat="42.53532424184628" lon="2.4423402632081039">
        <ele>2032</ele>
      </trkpt>
      <trkpt lat="42.53528514209422" lon="2.4422763684913389">
        <ele>2029</ele>
      </trkpt>
      <trkpt lat="42.5351478161358" lon="2.4420226969292562">
        <ele>2021</ele>
      </trkpt>
      <trkpt lat="42.53507533854663" lon="2.4419502193400895">
        <ele>2019</ele>
      </trkpt>
      <trkpt lat="42.53503623879458" lon="2.4418710661834999">
        <ele>2017</ele>
      </trkpt>
      <trkpt lat="42.53497043677284" lon="2.4418071714667344">
        <ele>2016</ele>
      </trkpt>
      <trkpt lat="42.53497615868778" lon="2.441755674232327">
        <ele>2014</ele>
      </trkpt>
      <trkpt lat="42.53501239748236" lon="2.441643143238621">
        <ele>2009</ele>
      </trkpt>
      <trkpt lat="42.5349828342552" lon="2.4415439633797615">
        <ele>2008</ele>
      </trkpt>
      <trkpt lat="42.53495327102804" lon="2.4414457371733911">
        <ele>2006</ele>
      </trkpt>
      <trkpt lat="42.53495899294298" lon="2.4413541865344439">
        <ele>2004</ele>
      </trkpt>
      <trkpt lat="42.53496471485791" lon="2.4412626358954967">
        <ele>2002</ele>
      </trkpt>
      <trkpt lat="42.53495708563799" lon="2.440978447453765">
        <ele>1995</ele>
      </trkpt>
      <trkpt lat="42.53496662216288" lon="2.4408945260347301">
        <ele>1993</ele>
      </trkpt>
      <trkpt lat="42.53497711234026" lon="2.4408106046156952">
        <ele>1991</ele>
      </trkpt>
      <trkpt lat="42.53499046347511" lon="2.4407390806790175">
        <ele>1991</ele>
      </trkpt>
      <trkpt lat="42.53500381460996" lon="2.4406675567423401">
        <ele>1990</ele>
      </trkpt>
      <trkpt lat="42.53501049017738" lon="2.4405788670608599">
        <ele>1989</ele>
      </trkpt>
      <trkpt lat="42.53501811939729" lon="2.4404901773793801">
        <ele>1988</ele>
      </trkpt>
      <trkpt lat="42.53500667556742" lon="2.4404043486553673">
        <ele>1988</ele>
      </trkpt>
      <trkpt lat="42.53504005340454" lon="2.4403061224489968">
        <ele>1985</ele>
      </trkpt>
      <trkpt lat="42.53504482166699" lon="2.4402155254625386">
        <ele>1984</ele>
      </trkpt>
      <trkpt lat="42.53506484836925" lon="2.4401192065611461">
        <ele>1982</ele>
      </trkpt>
      <trkpt lat="42.53507438489414" lon="2.4400000000000173">
        <ele>1981</ele>
      </trkpt>
      <trkpt lat="42.53507438489414" lon="2.4400000000000066">
        <ele>1981</ele>
      </trkpt>
      <trkpt lat="42.53511539195117" lon="2.4395136372306001">
        <ele>1967</ele>
      </trkpt>
      <trkpt lat="42.53515449170322" lon="2.4394449742513897">
        <ele>1963</ele>
      </trkpt>
      <trkpt lat="42.53516688918558" lon="2.4393524699599536">
        <ele>1960</ele>
      </trkpt>
      <trkpt lat="42.53520598893763" lon="2.4391541102422347">
        <ele>1954</ele>
      </trkpt>
      <trkpt lat="42.53523745946977" lon="2.4389500286095815">
        <ele>1946</ele>
      </trkpt>
      <trkpt lat="42.53519931337021" lon="2.438822239176051">
        <ele>1944</ele>
      </trkpt>
      <trkpt lat="42.53515830631318" lon="2.4386181575433978">
        <ele>1940</ele>
      </trkpt>
      <trkpt lat="42.53516593553309" lon="2.438532328819385">
        <ele>1937</ele>
      </trkpt>
      <trkpt lat="42.53541960709518" lon="2.4386496280755363">
        <ele>1931</ele>
      </trkpt>
      <trkpt lat="42.53540339500286" lon="2.4384035857333655">
        <ele>1925</ele>
      </trkpt>
      <trkpt lat="42.53535189776846" lon="2.4381537287812391">
        <ele>1919</ele>
      </trkpt>
      <trkpt lat="42.53534045393859" lon="2.4379525081060529">
        <ele>1913</ele>
      </trkpt>
      <trkpt lat="42.53537955369064" lon="2.4379095937440467">
        <ele>1911</ele>
      </trkpt>
      <trkpt lat="42.53537955369064" lon="2.4377274461186413">
        <ele>1905</ele>
      </trkpt>
      <trkpt lat="42.53532424184628" lon="2.4376196833873807">
        <ele>1903</ele>
      </trkpt>
      <trkpt lat="42.53536429525081" lon="2.4374480259393545">
        <ele>1896</ele>
      </trkpt>
      <trkpt lat="42.53545107762731" lon="2.4374594697692231">
        <ele>1895</ele>
      </trkpt>
      <trkpt lat="42.53545107762731" lon="2.4372124737745633">
        <ele>1884</ele>
      </trkpt>
      <trkpt lat="42.53562464238032" lon="2.4370303261491579">
        <ele>1875</ele>
      </trkpt>
      <trkpt lat="42.53577531947359" lon="2.4372229639519429">
        <ele>1881</ele>
      </trkpt>
      <trkpt lat="42.53582204844555" lon="2.4371800495899363">
        <ele>1879</ele>
      </trkpt>
      <trkpt lat="42.53588594316231" lon="2.4372763684913288">
        <ele>1879</ele>
      </trkpt>
      <trkpt lat="42.53591741369445" lon="2.4370513065039168">
        <ele>1869</ele>
      </trkpt>
      <trkpt lat="42.53613103185199" lon="2.4375023841312293">
        <ele>1870</ele>
      </trkpt>
      <trkpt lat="42.53615487316422" lon="2.4371371352279296">
        <ele>1858</ele>
      </trkpt>
      <trkpt lat="42.53612244897959" lon="2.4368472248712636">
        <ele>1852</ele>
      </trkpt>
      <trkpt lat="42.53621018500858" lon="2.4366326530612312">
        <ele>1841</ele>
      </trkpt>
      <trkpt lat="42.53621018500858" lon="2.436364676711813">
        <ele>1829</ele>
      </trkpt>
      <trkpt lat="42.53626549685295" lon="2.4361501049017806">
        <ele>1819</ele>
      </trkpt>
      <trkpt lat="42.53637612054168" lon="2.4363751668891922">
        <ele>1824</ele>
      </trkpt>
      <trkpt lat="42.53642380316613" lon="2.4362578676330413">
        <ele>1819</ele>
      </trkpt>
      <trkpt lat="42.53651058554263" lon="2.4359784474537545">
        <ele>1808</ele>
      </trkpt>
      <trkpt lat="42.53662120923136" lon="2.436074766355147">
        <ele>1808</ele>
      </trkpt>
      <trkpt lat="42.53677665458707" lon="2.435587449933251">
        <ele>1788</ele>
      </trkpt>
      <trkpt lat="42.53694068281519" lon="2.4352298302498636">
        <ele>1771</ele>
      </trkpt>
      <trkpt lat="42.53709708182338" lon="2.4345651344650077">
        <ele>1756</ele>
      </trkpt>
      <trkpt lat="42.53725824909403" lon="2.4341464810223221">
        <ele>1750</ele>
      </trkpt>
      <trkpt lat="42.53725824909403" lon="2.4341464810223221">
        <ele>1750</ele>
      </trkpt>
      <trkpt lat="42.53724871256914" lon="2.4338022124737813">
        <ele>1743</ele>
      </trkpt>
      <trkpt lat="42.53721819568949" lon="2.4337240129696807">
        <ele>1742</ele>
      </trkpt>
      <trkpt lat="42.53718863246233" lon="2.433646767118069">
        <ele>1740</ele>
      </trkpt>
      <trkpt lat="42.53710566469579" lon="2.4335657066565011">
        <ele>1739</ele>
      </trkpt>
      <trkpt lat="42.53702269692924" lon="2.4334846461949335">
        <ele>1736</ele>
      </trkpt>
      <trkpt lat="42.53694163646767" lon="2.433421705130657">
        <ele>1734</ele>
      </trkpt>
      <trkpt lat="42.53690349036811" lon="2.4334140759107448">
        <ele>1734</ele>
      </trkpt>
      <trkpt lat="42.53686248331108" lon="2.4334236124356354">
        <ele>1734</ele>
      </trkpt>
      <trkpt lat="42.53679572763685" lon="2.4334827388899551">
        <ele>1736</ele>
      </trkpt>
      <trkpt lat="42.53674995231738" lon="2.4335504482166765">
        <ele>1737</ele>
      </trkpt>
      <trkpt lat="42.53672515735266" lon="2.4336124356284636">
        <ele>1739</ele>
      </trkpt>
      <trkpt lat="42.53670036238795" lon="2.4336753766927401">
        <ele>1741</ele>
      </trkpt>
      <trkpt lat="42.53667461377074" lon="2.4337964905588474">
        <ele>1746</ele>
      </trkpt>
      <trkpt lat="42.53664981880603" lon="2.4339176044249542">
        <ele>1749</ele>
      </trkpt>
      <trkpt lat="42.53660595079153" lon="2.4340072477589234">
        <ele>1750</ele>
      </trkpt>
      <trkpt lat="42.53656780469197" lon="2.4340701888231995">
        <ele>1750</ele>
      </trkpt>
      <trkpt lat="42.53652965859241" lon="2.434133129887476">
        <ele>1751</ele>
      </trkpt>
      <trkpt lat="42.53648483692542" lon="2.4342351707038024">
        <ele>1752</ele>
      </trkpt>
      <trkpt lat="42.53644001525844" lon="2.4343372115201287">
        <ele>1753</ele>
      </trkpt>
      <trkpt lat="42.53638184245661" lon="2.4344192256341857">
        <ele>1753</ele>
      </trkpt>
      <trkpt lat="42.53632366965478" lon="2.4345012397482426">
        <ele>1754</ele>
      </trkpt>
      <trkpt lat="42.53604138851802" lon="2.4349580392904895">
        <ele>1763</ele>
      </trkpt>
      <trkpt lat="42.53576387564372" lon="2.4351678428380765">
        <ele>1770</ele>
      </trkpt>
      <trkpt lat="42.53547777989701" lon="2.4352479496471555">
        <ele>1771</ele>
      </trkpt>
      <trkpt lat="42.53500762921991" lon="2.4351926378027913">
        <ele>1761</ele>
      </trkpt>
      <trkpt lat="42.53490654205608" lon="2.4351926378027913">
        <ele>1759</ele>
      </trkpt>
      <trkpt lat="42.53480640854472" lon="2.4351926378027913">
        <ele>1756</ele>
      </trkpt>
      <trkpt lat="42.53468910928858" lon="2.4352202937249734">
        <ele>1755</ele>
      </trkpt>
      <trkpt lat="42.5346261682243" lon="2.4352441350371992">
        <ele>1755</ele>
      </trkpt>
      <trkpt lat="42.53456418081252" lon="2.4352689300019139">
        <ele>1756</ele>
      </trkpt>
      <trkpt lat="42.5344955178333" lon="2.435267022696936">
        <ele>1754</ele>
      </trkpt>
      <trkpt lat="42.53418367346939" lon="2.4354472630173634">
        <ele>1760</ele>
      </trkpt>
      <trkpt lat="42.53406542056075" lon="2.4354873164219026">
        <ele>1758</ele>
      </trkpt>
      <trkpt lat="42.53380316612626" lon="2.4354987602517713">
        <ele>1748</ele>
      </trkpt>
      <trkpt lat="42.53374976158688" lon="2.4355311844363983">
        <ele>1747</ele>
      </trkpt>
      <trkpt lat="42.53367919130269" lon="2.4355941255006743">
        <ele>1748</ele>
      </trkpt>
      <trkpt lat="42.53360957467099" lon="2.4356570665649504">
        <ele>1748</ele>
      </trkpt>
      <trkpt lat="42.53349513637231" lon="2.4357171466717595">
        <ele>1746</ele>
      </trkpt>
      <trkpt lat="42.53343887087546" lon="2.4357686439061674">
        <ele>1746</ele>
      </trkpt>
      <trkpt lat="42.53341026130078" lon="2.4358535189776913">
        <ele>1748</ele>
      </trkpt>
      <trkpt lat="42.53338165172611" lon="2.4359393477017042">
        <ele>1750</ele>
      </trkpt>
      <trkpt lat="42.53335208849895" lon="2.4360547396528771">
        <ele>1754</ele>
      </trkpt>
      <trkpt lat="42.53332252527179" lon="2.4361710852565395">
        <ele>1757</ele>
      </trkpt>
      <trkpt lat="42.53329010108717" lon="2.4362769406828222">
        <ele>1761</ele>
      </trkpt>
      <trkpt lat="42.53325863055503" lon="2.4363837497615939">
        <ele>1765</ele>
      </trkpt>
      <trkpt lat="42.53320427236315" lon="2.436477207705519">
        <ele>1768</ele>
      </trkpt>
      <trkpt lat="42.53314991417128" lon="2.4365716193019331">
        <ele>1771</ele>
      </trkpt>
      <trkpt lat="42.53303452222011" lon="2.4368996757581605">
        <ele>1784</ele>
      </trkpt>
      <trkpt lat="42.53300591264544" lon="2.4369397291626997">
        <ele>1786</ele>
      </trkpt>
      <trkpt lat="42.53297539576578" lon="2.4369540339500353">
        <ele>1786</ele>
      </trkpt>
      <trkpt lat="42.53288098416937" lon="2.4368510394812199">
        <ele>1780</ele>
      </trkpt>
      <trkpt lat="42.53278752622545" lon="2.4367489986648931">
        <ele>1775</ele>
      </trkpt>
      <trkpt lat="42.53270551211138" lon="2.4367089452603539">
        <ele>1772</ele>
      </trkpt>
      <trkpt lat="42.53262349799733" lon="2.4366698455083036">
        <ele>1769</ele>
      </trkpt>
      <trkpt lat="42.5325567423231" lon="2.4366297921037643">
        <ele>1766</ele>
      </trkpt>
      <trkpt lat="42.53249094030136" lon="2.436590692351714">
        <ele>1763</ele>
      </trkpt>
      <trkpt lat="42.53241083349228" lon="2.4365573145145976">
        <ele>1764</ele>
      </trkpt>
      <trkpt lat="42.53235456799543" lon="2.436478161358008">
        <ele>1761</ele>
      </trkpt>
      <trkpt lat="42.53232595842075" lon="2.4362159069235241">
        <ele>1748</ele>
      </trkpt>
      <trkpt lat="42.53228018310128" lon="2.4361272172420438">
        <ele>1744</ele>
      </trkpt>
      <trkpt lat="42.53216193019264" lon="2.4360175472058052">
        <ele>1741</ele>
      </trkpt>
      <trkpt lat="42.532043677284" lon="2.4359078771695661">
        <ele>1739</ele>
      </trkpt>
      <trkpt lat="42.53199027274461" lon="2.4358439824528011">
        <ele>1737</ele>
      </trkpt>
      <trkpt lat="42.53193782185772" lon="2.4357800877360356">
        <ele>1735</ele>
      </trkpt>
      <trkpt lat="42.53189872210567" lon="2.4357524318138539">
        <ele>1734</ele>
      </trkpt>
      <trkpt lat="42.53187201983597" lon="2.4357524318138539">
        <ele>1735</ele>
      </trkpt>
      <trkpt lat="42.5318262445165" lon="2.435781041388525">
        <ele>1738</ele>
      </trkpt>
      <trkpt lat="42.53176139614725" lon="2.4358382605378668">
        <ele>1743</ele>
      </trkpt>
      <trkpt lat="42.53166412359337" lon="2.4359050162120992">
        <ele>1749</ele>
      </trkpt>
      <trkpt lat="42.5316002288766" lon="2.4359336257867703">
        <ele>1753</ele>
      </trkpt>
      <trkpt lat="42.53153728781232" lon="2.4359631890139299">
        <ele>1757</ele>
      </trkpt>
      <trkpt lat="42.53147148579058" lon="2.4359631890139299">
        <ele>1760</ele>
      </trkpt>
      <trkpt lat="42.53139042532901" lon="2.4359364867442372">
        <ele>1762</ele>
      </trkpt>
      <trkpt lat="42.53131127217242" lon="2.4358754529849391">
        <ele>1762</ele>
      </trkpt>
      <trkpt lat="42.53124833110815" lon="2.4357591073812772">
        <ele>1758</ele>
      </trkpt>
      <trkpt lat="42.53118634369635" lon="2.4356427617776149">
        <ele>1755</ele>
      </trkpt>
      <trkpt lat="42.53111672706466" lon="2.4355264161739529">
        <ele>1753</ele>
      </trkpt>
      <trkpt lat="42.53104711043296" lon="2.43541102422278">
        <ele>1750</ele>
      </trkpt>
      <trkpt lat="42.53098416936869" lon="2.4353375929811243">
        <ele>1750</ele>
      </trkpt>
      <trkpt lat="42.53092122830441" lon="2.435265115391958">
        <ele>1750</ele>
      </trkpt>
      <trkpt lat="42.53083730688537" lon="2.4351583063131863">
        <ele>1749</ele>
      </trkpt>
      <trkpt lat="42.53075338546634" lon="2.4350514972344146">
        <ele>1745</ele>
      </trkpt>
      <trkpt lat="42.53072477589166" lon="2.434972344077825">
        <ele>1741</ele>
      </trkpt>
      <trkpt lat="42.53069711996948" lon="2.434894144573724">
        <ele>1737</ele>
      </trkpt>
      <trkpt lat="42.53067309305182" lon="2.4348533716225496">
        <ele>1735</ele>
      </trkpt>
      <trkpt lat="42.53067309305182" lon="2.4348533716225496">
        <ele>1735</ele>
      </trkpt>
      <trkpt lat="42.53065877649226" lon="2.4348379686855139">
        <ele>1735</ele>
      </trkpt>
      <trkpt lat="42.53065877649226" lon="2.4348379686855139">
        <ele>1735</ele>
      </trkpt>
      <trkpt lat="42.53060652298303" lon="2.4348168987221124">
        <ele>1733</ele>
      </trkpt>
      <trkpt lat="42.53054167461377" lon="2.4348245279420246">
        <ele>1734</ele>
      </trkpt>
      <trkpt lat="42.53047682624452" lon="2.4348331108144259">
        <ele>1734</ele>
      </trkpt>
      <trkpt lat="42.53038336830059" lon="2.4348664886515423">
        <ele>1735</ele>
      </trkpt>
      <trkpt lat="42.53008868968148" lon="2.4350419607095244">
        <ele>1742</ele>
      </trkpt>
      <trkpt lat="42.5300171657448" lon="2.4351077627312674">
        <ele>1745</ele>
      </trkpt>
      <trkpt lat="42.52993515163075" lon="2.4352031279801709">
        <ele>1747</ele>
      </trkpt>
      <trkpt lat="42.52987888613389" lon="2.4352918176616507">
        <ele>1748</ele>
      </trkpt>
      <trkpt lat="42.52982262063704" lon="2.4353814609956199">
        <ele>1749</ele>
      </trkpt>
      <trkpt lat="42.52979019645242" lon="2.4353909975205101">
        <ele>1748</ele>
      </trkpt>
      <trkpt lat="42.52979019645242" lon="2.4353909975205101">
        <ele>1748</ele>
      </trkpt>
      <trkpt lat="42.52975586496281" lon="2.435491131031859">
        <ele>1751</ele>
      </trkpt>
      <trkpt lat="42.52967766545871" lon="2.4356008010680976">
        <ele>1752</ele>
      </trkpt>
      <trkpt lat="42.5296004196071" lon="2.4357104711043362">
        <ele>1752</ele>
      </trkpt>
      <trkpt lat="42.52952126645051" lon="2.4357982071333275">
        <ele>1752</ele>
      </trkpt>
      <trkpt lat="42.52945560243733" lon="2.4358709913407006">
        <ele>1751</ele>
      </trkpt>
      <trkpt lat="42.52945560243733" lon="2.4358709913407006">
        <ele>1751</ele>
      </trkpt>
      <trkpt lat="42.52944211329392" lon="2.4358859431623183">
        <ele>1751</ele>
      </trkpt>
      <trkpt lat="42.52923326339882" lon="2.4361663169940941">
        <ele>1755</ele>
      </trkpt>
      <trkpt lat="42.52920274651917" lon="2.4362635895479756">
        <ele>1758</ele>
      </trkpt>
      <trkpt lat="42.52917318329201" lon="2.4363608621018571">
        <ele>1762</ele>
      </trkpt>
      <trkpt lat="42.52913122258249" lon="2.4364485981308479">
        <ele>1766</ele>
      </trkpt>
      <trkpt lat="42.52909021552546" lon="2.4365372878123281">
        <ele>1770</ele>
      </trkpt>
      <trkpt lat="42.52900438680145" lon="2.4365802021743344">
        <ele>1771</ele>
      </trkpt>
      <trkpt lat="42.52891855807744" lon="2.436623116536341">
        <ele>1771</ele>
      </trkpt>
      <trkpt lat="42.52845412931528" lon="2.4368291054739721">
        <ele>1770</ele>
      </trkpt>
      <trkpt lat="42.52835971771886" lon="2.4368891855807813">
        <ele>1771</ele>
      </trkpt>
      <trkpt lat="42.52826625977494" lon="2.4369492656875904">
        <ele>1772</ele>
      </trkpt>
      <trkpt lat="42.52821953080298" lon="2.4370522601564057">
        <ele>1776</ele>
      </trkpt>
      <trkpt lat="42.52817280183101" lon="2.4371552546252215">
        <ele>1780</ele>
      </trkpt>
      <trkpt lat="42.52814419225634" lon="2.4372410833492344">
        <ele>1784</ele>
      </trkpt>
      <trkpt lat="42.52811653633416" lon="2.4373278657257362">
        <ele>1787</ele>
      </trkpt>
      <trkpt lat="42.52805073431242" lon="2.4374070188823262">
        <ele>1789</ele>
      </trkpt>
      <trkpt lat="42.52798588594317" lon="2.4374861720389158">
        <ele>1790</ele>
      </trkpt>
      <trkpt lat="42.52790864009155" lon="2.4375109670036306">
        <ele>1789</ele>
      </trkpt>
      <trkpt lat="42.52787907686439" lon="2.4375834445927973">
        <ele>1791</ele>
      </trkpt>
      <trkpt lat="42.52783044058745" lon="2.4376482929620513">
        <ele>1792</ele>
      </trkpt>
      <trkpt lat="42.52778180431051" lon="2.4377140949837948">
        <ele>1794</ele>
      </trkpt>
      <trkpt lat="42.52780373831776" lon="2.4382338355903177">
        <ele>1814</ele>
      </trkpt>
      <trkpt lat="42.5277999237078" lon="2.4383063131794844">
        <ele>1816</ele>
      </trkpt>
      <trkpt lat="42.52779610909785" lon="2.4383797444211397">
        <ele>1818</ele>
      </trkpt>
      <trkpt lat="42.52781232119016" lon="2.4383826053786071">
        <ele>1819</ele>
      </trkpt>
      <trkpt lat="42.5279477398436" lon="2.4380888804119847">
        <ele>1811</ele>
      </trkpt>
      <trkpt lat="42.52798683959566" lon="2.4380230783902412">
        <ele>1809</ele>
      </trkpt>
      <trkpt lat="42.52800781995041" lon="2.4380116345603731">
        <ele>1809</ele>
      </trkpt>
      <trkpt lat="42.52802880030517" lon="2.4380106809078841">
        <ele>1809</ele>
      </trkpt>
      <trkpt lat="42.52807362197215" lon="2.4380726683196712">
        <ele>1812</ele>
      </trkpt>
      <trkpt lat="42.52811939729163" lon="2.4381346557314583">
        <ele>1815</ele>
      </trkpt>
      <trkpt lat="42.52818901392332" lon="2.4381708945260416">
        <ele>1818</ele>
      </trkpt>
      <trkpt lat="42.52827102803739" lon="2.4381756627884865">
        <ele>1819</ele>
      </trkpt>
      <trkpt lat="42.52835876406638" lon="2.4381031851993202">
        <ele>1819</ele>
      </trkpt>
      <trkpt lat="42.52844650009536" lon="2.4380316612626429">
        <ele>1820</ele>
      </trkpt>
      <trkpt lat="42.52852851420943" lon="2.4379935151630816">
        <ele>1821</ele>
      </trkpt>
      <trkpt lat="42.52861148197597" lon="2.4379563227160093">
        <ele>1823</ele>
      </trkpt>
      <trkpt lat="42.5286782376502" lon="2.4379973297730375">
        <ele>1827</ele>
      </trkpt>
      <trkpt lat="42.52846175853519" lon="2.4390129696738576">
        <ele>1846</ele>
      </trkpt>
      <trkpt lat="42.5284350562655" lon="2.4394287621590762">
        <ele>1855</ele>
      </trkpt>
      <trkpt lat="42.52843060396884" lon="2.4398097515451869">
        <ele>1863</ele>
      </trkpt>
      <trkpt lat="42.52843060396884" lon="2.4398097515451869">
        <ele>1863</ele>
      </trkpt>
      <trkpt lat="42.52842838069807" lon="2.4400000000000066">
        <ele>1867</ele>
      </trkpt>
      <trkpt lat="42.52842838069807" lon="2.4400000000000173">
        <ele>1867</ele>
      </trkpt>
      <trkpt lat="42.52842768494123" lon="2.4400368751127792">
        <ele>1868</ele>
      </trkpt>
      <trkpt lat="42.52842768494123" lon="2.4400368751127792">
        <ele>1868</ele>
      </trkpt>
      <trkpt lat="42.52842742704559" lon="2.4400505435819357">
        <ele>1869</ele>
      </trkpt>
      <trkpt lat="42.52843887087545" lon="2.440106809078789">
        <ele>1871</ele>
      </trkpt>
      <trkpt lat="42.5284960900248" lon="2.4400696166317166">
        <ele>1873</ele>
      </trkpt>
      <trkpt lat="42.52857619683387" lon="2.4400000000000173">
        <ele>1875</ele>
      </trkpt>
      <trkpt lat="42.52857619683387" lon="2.4400000000000066">
        <ele>1875</ele>
      </trkpt>
      <trkpt lat="42.52868205226016" lon="2.4399046347511035">
        <ele>1878</ele>
      </trkpt>
      <trkpt lat="42.52866584016785" lon="2.4400000000000066">
        <ele>1879</ele>
      </trkpt>
      <trkpt lat="42.52866584016785" lon="2.4400000000000173">
        <ele>1879</ele>
      </trkpt>
      <trkpt lat="42.52866464633006" lon="2.4400083351583342">
        <ele>1880</ele>
      </trkpt>
      <trkpt lat="42.52866464633006" lon="2.4400083351583342">
        <ele>1880</ele>
      </trkpt>
      <trkpt lat="42.52861338928095" lon="2.4403662025558059">
        <ele>1887</ele>
      </trkpt>
      <trkpt lat="42.52861148197597" lon="2.4404329582300379">
        <ele>1889</ele>
      </trkpt>
      <trkpt lat="42.52860957467099" lon="2.4405006675567593">
        <ele>1891</ele>
      </trkpt>
      <trkpt lat="42.5286267404158" lon="2.4405845889757942">
        <ele>1894</ele>
      </trkpt>
      <trkpt lat="42.52865344268549" lon="2.4406551592599826">
        <ele>1897</ele>
      </trkpt>
      <trkpt lat="42.52864867442304" lon="2.440686629792121">
        <ele>1897</ele>
      </trkpt>
      <trkpt lat="42.52862039292062" lon="2.4407417424635227">
        <ele>1898</ele>
      </trkpt>
      <trkpt lat="42.52862039290288" lon="2.4407417424980826">
        <ele>1898</ele>
      </trkpt>
      <trkpt lat="42.52861148197597" lon="2.4407591073812873">
        <ele>1898</ele>
      </trkpt>
      <trkpt lat="42.52859622353615" lon="2.440832538622943">
        <ele>1899</ele>
      </trkpt>
      <trkpt lat="42.52854091169178" lon="2.4409050162121093">
        <ele>1899</ele>
      </trkpt>
      <trkpt lat="42.52852374594698" lon="2.4409755864962976">
        <ele>1900</ele>
      </trkpt>
      <trkpt lat="42.52851679952641" lon="2.4410225769883858">
        <ele>1901</ele>
      </trkpt>
      <trkpt lat="42.52851679952641" lon="2.4410225769883858">
        <ele>1901</ele>
      </trkpt>
      <trkpt lat="42.52850753385466" lon="2.4410852565325367">
        <ele>1902</ele>
      </trkpt>
      <trkpt lat="42.52847987793248" lon="2.4411615487316594">
        <ele>1903</ele>
      </trkpt>
      <trkpt lat="42.52845412931528" lon="2.4412798016402992">
        <ele>1905</ele>
      </trkpt>
      <trkpt lat="42.52842838069807" lon="2.4413980545489395">
        <ele>1907</ele>
      </trkpt>
      <trkpt lat="42.52836925424376" lon="2.4414905588403757">
        <ele>1907</ele>
      </trkpt>
      <trkpt lat="42.52829868395957" lon="2.4413875643715599">
        <ele>1903</ele>
      </trkpt>
      <trkpt lat="42.52824051115773" lon="2.4409135990845106">
        <ele>1891</ele>
      </trkpt>
      <trkpt lat="42.52819378218577" lon="2.4408106046156952">
        <ele>1888</ele>
      </trkpt>
      <trkpt lat="42.5281565897387" lon="2.4407867633034694">
        <ele>1887</ele>
      </trkpt>
      <trkpt lat="42.52811558268167" lon="2.4407819950410241">
        <ele>1887</ele>
      </trkpt>
      <trkpt lat="42.52801354186535" lon="2.4408029753957829">
        <ele>1888</ele>
      </trkpt>
      <trkpt lat="42.52794106427618" lon="2.4408067900057389">
        <ele>1888</ele>
      </trkpt>
      <trkpt lat="42.52785142094221" lon="2.440834445927921">
        <ele>1889</ele>
      </trkpt>
      <trkpt lat="42.52776177760824" lon="2.4408630555025921">
        <ele>1890</ele>
      </trkpt>
      <trkpt lat="42.52767785618921" lon="2.4408773602899272">
        <ele>1890</ele>
      </trkpt>
      <trkpt lat="42.52760442494755" lon="2.4409221819569118">
        <ele>1892</ele>
      </trkpt>
      <trkpt lat="42.52750905969864" lon="2.4409259965668682">
        <ele>1892</ele>
      </trkpt>
      <trkpt lat="42.52741369444974" lon="2.4409298111768241">
        <ele>1895</ele>
      </trkpt>
      <trkpt lat="42.52734121686058" lon="2.4409031089071314">
        <ele>1896</ele>
      </trkpt>
      <trkpt lat="42.52727255388137" lon="2.4408544726301904">
        <ele>1897</ele>
      </trkpt>
      <trkpt lat="42.52720389090216" lon="2.4408058363532499">
        <ele>1898</ele>
      </trkpt>
      <trkpt lat="42.52713522792295" lon="2.4407266831966603">
        <ele>1898</ele>
      </trkpt>
      <trkpt lat="42.52706751859623" lon="2.4406484836925597">
        <ele>1897</ele>
      </trkpt>
      <trkpt lat="42.52703279813555" lon="2.4406133033582362">
        <ele>1897</ele>
      </trkpt>
      <trkpt lat="42.52703279758623" lon="2.4406133028016379">
        <ele>1897</ele>
      </trkpt>
      <trkpt lat="42.52677951554454" lon="2.4403566660309153">
        <ele>1898</ele>
      </trkpt>
      <trkpt lat="42.5266784283807" lon="2.44028323478926">
        <ele>1899</ele>
      </trkpt>
      <trkpt lat="42.52657734121686" lon="2.4402107572000933">
        <ele>1900</ele>
      </trkpt>
      <trkpt lat="42.52649818806027" lon="2.440170703795554">
        <ele>1901</ele>
      </trkpt>
      <trkpt lat="42.52641998855617" lon="2.4401316040435037">
        <ele>1903</ele>
      </trkpt>
      <trkpt lat="42.52603852756056" lon="2.4400000000000173">
        <ele>1911</ele>
      </trkpt>
      <trkpt lat="42.52603852756056" lon="2.4400000000000066">
        <ele>1911</ele>
      </trkpt>
      <trkpt lat="42.52601945451078" lon="2.4399933244325838">
        <ele>1912</ele>
      </trkpt>
      <trkpt lat="42.5259736791913" lon="2.4398989128361692">
        <ele>1910</ele>
      </trkpt>
      <trkpt lat="42.52592885752432" lon="2.4398054548922441">
        <ele>1909</ele>
      </trkpt>
      <trkpt lat="42.52579820713332" lon="2.4394650009536591">
        <ele>1902</ele>
      </trkpt>
      <trkpt lat="42.52573431241655" lon="2.4393515163074642">
        <ele>1899</ele>
      </trkpt>
      <trkpt lat="42.52567137135228" lon="2.4392380316612696">
        <ele>1896</ele>
      </trkpt>
      <trkpt lat="42.52561987411787" lon="2.4391741369445041">
        <ele>1894</ele>
      </trkpt>
      <trkpt lat="42.52556837688346" lon="2.4391111958802281">
        <ele>1893</ele>
      </trkpt>
      <trkpt lat="42.52545393858478" lon="2.4390101087163907">
        <ele>1891</ele>
      </trkpt>
      <trkpt lat="42.52539290482548" lon="2.4389929429715882">
        <ele>1891</ele>
      </trkpt>
      <trkpt lat="42.52535094411596" lon="2.4389528895670485">
        <ele>1890</ele>
      </trkpt>
      <trkpt lat="42.52526702269693" lon="2.4389223726873994">
        <ele>1890</ele>
      </trkpt>
      <trkpt lat="42.52516688918558" lon="2.4389309555598007">
        <ele>1890</ele>
      </trkpt>
      <trkpt lat="42.52508868968148" lon="2.438969101659362">
        <ele>1892</ele>
      </trkpt>
      <trkpt lat="42.52503051687965" lon="2.4389624260919391">
        <ele>1892</ele>
      </trkpt>
      <trkpt lat="42.52499332443258" lon="2.4389328628647791">
        <ele>1891</ele>
      </trkpt>
      <trkpt lat="42.52495517833302" lon="2.4389137898149982">
        <ele>1892</ele>
      </trkpt>
      <trkpt lat="42.52489319092123" lon="2.438936677474735">
        <ele>1893</ele>
      </trkpt>
      <trkpt lat="42.52483120350944" lon="2.4389595651344718">
        <ele>1895</ele>
      </trkpt>
      <trkpt lat="42.52476254053023" lon="2.438999618539011">
        <ele>1897</ele>
      </trkpt>
      <trkpt lat="42.52475872592028" lon="2.4390577913408422">
        <ele>1899</ele>
      </trkpt>
      <trkpt lat="42.52476826244516" lon="2.439081632653068">
        <ele>1899</ele>
      </trkpt>
      <trkpt lat="42.52482452794202" lon="2.4391321762349869">
        <ele>1900</ele>
      </trkpt>
      <trkpt lat="42.52484264733931" lon="2.4391712759870372">
        <ele>1901</ele>
      </trkpt>
      <trkpt lat="42.52483978638185" lon="2.4391884417318397">
        <ele>1901</ele>
      </trkpt>
      <trkpt lat="42.5248254815945" lon="2.4391903490368176">
        <ele>1902</ele>
      </trkpt>
      <trkpt lat="42.52472248712569" lon="2.4392427999237145">
        <ele>1905</ele>
      </trkpt>
      <trkpt lat="42.52466717528133" lon="2.439258058363539">
        <ele>1907</ele>
      </trkpt>
      <trkpt lat="42.52462712187679" lon="2.4392857142857212">
        <ele>1909</ele>
      </trkpt>
      <trkpt lat="42.52464142666413" lon="2.4393133702079028">
        <ele>1909</ele>
      </trkpt>
      <trkpt lat="42.52470627503338" lon="2.4393829868396026">
        <ele>1911</ele>
      </trkpt>
      <trkpt lat="42.52477207705513" lon="2.439453557123791">
        <ele>1913</ele>
      </trkpt>
      <trkpt lat="42.52478733549495" lon="2.4394545107762799">
        <ele>1913</ele>
      </trkpt>
      <trkpt lat="42.52479687201983" lon="2.4394773984360167">
        <ele>1914</ele>
      </trkpt>
      <trkpt lat="42.52478733549495" lon="2.4395002860957535">
        <ele>1915</ele>
      </trkpt>
      <trkpt lat="42.52471867251574" lon="2.4395050543581989">
        <ele>1916</ele>
      </trkpt>
      <trkpt lat="42.52465382414648" lon="2.4395279420179357">
        <ele>1918</ele>
      </trkpt>
      <trkpt lat="42.52464047301164" lon="2.4395641808125186">
        <ele>1919</ele>
      </trkpt>
      <trkpt lat="42.52465573145146" lon="2.4395861148197664">
        <ele>1920</ele>
      </trkpt>
      <trkpt lat="42.52469006294107" lon="2.4396004196071019">
        <ele>1920</ele>
      </trkpt>
      <trkpt lat="42.52473393095556" lon="2.4396461949265755">
        <ele>1922</ele>
      </trkpt>
      <trkpt lat="42.52473202365059" lon="2.4396738508487577">
        <ele>1923</ele>
      </trkpt>
      <trkpt lat="42.52469864581347" lon="2.4397062750333847">
        <ele>1924</ele>
      </trkpt>
      <trkpt lat="42.52458420751478" lon="2.4397482357429019">
        <ele>1927</ele>
      </trkpt>
      <trkpt lat="42.52452984932291" lon="2.4397482357429019">
        <ele>1927</ele>
      </trkpt>
      <trkpt lat="42.52445164981881" lon="2.4397854281899742">
        <ele>1929</ele>
      </trkpt>
      <trkpt lat="42.52441541102422" lon="2.439825481594514">
        <ele>1931</ele>
      </trkpt>
      <trkpt lat="42.52435246995995" lon="2.4398683959565202">
        <ele>1933</ele>
      </trkpt>
      <trkpt lat="42.52428952889567" lon="2.4399113103185268">
        <ele>1935</ele>
      </trkpt>
      <trkpt lat="42.52425901201602" lon="2.4398693496090091">
        <ele>1934</ele>
      </trkpt>
      <trkpt lat="42.52423993896624" lon="2.4397501430478803">
        <ele>1930</ele>
      </trkpt>
      <trkpt lat="42.52425138279611" lon="2.4396786191112025">
        <ele>1927</ele>
      </trkpt>
      <trkpt lat="42.52426282662598" lon="2.4396070951745252">
        <ele>1925</ele>
      </trkpt>
      <trkpt lat="42.5242437535762" lon="2.4395250810604683">
        <ele>1922</ele>
      </trkpt>
      <trkpt lat="42.52415411024223" lon="2.4395546442876284">
        <ele>1924</ele>
      </trkpt>
      <trkpt lat="42.52408067900058" lon="2.4396185390043934">
        <ele>1928</ele>
      </trkpt>
      <trkpt lat="42.52400820141141" lon="2.4396824337211589">
        <ele>1932</ele>
      </trkpt>
      <trkpt lat="42.52393572382224" lon="2.4396767118062246">
        <ele>1934</ele>
      </trkpt>
      <trkpt lat="42.52388422658783" lon="2.4396585924089331">
        <ele>1934</ele>
      </trkpt>
      <trkpt lat="42.52383654396338" lon="2.4396700362388013">
        <ele>1936</ele>
      </trkpt>
      <trkpt lat="42.52380793438871" lon="2.4396080488270142">
        <ele>1935</ele>
      </trkpt>
      <trkpt lat="42.52376215906924" lon="2.4395823002098105">
        <ele>1935</ele>
      </trkpt>
      <trkpt lat="42.52372305931718" lon="2.4395508296776724">
        <ele>1935</ele>
      </trkpt>
      <trkpt lat="42.52369444974251" lon="2.4394783520885057">
        <ele>1934</ele>
      </trkpt>
      <trkpt lat="42.5236429525081" lon="2.4394077818043174">
        <ele>1933</ele>
      </trkpt>
      <trkpt lat="42.52361434293343" lon="2.4393448407400413">
        <ele>1932</ele>
      </trkpt>
      <trkpt lat="42.52358573335876" lon="2.4392818996757648">
        <ele>1931</ele>
      </trkpt>
      <trkpt lat="42.52353614342933" lon="2.4392532901010942">
        <ele>1931</ele>
      </trkpt>
      <trkpt lat="42.52349322906733" lon="2.4392075147816206">
        <ele>1931</ele>
      </trkpt>
      <trkpt lat="42.52344268548541" lon="2.4391750905969931">
        <ele>1931</ele>
      </trkpt>
      <trkpt lat="42.52339500286096" lon="2.4391073812702722">
        <ele>1931</ele>
      </trkpt>
      <trkpt lat="42.52336353232882" lon="2.4391016593553378">
        <ele>1931</ele>
      </trkpt>
      <trkpt lat="42.52333873736411" lon="2.4390530230783969">
        <ele>1931</ele>
      </trkpt>
      <trkpt lat="42.52328056456228" lon="2.4390082014114127">
        <ele>1930</ele>
      </trkpt>
      <trkpt lat="42.5232262063704" lon="2.4389967575815441">
        <ele>1931</ele>
      </trkpt>
      <trkpt lat="42.52319855044822" lon="2.4389776845317637">
        <ele>1930</ele>
      </trkpt>
      <trkpt lat="42.52312798016403" lon="2.438969101659362">
        <ele>1931</ele>
      </trkpt>
      <trkpt lat="42.52305740987984" lon="2.4389614724394497">
        <ele>1932</ele>
      </trkpt>
      <trkpt lat="42.52301354186535" lon="2.4389300019073117">
        <ele>1931</ele>
      </trkpt>
      <trkpt lat="42.5229477398436" lon="2.4388699218005025">
        <ele>1931</ele>
      </trkpt>
      <trkpt lat="42.52288193782186" lon="2.4388107953461828">
        <ele>1930</ele>
      </trkpt>
      <trkpt lat="42.52279706275034" lon="2.4387783711615554">
        <ele>1931</ele>
      </trkpt>
      <trkpt lat="42.5227131413313" lon="2.4387459469769284">
        <ele>1931</ele>
      </trkpt>
      <trkpt lat="42.52269406828152" lon="2.4387316421895928">
        <ele>1931</ele>
      </trkpt>
      <trkpt lat="42.52265115391951" lon="2.4386381842456677">
        <ele>1930</ele>
      </trkpt>
      <trkpt lat="42.52260919320999" lon="2.4385456799542315">
        <ele>1928</ele>
      </trkpt>
      <trkpt lat="42.52260061033759" lon="2.4384379172229709">
        <ele>1926</ele>
      </trkpt>
      <trkpt lat="42.52259298111768" lon="2.4383301544917102">
        <ele>1924</ele>
      </trkpt>
      <trkpt lat="42.52257486172039" lon="2.4382099942780919">
        <ele>1924</ele>
      </trkpt>
      <trkpt lat="42.52258725920274" lon="2.4381031851993202">
        <ele>1923</ele>
      </trkpt>
      <trkpt lat="42.52258344459279" lon="2.4380307076101535">
        <ele>1923</ele>
      </trkpt>
      <trkpt lat="42.52259584207515" lon="2.4379954224680596">
        <ele>1923</ele>
      </trkpt>
      <trkpt lat="42.52262540530231" lon="2.4379744421133007">
        <ele>1922</ele>
      </trkpt>
      <trkpt lat="42.52263303452222" lon="2.4379572763684982">
        <ele>1922</ele>
      </trkpt>
      <trkpt lat="42.52262063703986" lon="2.4378714476444854">
        <ele>1921</ele>
      </trkpt>
      <trkpt lat="42.52264638565707" lon="2.4378161358001211">
        <ele>1921</ele>
      </trkpt>
      <trkpt lat="42.5226778561892" lon="2.4377665458706916">
        <ele>1920</ele>
      </trkpt>
      <trkpt lat="42.52270646576387" lon="2.4377417509059769">
        <ele>1919</ele>
      </trkpt>
      <trkpt lat="42.52272363150868" lon="2.4377131413313058">
        <ele>1918</ele>
      </trkpt>
      <trkpt lat="42.52276273126073" lon="2.4376988365439702">
        <ele>1917</ele>
      </trkpt>
      <trkpt lat="42.52280659927523" lon="2.4376635514018758">
        <ele>1916</ele>
      </trkpt>
      <trkpt lat="42.52282662597749" lon="2.4376301735647599">
        <ele>1916</ele>
      </trkpt>
      <trkpt lat="42.52289242799924" lon="2.4375529277131482">
        <ele>1914</ele>
      </trkpt>
      <trkpt lat="42.52291436200649" lon="2.4375138279610979">
        <ele>1913</ele>
      </trkpt>
      <trkpt lat="42.52301068090788" lon="2.4374575624642447">
        <ele>1911</ele>
      </trkpt>
      <trkpt lat="42.52304501239748" lon="2.4374575624642447">
        <ele>1910</ele>
      </trkpt>
      <trkpt lat="42.52310795346176" lon="2.4374051115773478">
        <ele>1908</ele>
      </trkpt>
      <trkpt lat="42.52314037764638" lon="2.4373669654777865">
        <ele>1908</ele>
      </trkpt>
      <trkpt lat="42.52321666984551" lon="2.4373345412931595">
        <ele>1906</ele>
      </trkpt>
      <trkpt lat="42.52323383559031" lon="2.4373078390234668">
        <ele>1905</ele>
      </trkpt>
      <trkpt lat="42.52325958420752" lon="2.4372153347320307">
        <ele>1904</ele>
      </trkpt>
      <trkpt lat="42.52328628647721" lon="2.4371228304405941">
        <ele>1903</ele>
      </trkpt>
      <trkpt lat="42.52330249856952" lon="2.4370904062559671">
        <ele>1903</ele>
      </trkpt>
      <trkpt lat="42.52329773030708" lon="2.4370150677093334">
        <ele>1903</ele>
      </trkpt>
      <trkpt lat="42.52332157161931" lon="2.4369835971771954">
        <ele>1902</ele>
      </trkpt>
      <trkpt lat="42.52333492275415" lon="2.4369359145527438">
        <ele>1901</ele>
      </trkpt>
      <trkpt lat="42.52331489605188" lon="2.4368882319282923">
        <ele>1902</ele>
      </trkpt>
      <trkpt lat="42.52330917413695" lon="2.4368586687011322">
        <ele>1902</ele>
      </trkpt>
      <trkpt lat="42.52333110814419" lon="2.43680144955179">
        <ele>1901</ele>
      </trkpt>
      <trkpt lat="42.5234350562655" lon="2.4367242037001784">
        <ele>1897</ele>
      </trkpt>
      <trkpt lat="42.5234522220103" lon="2.4366812893381722">
        <ele>1897</ele>
      </trkpt>
      <trkpt lat="42.52348655349991" lon="2.4366450505435888">
        <ele>1896</ele>
      </trkpt>
      <trkpt lat="42.52350371924471" lon="2.4365983215716263">
        <ele>1896</ele>
      </trkpt>
      <trkpt lat="42.52361815754339" lon="2.4365134465001024">
        <ele>1893</ele>
      </trkpt>
      <trkpt lat="42.52363723059317" lon="2.4364819759679639">
        <ele>1892</ele>
      </trkpt>
      <trkpt lat="42.52364772077055" lon="2.4364371543009797">
        <ele>1892</ele>
      </trkpt>
      <trkpt lat="42.52368014495518" lon="2.4363885180240388">
        <ele>1892</ele>
      </trkpt>
      <trkpt lat="42.5237221056647" lon="2.4363770741941706">
        <ele>1890</ele>
      </trkpt>
      <trkpt lat="42.5237564371543" lon="2.4363494182719885">
        <ele>1889</ele>
      </trkpt>
      <trkpt lat="42.52381174899867" lon="2.4362550066755744">
        <ele>1889</ele>
      </trkpt>
      <trkpt lat="42.52386801449552" lon="2.4361605950791598">
        <ele>1887</ele>
      </trkpt>
      <trkpt lat="42.52392332633988" lon="2.4361024222773291">
        <ele>1886</ele>
      </trkpt>
      <trkpt lat="42.52395861148198" lon="2.4360518786954102">
        <ele>1885</ele>
      </trkpt>
      <trkpt lat="42.52423421705131" lon="2.4355588403585799">
        <ele>1881</ele>
      </trkpt>
      <trkpt lat="42.52424852183864" lon="2.4354567995422536">
        <ele>1882</ele>
      </trkpt>
      <trkpt lat="42.52426378027847" lon="2.4353547587259272">
        <ele>1883</ele>
      </trkpt>
      <trkpt lat="42.52432386038528" lon="2.4350238413122325">
        <ele>1886</ele>
      </trkpt>
      <trkpt lat="42.5243219530803" lon="2.4346938775510272">
        <ele>1889</ele>
      </trkpt>
      <trkpt lat="42.52429715811559" lon="2.4345737173374089">
        <ele>1892</ele>
      </trkpt>
      <trkpt lat="42.52427331680336" lon="2.4344545107762801">
        <ele>1894</ele>
      </trkpt>
      <trkpt lat="42.52420942208659" lon="2.4340387182910614">
        <ele>1899</ele>
      </trkpt>
      <trkpt lat="42.52420942208659" lon="2.4340387182910614">
        <ele>1899</ele>
      </trkpt>
      <trkpt lat="42.52407495708564" lon="2.4334855998474225">
        <ele>1902</ele>
      </trkpt>
      <trkpt lat="42.52383749761587" lon="2.4328256723250115">
        <ele>1910</ele>
      </trkpt>
      <trkpt lat="42.52357333587641" lon="2.4322515735266137">
        <ele>1917</ele>
      </trkpt>
      <trkpt lat="42.52305550257486" lon="2.4317909593744109">
        <ele>1935</ele>
      </trkpt>
      <trkpt lat="42.52250524508869" lon="2.4316994087354638">
        <ele>1959</ele>
      </trkpt>
      <trkpt lat="42.52243848941446" lon="2.4314047301163524">
        <ele>1955</ele>
      </trkpt>
      <trkpt lat="42.5223393095556" lon="2.4310394812130527">
        <ele>1953</ele>
      </trkpt>
      <trkpt lat="42.52204272363151" lon="2.430755292771321">
        <ele>1972</ele>
      </trkpt>
      <trkpt lat="42.52186915887851" lon="2.4305197406065298">
        <ele>1986</ele>
      </trkpt>
      <trkpt lat="42.52184531756628" lon="2.4302241083349294">
        <ele>1988</ele>
      </trkpt>
      <trkpt lat="42.52192828533283" lon="2.4300047682624522">
        <ele>1982</ele>
      </trkpt>
      <trkpt lat="42.52202746519168" lon="2.4298273888994917">
        <ele>1979</ele>
      </trkpt>
      <trkpt lat="42.52211615487317" lon="2.4296147243944377">
        <ele>1977</ele>
      </trkpt>
      <trkpt lat="42.52208468434102" lon="2.4293925233644926">
        <ele>1984</ele>
      </trkpt>
      <trkpt lat="42.52205607476635" lon="2.429346748045019">
        <ele>1987</ele>
      </trkpt>
      <trkpt lat="42.52194926568758" lon="2.4295365248903367">
        <ele>1990</ele>
      </trkpt>
      <trkpt lat="42.52181384703414" lon="2.4296500095365317">
        <ele>1997</ele>
      </trkpt>
      <trkpt lat="42.52171085256533" lon="2.4297787526225512">
        <ele>2002</ele>
      </trkpt>
      <trkpt lat="42.52162883845127" lon="2.4298369254243823">
        <ele>2006</ele>
      </trkpt>
      <trkpt lat="42.52158497043678" lon="2.4298359717718934">
        <ele>2009</ele>
      </trkpt>
      <trkpt lat="42.52172515735266" lon="2.429509822620644">
        <ele>2006</ele>
      </trkpt>
      <trkpt lat="42.52174136944497" lon="2.42931623116537">
        <ele>2009</ele>
      </trkpt>
      <trkpt lat="42.52169368682053" lon="2.4281575433911953">
        <ele>2026</ele>
      </trkpt>
      <trkpt lat="42.5217041769979" lon="2.4275166889185651">
        <ele>2030</ele>
      </trkpt>
      <trkpt lat="42.52179382033187" lon="2.4272258249094096">
        <ele>2025</ele>
      </trkpt>
      <trkpt lat="42.52171848178524" lon="2.4270589357238292">
        <ele>2026</ele>
      </trkpt>
      <trkpt lat="42.52156971199695" lon="2.427115201220682">
        <ele>2028</ele>
      </trkpt>
      <trkpt lat="42.52144669082586" lon="2.4273135609384009">
        <ele>2032</ele>
      </trkpt>
      <trkpt lat="42.52028037383177" lon="2.4272973488460874">
        <ele>2041</ele>
      </trkpt>
      <trkpt lat="42.52" lon="2.4273545679954291">
        <ele>2044</ele>
      </trkpt>
      <trkpt lat="42.51999999999999" lon="2.4273545679954291">
        <ele>2044</ele>
      </trkpt>
      <trkpt lat="42.51912168605759" lon="2.4275329010108786">
        <ele>2054</ele>
      </trkpt>
      <trkpt lat="42.5185637993515" lon="2.4278800305168864">
        <ele>2070</ele>
      </trkpt>
      <trkpt lat="42.51824337211519" lon="2.4278876597367987">
        <ele>2071</ele>
      </trkpt>
      <trkpt lat="42.51760251764257" lon="2.4279553690635201">
        <ele>2086</ele>
      </trkpt>
      <trkpt lat="42.51729448788861" lon="2.4279334350562722">
        <ele>2096</ele>
      </trkpt>
      <trkpt lat="42.5171380888804" lon="2.4280030516879716">
        <ele>2107</ele>
      </trkpt>
      <trkpt lat="42.51711901583062" lon="2.4278580965096386">
        <ele>2100</ele>
      </trkpt>
      <trkpt lat="42.51702937249665" lon="2.427375548350188">
        <ele>2084</ele>
      </trkpt>
      <trkpt lat="42.51698073621971" lon="2.427004577531954">
        <ele>2072</ele>
      </trkpt>
      <trkpt lat="42.51678428380697" lon="2.4266193019263849">
        <ele>2072</ele>
      </trkpt>
      <trkpt lat="42.51655445355711" lon="2.4262588212855305">
        <ele>2082</ele>
      </trkpt>
      <trkpt lat="42.51635037192446" lon="2.4260194545107829">
        <ele>2093</ele>
      </trkpt>
      <trkpt lat="42.51636372305931" lon="2.4258153728781302">
        <ele>2088</ele>
      </trkpt>
      <trkpt lat="42.51632176234979" lon="2.4256217814228562">
        <ele>2088</ele>
      </trkpt>
      <trkpt lat="42.5162511920656" lon="2.4250019073049849">
        <ele>2084</ele>
      </trkpt>
      <trkpt lat="42.51596700362387" lon="2.4242847606332321">
        <ele>2083</ele>
      </trkpt>
      <trkpt lat="42.51574766355139" lon="2.4238327293534305">
        <ele>2076</ele>
      </trkpt>
      <trkpt lat="42.5149818806027" lon="2.4239795918367415">
        <ele>2090</ele>
      </trkpt>
      <trkpt lat="42.51445451077626" lon="2.4241350371924537">
        <ele>2089</ele>
      </trkpt>
      <trkpt lat="42.51379458325385" lon="2.4241035666603157">
        <ele>2084</ele>
      </trkpt>
      <trkpt lat="42.51371447644478" lon="2.4241617394621469">
        <ele>2087</ele>
      </trkpt>
      <trkpt lat="42.51362006484836" lon="2.4241722296395261">
        <ele>2088</ele>
      </trkpt>
      <trkpt lat="42.51343505626549" lon="2.424076864390623">
        <ele>2084</ele>
      </trkpt>
      <trkpt lat="42.51316517261109" lon="2.4238317757009415">
        <ele>2077</ele>
      </trkpt>
      <trkpt lat="42.51278561892045" lon="2.4235943162311724">
        <ele>2072</ele>
      </trkpt>
      <trkpt lat="42.512564371543" lon="2.4236467671180688">
        <ele>2078</ele>
      </trkpt>
      <trkpt lat="42.5120513065039" lon="2.4236000381461063">
        <ele>2067</ele>
      </trkpt>
      <trkpt lat="42.51154396337974" lon="2.4238842265878384">
        <ele>2077</ele>
      </trkpt>
      <trkpt lat="42.51137802784665" lon="2.4237831394240006">
        <ele>2076</ele>
      </trkpt>
      <trkpt lat="42.51111481975967" lon="2.423738317757016">
        <ele>2080</ele>
      </trkpt>
      <trkpt lat="42.51051878695402" lon="2.4228580965096387">
        <ele>2065</ele>
      </trkpt>
      <trkpt lat="42.51003147053213" lon="2.4223116536334226">
        <ele>2052</ele>
      </trkpt>
      <trkpt lat="42.50964428762158" lon="2.42226492466146">
        <ele>2055</ele>
      </trkpt>
      <trkpt lat="42.50920179286667" lon="2.4220627503337853">
        <ele>2048</ele>
      </trkpt>
      <trkpt lat="42.50905639879807" lon="2.4220317919009267">
        <ele>2049</ele>
      </trkpt>
      <trkpt lat="42.50905639879807" lon="2.4220317919009267">
        <ele>2049</ele>
      </trkpt>
      <trkpt lat="42.50891998111302" lon="2.4220027447892831">
        <ele>2050</ele>
      </trkpt>
      <trkpt lat="42.50891998111302" lon="2.4220027447892831">
        <ele>2050</ele>
      </trkpt>
      <trkpt lat="42.50870017165744" lon="2.4219559412550136">
        <ele>2052</ele>
      </trkpt>
      <trkpt lat="42.50855426282661" lon="2.4218825100133579">
        <ele>2051</ele>
      </trkpt>
      <trkpt lat="42.5083473202365" lon="2.421650772458523">
        <ele>2042</ele>
      </trkpt>
      <trkpt lat="42.50800305168796" lon="2.4211815754339185">
        <ele>2039</ele>
      </trkpt>
      <trkpt lat="42.50761014686248" lon="2.4203757390806859">
        <ele>2029</ele>
      </trkpt>
      <trkpt lat="42.50757581537287" lon="2.4200915506389542">
        <ele>2018</ele>
      </trkpt>
      <trkpt lat="42.50759965668509" lon="2.4200514972344145">
        <ele>2015</ele>
      </trkpt>
      <trkpt lat="42.50764066374212" lon="2.4200247949647218">
        <ele>2012</ele>
      </trkpt>
      <trkpt lat="42.5077551020408" lon="2.4201106236887346">
        <ele>2010</ele>
      </trkpt>
      <trkpt lat="42.50790864009154" lon="2.4202040816326598">
        <ele>2007</ele>
      </trkpt>
      <trkpt lat="42.50811939729162" lon="2.4202679763494253">
        <ele>1999</ele>
      </trkpt>
      <trkpt lat="42.50842265878313" lon="2.4204758725920343">
        <ele>1992</ele>
      </trkpt>
      <trkpt lat="42.50869826435246" lon="2.4206341789052139">
        <ele>1987</ele>
      </trkpt>
      <trkpt lat="42.50890139233262" lon="2.4209088308220554">
        <ele>1992</ele>
      </trkpt>
      <trkpt lat="42.50903013541864" lon="2.4209088308220554">
        <ele>1987</ele>
      </trkpt>
      <trkpt lat="42.50921419034903" lon="2.4207762731260796">
        <ele>1975</ele>
      </trkpt>
      <trkpt lat="42.50947263017355" lon="2.4207171466717599">
        <ele>1971</ele>
      </trkpt>
      <trkpt lat="42.50965668510394" lon="2.420584588975784">
        <ele>1963</ele>
      </trkpt>
      <trkpt lat="42.50979782567232" lon="2.4205760061033827">
        <ele>1963</ele>
      </trkpt>
      <trkpt lat="42.50996948312034" lon="2.4204424947549183">
        <ele>1955</ele>
      </trkpt>
      <trkpt lat="42.51016593553308" lon="2.4204262826626044">
        <ele>1956</ele>
      </trkpt>
      <trkpt lat="42.51053404539385" lon="2.4202012206751928">
        <ele>1948</ele>
      </trkpt>
      <trkpt lat="42.51064466908258" lon="2.420067709326728">
        <ele>1943</ele>
      </trkpt>
      <trkpt lat="42.5107562464238" lon="2.420000000000007">
        <ele>1941</ele>
      </trkpt>
      <trkpt lat="42.5107562464238" lon="2.4199999999999964">
        <ele>1941</ele>
      </trkpt>
      <trkpt lat="42.51082300209803" lon="2.4199599465954571">
        <ele>1940</ele>
      </trkpt>
      <trkpt lat="42.51093934770169" lon="2.4197348846080455">
        <ele>1928</ele>
      </trkpt>
      <trkpt lat="42.5111119588022" lon="2.4197348846080455">
        <ele>1924</ele>
      </trkpt>
      <trkpt lat="42.5112340263208" lon="2.419751096700359">
        <ele>1922</ele>
      </trkpt>
      <trkpt lat="42.5113389280946" lon="2.4197263017356443">
        <ele>1918</ele>
      </trkpt>
      <trkpt lat="42.51147339309555" lon="2.4196099561319819">
        <ele>1912</ele>
      </trkpt>
      <trkpt lat="42.51173183292008" lon="2.4195765782948659">
        <ele>1905</ele>
      </trkpt>
      <trkpt lat="42.51185390043867" lon="2.4195346175853483">
        <ele>1899</ele>
      </trkpt>
      <trkpt lat="42.51199504100705" lon="2.4194268548540876">
        <ele>1891</ele>
      </trkpt>
      <trkpt lat="42.51215525462521" lon="2.4194430669464011">
        <ele>1886</ele>
      </trkpt>
      <trkpt lat="42.51262159069234" lon="2.4196852946786156">
        <ele>1880</ele>
      </trkpt>
      <trkpt lat="42.51276273126072" lon="2.419718672515732">
        <ele>1879</ele>
      </trkpt>
      <trkpt lat="42.51293438870874" lon="2.4197100896433303">
        <ele>1876</ele>
      </trkpt>
      <trkpt lat="42.51327198168986" lon="2.4196261682242954">
        <ele>1867</ele>
      </trkpt>
      <trkpt lat="42.51364104520312" lon="2.4194678619111163">
        <ele>1858</ele>
      </trkpt>
      <trkpt lat="42.51391665077245" lon="2.4194430669464011">
        <ele>1857</ele>
      </trkpt>
      <trkpt lat="42.51414457371733" lon="2.4194516498188028">
        <ele>1857</ele>
      </trkpt>
      <trkpt lat="42.514346748045" lon="2.4193763112721691">
        <ele>1859</ele>
      </trkpt>
      <trkpt lat="42.51461090978447" lon="2.4191102422277289">
        <ele>1856</ele>
      </trkpt>
      <trkpt lat="42.51461090978447" lon="2.4191102422277289">
        <ele>1856</ele>
      </trkpt>
      <trkpt lat="42.51470913599083" lon="2.418976730879264">
        <ele>1854</ele>
      </trkpt>
      <trkpt lat="42.51485027655922" lon="2.4188689681480033">
        <ele>1855</ele>
      </trkpt>
      <trkpt lat="42.51538432195307" lon="2.4179696738508452">
        <ele>1844</ele>
      </trkpt>
      <trkpt lat="42.51560556933052" lon="2.4176864390616024">
        <ele>1845</ele>
      </trkpt>
      <trkpt lat="42.51569235170703" lon="2.4174127407972499">
        <ele>1842</ele>
      </trkpt>
      <trkpt lat="42.51577531947358" lon="2.4173126072859015">
        <ele>1843</ele>
      </trkpt>
      <trkpt lat="42.51581346557314" lon="2.4172096128170861">
        <ele>1843</ele>
      </trkpt>
      <trkpt lat="42.5157991607858" lon="2.4168281518214729">
        <ele>1836</ele>
      </trkpt>
      <trkpt lat="42.51577818043104" lon="2.4167537669273282">
        <ele>1834</ele>
      </trkpt>
      <trkpt lat="42.51578485599847" lon="2.4166688918558044">
        <ele>1833</ele>
      </trkpt>
      <trkpt lat="42.51575624642379" lon="2.4163885180240285">
        <ele>1826</ele>
      </trkpt>
      <trkpt lat="42.5157028418844" lon="2.4163208086973071">
        <ele>1823</ele>
      </trkpt>
      <trkpt lat="42.51568758344458" lon="2.4162473774556519">
        <ele>1821</ele>
      </trkpt>
      <trkpt lat="42.51565229830249" lon="2.4161443829868361">
        <ele>1818</ele>
      </trkpt>
      <trkpt lat="42.51564085447262" lon="2.4160194545107729">
        <ele>1815</ele>
      </trkpt>
      <trkpt lat="42.51568853709707" lon="2.4158115582681639">
        <ele>1814</ele>
      </trkpt>
      <trkpt lat="42.51570951745183" lon="2.4157505245088657">
        <ele>1814</ele>
      </trkpt>
      <trkpt lat="42.51571428571427" lon="2.4156923517070346">
        <ele>1814</ele>
      </trkpt>
      <trkpt lat="42.51556837688346" lon="2.415419607095171">
        <ele>1807</ele>
      </trkpt>
      <trkpt lat="42.51554548922372" lon="2.4153604806408508">
        <ele>1806</ele>
      </trkpt>
      <trkpt lat="42.51547587259202" lon="2.4152822811367503">
        <ele>1803</ele>
      </trkpt>
      <trkpt lat="42.51544440205988" lon="2.4151754720579786">
        <ele>1802</ele>
      </trkpt>
      <trkpt lat="42.51543486553499" lon="2.4150257486172007">
        <ele>1800</ele>
      </trkpt>
      <trkpt lat="42.51529944688155" lon="2.4146147243944274">
        <ele>1792</ele>
      </trkpt>
      <trkpt lat="42.51529944688155" lon="2.4146147243944274">
        <ele>1792</ele>
      </trkpt>
      <trkpt lat="42.51530516879648" lon="2.4142399389662375">
        <ele>1788</ele>
      </trkpt>
      <trkpt lat="42.51534808315849" lon="2.41380316612626">
        <ele>1781</ele>
      </trkpt>
      <trkpt lat="42.5153728781232" lon="2.4136944497425104">
        <ele>1779</ele>
      </trkpt>
      <trkpt lat="42.51539767308792" lon="2.4135866870112497">
        <ele>1777</ele>
      </trkpt>
      <trkpt lat="42.51542151440015" lon="2.4135409116917761">
        <ele>1777</ele>
      </trkpt>
      <trkpt lat="42.51543105092503" lon="2.4132824718672481">
        <ele>1771</ele>
      </trkpt>
      <trkpt lat="42.51548636276939" lon="2.4131985504482132">
        <ele>1770</ele>
      </trkpt>
      <trkpt lat="42.51559984741559" lon="2.4131823383558997">
        <ele>1771</ele>
      </trkpt>
      <trkpt lat="42.5157037955369" lon="2.4131451459088273">
        <ele>1772</ele>
      </trkpt>
      <trkpt lat="42.51580202174327" lon="2.4131327484264702">
        <ele>1773</ele>
      </trkpt>
      <trkpt lat="42.51587259202746" lon="2.413186152965856">
        <ele>1774</ele>
      </trkpt>
      <trkpt lat="42.51594316231164" lon="2.4132405111577309">
        <ele>1773</ele>
      </trkpt>
      <trkpt lat="42.51603566660308" lon="2.4133282471867217">
        <ele>1773</ele>
      </trkpt>
      <trkpt lat="42.5161558268167" lon="2.4133702078962394">
        <ele>1769</ele>
      </trkpt>
      <trkpt lat="42.51620732405111" lon="2.4134493610528289">
        <ele>1769</ele>
      </trkpt>
      <trkpt lat="42.5162254434484" lon="2.4135504482166663">
        <ele>1770</ele>
      </trkpt>
      <trkpt lat="42.51624451649818" lon="2.4136524890329931">
        <ele>1770</ele>
      </trkpt>
      <trkpt lat="42.51632462330726" lon="2.4139109288575211">
        <ele>1770</ele>
      </trkpt>
      <trkpt lat="42.51635323288193" lon="2.4140253671562051">
        <ele>1770</ele>
      </trkpt>
      <trkpt lat="42.51638279610909" lon="2.414139805454889">
        <ele>1770</ele>
      </trkpt>
      <trkpt lat="42.51642666412359" lon="2.4142103757390774">
        <ele>1769</ele>
      </trkpt>
      <trkpt lat="42.51647148579057" lon="2.4142818996757547">
        <ele>1768</ele>
      </trkpt>
      <trkpt lat="42.51654491703223" lon="2.4143820331871031">
        <ele>1765</ele>
      </trkpt>
      <trkpt lat="42.51657734121685" lon="2.4144478352088465">
        <ele>1765</ele>
      </trkpt>
      <trkpt lat="42.51660976540148" lon="2.414514590883079">
        <ele>1764</ele>
      </trkpt>
      <trkpt lat="42.5166603089834" lon="2.4145813465573109">
        <ele>1763</ele>
      </trkpt>
      <trkpt lat="42.51671085256532" lon="2.4146481022315434">
        <ele>1760</ele>
      </trkpt>
      <trkpt lat="42.5167814228495" lon="2.4146728971962581">
        <ele>1755</ele>
      </trkpt>
      <trkpt lat="42.5168338737364" lon="2.4146023269120698">
        <ele>1749</ele>
      </trkpt>
      <trkpt lat="42.51690444402059" lon="2.414577531947355">
        <ele>1743</ele>
      </trkpt>
      <trkpt lat="42.51694735838259" lon="2.4144897959183638">
        <ele>1738</ele>
      </trkpt>
      <trkpt lat="42.51694735838259" lon="2.4143896624070154">
        <ele>1736</ele>
      </trkpt>
      <trkpt lat="42.51692256341788" lon="2.4142771314133098">
        <ele>1736</ele>
      </trkpt>
      <trkpt lat="42.51697596795726" lon="2.4141979782567198">
        <ele>1730</ele>
      </trkpt>
      <trkpt lat="42.51703032614914" lon="2.4141188251001302">
        <ele>1725</ele>
      </trkpt>
      <trkpt lat="42.51705035285141" lon="2.4140501621209198">
        <ele>1724</ele>
      </trkpt>
      <trkpt lat="42.51707037955368" lon="2.4139814991417095">
        <ele>1722</ele>
      </trkpt>
      <trkpt lat="42.51707037955368" lon="2.4137278275796268">
        <ele>1722</ele>
      </trkpt>
      <trkpt lat="42.51711329391568" lon="2.4136486744230368">
        <ele>1719</ele>
      </trkpt>
      <trkpt lat="42.51738603852755" lon="2.4134360099179824">
        <ele>1700</ele>
      </trkpt>
      <trkpt lat="42.51747186725157" lon="2.4133444592790352">
        <ele>1695</ele>
      </trkpt>
      <trkpt lat="42.51756151058553" lon="2.4132738889948468">
        <ele>1688</ele>
      </trkpt>
      <trkpt lat="42.51764733930955" lon="2.413186152965856">
        <ele>1681</ele>
      </trkpt>
      <trkpt lat="42.51771028037382" lon="2.4131594506961629">
        <ele>1675</ele>
      </trkpt>
      <trkpt lat="42.5177732214381" lon="2.4131327484264702">
        <ele>1670</ele>
      </trkpt>
      <trkpt lat="42.51785618920464" lon="2.4130154491703188">
        <ele>1665</ele>
      </trkpt>
      <trkpt lat="42.51790959374403" lon="2.4129506008010648">
        <ele>1661</ele>
      </trkpt>
      <trkpt lat="42.51796299828342" lon="2.4128867060842993">
        <ele>1658</ele>
      </trkpt>
      <trkpt lat="42.51807076101468" lon="2.4128037383177534">
        <ele>1651</ele>
      </trkpt>
      <trkpt lat="42.51810890711424" lon="2.4127093267213393">
        <ele>1650</ele>
      </trkpt>
      <trkpt lat="42.5181470532138" lon="2.4126158687774142">
        <ele>1649</ele>
      </trkpt>
      <trkpt lat="42.51837497615868" lon="2.4122830440587415">
        <ele>1632</ele>
      </trkpt>
      <trkpt lat="42.51844363913789" lon="2.4122286858668667">
        <ele>1627</ele>
      </trkpt>
      <trkpt lat="42.5185123021171" lon="2.4121743276749918">
        <ele>1622</ele>
      </trkpt>
      <trkpt lat="42.51855521647911" lon="2.4120865916460006">
        <ele>1618</ele>
      </trkpt>
      <trkpt lat="42.51859813084111" lon="2.4119998092694988">
        <ele>1614</ele>
      </trkpt>
      <trkpt lat="42.51864676711806" lon="2.4119368682052227">
        <ele>1611</ele>
      </trkpt>
      <trkpt lat="42.51869635704748" lon="2.4118748807934356">
        <ele>1607</ele>
      </trkpt>
      <trkpt lat="42.51880125882128" lon="2.4117661644096855">
        <ele>1600</ele>
      </trkpt>
      <trkpt lat="42.51887469006293" lon="2.4117461377074161">
        <ele>1595</ele>
      </trkpt>
      <trkpt lat="42.51897291626931" lon="2.4118043105092468">
        <ele>1589</ele>
      </trkpt>
      <trkpt lat="42.51923040244134" lon="2.4120665649437312">
        <ele>1572</ele>
      </trkpt>
      <trkpt lat="42.51930097272553" lon="2.4121829105473931">
        <ele>1567</ele>
      </trkpt>
      <trkpt lat="42.51936009917985" lon="2.4121953080297507">
        <ele>1564</ele>
      </trkpt>
      <trkpt lat="42.51942876215906" lon="2.4121352279229415">
        <ele>1560</ele>
      </trkpt>
      <trkpt lat="42.51949742513827" lon="2.4120751478161324">
        <ele>1555</ele>
      </trkpt>
      <trkpt lat="42.51955655159259" lon="2.4120751478161324">
        <ele>1552</ele>
      </trkpt>
      <trkpt lat="42.51961472439442" lon="2.4121247377455619">
        <ele>1548</ele>
      </trkpt>
      <trkpt lat="42.51968815563608" lon="2.4120999427808472">
        <ele>1543</ele>
      </trkpt>
      <trkpt lat="42.51976826244515" lon="2.4121161548731607">
        <ele>1538</ele>
      </trkpt>
      <trkpt lat="42.5198598130841" lon="2.4122000762921956">
        <ele>1532</ele>
      </trkpt>
      <trkpt lat="42.51997615868777" lon="2.4122410833492243">
        <ele>1525</ele>
      </trkpt>
      <trkpt lat="42.51999999999999" lon="2.4122258249093997">
        <ele>1523</ele>
      </trkpt>
      <trkpt lat="42.52" lon="2.4122258249093997">
        <ele>1523</ele>
      </trkpt>
      <trkpt lat="42.52002002670227" lon="2.4122124737745532">
        <ele>1522</ele>
      </trkpt>
      <trkpt lat="42.52008106046157" lon="2.4120913599084459">
        <ele>1519</ele>
      </trkpt>
      <trkpt lat="42.52010585542629" lon="2.4119826435246963">
        <ele>1518</ele>
      </trkpt>
      <trkpt lat="42.52015163074576" lon="2.4119454510776239">
        <ele>1515</ele>
      </trkpt>
      <trkpt lat="42.52020694259012" lon="2.411975014304784">
        <ele>1511</ele>
      </trkpt>
      <trkpt lat="42.52027751287431" lon="2.4119826435246963">
        <ele>1507</ele>
      </trkpt>
      <trkpt lat="42.52035380507343" lon="2.4119454510776239">
        <ele>1502</ele>
      </trkpt>
      <trkpt lat="42.52041865344269" lon="2.4119502193400693">
        <ele>1498</ele>
      </trkpt>
      <trkpt lat="42.52048922372688" lon="2.4120293724966588">
        <ele>1493</ele>
      </trkpt>
      <trkpt lat="42.52053213808888" lon="2.4119826435246963">
        <ele>1490</ele>
      </trkpt>
      <trkpt lat="42.52056265496853" lon="2.4119626168224264">
        <ele>1489</ele>
      </trkpt>
      <trkpt lat="42.52063036429525" lon="2.4119912263970975">
        <ele>1484</ele>
      </trkpt>
      <trkpt lat="42.52071047110433" lon="2.4119578485599815">
        <ele>1479</ele>
      </trkpt>
      <trkpt lat="42.52077722677856" lon="2.4119998092694988">
        <ele>1475</ele>
      </trkpt>
      <trkpt lat="42.52079248521839" lon="2.4120637039862638">
        <ele>1473</ele>
      </trkpt>
      <trkpt lat="42.5208086973107" lon="2.4121285523555183">
        <ele>1472</ele>
      </trkpt>
      <trkpt lat="42.5208172801831" lon="2.4122239176044213">
        <ele>1471</ele>
      </trkpt>
      <trkpt lat="42.520826816708" lon="2.4123202365058138">
        <ele>1470</ele>
      </trkpt>
      <trkpt lat="42.52087926759489" lon="2.4124365821094758">
        <ele>1466</ele>
      </trkpt>
      <trkpt lat="42.52093744039672" lon="2.4125157352660658">
        <ele>1461</ele>
      </trkpt>
      <trkpt lat="42.52097081823383" lon="2.4125910738126994">
        <ele>1457</ele>
      </trkpt>
      <trkpt lat="42.52100514972344" lon="2.4126664123593327">
        <ele>1454</ele>
      </trkpt>
      <trkpt lat="42.52106332252527" lon="2.4126912073240478">
        <ele>1450</ele>
      </trkpt>
      <trkpt lat="42.52112435628457" lon="2.4127989700553085">
        <ele>1445</ele>
      </trkpt>
      <trkpt lat="42.52118539004387" lon="2.4128323478924245">
        <ele>1441</ele>
      </trkpt>
      <trkpt lat="42.52124737745566" lon="2.4127913408353963">
        <ele>1438</ele>
      </trkpt>
      <trkpt lat="42.52128075529277" lon="2.4127245851611638">
        <ele>1436</ele>
      </trkpt>
      <trkpt lat="42.52134846461949" lon="2.4127074194163614">
        <ele>1432</ele>
      </trkpt>
      <trkpt lat="42.52137612054167" lon="2.4127455655159227">
        <ele>1430</ele>
      </trkpt>
      <trkpt lat="42.52136658401678" lon="2.4127951554453522">
        <ele>1431</ele>
      </trkpt>
      <trkpt lat="42.52136658401678" lon="2.4129115010490145">
        <ele>1430</ele>
      </trkpt>
      <trkpt lat="42.52140091550639" lon="2.4129496471485758">
        <ele>1428</ele>
      </trkpt>
      <trkpt lat="42.5214524127408" lon="2.4129362960137293">
        <ele>1426</ele>
      </trkpt>
      <trkpt lat="42.52148579057791" lon="2.4128638184245625">
        <ele>1424</ele>
      </trkpt>
      <trkpt lat="42.52152012206752" lon="2.4127913408353963">
        <ele>1421</ele>
      </trkpt>
      <trkpt lat="42.5215573145146" lon="2.4127655922181921">
        <ele>1419</ele>
      </trkpt>
      <trkpt lat="42.52161262635896" lon="2.4128075529277098">
        <ele>1416</ele>
      </trkpt>
      <trkpt lat="42.52166793820332" lon="2.4127951554453522">
        <ele>1413</ele>
      </trkpt>
      <trkpt lat="42.5217127598703" lon="2.4126893000190694">
        <ele>1411</ele>
      </trkpt>
      <trkpt lat="42.52175758153729" lon="2.4125843982452762">
        <ele>1409</ele>
      </trkpt>
      <trkpt lat="42.52178809841694" lon="2.4124680526416138">
        <ele>1408</ele>
      </trkpt>
      <trkpt lat="42.52181861529659" lon="2.4123526606904409">
        <ele>1407</ele>
      </trkpt>
      <trkpt lat="42.52190921228304" lon="2.4123383559031053">
        <ele>1404</ele>
      </trkpt>
      <trkpt lat="42.52199218004959" lon="2.412411787144761">
        <ele>1403</ele>
      </trkpt>
      <trkpt lat="42.5220608430288" lon="2.4123736410451997">
        <ele>1401</ele>
      </trkpt>
      <trkpt lat="42.52208659164601" lon="2.412445164981877">
        <ele>1401</ele>
      </trkpt>
      <trkpt lat="42.52213236696548" lon="2.412526225443445">
        <ele>1402</ele>
      </trkpt>
      <trkpt lat="42.52217909593744" lon="2.4126082395575019">
        <ele>1404</ele>
      </trkpt>
      <trkpt lat="42.52224203700172" lon="2.4125538813656271">
        <ele>1401</ele>
      </trkpt>
      <trkpt lat="42.5222868586687" lon="2.4124756818615261">
        <ele>1398</ele>
      </trkpt>
      <trkpt lat="42.52233263398818" lon="2.4123974823574255">
        <ele>1395</ele>
      </trkpt>
      <trkpt lat="42.52243372115201" lon="2.4123602899103531">
        <ele>1391</ele>
      </trkpt>
      <trkpt lat="42.52249761586878" lon="2.4123030707610114">
        <ele>1387</ele>
      </trkpt>
      <trkpt lat="42.52259393477017" lon="2.4121943543772617">
        <ele>1386</ele>
      </trkpt>
      <trkpt lat="42.52270169750143" lon="2.4121752813274808">
        <ele>1388</ele>
      </trkpt>
      <trkpt lat="42.52275414838833" lon="2.4121047110432925">
        <ele>1387</ele>
      </trkpt>
      <trkpt lat="42.52280755292772" lon="2.4120341407591042">
        <ele>1386</ele>
      </trkpt>
      <trkpt lat="42.52287716955941" lon="2.4119511729925582">
        <ele>1384</ele>
      </trkpt>
      <trkpt lat="42.5229477398436" lon="2.4118682052260123">
        <ele>1382</ele>
      </trkpt>
      <trkpt lat="42.52304978065993" lon="2.4117690253671529">
        <ele>1381</ele>
      </trkpt>
      <trkpt lat="42.52322334541293" lon="2.4114705321380856">
        <ele>1372</ele>
      </trkpt>
      <trkpt lat="42.52332538622926" lon="2.4113713522792262">
        <ele>1370</ele>
      </trkpt>
      <trkpt lat="42.52341979782567" lon="2.4113541865344232">
        <ele>1370</ele>
      </trkpt>
      <trkpt lat="42.52349322906733" lon="2.4113751668891821">
        <ele>1371</ele>
      </trkpt>
      <trkpt lat="42.52356761396148" lon="2.4113961472439409">
        <ele>1372</ele>
      </trkpt>
      <trkpt lat="42.52364676711807" lon="2.4114314323860353">
        <ele>1374</ele>
      </trkpt>
      <trkpt lat="42.52372687392714" lon="2.4114667175281292">
        <ele>1376</ele>
      </trkpt>
      <trkpt lat="42.52402155254625" lon="2.4116336067137101">
        <ele>1386</ele>
      </trkpt>
      <trkpt lat="42.52411691779515" lon="2.4116622162883812">
        <ele>1388</ele>
      </trkpt>
      <trkpt lat="42.52418558077436" lon="2.4116431432386003">
        <ele>1388</ele>
      </trkpt>
      <trkpt lat="42.52425519740606" lon="2.4116250238413088">
        <ele>1390</ele>
      </trkpt>
      <trkpt lat="42.52433435056265" lon="2.4115248903299604">
        <ele>1388</ele>
      </trkpt>
      <trkpt lat="42.52465096318902" lon="2.4114085447262985">
        <ele>1393</ele>
      </trkpt>
      <trkpt lat="42.52475491131032" lon="2.411424756818612">
        <ele>1398</ele>
      </trkpt>
      <trkpt lat="42.52475491131032" lon="2.411424756818612">
        <ele>1398</ele>
      </trkpt>
      <trkpt lat="42.52486267404158" lon="2.4113751668891821">
        <ele>1399</ele>
      </trkpt>
      <trkpt lat="42.52494182719817" lon="2.4112750333778337">
        <ele>1398</ele>
      </trkpt>
      <trkpt lat="42.5249828342552" lon="2.4112044630936453">
        <ele>1396</ele>
      </trkpt>
      <trkpt lat="42.52502479496471" lon="2.411133892809457">
        <ele>1395</ele>
      </trkpt>
      <trkpt lat="42.5252698836544" lon="2.4108821285523523">
        <ele>1395</ele>
      </trkpt>
      <trkpt lat="42.52556170131604" lon="2.410761968338734">
        <ele>1402</ele>
      </trkpt>
      <trkpt lat="42.52562845699028" lon="2.4107161930192604">
        <ele>1402</ele>
      </trkpt>
      <trkpt lat="42.52572668319664" lon="2.4106313179477366">
        <ele>1402</ele>
      </trkpt>
      <trkpt lat="42.5258258630555" lon="2.4105473965287016">
        <ele>1401</ele>
      </trkpt>
      <trkpt lat="42.52592122830441" lon="2.4104882700743815">
        <ele>1396</ele>
      </trkpt>
      <trkpt lat="42.52599656685104" lon="2.4104548922372655">
        <ele>1392</ele>
      </trkpt>
      <trkpt lat="42.52607190539767" lon="2.4104215144001491">
        <ele>1389</ele>
      </trkpt>
      <trkpt lat="42.52614247568187" lon="2.4103709708182306">
        <ele>1386</ele>
      </trkpt>
      <trkpt lat="42.52621304596605" lon="2.4103213808888007">
        <ele>1382</ele>
      </trkpt>
      <trkpt lat="42.52625977493801" lon="2.4102584398245246">
        <ele>1379</ele>
      </trkpt>
      <trkpt lat="42.52630745756247" lon="2.4101964524127375">
        <ele>1377</ele>
      </trkpt>
      <trkpt lat="42.5263484646195" lon="2.4101296967385051">
        <ele>1374</ele>
      </trkpt>
      <trkpt lat="42.52639042532901" lon="2.4100629410642727">
        <ele>1372</ele>
      </trkpt>
      <trkpt lat="42.52651058554263" lon="2.4097425138279576">
        <ele>1363</ele>
      </trkpt>
      <trkpt lat="42.52655826816708" lon="2.4096423803166092">
        <ele>1361</ele>
      </trkpt>
      <trkpt lat="42.52660595079153" lon="2.4095432004577497">
        <ele>1359</ele>
      </trkpt>
      <trkpt lat="42.52666984550829" lon="2.4094716765210724">
        <ele>1359</ele>
      </trkpt>
      <trkpt lat="42.52673469387755" lon="2.4094011062368841">
        <ele>1352</ele>
      </trkpt>
      <trkpt lat="42.52675758153729" lon="2.4092942971581124">
        <ele>1348</ele>
      </trkpt>
      <trkpt lat="42.52678046919703" lon="2.4091884417318297">
        <ele>1344</ele>
      </trkpt>
      <trkpt lat="42.52685103948122" lon="2.4090968910928825">
        <ele>1336</ele>
      </trkpt>
      <trkpt lat="42.5269216097654" lon="2.4090053404539353">
        <ele>1327</ele>
      </trkpt>
      <trkpt lat="42.52701697501431" lon="2.4087230593171816">
        <ele>1311</ele>
      </trkpt>
      <trkpt lat="42.52703318710662" lon="2.4086076673660086">
        <ele>1307</ele>
      </trkpt>
      <trkpt lat="42.52705035285143" lon="2.4084932290673247">
        <ele>1303</ele>
      </trkpt>
      <trkpt lat="42.52711806217815" lon="2.4083892809460199">
        <ele>1298</ele>
      </trkpt>
      <trkpt lat="42.52714571810033" lon="2.408306313179474">
        <ele>1296</ele>
      </trkpt>
      <trkpt lat="42.52717337402251" lon="2.408223345412928">
        <ele>1293</ele>
      </trkpt>
      <trkpt lat="42.52727160022888" lon="2.4081975967957243">
        <ele>1291</ele>
      </trkpt>
      <trkpt lat="42.52735552164791" lon="2.4080974632843759">
        <ele>1288</ele>
      </trkpt>
      <trkpt lat="42.52744039671943" lon="2.4079982834255165">
        <ele>1286</ele>
      </trkpt>
      <trkpt lat="42.52746423803166" lon="2.4079267594888387">
        <ele>1285</ele>
      </trkpt>
      <trkpt lat="42.52748903299638" lon="2.4078561892046504">
        <ele>1284</ele>
      </trkpt>
      <trkpt lat="42.52756341789052" lon="2.4077646385657032">
        <ele>1281</ele>
      </trkpt>
      <trkpt lat="42.52758153728782" lon="2.4076893000190696">
        <ele>1280</ele>
      </trkpt>
      <trkpt lat="42.5275996566851" lon="2.4076149151249249">
        <ele>1279</ele>
      </trkpt>
      <trkpt lat="42.52760156399008" lon="2.4075500667556708">
        <ele>1279</ele>
      </trkpt>
      <trkpt lat="42.52760347129506" lon="2.4074861720389058">
        <ele>1278</ele>
      </trkpt>
      <trkpt lat="42.52763971008964" lon="2.4074861720389058">
        <ele>1277</ele>
      </trkpt>
      <trkpt lat="42.52765496852947" lon="2.4075567423230941">
        <ele>1278</ele>
      </trkpt>
      <trkpt lat="42.52767022696929" lon="2.4076273126072825">
        <ele>1277</ele>
      </trkpt>
      <trkpt lat="42.52767213427427" lon="2.4077245851611639">
        <ele>1277</ele>
      </trkpt>
      <trkpt lat="42.52767404157925" lon="2.4078228113675344">
        <ele>1277</ele>
      </trkpt>
      <trkpt lat="42.52762254434484" lon="2.4078933816517227">
        <ele>1279</ele>
      </trkpt>
      <trkpt lat="42.52757200076292" lon="2.4079649055884">
        <ele>1282</ele>
      </trkpt>
      <trkpt lat="42.52755388136563" lon="2.4080373831775668">
        <ele>1283</ele>
      </trkpt>
      <trkpt lat="42.52753576196834" lon="2.408110814419222">
        <ele>1285</ele>
      </trkpt>
      <trkpt lat="42.52753194735838" lon="2.4087268739271375">
        <ele>1286</ele>
      </trkpt>
      <trkpt lat="42.52756627884799" lon="2.4087974442113258">
        <ele>1284</ele>
      </trkpt>
      <trkpt lat="42.52764543200458" lon="2.4087354567995387">
        <ele>1278</ele>
      </trkpt>
      <trkpt lat="42.52771981689872" lon="2.408660118252905">
        <ele>1273</ele>
      </trkpt>
      <trkpt lat="42.52779515544535" lon="2.4085857333587608">
        <ele>1268</ele>
      </trkpt>
      <trkpt lat="42.52786858668701" lon="2.4084741560175438">
        <ele>1264</ele>
      </trkpt>
      <trkpt lat="42.52794297158115" lon="2.4083635323288162">
        <ele>1259</ele>
      </trkpt>
      <trkpt lat="42.52804787335495" lon="2.4082529086400881">
        <ele>1254</ele>
      </trkpt>
      <trkpt lat="42.52811748998665" lon="2.4081871066183447">
        <ele>1251</ele>
      </trkpt>
      <trkpt lat="42.52818710661835" lon="2.4081213045966017">
        <ele>1249</ele>
      </trkpt>
      <trkpt lat="42.52825100133511" lon="2.4080879267594852">
        <ele>1246</ele>
      </trkpt>
      <trkpt lat="42.52831489605188" lon="2.4080545489223693">
        <ele>1244</ele>
      </trkpt>
      <trkpt lat="42.52838737364105" lon="2.4079620446309331">
        <ele>1242</ele>
      </trkpt>
      <trkpt lat="42.52839404920847" lon="2.4079181766164375">
        <ele>1243</ele>
      </trkpt>
      <trkpt lat="42.52835113484646" lon="2.4078361625023805">
        <ele>1249</ele>
      </trkpt>
      <trkpt lat="42.52833873736411" lon="2.4077446118634334">
        <ele>1253</ele>
      </trkpt>
      <trkpt lat="42.52834541293153" lon="2.4077007438489382">
        <ele>1254</ele>
      </trkpt>
      <trkpt lat="42.52841502956323" lon="2.4076053786000347">
        <ele>1252</ele>
      </trkpt>
      <trkpt lat="42.52864676711806" lon="2.4072458516116693">
        <ele>1240</ele>
      </trkpt>
      <trkpt lat="42.52865439633798" lon="2.4071543009727221">
        <ele>1240</ele>
      </trkpt>
      <trkpt lat="42.52866202555789" lon="2.4070627503337749">
        <ele>1241</ele>
      </trkpt>
      <trkpt lat="42.52869826435247" lon="2.406800495899291">
        <ele>1243</ele>
      </trkpt>
      <trkpt lat="42.52876025176426" lon="2.4066927331680303">
        <ele>1241</ele>
      </trkpt>
      <trkpt lat="42.52883845126836" lon="2.4066221628838416">
        <ele>1236</ele>
      </trkpt>
      <trkpt lat="42.52891665077246" lon="2.4065525462521422">
        <ele>1231</ele>
      </trkpt>
      <trkpt lat="42.52897196261682" lon="2.4064829296204429">
        <ele>1227</ele>
      </trkpt>
      <trkpt lat="42.52903108907115" lon="2.4061920656112878">
        <ele>1223</ele>
      </trkpt>
      <trkpt lat="42.52906828151821" lon="2.4061157734121652">
        <ele>1222</ele>
      </trkpt>
      <trkpt lat="42.52910547396529" lon="2.4060394812130426">
        <ele>1220</ele>
      </trkpt>
      <trkpt lat="42.52912836162503" lon="2.4059259965668476">
        <ele>1219</ele>
      </trkpt>
      <trkpt lat="42.52912454701507" lon="2.4058058363532293">
        <ele>1219</ele>
      </trkpt>
      <trkpt lat="42.52910833492275" lon="2.4057457562464202">
        <ele>1218</ele>
      </trkpt>
      <trkpt lat="42.52911405683769" lon="2.4057133320617932">
        <ele>1216</ele>
      </trkpt>
      <trkpt lat="42.52912740797254" lon="2.4057209612817054">
        <ele>1216</ele>
      </trkpt>
      <trkpt lat="42.52916746137708" lon="2.4058277703604771">
        <ele>1218</ele>
      </trkpt>
      <trkpt lat="42.52920942208659" lon="2.4059221819568917">
        <ele>1214</ele>
      </trkpt>
      <trkpt lat="42.5292523364486" lon="2.4060175472057947">
        <ele>1210</ele>
      </trkpt>
      <trkpt lat="42.52926473393096" lon="2.406027083730685">
        <ele>1208</ele>
      </trkpt>
      <trkpt lat="42.52929143620065" lon="2.4059994278085033">
        <ele>1206</ele>
      </trkpt>
      <trkpt lat="42.52930860194545" lon="2.40599275224108">
        <ele>1204</ele>
      </trkpt>
      <trkpt lat="42.52931432386038" lon="2.4060051497234372">
        <ele>1204</ele>
      </trkpt>
      <trkpt lat="42.52938584779707" lon="2.4059555597940077">
        <ele>1197</ele>
      </trkpt>
      <trkpt lat="42.5293648674423" lon="2.4058649628075495">
        <ele>1199</ele>
      </trkpt>
      <trkpt lat="42.52936200648484" lon="2.4057858096509599">
        <ele>1198</ele>
      </trkpt>
      <trkpt lat="42.52935914552737" lon="2.4057076101468589">
        <ele>1197</ele>
      </trkpt>
      <trkpt lat="42.52934579439253" lon="2.4056456227350718">
        <ele>1196</ele>
      </trkpt>
      <trkpt lat="42.52933339691017" lon="2.4055836353232847">
        <ele>1196</ele>
      </trkpt>
      <trkpt lat="42.5293477016975" lon="2.4054892237268706">
        <ele>1192</ele>
      </trkpt>
      <trkpt lat="42.52934102613008" lon="2.4054167461377038">
        <ele>1191</ele>
      </trkpt>
      <trkpt lat="42.52933530421515" lon="2.4053452222010265">
        <ele>1189</ele>
      </trkpt>
      <trkpt lat="42.52934388708755" lon="2.4052775128743051">
        <ele>1187</ele>
      </trkpt>
      <trkpt lat="42.52932958230021" lon="2.4051707037955334">
        <ele>1185</ele>
      </trkpt>
      <trkpt lat="42.52929429715812" lon="2.405103948121301">
        <ele>1187</ele>
      </trkpt>
      <trkpt lat="42.52929238985314" lon="2.405070570284185">
        <ele>1186</ele>
      </trkpt>
      <trkpt lat="42.52934293343506" lon="2.4050295632271568">
        <ele>1180</ele>
      </trkpt>
      <trkpt lat="42.52931909212283" lon="2.4050190730497771">
        <ele>1182</ele>
      </trkpt>
      <trkpt lat="42.52931813847034" lon="2.4049780659927489">
        <ele>1181</ele>
      </trkpt>
      <trkpt lat="42.52933625786763" lon="2.4049504100705668">
        <ele>1178</ele>
      </trkpt>
      <trkpt lat="42.52932576769025" lon="2.4049351516307422">
        <ele>1178</ele>
      </trkpt>
      <trkpt lat="42.52929334350563" lon="2.4049141712759838">
        <ele>1180</ele>
      </trkpt>
      <trkpt lat="42.52927140949838" lon="2.4048025939347668">
        <ele>1177</ele>
      </trkpt>
      <trkpt lat="42.52920370017166" lon="2.4047310699980895">
        <ele>1179</ele>
      </trkpt>
      <trkpt lat="42.52918558077437" lon="2.4046576387564338">
        <ele>1176</ele>
      </trkpt>
      <trkpt lat="42.52916841502957" lon="2.4045851611672671">
        <ele>1174</ele>
      </trkpt>
      <trkpt lat="42.52911119588022" lon="2.4044669082586272">
        <ele>1169</ele>
      </trkpt>
      <trkpt lat="42.52910261300782" lon="2.4043991989319058">
        <ele>1166</ele>
      </trkpt>
      <trkpt lat="42.52909498378791" lon="2.4043314896051844">
        <ele>1163</ele>
      </trkpt>
      <trkpt lat="42.52909212283044" lon="2.4042180049589894">
        <ele>1157</ele>
      </trkpt>
      <trkpt lat="42.52904825481595" lon="2.4041464810223121">
        <ele>1154</ele>
      </trkpt>
      <trkpt lat="42.52899866488652" lon="2.4041274079725312">
        <ele>1153</ele>
      </trkpt>
      <trkpt lat="42.52894144573717" lon="2.4040720961281674">
        <ele>1150</ele>
      </trkpt>
      <trkpt lat="42.52894144573717" lon="2.403973869921797">
        <ele>1145</ele>
      </trkpt>
      <trkpt lat="42.52890711424757" lon="2.403938584779703">
        <ele>1143</ele>
      </trkpt>
      <trkpt lat="42.52888518024032" lon="2.4039261872973454">
        <ele>1142</ele>
      </trkpt>
      <trkpt lat="42.5288870875453" lon="2.4038785046728939">
        <ele>1140</ele>
      </trkpt>
      <trkpt lat="42.52893095555979" lon="2.4038098416936835">
        <ele>1136</ele>
      </trkpt>
      <trkpt lat="42.52901106236887" lon="2.4037335494945609">
        <ele>1133</ele>
      </trkpt>
      <trkpt lat="42.52901106236887" lon="2.4036925424375322">
        <ele>1131</ele>
      </trkpt>
      <trkpt lat="42.52899580392905" lon="2.4036572572954382">
        <ele>1129</ele>
      </trkpt>
      <trkpt lat="42.52895098226207" lon="2.4036429525081027">
        <ele>1128</ele>
      </trkpt>
      <trkpt lat="42.52891665077246" lon="2.4036057600610303">
        <ele>1126</ele>
      </trkpt>
      <trkpt lat="42.52891092885753" lon="2.4035571237840898">
        <ele>1123</ele>
      </trkpt>
      <trkpt lat="42.52894621399962" lon="2.4035189776845285">
        <ele>1121</ele>
      </trkpt>
      <trkpt lat="42.52893667747473" lon="2.403486553499901">
        <ele>1120</ele>
      </trkpt>
      <trkpt lat="42.52884894144574" lon="2.4034169368682017">
        <ele>1115</ele>
      </trkpt>
      <trkpt lat="42.52878313942399" lon="2.4033511348464587">
        <ele>1111</ele>
      </trkpt>
      <trkpt lat="42.52878695403395" lon="2.4032958230020944">
        <ele>1109</ele>
      </trkpt>
      <trkpt lat="42.52881651726111" lon="2.4032910547396495">
        <ele>1109</ele>
      </trkpt>
      <trkpt lat="42.5288518024032" lon="2.4032595842075115">
        <ele>1108</ele>
      </trkpt>
      <trkpt lat="42.52885752431814" lon="2.4032300209803514">
        <ele>1107</ele>
      </trkpt>
      <trkpt lat="42.52883272935343" lon="2.4032099942780816">
        <ele>1106</ele>
      </trkpt>
      <trkpt lat="42.5287917222964" lon="2.4032023650581693">
        <ele>1105</ele>
      </trkpt>
      <trkpt lat="42.52880984169369" lon="2.4031670799160754">
        <ele>1104</ele>
      </trkpt>
      <trkpt lat="42.52883654396338" lon="2.4031413312988712">
        <ele>1103</ele>
      </trkpt>
      <trkpt lat="42.52880984169369" lon="2.4031165363341565">
        <ele>1102</ele>
      </trkpt>
      <trkpt lat="42.52876311272173" lon="2.4031222582490908">
        <ele>1101</ele>
      </trkpt>
      <trkpt lat="42.52876120541675" lon="2.4030946023269086">
        <ele>1100</ele>
      </trkpt>
      <trkpt lat="42.52878504672897" lon="2.4030459660499681">
        <ele>1099</ele>
      </trkpt>
      <trkpt lat="42.52880698073622" lon="2.4029572763684879">
        <ele>1096</ele>
      </trkpt>
      <trkpt lat="42.52880316612627" lon="2.4029095937440363">
        <ele>1094</ele>
      </trkpt>
      <trkpt lat="42.52874308601945" lon="2.402839023459848">
        <ele>1090</ele>
      </trkpt>
      <trkpt lat="42.52865344268549" lon="2.4028476063322493">
        <ele>1089</ele>
      </trkpt>
      <trkpt lat="42.52865153538051" lon="2.4028151821476218">
        <ele>1087</ele>
      </trkpt>
      <trkpt lat="42.52869254243754" lon="2.4028018310127757">
        <ele>1087</ele>
      </trkpt>
      <trkpt lat="42.52870112530994" lon="2.4027617776082359">
        <ele>1086</ele>
      </trkpt>
      <trkpt lat="42.52869540339501" lon="2.4027007438489378">
        <ele>1083</ele>
      </trkpt>
      <trkpt lat="42.52872782757963" lon="2.4026063322525237">
        <ele>1080</ele>
      </trkpt>
      <trkpt lat="42.52869254243754" lon="2.4025405302307803">
        <ele>1077</ele>
      </trkpt>
      <trkpt lat="42.52862292580583" lon="2.4025119206561096">
        <ele>1074</ele>
      </trkpt>
      <trkpt lat="42.52857785957041" lon="2.4024931430580154">
        <ele>1072</ele>
      </trkpt>
      <trkpt lat="42.52857785957041" lon="2.4024931430580154">
        <ele>1072</ele>
      </trkpt>
      <trkpt lat="42.52855426282662" lon="2.4024833110814385">
        <ele>1072</ele>
      </trkpt>
      <trkpt lat="42.52851802403205" lon="2.4024337211520086">
        <ele>1069</ele>
      </trkpt>
      <trkpt lat="42.52857715048636" lon="2.402354567995419">
        <ele>1067</ele>
      </trkpt>
      <trkpt lat="42.52863627694068" lon="2.4022754148388294">
        <ele>1065</ele>
      </trkpt>
      <trkpt lat="42.52859050162121" lon="2.402211520122064">
        <ele>1061</ele>
      </trkpt>
      <trkpt lat="42.52854949456418" lon="2.402209612817086">
        <ele>1060</ele>
      </trkpt>
      <trkpt lat="42.52846175853519" lon="2.4022305931718448">
        <ele>1059</ele>
      </trkpt>
      <trkpt lat="42.52837497615869" lon="2.4022515735266037">
        <ele>1059</ele>
      </trkpt>
      <trkpt lat="42.52837497615869" lon="2.4022515735266037">
        <ele>1059</ele>
      </trkpt>
      <trkpt lat="42.52835971771886" lon="2.4022210566469546">
        <ele>1057</ele>
      </trkpt>
      <trkpt lat="42.52832824718673" lon="2.4022210566469546">
        <ele>1056</ele>
      </trkpt>
      <trkpt lat="42.52830726683197" lon="2.4022315468243338">
        <ele>1056</ele>
      </trkpt>
      <trkpt lat="42.52829963761206" lon="2.4022210566469546">
        <ele>1055</ele>
      </trkpt>
      <trkpt lat="42.52830726683197" lon="2.4022048445546407">
        <ele>1055</ele>
      </trkpt>
      <trkpt lat="42.52834350562655" lon="2.4022010299446848">
        <ele>1056</ele>
      </trkpt>
      <trkpt lat="42.5283654396338" lon="2.4021171085256499">
        <ele>1053</ele>
      </trkpt>
      <trkpt lat="42.52838832729353" lon="2.4020694259011983">
        <ele>1051</ele>
      </trkpt>
      <trkpt lat="42.52839404920847" lon="2.4019855044821634">
        <ele>1048</ele>
      </trkpt>
      <trkpt lat="42.52840644669083" lon="2.4019435437726457">
        <ele>1047</ele>
      </trkpt>
      <trkpt lat="42.52840453938585" lon="2.4018968148006832">
        <ele>1045</ele>
      </trkpt>
      <trkpt lat="42.52841502956323" lon="2.4018539004386765">
        <ele>1043</ele>
      </trkpt>
      <trkpt lat="42.52841407591074" lon="2.4018252908640059">
        <ele>1042</ele>
      </trkpt>
      <trkpt lat="42.52838546633607" lon="2.4017394621399926">
        <ele>1038</ele>
      </trkpt>
      <trkpt lat="42.52838451268358" lon="2.4016975014304753">
        <ele>1036</ele>
      </trkpt>
      <trkpt lat="42.52837306885371" lon="2.4016402822811331">
        <ele>1035</ele>
      </trkpt>
      <trkpt lat="42.52837211520122" lon="2.4015554072096092">
        <ele>1034</ele>
      </trkpt>
      <trkpt lat="42.52837211520122" lon="2.4015554072096092">
        <ele>1034</ele>
      </trkpt>
      <trkpt lat="42.52836353232882" lon="2.4014724394430633">
        <ele>1034</ele>
      </trkpt>
      <trkpt lat="42.52836353232882" lon="2.4014724394430633">
        <ele>1034</ele>
      </trkpt>
      <trkpt lat="42.52831680335686" lon="2.4014581346557282">
        <ele>1033</ele>
      </trkpt>
      <trkpt lat="42.52831680335686" lon="2.4014581346557282">
        <ele>1033</ele>
      </trkpt>
      <trkpt lat="42.52818329200839" lon="2.4015716193019228">
        <ele>1029</ele>
      </trkpt>
      <trkpt lat="42.52818329200839" lon="2.4015716193019228">
        <ele>1029</ele>
      </trkpt>
      <trkpt lat="42.52818710661835" lon="2.4016679382033153">
        <ele>1030</ele>
      </trkpt>
      <trkpt lat="42.52815754339119" lon="2.4016421895861115">
        <ele>1029</ele>
      </trkpt>
      <trkpt lat="42.52812416555408" lon="2.4017146671752778">
        <ele>1030</ele>
      </trkpt>
      <trkpt lat="42.52809364867442" lon="2.401625977493798">
        <ele>1026</ele>
      </trkpt>
      <trkpt lat="42.5280698073622" lon="2.4016507724585128">
        <ele>1026</ele>
      </trkpt>
      <trkpt lat="42.5280698073622" lon="2.4016507724585128">
        <ele>1026</ele>
      </trkpt>
      <trkpt lat="42.52801163456036" lon="2.4017146671752778">
        <ele>1026</ele>
      </trkpt>
      <trkpt lat="42.52799351516308" lon="2.4018310127789397">
        <ele>1030</ele>
      </trkpt>
      <trkpt lat="42.52800495899294" lon="2.4018796490558807">
        <ele>1032</ele>
      </trkpt>
      <trkpt lat="42.52790291817661" lon="2.4018291054739618">
        <ele>1027</ele>
      </trkpt>
      <trkpt lat="42.52784951363723" lon="2.4018291054739618">
        <ele>1025</ele>
      </trkpt>
      <trkpt lat="42.52779515544535" lon="2.4018653442685451">
        <ele>1025</ele>
      </trkpt>
      <trkpt lat="42.52774461186344" lon="2.4018634369635672">
        <ele>1023</ele>
      </trkpt>
      <trkpt lat="42.52772458516117" lon="2.4018930001907273">
        <ele>1023</ele>
      </trkpt>
      <trkpt lat="42.52761682242991" lon="2.4018910928857489">
        <ele>1020</ele>
      </trkpt>
      <trkpt lat="42.52752527179096" lon="2.4019664314323825">
        <ele>1020</ele>
      </trkpt>
      <trkpt lat="42.5274613770742" lon="2.4019626168224266">
        <ele>1020</ele>
      </trkpt>
      <trkpt lat="42.52740034331489" lon="2.401917795155442">
        <ele>1020</ele>
      </trkpt>
      <trkpt lat="42.52736028991036" lon="2.4018691588785011">
        <ele>1020</ele>
      </trkpt>
      <trkpt lat="42.52727160022888" lon="2.4018577150486329">
        <ele>1023</ele>
      </trkpt>
      <trkpt lat="42.52730307076101" lon="2.4018224299065385">
        <ele>1021</ele>
      </trkpt>
      <trkpt lat="42.52727160022888" lon="2.4018128933816483">
        <ele>1021</ele>
      </trkpt>
      <trkpt lat="42.52728971962617" lon="2.4017909593744005">
        <ele>1020</ele>
      </trkpt>
      <trkpt lat="42.5272611100515" lon="2.4017890520694225">
        <ele>1021</ele>
      </trkpt>
      <trkpt lat="42.52725538813657" lon="2.4017509059698612">
        <ele>1020</ele>
      </trkpt>
      <trkpt lat="42.52734121686058" lon="2.4013351134846426">
        <ele>1012</ele>
      </trkpt>
      <trkpt lat="42.52731832920084" lon="2.401255006675564">
        <ele>1012</ele>
      </trkpt>
      <trkpt lat="42.52729639519359" lon="2.4011758535189744">
        <ele>1013</ele>
      </trkpt>
      <trkpt lat="42.52728018310128" lon="2.4010719053976697">
        <ele>1013</ele>
      </trkpt>
      <trkpt lat="42.52726492466145" lon="2.4009679572763649">
        <ele>1013</ele>
      </trkpt>
      <trkpt lat="42.52724489795919" lon="2.4008868968147974">
        <ele>1013</ele>
      </trkpt>
      <trkpt lat="42.52722487125691" lon="2.4008058363532294">
        <ele>1013</ele>
      </trkpt>
      <trkpt lat="42.52704749189395" lon="2.4004930383368266">
        <ele>1017</ele>
      </trkpt>
      <trkpt lat="42.52702269692924" lon="2.4003738317756977">
        <ele>1016</ele>
      </trkpt>
      <trkpt lat="42.52699885561702" lon="2.4002546252145684">
        <ele>1016</ele>
      </trkpt>
      <trkpt lat="42.52701602136182" lon="2.3999999999999968">
        <ele>1013</ele>
      </trkpt>
      <trkpt lat="42.52701602136182" lon="2.4000000000000146">
        <ele>1013</ele>
      </trkpt>
      <trkpt lat="42.52701888231928" lon="2.3999561319855194">
        <ele>1011</ele>
      </trkpt>
      <trkpt lat="42.52697596795728" lon="2.3998512302117256">
        <ele>1009</ele>
      </trkpt>
      <trkpt lat="42.5269568949075" lon="2.3997530040053552">
        <ele>1006</ele>
      </trkpt>
      <trkpt lat="42.52701411405684" lon="2.3996452412740945">
        <ele>998</ele>
      </trkpt>
      <trkpt lat="42.52700553118444" lon="2.3995336639328775">
        <ele>994</ele>
      </trkpt>
      <trkpt lat="42.52702460423422" lon="2.3994554644287769">
        <ele>989</ele>
      </trkpt>
      <trkpt lat="42.5270961281709" lon="2.3994297158115732">
        <ele>984</ele>
      </trkpt>
      <trkpt lat="42.52708945260347" lon="2.399372496662231">
        <ele>981</ele>
      </trkpt>
      <trkpt lat="42.52710757200077" lon="2.399306694640488">
        <ele>977</ele>
      </trkpt>
      <trkpt lat="42.52712569139806" lon="2.3992408926187445">
        <ele>973</ele>
      </trkpt>
      <trkpt lat="42.52709326721343" lon="2.3991674613770888">
        <ele>972</ele>
      </trkpt>
      <trkpt lat="42.5270608430288" lon="2.3990940301354335">
        <ele>971</ele>
      </trkpt>
      <trkpt lat="42.52704939919893" lon="2.3988241464810369">
        <ele>958</ele>
      </trkpt>
      <trkpt lat="42.52709517451841" lon="2.3987049399199081">
        <ele>949</ele>
      </trkpt>
      <trkpt lat="42.52713522792295" lon="2.3986839595651492">
        <ele>945</ele>
      </trkpt>
      <trkpt lat="42.52713427427046" lon="2.3986162502384278">
        <ele>942</ele>
      </trkpt>
      <trkpt lat="42.52713427427046" lon="2.3985494945641954">
        <ele>938</ele>
      </trkpt>
      <trkpt lat="42.52718195689491" lon="2.3985008582872549">
        <ele>933</ele>
      </trkpt>
      <trkpt lat="42.52724108334923" lon="2.3985018119397439">
        <ele>929</ele>
      </trkpt>
      <trkpt lat="42.52726683196643" lon="2.3984360099180009">
        <ele>924</ele>
      </trkpt>
      <trkpt lat="42.52729258058363" lon="2.3983702078962574">
        <ele>919</ele>
      </trkpt>
      <trkpt lat="42.52726301735647" lon="2.3982805645622882">
        <ele>917</ele>
      </trkpt>
      <trkpt lat="42.52723345412932" lon="2.398190921228319">
        <ele>914</ele>
      </trkpt>
      <trkpt lat="42.52722296395194" lon="2.3981136753767074">
        <ele>910</ele>
      </trkpt>
      <trkpt lat="42.52721247377455" lon="2.3980364295250958">
        <ele>907</ele>
      </trkpt>
      <trkpt lat="42.52725443448408" lon="2.3979706275033528">
        <ele>901</ele>
      </trkpt>
      <trkpt lat="42.52729734884608" lon="2.3979048254816093">
        <ele>896</ele>
      </trkpt>
      <trkpt lat="42.52734979973298" lon="2.3977999237078156">
        <ele>889</ele>
      </trkpt>
      <trkpt lat="42.52740320427237" lon="2.3976959755865113">
        <ele>882</ele>
      </trkpt>
      <trkpt lat="42.52743753576197" lon="2.3976025176425857">
        <ele>876</ele>
      </trkpt>
      <trkpt lat="42.52748045012397" lon="2.3975576959756011">
        <ele>873</ele>
      </trkpt>
      <trkpt lat="42.52745756246424" lon="2.3974871256914128">
        <ele>871</ele>
      </trkpt>
      <trkpt lat="42.52748235742895" lon="2.3974985695212814">
        <ele>871</ele>
      </trkpt>
      <trkpt lat="42.52751096700362" lon="2.3974833110814568">
        <ele>870</ele>
      </trkpt>
      <trkpt lat="42.52751382796109" lon="2.3974480259393625">
        <ele>869</ele>
      </trkpt>
      <trkpt lat="42.52753290101087" lon="2.3974499332443404">
        <ele>870</ele>
      </trkpt>
      <trkpt lat="42.52753290101087" lon="2.3974499332443404">
        <ele>870</ele>
      </trkpt>
      <trkpt lat="42.52755292771315" lon="2.3974423040244282">
        <ele>870</ele>
      </trkpt>
      <trkpt lat="42.52755292771315" lon="2.3974423040244282">
        <ele>870</ele>
      </trkpt>
      <trkpt lat="42.52755483501812" lon="2.3974184627122024">
        <ele>869</ele>
      </trkpt>
      <trkpt lat="42.52753480831585" lon="2.3973879458325533">
        <ele>868</ele>
      </trkpt>
      <trkpt lat="42.52754339118825" lon="2.3973583826053932">
        <ele>868</ele>
      </trkpt>
      <trkpt lat="42.52756913980546" lon="2.397318329200854">
        <ele>867</ele>
      </trkpt>
      <trkpt lat="42.52757009345795" lon="2.3972496662216436">
        <ele>865</ele>
      </trkpt>
      <trkpt lat="42.5275996566851" lon="2.3971819568949222">
        <ele>864</ele>
      </trkpt>
      <trkpt lat="42.52763780278467" lon="2.3971838641999001">
        <ele>865</ele>
      </trkpt>
      <trkpt lat="42.52768834636659" lon="2.3971628838451418">
        <ele>865</ele>
      </trkpt>
      <trkpt lat="42.52770265115392" lon="2.3971380888804266">
        <ele>865</ele>
      </trkpt>
      <trkpt lat="42.52770265115392" lon="2.3971218767881131">
        <ele>865</ele>
      </trkpt>
      <trkpt lat="42.52772077055121" lon="2.3970980354758873">
        <ele>864</ele>
      </trkpt>
      <trkpt lat="42.52772267785619" lon="2.3970627503337933">
        <ele>863</ele>
      </trkpt>
      <trkpt lat="42.52775128743086" lon="2.3970083921419181">
        <ele>862</ele>
      </trkpt>
      <trkpt lat="42.52774556551593" lon="2.3969702460423568">
        <ele>861</ele>
      </trkpt>
      <trkpt lat="42.52774556551593" lon="2.3969702460423568">
        <ele>861</ele>
      </trkpt>
      <trkpt lat="42.52783330154492" lon="2.3969197024604383">
        <ele>861</ele>
      </trkpt>
      <trkpt lat="42.5279219912264" lon="2.3968701125310083">
        <ele>862</ele>
      </trkpt>
      <trkpt lat="42.52798111768072" lon="2.3967966812893531">
        <ele>861</ele>
      </trkpt>
      <trkpt lat="42.52800400534046" lon="2.3967461377074342">
        <ele>859</ele>
      </trkpt>
      <trkpt lat="42.5281394239939" lon="2.3961892046538389">
        <ele>848</ele>
      </trkpt>
      <trkpt lat="42.52818138470342" lon="2.3960776273126219">
        <ele>846</ele>
      </trkpt>
      <trkpt lat="42.52822334541293" lon="2.3959670036238943">
        <ele>843</ele>
      </trkpt>
      <trkpt lat="42.52822525271791" lon="2.3958697310700128">
        <ele>840</ele>
      </trkpt>
      <trkpt lat="42.52825100133511" lon="2.3958077436582257">
        <ele>839</ele>
      </trkpt>
      <trkpt lat="42.52827674995232" lon="2.3957467098989276">
        <ele>838</ele>
      </trkpt>
      <trkpt lat="42.52831489605188" lon="2.3956837688346515">
        <ele>837</ele>
      </trkpt>
      <trkpt lat="42.52835304215144" lon="2.3956208277703754">
        <ele>837</ele>
      </trkpt>
      <trkpt lat="42.52836734693878" lon="2.3955063894716915">
        <ele>836</ele>
      </trkpt>
      <trkpt lat="42.52836734693878" lon="2.3955063894716915">
        <ele>836</ele>
      </trkpt>
      <trkpt lat="42.52839404920847" lon="2.395441541102437">
        <ele>836</ele>
      </trkpt>
      <trkpt lat="42.52842075147817" lon="2.395376692733183">
        <ele>835</ele>
      </trkpt>
      <trkpt lat="42.52844173183292" lon="2.3952689300019219">
        <ele>834</ele>
      </trkpt>
      <trkpt lat="42.52841312225825" lon="2.3946862483311229">
        <ele>829</ele>
      </trkpt>
      <trkpt lat="42.52842170513065" lon="2.3945889757772414">
        <ele>829</ele>
      </trkpt>
      <trkpt lat="42.52844650009536" lon="2.3944907495708714">
        <ele>828</ele>
      </trkpt>
      <trkpt lat="42.52858573335877" lon="2.3941131031852141">
        <ele>825</ele>
      </trkpt>
      <trkpt lat="42.52867156208278" lon="2.3938346366584167">
        <ele>820</ele>
      </trkpt>
      <trkpt lat="42.52870780087736" lon="2.3937316421896009">
        <ele>819</ele>
      </trkpt>
      <trkpt lat="42.52874403967194" lon="2.3936286477207855">
        <ele>818</ele>
      </trkpt>
      <trkpt lat="42.52879076864391" lon="2.3935485409117065">
        <ele>817</ele>
      </trkpt>
      <trkpt lat="42.52883845126836" lon="2.393469387755117">
        <ele>816</ele>
      </trkpt>
      <trkpt lat="42.52888613389281" lon="2.3934283806980883">
        <ele>815</ele>
      </trkpt>
      <trkpt lat="42.52894716765211" lon="2.3933911882510159">
        <ele>815</ele>
      </trkpt>
      <trkpt lat="42.5290091550639" lon="2.393353995803944">
        <ele>815</ele>
      </trkpt>
      <trkpt lat="42.52910261300782" lon="2.3933253862292729">
        <ele>814</ele>
      </trkpt>
      <trkpt lat="42.5291827198169" lon="2.3933187106618496">
        <ele>814</ele>
      </trkpt>
      <trkpt lat="42.52926282662598" lon="2.3933129887469153">
        <ele>813</ele>
      </trkpt>
      <trkpt lat="42.5293744039672" lon="2.3933253862292729">
        <ele>813</ele>
      </trkpt>
      <trkpt lat="42.52948598130841" lon="2.3933387373641195">
        <ele>812</ele>
      </trkpt>
      <trkpt lat="42.52956799542247" lon="2.3933368300591411">
        <ele>812</ele>
      </trkpt>
      <trkpt lat="42.52965000953652" lon="2.3933358764066521">
        <ele>811</ele>
      </trkpt>
      <trkpt lat="42.529957085638" lon="2.3933063131794921">
        <ele>809</ele>
      </trkpt>
      <trkpt lat="42.53003337783711" lon="2.393323478924295">
        <ele>808</ele>
      </trkpt>
      <trkpt lat="42.53011062368873" lon="2.3933406446690975">
        <ele>807</ele>
      </trkpt>
      <trkpt lat="42.53020503528514" lon="2.3933787907686588">
        <ele>806</ele>
      </trkpt>
      <trkpt lat="42.53030040053405" lon="2.3934178905207091">
        <ele>805</ele>
      </trkpt>
      <trkpt lat="42.53037669273317" lon="2.3933930955559943">
        <ele>804</ele>
      </trkpt>
      <trkpt lat="42.53037669273317" lon="2.3933930955559943">
        <ele>804</ele>
      </trkpt>
      <trkpt lat="42.53049780659928" lon="2.3935704749189544">
        <ele>803</ele>
      </trkpt>
      <trkpt lat="42.53057123784093" lon="2.393794583253877">
        <ele>803</ele>
      </trkpt>
      <trkpt lat="42.53063195800772" lon="2.3940760390858249">
        <ele>804</ele>
      </trkpt>
      <trkpt lat="42.53063227160023" lon="2.3940759107381417">
        <ele>804</ele>
      </trkpt>
      <trkpt lat="42.53071619301927" lon="2.3940415792485368">
        <ele>803</ele>
      </trkpt>
      <trkpt lat="42.53080106809079" lon="2.3940072477589314">
        <ele>802</ele>
      </trkpt>
      <trkpt lat="42.53088308220484" lon="2.3939662407019031">
        <ele>801</ele>
      </trkpt>
      <trkpt lat="42.53096604997139" lon="2.3939261872973638">
        <ele>799</ele>
      </trkpt>
      <trkpt lat="42.53096604997139" lon="2.3939261872973638">
        <ele>799</ele>
      </trkpt>
      <trkpt lat="42.53102994468816" lon="2.3939013923326486">
        <ele>798</ele>
      </trkpt>
      <trkpt lat="42.53102981467341" lon="2.3939008449021273">
        <ele>798</ele>
      </trkpt>
      <trkpt lat="42.53102981466431" lon="2.3939008449194077">
        <ele>798</ele>
      </trkpt>
      <trkpt lat="42.53104043486554" lon="2.3938966240702038">
        <ele>798</ele>
      </trkpt>
      <trkpt lat="42.53111577341217" lon="2.3938680144955327">
        <ele>796</ele>
      </trkpt>
      <trkpt lat="42.53119397291627" lon="2.3938136563036578">
        <ele>795</ele>
      </trkpt>
      <trkpt lat="42.53127312607286" lon="2.393759298111783">
        <ele>794</ele>
      </trkpt>
      <trkpt lat="42.53133129887469" lon="2.3937364104520462">
        <ele>793</ele>
      </trkpt>
      <trkpt lat="42.53143620064849" lon="2.3936534426855003">
        <ele>791</ele>
      </trkpt>
      <trkpt lat="42.53154587068472" lon="2.3935771504863776">
        <ele>790</ele>
      </trkpt>
      <trkpt lat="42.53160690444402" lon="2.3935571237841078">
        <ele>789</ele>
      </trkpt>
      <trkpt lat="42.53166889185581" lon="2.3935370970818384">
        <ele>788</ele>
      </trkpt>
      <trkpt lat="42.53176997901964" lon="2.3934875071524084">
        <ele>787</ele>
      </trkpt>
      <trkpt lat="42.53187106618348" lon="2.3934388708754679">
        <ele>786</ele>
      </trkpt>
      <trkpt lat="42.53188531573392" lon="2.3934186624221181">
        <ele>786</ele>
      </trkpt>
      <trkpt lat="42.53188531573392" lon="2.3934186624221181">
        <ele>786</ele>
      </trkpt>
      <trkpt lat="42.53189643422839" lon="2.3934028943754271">
        <ele>785</ele>
      </trkpt>
      <trkpt lat="42.53189643422839" lon="2.3934028943754271">
        <ele>785</ele>
      </trkpt>
      <trkpt lat="42.53192351707038" lon="2.3933644859813232">
        <ele>785</ele>
      </trkpt>
      <trkpt lat="42.53197589887344" lon="2.3932901990606235">
        <ele>784</ele>
      </trkpt>
      <trkpt lat="42.53197589886364" lon="2.3932901990543414">
        <ele>784</ele>
      </trkpt>
      <trkpt lat="42.53200553118444" lon="2.3933091741369594">
        <ele>784</ele>
      </trkpt>
      <trkpt lat="42.53207324051116" lon="2.3933673469387902">
        <ele>783</ele>
      </trkpt>
      <trkpt lat="42.53214190349037" lon="2.3934264733931103">
        <ele>783</ele>
      </trkpt>
      <trkpt lat="42.53224394430669" lon="2.3934855998474305">
        <ele>782</ele>
      </trkpt>
      <trkpt lat="42.53229284921903" lon="2.3935034918885285">
        <ele>782</ele>
      </trkpt>
      <trkpt lat="42.53229284921903" lon="2.3935034918885285">
        <ele>782</ele>
      </trkpt>
      <trkpt lat="42.5323221438108" lon="2.3935142094221016">
        <ele>782</ele>
      </trkpt>
      <trkpt lat="42.5324003433149" lon="2.3935437726492612">
        <ele>781</ele>
      </trkpt>
      <trkpt lat="42.53248998664887" lon="2.3935456799542396">
        <ele>780</ele>
      </trkpt>
      <trkpt lat="42.53257962998283" lon="2.3935485409117065">
        <ele>780</ele>
      </trkpt>
      <trkpt lat="42.53257962998283" lon="2.3935485409117065">
        <ele>780</ele>
      </trkpt>
      <trkpt lat="42.53264924661453" lon="2.39353518977686">
        <ele>779</ele>
      </trkpt>
      <trkpt lat="42.53271886324623" lon="2.3935218386420138">
        <ele>779</ele>
      </trkpt>
      <trkpt lat="42.53271886324623" lon="2.3935218386420138">
        <ele>779</ele>
      </trkpt>
      <trkpt lat="42.5328180431051" lon="2.3934722487125839">
        <ele>778</ele>
      </trkpt>
      <trkpt lat="42.53286000381461" lon="2.39338737364106">
        <ele>777</ele>
      </trkpt>
      <trkpt lat="42.53288193782186" lon="2.3932805645622883">
        <ele>776</ele>
      </trkpt>
      <trkpt lat="42.53287980185241" lon="2.3930242482283188">
        <ele>774</ele>
      </trkpt>
      <trkpt lat="42.53287980185241" lon="2.3930242482283188">
        <ele>774</ele>
      </trkpt>
      <trkpt lat="42.53287907686439" lon="2.3929372496662364">
        <ele>773</ele>
      </trkpt>
      <trkpt lat="42.53283234789243" lon="2.392434674804516">
        <ele>768</ele>
      </trkpt>
      <trkpt lat="42.53283902345985" lon="2.3923593362578823">
        <ele>767</ele>
      </trkpt>
      <trkpt lat="42.53284569902728" lon="2.3922839977112487">
        <ele>766</ele>
      </trkpt>
      <trkpt lat="42.53286667938203" lon="2.3922210566469726">
        <ele>765</ele>
      </trkpt>
      <trkpt lat="42.53288861338928" lon="2.3921590692351855">
        <ele>764</ele>
      </trkpt>
      <trkpt lat="42.53299351516308" lon="2.3920751478161506">
        <ele>763</ele>
      </trkpt>
      <trkpt lat="42.53309841693687" lon="2.3920446309365015">
        <ele>763</ele>
      </trkpt>
      <trkpt lat="42.53309841693687" lon="2.3920446309365015">
        <ele>763</ele>
      </trkpt>
      <trkpt lat="42.5331832920084" lon="2.3920474918939685">
        <ele>764</ele>
      </trkpt>
      <trkpt lat="42.53328056456228" lon="2.3920865916460188">
        <ele>765</ele>
      </trkpt>
      <trkpt lat="42.53360194545108" lon="2.3922716002288915">
        <ele>764</ele>
      </trkpt>
      <trkpt lat="42.53366679382033" lon="2.3922992561510732">
        <ele>763</ele>
      </trkpt>
      <trkpt lat="42.53373259584207" lon="2.3923278657257443">
        <ele>763</ele>
      </trkpt>
      <trkpt lat="42.53373259584207" lon="2.3923278657257443">
        <ele>763</ele>
      </trkpt>
      <trkpt lat="42.53400534045394" lon="2.3918634369635852">
        <ele>755</ele>
      </trkpt>
      <trkpt lat="42.53406732786573" lon="2.391803356856776">
        <ele>754</ele>
      </trkpt>
      <trkpt lat="42.53413408353996" lon="2.3917947739843748">
        <ele>753</ele>
      </trkpt>
      <trkpt lat="42.53441350371924" lon="2.3918157543391336">
        <ele>752</ele>
      </trkpt>
      <trkpt lat="42.53469197024604" lon="2.3918920465382563">
        <ele>751</ele>
      </trkpt>
      <trkpt lat="42.53478733549495" lon="2.3919626168224446">
        <ele>751</ele>
      </trkpt>
      <trkpt lat="42.53488556170132" lon="2.3920608430288151">
        <ele>752</ele>
      </trkpt>
      <trkpt lat="42.53495327102804" lon="2.3921590692351855">
        <ele>752</ele>
      </trkpt>
      <trkpt lat="42.53498664886516" lon="2.3922420370017314">
        <ele>752</ele>
      </trkpt>
      <trkpt lat="42.53501335113485" lon="2.3923641045203277">
        <ele>753</ele>
      </trkpt>
      <trkpt lat="42.53504958992943" lon="2.3926625977493949">
        <ele>753</ele>
      </trkpt>
      <trkpt lat="42.53507152393668" lon="2.392724585161182">
        <ele>753</ele>
      </trkpt>
      <trkpt lat="42.53509441159642" lon="2.3927875262254581">
        <ele>753</ele>
      </trkpt>
      <trkpt lat="42.53517642571047" lon="2.3929019645241421">
        <ele>751</ele>
      </trkpt>
      <trkpt lat="42.53525843982453" lon="2.393016402822826">
        <ele>750</ele>
      </trkpt>
      <trkpt lat="42.5353738317757" lon="2.393131794773999">
        <ele>749</ele>
      </trkpt>
      <trkpt lat="42.53542818996758" lon="2.3931651726111154">
        <ele>748</ele>
      </trkpt>
      <trkpt lat="42.53552450886897" lon="2.3931527751287578">
        <ele>747</ele>
      </trkpt>
      <trkpt lat="42.53562845699027" lon="2.3931575433912031">
        <ele>746</ele>
      </trkpt>
      <trkpt lat="42.53569425901202" lon="2.3931985504482314">
        <ele>745</ele>
      </trkpt>
      <trkpt lat="42.53581060461568" lon="2.3932891474346896">
        <ele>743</ele>
      </trkpt>
      <trkpt lat="42.53592790387183" lon="2.3933806980736367">
        <ele>741</ele>
      </trkpt>
      <trkpt lat="42.53592817294877" lon="2.3933809087696329">
        <ele>741</ele>
      </trkpt>
      <trkpt lat="42.53590215525463" lon="2.3932881937822006">
        <ele>742</ele>
      </trkpt>
      <trkpt lat="42.53589071142476" lon="2.3931899675758301">
        <ele>742</ele>
      </trkpt>
      <trkpt lat="42.53589929429716" lon="2.3931050925043063">
        <ele>741</ele>
      </trkpt>
      <trkpt lat="42.53590787716956" lon="2.3930211710852713">
        <ele>741</ele>
      </trkpt>
      <trkpt lat="42.53595365248903" lon="2.3929372496662364">
        <ele>740</ele>
      </trkpt>
      <trkpt lat="42.53599465954606" lon="2.3928867060843175">
        <ele>739</ele>
      </trkpt>
      <trkpt lat="42.53608048827007" lon="2.3928189967575961">
        <ele>737</ele>
      </trkpt>
      <trkpt lat="42.53617489986649" lon="2.3928151821476402">
        <ele>735</ele>
      </trkpt>
      <trkpt lat="42.53626549685295" lon="2.3928485599847562">
        <ele>734</ele>
      </trkpt>
      <trkpt lat="42.53633797444211" lon="2.3929124547015217">
        <ele>732</ele>
      </trkpt>
      <trkpt lat="42.53637325958421" lon="2.3929820713332211">
        <ele>732</ele>
      </trkpt>
      <trkpt lat="42.5364085447263" lon="2.3930526416174094">
        <ele>731</ele>
      </trkpt>
      <trkpt lat="42.53644859813084" lon="2.3931460995613345">
        <ele>730</ele>
      </trkpt>
      <trkpt lat="42.53648960518787" lon="2.3932405111577491">
        <ele>729</ele>
      </trkpt>
      <trkpt lat="42.53653538050735" lon="2.3933158497043827">
        <ele>728</ele>
      </trkpt>
      <trkpt lat="42.53658115582682" lon="2.3933911882510159">
        <ele>727</ele>
      </trkpt>
      <trkpt lat="42.53665458706848" lon="2.3934560366202704">
        <ele>726</ele>
      </trkpt>
      <trkpt lat="42.53672897196262" lon="2.3935218386420138">
        <ele>725</ele>
      </trkpt>
      <trkpt lat="42.53680049589929" lon="2.3935685676139764">
        <ele>725</ele>
      </trkpt>
      <trkpt lat="42.53687297348846" lon="2.3936162502384279">
        <ele>725</ele>
      </trkpt>
      <trkpt lat="42.53697119969483" lon="2.3936744230402591">
        <ele>724</ele>
      </trkpt>
      <trkpt lat="42.5370694259012" lon="2.3937335494945788">
        <ele>724</ele>
      </trkpt>
      <trkpt lat="42.53715906923517" lon="2.3937707419416512">
        <ele>723</ele>
      </trkpt>
      <trkpt lat="42.53724871256914" lon="2.3938088880412125">
        <ele>723</ele>
      </trkpt>
      <trkpt lat="42.53732881937822" lon="2.3938193782185921">
        <ele>722</ele>
      </trkpt>
      <trkpt lat="42.5374089261873" lon="2.3938298683959713">
        <ele>721</ele>
      </trkpt>
      <trkpt lat="42.53747568186153" lon="2.3938527560557081">
        <ele>721</ele>
      </trkpt>
      <trkpt lat="42.53754243753576" lon="2.3938756437154449">
        <ele>721</ele>
      </trkpt>
      <trkpt lat="42.53783330154492" lon="2.3940587449933393">
        <ele>723</ele>
      </trkpt>
      <trkpt lat="42.53789719626168" lon="2.3940940301354336">
        <ele>724</ele>
      </trkpt>
      <trkpt lat="42.53796204463094" lon="2.3941302689300166">
        <ele>724</ele>
      </trkpt>
      <trkpt lat="42.53803929048255" lon="2.3941407591073962">
        <ele>725</ele>
      </trkpt>
      <trkpt lat="42.53811653633416" lon="2.3941512492847754">
        <ele>725</ele>
      </trkpt>
      <trkpt lat="42.5381823383559" lon="2.394132176234995">
        <ele>725</ele>
      </trkpt>
      <trkpt lat="42.53827770360481" lon="2.3940730497806748">
        <ele>724</ele>
      </trkpt>
      <trkpt lat="42.53863818424566" lon="2.393582872401312">
        <ele>718</ele>
      </trkpt>
      <trkpt lat="42.53885847797063" lon="2.3932967766546018">
        <ele>714</ele>
      </trkpt>
      <trkpt lat="42.53893572382224" lon="2.3932319282853478">
        <ele>715</ele>
      </trkpt>
      <trkpt lat="42.53900629410643" lon="2.3932119015830779">
        <ele>715</ele>
      </trkpt>
      <trkpt lat="42.5392952508106" lon="2.3932481403776613">
        <ele>715</ele>
      </trkpt>
      <trkpt lat="42.53939919893191" lon="2.3932662597749528">
        <ele>714</ele>
      </trkpt>
      <trkpt lat="42.53950410070571" lon="2.3932853328247337">
        <ele>713</ele>
      </trkpt>
      <trkpt lat="42.53961186343697" lon="2.3933091741369594">
        <ele>712</ele>
      </trkpt>
      <trkpt lat="42.53971962616823" lon="2.3933339691016742">
        <ele>711</ele>
      </trkpt>
      <trkpt lat="42.54" lon="2.393452222010314">
        <ele>711</ele>
      </trkpt>
      <trkpt lat="42.54000000000001" lon="2.393452222010314">
        <ele>711</ele>
      </trkpt>
      <trkpt lat="42.54030707610148" lon="2.3935599847415752">
        <ele>711</ele>
      </trkpt>
      <trkpt lat="42.54053213808889" lon="2.3936124356284716">
        <ele>711</ele>
      </trkpt>
      <trkpt lat="42.54066946404731" lon="2.3935876406637568">
        <ele>709</ele>
      </trkpt>
      <trkpt lat="42.54079343887089" lon="2.3935485409117065">
        <ele>706</ele>
      </trkpt>
      <trkpt lat="42.54091932099944" lon="2.393470341407606">
        <ele>705</ele>
      </trkpt>
      <trkpt lat="42.54106522983026" lon="2.3933129887469153">
        <ele>703</ele>
      </trkpt>
      <trkpt lat="42.54131127217243" lon="2.3929086400915653">
        <ele>702</ele>
      </trkpt>
      <trkpt lat="42.54140568376884" lon="2.3928094602327059">
        <ele>701</ele>
      </trkpt>
      <trkpt lat="42.54150486362771" lon="2.3927369826435396">
        <ele>701</ele>
      </trkpt>
      <trkpt lat="42.54167366011826" lon="2.3926730879267741">
        <ele>700</ele>
      </trkpt>
      <trkpt lat="42.54196070951746" lon="2.3926015639900968">
        <ele>699</ele>
      </trkpt>
      <trkpt lat="42.54231451459089" lon="2.3924461186343846">
        <ele>696</ele>
      </trkpt>
      <trkpt lat="42.54251764257106" lon="2.3923402632081019">
        <ele>694</ele>
      </trkpt>
      <trkpt lat="42.54270932672135" lon="2.3922515735266217">
        <ele>694</ele>
      </trkpt>
      <trkpt lat="42.54308888041199" lon="2.3921094793057556">
        <ele>692</ele>
      </trkpt>
      <trkpt lat="42.54354281899677" lon="2.3919216097654163">
        <ele>693</ele>
      </trkpt>
      <trkpt lat="42.54374785428191" lon="2.3918062178142434">
        <ele>695</ele>
      </trkpt>
      <trkpt lat="42.54385561701317" lon="2.3917346938775657">
        <ele>694</ele>
      </trkpt>
      <trkpt lat="42.54396433339692" lon="2.3916107190539915">
        <ele>692</ele>
      </trkpt>
      <trkpt lat="42.54403776463857" lon="2.3914705321381038">
        <ele>688</ele>
      </trkpt>
      <trkpt lat="42.54417890520696" lon="2.3912263971009113">
        <ele>680</ele>
      </trkpt>
      <trkpt lat="42.54428571428573" lon="2.391076673660133">
        <ele>675</ele>
      </trkpt>
      <trkpt lat="42.54428571428573" lon="2.391076673660133">
        <ele>675</ele>
      </trkpt>
      <trkpt lat="42.54432287131425" lon="2.391050603809477">
        <ele>674</ele>
      </trkpt>
      <trkpt lat="42.54432287131425" lon="2.391050603809477">
        <ele>674</ele>
      </trkpt>
      <trkpt lat="42.54434517969164" lon="2.3910349519640475">
        <ele>674</ele>
      </trkpt>
      <trkpt lat="42.54434517969164" lon="2.3910349519640475">
        <ele>674</ele>
      </trkpt>
      <trkpt lat="42.54440396719436" lon="2.3909937058935871">
        <ele>673</ele>
      </trkpt>
      <trkpt lat="42.54443543772651" lon="2.3909870303261638">
        <ele>673</ele>
      </trkpt>
      <trkpt lat="42.54443543772651" lon="2.3909870303261638">
        <ele>673</ele>
      </trkpt>
      <trkpt lat="42.54475872592029" lon="2.3908783139424141">
        <ele>671</ele>
      </trkpt>
      <trkpt lat="42.54477589166509" lon="2.3907962998283572">
        <ele>668</ele>
      </trkpt>
      <trkpt lat="42.54477589166509" lon="2.3907962998283572">
        <ele>668</ele>
      </trkpt>
      <trkpt lat="42.54481403776465" lon="2.3906141522029518">
        <ele>666</ele>
      </trkpt>
      <trkpt lat="42.54481403776465" lon="2.3906141522029518">
        <ele>666</ele>
      </trkpt>
      <trkpt lat="42.54505435819188" lon="2.3903175662788629">
        <ele>662</ele>
      </trkpt>
      <trkpt lat="42.54556348225054" lon="2.3896637833548313">
        <ele>659</ele>
      </trkpt>
      <trkpt lat="42.54556348225054" lon="2.3896637833548313">
        <ele>659</ele>
      </trkpt>
      <trkpt lat="42.54557123784094" lon="2.389653824146496">
        <ele>659</ele>
      </trkpt>
      <trkpt lat="42.54578485599848" lon="2.3893505626549834">
        <ele>657</ele>
      </trkpt>
      <trkpt lat="42.54616458195439" lon="2.3888625998518074">
        <ele>655</ele>
      </trkpt>
      <trkpt lat="42.54616458195439" lon="2.3888625998518074">
        <ele>655</ele>
      </trkpt>
      <trkpt lat="42.54638430178337" lon="2.3885802512211778">
        <ele>653</ele>
      </trkpt>
      <trkpt lat="42.54638430178337" lon="2.3885802512211778">
        <ele>653</ele>
      </trkpt>
      <trkpt lat="42.54639042532902" lon="2.3885723822239324">
        <ele>653</ele>
      </trkpt>
      <trkpt lat="42.54639042532902" lon="2.3885723822239324">
        <ele>653</ele>
      </trkpt>
      <trkpt lat="42.54665986728788" lon="2.3882319761277668">
        <ele>649</ele>
      </trkpt>
    </trkseg>
  </trk>
</gpx>