<?xml version="1.0" encoding="UTF-8" standalone="yes"?>
<gpx
 version="1.1"
 creator="Generated by MapOut iPhone App. See https://mapout.app"
 xmlns="http://www.topografix.com/GPX/1/1"
 xmlns:xsi="http://www.w3.org/2001/XMLSchema-instance"
 xmlns:gpxx="http://www.garmin.com/xmlschemas/GpxExtensions/v3"
 xmlns:mapout="https://mapout.app/xmlschemas/MapOutExtensions"
 xsi:schemaLocation="http://www.topografix.com/GPX/1/1 https://www.topografix.com/GPX/1/1/gpx.xsd http://www.garmin.com/xmlschemas/GpxExtensions/v3 https://www8.garmin.com/xmlschemas/GpxExtensionsv3.xsd https://mapout.app/xmlschemas/MapOutExtensions https://mapout.app/xmlschemas/MapOutExtensions.xsd">
  <metadata>
    <name>Highlands - Cairngorms mountains </name>
    <author><name>Chloé </name></author>
    <time>2023-08-02T13:54:00Z</time>
    <bounds minlat="56.82095406541566" minlon="-5.1060757200076141" maxlat="57.0943829868396" maxlon="-3.0350972725538825"/>
  </metadata>
  <wpt lat="56.99347587471633" lon="-3.4800862768201872">
    <ele>348</ele>
    <name>Waypoint</name>
    <sym>Camping</sym>
    <extensions>
      <mapout:extension>
        <mapout:color>05BB6E</mapout:color>
      </mapout:extension>
    </extensions>
  </wpt>
  <wpt lat="56.9994180516272" lon="-4.3387888034779172">
    <ele>318</ele>
    <name>Waypoint</name>
    <sym>Camping</sym>
    <extensions>
      <mapout:extension>
        <mapout:color>05BB6E</mapout:color>
      </mapout:extension>
    </extensions>
  </wpt>
  <wpt lat="57.08524135186806" lon="-4.1011988955343188">
    <ele>329</ele>
    <name>Waypoint</name>
    <sym>Camping</sym>
    <extensions>
      <mapout:extension>
        <mapout:color>05BB6E</mapout:color>
      </mapout:extension>
    </extensions>
  </wpt>
  <wpt lat="56.97548721771391" lon="-3.801803499340183">
    <ele>521</ele>
    <name><![CDATA[Mud & Swamp next 10k]]></name>
    <sym>Danger Area</sym>
    <extensions>
      <mapout:extension>
        <mapout:color>05BB6E</mapout:color>
      </mapout:extension>
    </extensions>
  </wpt>
  <wpt lat="57.0209854110299" lon="-3.9004773366204484">
    <ele>355</ele>
    <name>River Crossing on foot</name>
    <sym>Danger Area</sym>
    <extensions>
      <mapout:extension>
        <mapout:color>05BB6E</mapout:color>
      </mapout:extension>
    </extensions>
  </wpt>
  <wpt lat="57.05086697756708" lon="-3.1382371163913394">
    <ele>262</ele>
    <name>Waypoint</name>
    <sym>Camping</sym>
    <extensions>
      <mapout:extension>
        <mapout:color>05BB6E</mapout:color>
      </mapout:extension>
    </extensions>
  </wpt>
  <wpt lat="56.98572657482154" lon="-3.8723978840990352">
    <ele>419</ele>
    <name>Waypoint</name>
    <sym>Camping</sym>
    <extensions>
      <mapout:extension>
        <mapout:color>05BB6E</mapout:color>
      </mapout:extension>
    </extensions>
  </wpt>
  <wpt lat="56.88463187713388" lon="-4.6736043383749148">
    <ele>272</ele>
    <name>Waypoint</name>
    <sym>Camping</sym>
    <extensions>
      <mapout:extension>
        <mapout:color>05BB6E</mapout:color>
      </mapout:extension>
    </extensions>
  </wpt>
  <wpt lat="56.85377812934186" lon="-4.933708586798617">
    <ele>168</ele>
    <name>Waypoint</name>
    <sym>Camping</sym>
    <extensions>
      <mapout:extension>
        <mapout:color>05BB6E</mapout:color>
      </mapout:extension>
    </extensions>
  </wpt>
  <trk>
    <extensions>
      <gpxx:TrackExtension>
        <gpxx:DisplayColor>DarkCyan</gpxx:DisplayColor>
      </gpxx:TrackExtension>
      <mapout:extension>
        <mapout:color>05BB6E</mapout:color>
      </mapout:extension>
    </extensions>
    <trkseg>
      <trkpt lat="56.82095406541566" lon="-5.1055276466120647">
        <ele>5</ele>
      </trkpt>
      <trkpt lat="56.82135316785184" lon="-5.1057519893256833">
        <ele>6</ele>
      </trkpt>
      <trkpt lat="56.82135316785184" lon="-5.1057519893256833">
        <ele>6</ele>
      </trkpt>
      <trkpt lat="56.82138279610911" lon="-5.1057686439061456">
        <ele>6</ele>
      </trkpt>
      <trkpt lat="56.82151344650011" lon="-5.1057257295441394">
        <ele>6</ele>
      </trkpt>
      <trkpt lat="56.8216011825291" lon="-5.1052841884417175">
        <ele>6</ele>
      </trkpt>
      <trkpt lat="56.82167461377075" lon="-5.1051382796108946">
        <ele>6</ele>
      </trkpt>
      <trkpt lat="56.82172229639521" lon="-5.1056971199694683">
        <ele>6</ele>
      </trkpt>
      <trkpt lat="56.82172229639521" lon="-5.1056971199694683">
        <ele>6</ele>
      </trkpt>
      <trkpt lat="56.8217833301545" lon="-5.1056732786572425">
        <ele>6</ele>
      </trkpt>
      <trkpt lat="56.8218443639138" lon="-5.1056494373450168">
        <ele>6</ele>
      </trkpt>
      <trkpt lat="56.82187297348847" lon="-5.1057400343314745">
        <ele>6</ele>
      </trkpt>
      <trkpt lat="56.82190158306314" lon="-5.1058306313179331">
        <ele>6</ele>
      </trkpt>
      <trkpt lat="56.8219406828152" lon="-5.1058973869921651">
        <ele>6</ele>
      </trkpt>
      <trkpt lat="56.82198073621974" lon="-5.1059631890139086">
        <ele>5</ele>
      </trkpt>
      <trkpt lat="56.82204272363152" lon="-5.1060051497234262">
        <ele>5</ele>
      </trkpt>
      <trkpt lat="56.82210471104331" lon="-5.106047110432943">
        <ele>5</ele>
      </trkpt>
      <trkpt lat="56.82218004958994" lon="-5.1060757200076141">
        <ele>5</ele>
      </trkpt>
      <trkpt lat="56.82224394430671" lon="-5.1060080106808927">
        <ele>5</ele>
      </trkpt>
      <trkpt lat="56.82224394430671" lon="-5.1060080106808927">
        <ele>5</ele>
      </trkpt>
      <trkpt lat="56.8227140949838" lon="-5.1052479496471337">
        <ele>5</ele>
      </trkpt>
      <trkpt lat="56.82305168796492" lon="-5.1046719435437575">
        <ele>4</ele>
      </trkpt>
      <trkpt lat="56.8234093076483" lon="-5.1039166507724438">
        <ele>4</ele>
      </trkpt>
      <trkpt lat="56.82387948128416" lon="-5.1029567129325795">
        <ele>3</ele>
      </trkpt>
      <trkpt lat="56.82387948128416" lon="-5.1029567129325795">
        <ele>3</ele>
      </trkpt>
      <trkpt lat="56.82388994850278" lon="-5.1029353423612287">
        <ele>3</ele>
      </trkpt>
      <trkpt lat="56.82392332633989" lon="-5.102779897005516">
        <ele>3</ele>
      </trkpt>
      <trkpt lat="56.82386801449553" lon="-5.1022611100514821">
        <ele>3</ele>
      </trkpt>
      <trkpt lat="56.82417699790198" lon="-5.1015210757199929">
        <ele>3</ele>
      </trkpt>
      <trkpt lat="56.82417699790198" lon="-5.1015210757199929">
        <ele>3</ele>
      </trkpt>
      <trkpt lat="56.82403013541867" lon="-5.1013017356475157">
        <ele>3</ele>
      </trkpt>
      <trkpt lat="56.82403013541867" lon="-5.1013017356475157">
        <ele>3</ele>
      </trkpt>
      <trkpt lat="56.8241922563418" lon="-5.1009403013541714">
        <ele>3</ele>
      </trkpt>
      <trkpt lat="56.82419326552631" lon="-5.1009380514433325">
        <ele>3</ele>
      </trkpt>
      <trkpt lat="56.82406351325578" lon="-5.1007381270264966">
        <ele>3</ele>
      </trkpt>
      <trkpt lat="56.82406351325578" lon="-5.1007381270264966">
        <ele>3</ele>
      </trkpt>
      <trkpt lat="56.82424184627123" lon="-5.1003833683005766">
        <ele>3</ele>
      </trkpt>
      <trkpt lat="56.82424184627123" lon="-5.1003833683005766">
        <ele>3</ele>
      </trkpt>
      <trkpt lat="56.82444497425139" lon="-5.0999999999999854">
        <ele>3</ele>
      </trkpt>
      <trkpt lat="56.82444497425139" lon="-5.1000000000000032">
        <ele>3</ele>
      </trkpt>
      <trkpt lat="56.82448121304598" lon="-5.0999313370207933">
        <ele>4</ele>
      </trkpt>
      <trkpt lat="56.82449239380023" lon="-5.0999106956283153">
        <ele>4</ele>
      </trkpt>
      <trkpt lat="56.82449239380023" lon="-5.0999106956283153">
        <ele>4</ele>
      </trkpt>
      <trkpt lat="56.82451840549305" lon="-5.0998626740415824">
        <ele>4</ele>
      </trkpt>
      <trkpt lat="56.82451840549305" lon="-5.0998626740415824">
        <ele>4</ele>
      </trkpt>
      <trkpt lat="56.82463856570667" lon="-5.0996423803166158">
        <ele>4</ele>
      </trkpt>
      <trkpt lat="56.82473591414341" lon="-5.0994996464600382">
        <ele>4</ele>
      </trkpt>
      <trkpt lat="56.82473583826055" lon="-5.0994993324432611">
        <ele>4</ele>
      </trkpt>
      <trkpt lat="56.82465954606143" lon="-5.0991836734693914">
        <ele>5</ele>
      </trkpt>
      <trkpt lat="56.8243143238604" lon="-5.0961338928094637">
        <ele>8</ele>
      </trkpt>
      <trkpt lat="56.82424661453368" lon="-5.0957562464238064">
        <ele>8</ele>
      </trkpt>
      <trkpt lat="56.82417127598704" lon="-5.0955130650391034">
        <ele>9</ele>
      </trkpt>
      <trkpt lat="56.82411024222775" lon="-5.0953900438680177">
        <ele>9</ele>
      </trkpt>
      <trkpt lat="56.82410936597034" lon="-5.0953882776656396">
        <ele>9</ele>
      </trkpt>
      <trkpt lat="56.82405874499334" lon="-5.0949532710280412">
        <ele>9</ele>
      </trkpt>
      <trkpt lat="56.82401296967387" lon="-5.0944211329391607">
        <ele>10</ele>
      </trkpt>
      <trkpt lat="56.82401296967387" lon="-5.0944211329391607">
        <ele>10</ele>
      </trkpt>
      <trkpt lat="56.82374976158689" lon="-5.0943086019454542">
        <ele>10</ele>
      </trkpt>
      <trkpt lat="56.82374976158689" lon="-5.0943086019454542">
        <ele>10</ele>
      </trkpt>
      <trkpt lat="56.82349036810987" lon="-5.0942027465191719">
        <ele>10</ele>
      </trkpt>
      <trkpt lat="56.82334159832158" lon="-5.0941169177951586">
        <ele>10</ele>
      </trkpt>
      <trkpt lat="56.82322811367539" lon="-5.0940329963761242">
        <ele>10</ele>
      </trkpt>
      <trkpt lat="56.82311844363915" lon="-5.093941445737177">
        <ele>10</ele>
      </trkpt>
      <trkpt lat="56.82311844363915" lon="-5.093941445737177">
        <ele>10</ele>
      </trkpt>
      <trkpt lat="56.82303166126265" lon="-5.0938518024032078">
        <ele>10</ele>
      </trkpt>
      <trkpt lat="56.82303166126265" lon="-5.0938518024032078">
        <ele>10</ele>
      </trkpt>
      <trkpt lat="56.8229925615106" lon="-5.0937430860194581">
        <ele>10</ele>
      </trkpt>
      <trkpt lat="56.82297730307077" lon="-5.0935952698836582">
        <ele>11</ele>
      </trkpt>
      <trkpt lat="56.82297921037575" lon="-5.092826625977497">
        <ele>12</ele>
      </trkpt>
      <trkpt lat="56.82294773984361" lon="-5.0926196833873769">
        <ele>12</ele>
      </trkpt>
      <trkpt lat="56.82289719626169" lon="-5.0924871256914015">
        <ele>13</ele>
      </trkpt>
      <trkpt lat="56.82282471867253" lon="-5.0923335876406668">
        <ele>13</ele>
      </trkpt>
      <trkpt lat="56.82282471867253" lon="-5.0923335876406668">
        <ele>13</ele>
      </trkpt>
      <trkpt lat="56.82289242799925" lon="-5.0920932672134311">
        <ele>13</ele>
      </trkpt>
      <trkpt lat="56.82308029753959" lon="-5.0916898722105701">
        <ele>14</ele>
      </trkpt>
      <trkpt lat="56.82324718672517" lon="-5.0912693114629066">
        <ele>14</ele>
      </trkpt>
      <trkpt lat="56.82324718672517" lon="-5.0912693114629066">
        <ele>14</ele>
      </trkpt>
      <trkpt lat="56.82313560938395" lon="-5.0911329391569744">
        <ele>14</ele>
      </trkpt>
      <trkpt lat="56.82309460232693" lon="-5.0910461567804726">
        <ele>14</ele>
      </trkpt>
      <trkpt lat="56.8230707610147" lon="-5.0909345794392555">
        <ele>14</ele>
      </trkpt>
      <trkpt lat="56.82306313179479" lon="-5.0907934388708789">
        <ele>14</ele>
      </trkpt>
      <trkpt lat="56.82304596604998" lon="-5.0906351325576997">
        <ele>14</ele>
      </trkpt>
      <trkpt lat="56.82304596604998" lon="-5.0906351325576997">
        <ele>14</ele>
      </trkpt>
      <trkpt lat="56.82311081441924" lon="-5.0905874499332473">
        <ele>14</ele>
      </trkpt>
      <trkpt lat="56.82315372878124" lon="-5.0905254625214607">
        <ele>14</ele>
      </trkpt>
      <trkpt lat="56.82318424566089" lon="-5.0904329582300241">
        <ele>14</ele>
      </trkpt>
      <trkpt lat="56.82348273888996" lon="-5.0894239938966273">
        <ele>15</ele>
      </trkpt>
      <trkpt lat="56.8236191111959" lon="-5.0887764638565738">
        <ele>16</ele>
      </trkpt>
      <trkpt lat="56.82365916460044" lon="-5.0886286477207738">
        <ele>16</ele>
      </trkpt>
      <trkpt lat="56.82371543009729" lon="-5.0884693877551053">
        <ele>16</ele>
      </trkpt>
      <trkpt lat="56.82377646385658" lon="-5.0883463665840205">
        <ele>16</ele>
      </trkpt>
      <trkpt lat="56.82385466336068" lon="-5.0882109479305777">
        <ele>16</ele>
      </trkpt>
      <trkpt lat="56.82394526034714" lon="-5.0880860194545141">
        <ele>16</ele>
      </trkpt>
      <trkpt lat="56.82398773642186" lon="-5.0880351737099012">
        <ele>16</ele>
      </trkpt>
      <trkpt lat="56.82398773642186" lon="-5.0880351737099012">
        <ele>16</ele>
      </trkpt>
      <trkpt lat="56.82413885180242" lon="-5.0878542818996788">
        <ele>16</ele>
      </trkpt>
      <trkpt lat="56.82471962616824" lon="-5.0872201029944719">
        <ele>17</ele>
      </trkpt>
      <trkpt lat="56.8247577722678" lon="-5.087181956894911">
        <ele>17</ele>
      </trkpt>
      <trkpt lat="56.82482262063705" lon="-5.0871628838451306">
        <ele>17</ele>
      </trkpt>
      <trkpt lat="56.82482262063705" lon="-5.0871628838451306">
        <ele>17</ele>
      </trkpt>
      <trkpt lat="56.82486553499906" lon="-5.0871962616822461">
        <ele>17</ele>
      </trkpt>
      <trkpt lat="56.82497901964526" lon="-5.0874976158687808">
        <ele>15</ele>
      </trkpt>
      <trkpt lat="56.82497901964526" lon="-5.0874976158687808">
        <ele>15</ele>
      </trkpt>
      <trkpt lat="56.82521361815756" lon="-5.0872172420370054">
        <ele>16</ele>
      </trkpt>
      <trkpt lat="56.82546633606715" lon="-5.0869702460423456">
        <ele>16</ele>
      </trkpt>
      <trkpt lat="56.82588117489988" lon="-5.0865973679191336">
        <ele>16</ele>
      </trkpt>
      <trkpt lat="56.82588117489988" lon="-5.0865973679191336">
        <ele>16</ele>
      </trkpt>
      <trkpt lat="56.82590575144865" lon="-5.0865752315950576">
        <ele>16</ele>
      </trkpt>
      <trkpt lat="56.82590575144865" lon="-5.0865752315950576">
        <ele>16</ele>
      </trkpt>
      <trkpt lat="56.82628456990274" lon="-5.0862340263208123">
        <ele>16</ele>
      </trkpt>
      <trkpt lat="56.82628456990274" lon="-5.0862340263208123">
        <ele>16</ele>
      </trkpt>
      <trkpt lat="56.82647354612001" lon="-5.086064290625667">
        <ele>16</ele>
      </trkpt>
      <trkpt lat="56.82647354612001" lon="-5.086064290625667">
        <ele>16</ele>
      </trkpt>
      <trkpt lat="56.82655641842818" lon="-5.085989855921456">
        <ele>16</ele>
      </trkpt>
      <trkpt lat="56.82655641842818" lon="-5.085989855921456">
        <ele>16</ele>
      </trkpt>
      <trkpt lat="56.82723059317186" lon="-5.0853843219530841">
        <ele>16</ele>
      </trkpt>
      <trkpt lat="56.82762635895481" lon="-5.0848807934388747">
        <ele>16</ele>
      </trkpt>
      <trkpt lat="56.82781708945262" lon="-5.0845765782948726">
        <ele>16</ele>
      </trkpt>
      <trkpt lat="56.82794985206034" lon="-5.0843558372724598">
        <ele>16</ele>
      </trkpt>
      <trkpt lat="56.82794985206034" lon="-5.0843558372724598">
        <ele>16</ele>
      </trkpt>
      <trkpt lat="56.82817738365496" lon="-5.0839775262578391">
        <ele>16</ele>
      </trkpt>
      <trkpt lat="56.82817738365496" lon="-5.0839775262578391">
        <ele>16</ele>
      </trkpt>
      <trkpt lat="56.82829486934962" lon="-5.0837821857715086">
        <ele>15</ele>
      </trkpt>
      <trkpt lat="56.82890616059509" lon="-5.0826931146290324">
        <ele>13</ele>
      </trkpt>
      <trkpt lat="56.82921347500419" lon="-5.0820834028413948">
        <ele>12</ele>
      </trkpt>
      <trkpt lat="56.8292134750583" lon="-5.082083402735611">
        <ele>12</ele>
      </trkpt>
      <trkpt lat="56.82921323669656" lon="-5.0820827770360513">
        <ele>12</ele>
      </trkpt>
      <trkpt lat="56.82913980545491" lon="-5.0819826435247029">
        <ele>12</ele>
      </trkpt>
      <trkpt lat="56.82913980545491" lon="-5.0819826435247029">
        <ele>12</ele>
      </trkpt>
      <trkpt lat="56.82914457371735" lon="-5.0818662979210414">
        <ele>12</ele>
      </trkpt>
      <trkpt lat="56.82913217623499" lon="-5.0818109860766771">
        <ele>12</ele>
      </trkpt>
      <trkpt lat="56.8291140568377" lon="-5.0817709326721374">
        <ele>12</ele>
      </trkpt>
      <trkpt lat="56.82913503719246" lon="-5.0816574480259424">
        <ele>12</ele>
      </trkpt>
      <trkpt lat="56.82912931527753" lon="-5.0815496852946822">
        <ele>12</ele>
      </trkpt>
      <trkpt lat="56.82916364676713" lon="-5.0815372878123242">
        <ele>12</ele>
      </trkpt>
      <trkpt lat="56.82917890520695" lon="-5.0814915124928506">
        <ele>12</ele>
      </trkpt>
      <trkpt lat="56.82918462712189" lon="-5.0814209422086627">
        <ele>12</ele>
      </trkpt>
      <trkpt lat="56.82916460041962" lon="-5.0813475109670074">
        <ele>12</ele>
      </trkpt>
      <trkpt lat="56.82920752902672" lon="-5.0812799212451969">
        <ele>12</ele>
      </trkpt>
      <trkpt lat="56.82920752900923" lon="-5.0812799212661144">
        <ele>12</ele>
      </trkpt>
      <trkpt lat="56.82909593744041" lon="-5.0810289910356703">
        <ele>12</ele>
      </trkpt>
      <trkpt lat="56.82901583063133" lon="-5.0807772267785651">
        <ele>12</ele>
      </trkpt>
      <trkpt lat="56.82896528704941" lon="-5.0805960328056488">
        <ele>12</ele>
      </trkpt>
      <trkpt lat="56.82896528704941" lon="-5.0805960328056488">
        <ele>12</ele>
      </trkpt>
      <trkpt lat="56.82892714094985" lon="-5.0805102040816363">
        <ele>12</ele>
      </trkpt>
      <trkpt lat="56.82888899485029" lon="-5.0804234217051345">
        <ele>13</ele>
      </trkpt>
      <trkpt lat="56.82888899485029" lon="-5.0804234217051345">
        <ele>13</ele>
      </trkpt>
      <trkpt lat="56.82885752431815" lon="-5.0802756055693337">
        <ele>13</ele>
      </trkpt>
      <trkpt lat="56.82881747091361" lon="-5.0800000000000036">
        <ele>13</ele>
      </trkpt>
      <trkpt lat="56.82881747091361" lon="-5.079999999999993">
        <ele>13</ele>
      </trkpt>
      <trkpt lat="56.82880221247379" lon="-5.0798941445737107">
        <ele>13</ele>
      </trkpt>
      <trkpt lat="56.82878695403397" lon="-5.0797882891474275">
        <ele>13</ele>
      </trkpt>
      <trkpt lat="56.82878695403397" lon="-5.0797882891474275">
        <ele>13</ele>
      </trkpt>
      <trkpt lat="56.82888422658785" lon="-5.0795432004577465">
        <ele>13</ele>
      </trkpt>
      <trkpt lat="56.82937821857716" lon="-5.0780507343124102">
        <ele>13</ele>
      </trkpt>
      <trkpt lat="56.8295832538623" lon="-5.0776416173946144">
        <ele>13</ele>
      </trkpt>
      <trkpt lat="56.82981499141714" lon="-5.0773822239175974">
        <ele>13</ele>
      </trkpt>
      <trkpt lat="56.82998760251765" lon="-5.0771237840930699">
        <ele>12</ele>
      </trkpt>
      <trkpt lat="56.83002193400726" lon="-5.0767184817852309">
        <ele>13</ele>
      </trkpt>
      <trkpt lat="56.83002193400726" lon="-5.0767184817852309">
        <ele>13</ele>
      </trkpt>
      <trkpt lat="56.83000762921993" lon="-5.076554453557117">
        <ele>13</ele>
      </trkpt>
      <trkpt lat="56.82995136372307" lon="-5.0762635895479615">
        <ele>14</ele>
      </trkpt>
      <trkpt lat="56.82991798588596" lon="-5.0759040625595961">
        <ele>14</ele>
      </trkpt>
      <trkpt lat="56.82992370780089" lon="-5.0757972534808244">
        <ele>15</ele>
      </trkpt>
      <trkpt lat="56.82995899294298" lon="-5.0751687964905523">
        <ele>15</ele>
      </trkpt>
      <trkpt lat="56.83052355521649" lon="-5.0722992561510516">
        <ele>17</ele>
      </trkpt>
      <trkpt lat="56.83061319855046" lon="-5.0718443639137831">
        <ele>16</ele>
      </trkpt>
      <trkpt lat="56.83065039099753" lon="-5.070378600038139">
        <ele>17</ele>
      </trkpt>
      <trkpt lat="56.83060652298304" lon="-5.0698693496089957">
        <ele>18</ele>
      </trkpt>
      <trkpt lat="56.83042056074768" lon="-5.0690120160213548">
        <ele>19</ele>
      </trkpt>
      <trkpt lat="56.83021457181005" lon="-5.0686543963379673">
        <ele>19</ele>
      </trkpt>
      <trkpt lat="56.83003814609958" lon="-5.0684503147053146">
        <ele>20</ele>
      </trkpt>
      <trkpt lat="56.82984836925426" lon="-5.0681527751287359">
        <ele>21</ele>
      </trkpt>
      <trkpt lat="56.82973774556553" lon="-5.0677341216860512">
        <ele>22</ele>
      </trkpt>
      <trkpt lat="56.82970055311846" lon="-5.0667146671752743">
        <ele>25</ele>
      </trkpt>
      <trkpt lat="56.82970055311846" lon="-5.0660766736601115">
        <ele>26</ele>
      </trkpt>
      <trkpt lat="56.829871256914" lon="-5.0653032614915059">
        <ele>28</ele>
      </trkpt>
      <trkpt lat="56.83010108716385" lon="-5.0646109097844674">
        <ele>29</ele>
      </trkpt>
      <trkpt lat="56.83020503528515" lon="-5.0640682815182076">
        <ele>30</ele>
      </trkpt>
      <trkpt lat="56.83035380507344" lon="-5.0634703414075846">
        <ele>30</ele>
      </trkpt>
      <trkpt lat="56.83056074766356" lon="-5.0628170894525963">
        <ele>31</ele>
      </trkpt>
      <trkpt lat="56.83063894716766" lon="-5.0626311272172355">
        <ele>32</ele>
      </trkpt>
      <trkpt lat="56.8308363532329" lon="-5.0623526606904372">
        <ele>32</ele>
      </trkpt>
      <trkpt lat="56.8311052832348" lon="-5.0618300591264473">
        <ele>33</ele>
      </trkpt>
      <trkpt lat="56.83119969483121" lon="-5.0615058172801763">
        <ele>34</ele>
      </trkpt>
      <trkpt lat="56.83127503337785" lon="-5.0611434293343436">
        <ele>35</ele>
      </trkpt>
      <trkpt lat="56.83127503337785" lon="-5.0611434293343436">
        <ele>35</ele>
      </trkpt>
      <trkpt lat="56.83163837497617" lon="-5.0602365058172731">
        <ele>38</ele>
      </trkpt>
      <trkpt lat="56.83170703795538" lon="-5.0599999999999934">
        <ele>39</ele>
      </trkpt>
      <trkpt lat="56.83170703795538" lon="-5.0599999999999827">
        <ele>39</ele>
      </trkpt>
      <trkpt lat="56.831784283807" lon="-5.0597348846080319">
        <ele>40</ele>
      </trkpt>
      <trkpt lat="56.83187678809843" lon="-5.0595975586496111">
        <ele>41</ele>
      </trkpt>
      <trkpt lat="56.83222010299448" lon="-5.0594030135418482">
        <ele>39</ele>
      </trkpt>
      <trkpt lat="56.83260251764258" lon="-5.0584588975777054">
        <ele>40</ele>
      </trkpt>
      <trkpt lat="56.83261110051499" lon="-5.0577484264733759">
        <ele>43</ele>
      </trkpt>
      <trkpt lat="56.83239080679002" lon="-5.057000762921974">
        <ele>48</ele>
      </trkpt>
      <trkpt lat="56.83238699218006" lon="-5.0568662979210206">
        <ele>49</ele>
      </trkpt>
      <trkpt lat="56.83241750905971" lon="-5.0567480450123803">
        <ele>49</ele>
      </trkpt>
      <trkpt lat="56.83246328437919" lon="-5.0566345603661853">
        <ele>49</ele>
      </trkpt>
      <trkpt lat="56.83259774938014" lon="-5.0563770741941463">
        <ele>49</ele>
      </trkpt>
      <trkpt lat="56.83266069044441" lon="-5.056190158306296">
        <ele>49</ele>
      </trkpt>
      <trkpt lat="56.83276749952319" lon="-5.0559069235170533">
        <ele>49</ele>
      </trkpt>
      <trkpt lat="56.83293438870876" lon="-5.0551010871638207">
        <ele>51</ele>
      </trkpt>
      <trkpt lat="56.83309364867443" lon="-5.0539919893190755">
        <ele>55</ele>
      </trkpt>
      <trkpt lat="56.83319282853329" lon="-5.0537573908067728">
        <ele>55</ele>
      </trkpt>
      <trkpt lat="56.83342551974062" lon="-5.0533930955559621">
        <ele>55</ele>
      </trkpt>
      <trkpt lat="56.83369635704751" lon="-5.0530974632843622">
        <ele>54</ele>
      </trkpt>
      <trkpt lat="56.83383463665842" lon="-5.0528809841693514">
        <ele>54</ele>
      </trkpt>
      <trkpt lat="56.83417222963953" lon="-5.0519425901201434">
        <ele>58</ele>
      </trkpt>
      <trkpt lat="56.83446118634371" lon="-5.051082395575035">
        <ele>61</ele>
      </trkpt>
      <trkpt lat="56.83471867251575" lon="-5.0505092504291262">
        <ele>62</ele>
      </trkpt>
      <trkpt lat="56.83496566851041" lon="-5.0500667556742149">
        <ele>60</ele>
      </trkpt>
      <trkpt lat="56.83496566851041" lon="-5.0500667556742149">
        <ele>60</ele>
      </trkpt>
      <trkpt lat="56.83504100705704" lon="-5.0497415601754554">
        <ele>62</ele>
      </trkpt>
      <trkpt lat="56.83504100705704" lon="-5.0497415601754554">
        <ele>62</ele>
      </trkpt>
      <trkpt lat="56.83523650581729" lon="-5.0493076482929453">
        <ele>63</ele>
      </trkpt>
      <trkpt lat="56.83541674613772" lon="-5.0493429334350388">
        <ele>60</ele>
      </trkpt>
      <trkpt lat="56.83619969483122" lon="-5.0473564753003837">
        <ele>68</ele>
      </trkpt>
      <trkpt lat="56.83676521075721" lon="-5.0462435628456817">
        <ele>71</ele>
      </trkpt>
      <trkpt lat="56.83737364104522" lon="-5.0449723440778014">
        <ele>74</ele>
      </trkpt>
      <trkpt lat="56.83811272172422" lon="-5.0436610719053805">
        <ele>75</ele>
      </trkpt>
      <trkpt lat="56.83865534999047" lon="-5.0426282662597579">
        <ele>80</ele>
      </trkpt>
      <trkpt lat="56.83885001001026" lon="-5.0422939332650465">
        <ele>81</ele>
      </trkpt>
      <trkpt lat="56.83885001001026" lon="-5.0422939332650465">
        <ele>81</ele>
      </trkpt>
      <trkpt lat="56.83889513016749" lon="-5.0422164383726553">
        <ele>81</ele>
      </trkpt>
      <trkpt lat="56.83889513016749" lon="-5.0422164383726553">
        <ele>81</ele>
      </trkpt>
      <trkpt lat="56.83928666793822" lon="-5.041543963379727">
        <ele>84</ele>
      </trkpt>
      <trkpt lat="56.83928666793822" lon="-5.041543963379727">
        <ele>84</ele>
      </trkpt>
      <trkpt lat="56.83985504482168" lon="-5.0414943734502975">
        <ele>74</ele>
      </trkpt>
      <trkpt lat="56.84000000000001" lon="-5.0414161739461969">
        <ele>72</ele>
      </trkpt>
      <trkpt lat="56.84" lon="-5.0414161739461969">
        <ele>72</ele>
      </trkpt>
      <trkpt lat="56.84007512772979" lon="-5.0413756049721101">
        <ele>72</ele>
      </trkpt>
      <trkpt lat="56.84007438489414" lon="-5.0413751668891686">
        <ele>72</ele>
      </trkpt>
      <trkpt lat="56.84" lon="-5.041331298874673">
        <ele>73</ele>
      </trkpt>
      <trkpt lat="56.84000000000001" lon="-5.041331298874673">
        <ele>73</ele>
      </trkpt>
      <trkpt lat="56.8399313370208" lon="-5.0412807552927541">
        <ele>75</ele>
      </trkpt>
      <trkpt lat="56.83979019645243" lon="-5.0411520122067346">
        <ele>80</ele>
      </trkpt>
      <trkpt lat="56.83978371773858" lon="-5.0411307424669349">
        <ele>80</ele>
      </trkpt>
      <trkpt lat="56.83978371773858" lon="-5.0411307424669349">
        <ele>80</ele>
      </trkpt>
      <trkpt lat="56.83973965287051" lon="-5.0409860766736427">
        <ele>83</ele>
      </trkpt>
      <trkpt lat="56.83975109670038" lon="-5.0408153728781064">
        <ele>85</ele>
      </trkpt>
      <trkpt lat="56.83989795918369" lon="-5.0406008010680736">
        <ele>85</ele>
      </trkpt>
      <trkpt lat="56.84000000000001" lon="-5.0404205607476467">
        <ele>85</ele>
      </trkpt>
      <trkpt lat="56.84" lon="-5.0404205607476467">
        <ele>85</ele>
      </trkpt>
      <trkpt lat="56.84007915315659" lon="-5.0402803738317585">
        <ele>86</ele>
      </trkpt>
      <trkpt lat="56.84027465191684" lon="-5.0399999999999832">
        <ele>86</ele>
      </trkpt>
      <trkpt lat="56.84027465191684" lon="-5.0400000000000009">
        <ele>86</ele>
      </trkpt>
      <trkpt lat="56.84032614915125" lon="-5.0399265687583457">
        <ele>86</ele>
      </trkpt>
      <trkpt lat="56.84038146099561" lon="-5.0398273888994858">
        <ele>87</ele>
      </trkpt>
      <trkpt lat="56.84074861720389" lon="-5.0389423993896632">
        <ele>96</ele>
      </trkpt>
      <trkpt lat="56.84088975777226" lon="-5.0386534426854865">
        <ele>97</ele>
      </trkpt>
      <trkpt lat="56.84117394621399" lon="-5.0379668128933828">
        <ele>96</ele>
      </trkpt>
      <trkpt lat="56.84148865153537" lon="-5.0373002098035489">
        <ele>95</ele>
      </trkpt>
      <trkpt lat="56.84148865153537" lon="-5.0373002098035489">
        <ele>95</ele>
      </trkpt>
      <trkpt lat="56.84158020217432" lon="-5.0371609765401502">
        <ele>94</ele>
      </trkpt>
      <trkpt lat="56.84166793820332" lon="-5.0369998092695036">
        <ele>94</ele>
      </trkpt>
      <trkpt lat="56.84174136944497" lon="-5.0368386419988571">
        <ele>94</ele>
      </trkpt>
      <trkpt lat="56.84184150295631" lon="-5.0366994087354575">
        <ele>93</ele>
      </trkpt>
      <trkpt lat="56.84188251001335" lon="-5.0365649437345041">
        <ele>93</ele>
      </trkpt>
      <trkpt lat="56.84193782185771" lon="-5.0363456036620269">
        <ele>95</ele>
      </trkpt>
      <trkpt lat="56.84198836543963" lon="-5.0361033759298124">
        <ele>97</ele>
      </trkpt>
      <trkpt lat="56.84209898912835" lon="-5.0357600610337601">
        <ele>99</ele>
      </trkpt>
      <trkpt lat="56.8422429906542" lon="-5.0354596604997148">
        <ele>100</ele>
      </trkpt>
      <trkpt lat="56.84234884608048" lon="-5.0351382796109112">
        <ele>102</ele>
      </trkpt>
      <trkpt lat="56.84244230402441" lon="-5.0347844745374797">
        <ele>104</ele>
      </trkpt>
      <trkpt lat="56.84254815945069" lon="-5.0344678619111205">
        <ele>104</ele>
      </trkpt>
      <trkpt lat="56.84263303452222" lon="-5.0341455273698275">
        <ele>105</ele>
      </trkpt>
      <trkpt lat="56.84281523397308" lon="-5.0332440044869466">
        <ele>107</ele>
      </trkpt>
      <trkpt lat="56.84281523397308" lon="-5.0332440044869466">
        <ele>107</ele>
      </trkpt>
      <trkpt lat="56.84287144764447" lon="-5.0329658592408935">
        <ele>107</ele>
      </trkpt>
      <trkpt lat="56.84301449551783" lon="-5.0324022506198753">
        <ele>106</ele>
      </trkpt>
      <trkpt lat="56.84309078771695" lon="-5.032026511539196">
        <ele>106</ele>
      </trkpt>
      <trkpt lat="56.84313179477398" lon="-5.0316517261110061">
        <ele>108</ele>
      </trkpt>
      <trkpt lat="56.84326149151249" lon="-5.031055693305361">
        <ele>108</ele>
      </trkpt>
      <trkpt lat="56.8434255197406" lon="-5.0299780659927533">
        <ele>110</ele>
      </trkpt>
      <trkpt lat="56.84349036810985" lon="-5.0294354377264936">
        <ele>112</ele>
      </trkpt>
      <trkpt lat="56.8436868205226" lon="-5.0280679000572199">
        <ele>115</ele>
      </trkpt>
      <trkpt lat="56.8437736028991" lon="-5.0275376692733182">
        <ele>115</ele>
      </trkpt>
      <trkpt lat="56.84385847797062" lon="-5.0268939538432207">
        <ele>116</ele>
      </trkpt>
      <trkpt lat="56.84388231928285" lon="-5.0266040434865547">
        <ele>118</ele>
      </trkpt>
      <trkpt lat="56.84386706084302" lon="-5.0261377074194176">
        <ele>122</ele>
      </trkpt>
      <trkpt lat="56.84388231928285" lon="-5.0252584398245288">
        <ele>127</ele>
      </trkpt>
      <trkpt lat="56.84389948502765" lon="-5.0247749380125892">
        <ele>128</ele>
      </trkpt>
      <trkpt lat="56.84389376311272" lon="-5.0242952508106056">
        <ele>127</ele>
      </trkpt>
      <trkpt lat="56.84387564371542" lon="-5.0241102422277333">
        <ele>127</ele>
      </trkpt>
      <trkpt lat="56.84384703414075" lon="-5.0239328628647728">
        <ele>128</ele>
      </trkpt>
      <trkpt lat="56.84377932481403" lon="-5.0236410452031288">
        <ele>131</ele>
      </trkpt>
      <trkpt lat="56.84376502002669" lon="-5.0234932290673289">
        <ele>132</ele>
      </trkpt>
      <trkpt lat="56.84377646385656" lon="-5.0232862864772088">
        <ele>132</ele>
      </trkpt>
      <trkpt lat="56.84388231928285" lon="-5.02240701888232">
        <ele>132</ele>
      </trkpt>
      <trkpt lat="56.84389567041769" lon="-5.0221409498378806">
        <ele>133</ele>
      </trkpt>
      <trkpt lat="56.84386706084302" lon="-5.0218939538432208">
        <ele>135</ele>
      </trkpt>
      <trkpt lat="56.84384417318329" lon="-5.0215563608621032">
        <ele>136</ele>
      </trkpt>
      <trkpt lat="56.84396242609193" lon="-5.0212016021361823">
        <ele>136</ele>
      </trkpt>
      <trkpt lat="56.84407686439061" lon="-5.0210337592981125">
        <ele>136</ele>
      </trkpt>
      <trkpt lat="56.84417413694449" lon="-5.0209393477016988">
        <ele>135</ele>
      </trkpt>
      <trkpt lat="56.84428952889566" lon="-5.0208754529849333">
        <ele>133</ele>
      </trkpt>
      <trkpt lat="56.84442017928667" lon="-5.0207867633034535">
        <ele>132</ele>
      </trkpt>
      <trkpt lat="56.84449551783329" lon="-5.0207085637993529">
        <ele>131</ele>
      </trkpt>
      <trkpt lat="56.84457181003242" lon="-5.0205483501811949">
        <ele>131</ele>
      </trkpt>
      <trkpt lat="56.84470055311844" lon="-5.0202088498950994">
        <ele>132</ele>
      </trkpt>
      <trkpt lat="56.84473965287049" lon="-5.0201554453557131">
        <ele>131</ele>
      </trkpt>
      <trkpt lat="56.84495327102803" lon="-5.0200000000000014">
        <ele>129</ele>
      </trkpt>
      <trkpt lat="56.84495327102803" lon="-5.0199999999999907">
        <ele>129</ele>
      </trkpt>
      <trkpt lat="56.84498569521266" lon="-5.0199752050352764">
        <ele>129</ele>
      </trkpt>
      <trkpt lat="56.84518024032042" lon="-5.0197043677283908">
        <ele>128</ele>
      </trkpt>
      <trkpt lat="56.84534045393858" lon="-5.0194430669463959">
        <ele>126</ele>
      </trkpt>
      <trkpt lat="56.84555693305359" lon="-5.0189605187869448">
        <ele>126</ele>
      </trkpt>
      <trkpt lat="56.84565992752241" lon="-5.0184884608048739">
        <ele>128</ele>
      </trkpt>
      <trkpt lat="56.84569933759513" lon="-5.0182407996110099">
        <ele>129</ele>
      </trkpt>
      <trkpt lat="56.84569933759513" lon="-5.0182407996110099">
        <ele>129</ele>
      </trkpt>
      <trkpt lat="56.84575052450887" lon="-5.017919130268921">
        <ele>130</ele>
      </trkpt>
      <trkpt lat="56.84585637993514" lon="-5.0173297730306983">
        <ele>132</ele>
      </trkpt>
      <trkpt lat="56.84597940110623" lon="-5.0168462712187587">
        <ele>131</ele>
      </trkpt>
      <trkpt lat="56.84603662025557" lon="-5.016544917032224">
        <ele>131</ele>
      </trkpt>
      <trkpt lat="56.84607190539766" lon="-5.0160728590501531">
        <ele>133</ele>
      </trkpt>
      <trkpt lat="56.84603948121304" lon="-5.0153700171657354">
        <ele>137</ele>
      </trkpt>
      <trkpt lat="56.84607953461758" lon="-5.0147272553881272">
        <ele>137</ele>
      </trkpt>
      <trkpt lat="56.84613198550448" lon="-5.0141417127598613">
        <ele>137</ele>
      </trkpt>
      <trkpt lat="56.84618348273889" lon="-5.0138708754529757">
        <ele>137</ele>
      </trkpt>
      <trkpt lat="56.84621972153347" lon="-5.0135790577913317">
        <ele>136</ele>
      </trkpt>
      <trkpt lat="56.84617489986648" lon="-5.0133072668319576">
        <ele>138</ele>
      </trkpt>
      <trkpt lat="56.84608239557505" lon="-5.0131079534617493">
        <ele>139</ele>
      </trkpt>
      <trkpt lat="56.84598512302117" lon="-5.0129362960137236">
        <ele>141</ele>
      </trkpt>
      <trkpt lat="56.84590787716955" lon="-5.0127751287430771">
        <ele>142</ele>
      </trkpt>
      <trkpt lat="56.8458430288003" lon="-5.0125443448407312">
        <ele>143</ele>
      </trkpt>
      <trkpt lat="56.84584493610528" lon="-5.0120522601563895">
        <ele>143</ele>
      </trkpt>
      <trkpt lat="56.84588975777226" lon="-5.0115706656494279">
        <ele>142</ele>
      </trkpt>
      <trkpt lat="56.84588975777226" lon="-5.0113684913217531">
        <ele>141</ele>
      </trkpt>
      <trkpt lat="56.84587354567995" lon="-5.0110890711424663">
        <ele>142</ele>
      </trkpt>
      <trkpt lat="56.84585217895158" lon="-5.0109504099781583">
        <ele>142</ele>
      </trkpt>
      <trkpt lat="56.84585217895158" lon="-5.0109504099781583">
        <ele>142</ele>
      </trkpt>
      <trkpt lat="56.845781995041" lon="-5.0104949456417991">
        <ele>143</ele>
      </trkpt>
      <trkpt lat="56.84567709326721" lon="-5.0102527179095846">
        <ele>144</ele>
      </trkpt>
      <trkpt lat="56.84554548922372" lon="-5.0099952317375456">
        <ele>147</ele>
      </trkpt>
      <trkpt lat="56.84552355521647" lon="-5.0099303833682916">
        <ele>147</ele>
      </trkpt>
      <trkpt lat="56.84550829677665" lon="-5.0097587259202658">
        <ele>148</ele>
      </trkpt>
      <trkpt lat="56.84551878695403" lon="-5.0091636467671092">
        <ele>149</ele>
      </trkpt>
      <trkpt lat="56.84547682624451" lon="-5.0086410452031185">
        <ele>151</ele>
      </trkpt>
      <trkpt lat="56.8455292771314" lon="-5.0082815182147531">
        <ele>151</ele>
      </trkpt>
      <trkpt lat="56.84559698645813" lon="-5.0080135418653349">
        <ele>151</ele>
      </trkpt>
      <trkpt lat="56.84560080106809" lon="-5.0075033377837022">
        <ele>154</ele>
      </trkpt>
      <trkpt lat="56.84563036429525" lon="-5.0071790959374312">
        <ele>155</ele>
      </trkpt>
      <trkpt lat="56.84563036429525" lon="-5.0071790959374312">
        <ele>155</ele>
      </trkpt>
      <trkpt lat="56.84567709326721" lon="-5.0069425901201514">
        <ele>155</ele>
      </trkpt>
      <trkpt lat="56.84573621972153" lon="-5.0067098989128267">
        <ele>155</ele>
      </trkpt>
      <trkpt lat="56.84577722677856" lon="-5.0064171275986942">
        <ele>156</ele>
      </trkpt>
      <trkpt lat="56.84582681670798" lon="-5.0062559603280476">
        <ele>157</ele>
      </trkpt>
      <trkpt lat="56.84590024794964" lon="-5.0060528323478835">
        <ele>157</ele>
      </trkpt>
      <trkpt lat="56.8459298111768" lon="-5.0058649628075438">
        <ele>158</ele>
      </trkpt>
      <trkpt lat="56.84593267213427" lon="-5.0055721914934104">
        <ele>159</ele>
      </trkpt>
      <trkpt lat="56.84591836734693" lon="-5.0051726111005062">
        <ele>161</ele>
      </trkpt>
      <trkpt lat="56.84591455273698" lon="-5.0045718100324148">
        <ele>163</ele>
      </trkpt>
      <trkpt lat="56.84592504291436" lon="-5.004258058363523">
        <ele>164</ele>
      </trkpt>
      <trkpt lat="56.8459736791913" lon="-5.0039919893190827">
        <ele>164</ele>
      </trkpt>
      <trkpt lat="56.84604138851802" lon="-5.0038031661262545">
        <ele>163</ele>
      </trkpt>
      <trkpt lat="56.8460690444402" lon="-5.0036286477207614">
        <ele>163</ele>
      </trkpt>
      <trkpt lat="56.84609574670989" lon="-5.0033873736410364">
        <ele>163</ele>
      </trkpt>
      <trkpt lat="56.84620541674613" lon="-5.0021285523555123">
        <ele>168</ele>
      </trkpt>
      <trkpt lat="56.84619492656875" lon="-5.0019568949074866">
        <ele>169</ele>
      </trkpt>
      <trkpt lat="56.84617013160404" lon="-5.0017556742323004">
        <ele>171</ele>
      </trkpt>
      <trkpt lat="56.84618634369635" lon="-5.0014867442303936">
        <ele>173</ele>
      </trkpt>
      <trkpt lat="56.8462950600801" lon="-5.0010957467098898">
        <ele>173</ele>
      </trkpt>
      <trkpt lat="56.84634465000953" lon="-5.0008544726301647">
        <ele>174</ele>
      </trkpt>
      <trkpt lat="56.84640663742132" lon="-5.0001459088308131">
        <ele>175</ele>
      </trkpt>
      <trkpt lat="56.84640568376883" lon="-4.9999999999999911">
        <ele>175</ele>
      </trkpt>
      <trkpt lat="56.84640568376883" lon="-5.0000000000000089">
        <ele>175</ele>
      </trkpt>
      <trkpt lat="56.84640568376883" lon="-4.9999265687583536">
        <ele>175</ele>
      </trkpt>
      <trkpt lat="56.84640663742132" lon="-4.9998521838642089">
        <ele>175</ele>
      </trkpt>
      <trkpt lat="56.84641903490368" lon="-4.9997644478352177">
        <ele>174</ele>
      </trkpt>
      <trkpt lat="56.84643238603852" lon="-4.9996767118062273">
        <ele>174</ele>
      </trkpt>
      <trkpt lat="56.84645432004577" lon="-4.9996109097844839">
        <ele>173</ele>
      </trkpt>
      <trkpt lat="56.8464772077055" lon="-4.9995451077627404">
        <ele>173</ele>
      </trkpt>
      <trkpt lat="56.84653538050734" lon="-4.9994249475491221">
        <ele>171</ele>
      </trkpt>
      <trkpt lat="56.8467642571047" lon="-4.999075910738136">
        <ele>167</ele>
      </trkpt>
      <trkpt lat="56.84679382033187" lon="-4.9989938966240794">
        <ele>166</ele>
      </trkpt>
      <trkpt lat="56.84681861529658" lon="-4.9988746900629506">
        <ele>166</ele>
      </trkpt>
      <trkpt lat="56.84682242990654" lon="-4.9988088880412072">
        <ele>167</ele>
      </trkpt>
      <trkpt lat="56.84682624451649" lon="-4.9987430860194637">
        <ele>167</ele>
      </trkpt>
      <trkpt lat="56.84681575433911" lon="-4.9986334159832246">
        <ele>167</ele>
      </trkpt>
      <trkpt lat="56.84678714476444" lon="-4.9985466336067228">
        <ele>168</ele>
      </trkpt>
      <trkpt lat="56.84675948884226" lon="-4.9984588975777315">
        <ele>169</ele>
      </trkpt>
      <trkpt lat="56.84668796490558" lon="-4.9980860194545196">
        <ele>171</ele>
      </trkpt>
      <trkpt lat="56.84665840167843" lon="-4.9979773030707699">
        <ele>171</ele>
      </trkpt>
      <trkpt lat="56.84661071905397" lon="-4.9979200839214277">
        <ele>172</ele>
      </trkpt>
      <trkpt lat="56.84657638756437" lon="-4.9978447453747945">
        <ele>173</ele>
      </trkpt>
      <trkpt lat="56.84657734121686" lon="-4.9977579629982927">
        <ele>173</ele>
      </trkpt>
      <trkpt lat="56.84657829486935" lon="-4.9976702269693014">
        <ele>173</ele>
      </trkpt>
      <trkpt lat="56.84657829486935" lon="-4.9976702269693014">
        <ele>173</ele>
      </trkpt>
      <trkpt lat="56.84662025557886" lon="-4.9974184627121971">
        <ele>173</ele>
      </trkpt>
      <trkpt lat="56.84662025557886" lon="-4.9974184627121971">
        <ele>173</ele>
      </trkpt>
      <trkpt lat="56.84663360671371" lon="-4.9973888994850366">
        <ele>173</ele>
      </trkpt>
      <trkpt lat="56.84669177951554" lon="-4.9973135609384034">
        <ele>173</ele>
      </trkpt>
      <trkpt lat="56.84675090596986" lon="-4.9972382223917693">
        <ele>173</ele>
      </trkpt>
      <trkpt lat="56.84681575433911" lon="-4.9971390425329103">
        <ele>173</ele>
      </trkpt>
      <trkpt lat="56.84688155636086" lon="-4.9970398626740504">
        <ele>173</ele>
      </trkpt>
      <trkpt lat="56.84693686820522" lon="-4.9969454510776368">
        <ele>173</ele>
      </trkpt>
      <trkpt lat="56.84699313370207" lon="-4.9968500858287328">
        <ele>172</ele>
      </trkpt>
      <trkpt lat="56.84699802671251" lon="-4.9968446822433004">
        <ele>172</ele>
      </trkpt>
      <trkpt lat="56.84699802671251" lon="-4.9968446822433004">
        <ele>172</ele>
      </trkpt>
      <trkpt lat="56.84710280373831" lon="-4.996728971962626">
        <ele>171</ele>
      </trkpt>
      <trkpt lat="56.84710280373831" lon="-4.996728971962626">
        <ele>171</ele>
      </trkpt>
      <trkpt lat="56.84711615487316" lon="-4.9962569139805542">
        <ele>175</ele>
      </trkpt>
      <trkpt lat="56.84715430097272" lon="-4.9959670036238881">
        <ele>177</ele>
      </trkpt>
      <trkpt lat="56.84724203700171" lon="-4.995484455464438">
        <ele>179</ele>
      </trkpt>
      <trkpt lat="56.84740701888231" lon="-4.9947015067709417">
        <ele>181</ele>
      </trkpt>
      <trkpt lat="56.84751764257104" lon="-4.9943419797825763">
        <ele>181</ele>
      </trkpt>
      <trkpt lat="56.84755134695475" lon="-4.9939814894176271">
        <ele>182</ele>
      </trkpt>
      <trkpt lat="56.84755134695475" lon="-4.9939814894176271">
        <ele>182</ele>
      </trkpt>
      <trkpt lat="56.84756151058554" lon="-4.9938727827579719">
        <ele>183</ele>
      </trkpt>
      <trkpt lat="56.84760537860003" lon="-4.9936200648483782">
        <ele>183</ele>
      </trkpt>
      <trkpt lat="56.84763971008964" lon="-4.9935294678619204">
        <ele>183</ele>
      </trkpt>
      <trkpt lat="56.84767404157925" lon="-4.9934379172229733">
        <ele>182</ele>
      </trkpt>
      <trkpt lat="56.84767404157925" lon="-4.9934379172229733">
        <ele>182</ele>
      </trkpt>
      <trkpt lat="56.84781899675757" lon="-4.9932424184627209">
        <ele>180</ele>
      </trkpt>
      <trkpt lat="56.84791150104901" lon="-4.9930650390997613">
        <ele>178</ele>
      </trkpt>
      <trkpt lat="56.84797921037573" lon="-4.9928266259775027">
        <ele>177</ele>
      </trkpt>
      <trkpt lat="56.84800591264543" lon="-4.992606332252536">
        <ele>178</ele>
      </trkpt>
      <trkpt lat="56.84803547587259" lon="-4.9922630173564846">
        <ele>178</ele>
      </trkpt>
      <trkpt lat="56.84803400681033" lon="-4.9922362069703548">
        <ele>178</ele>
      </trkpt>
      <trkpt lat="56.84803400681033" lon="-4.9922362069703548">
        <ele>178</ele>
      </trkpt>
      <trkpt lat="56.84802678246636" lon="-4.99210436269298">
        <ele>178</ele>
      </trkpt>
      <trkpt lat="56.84802678246636" lon="-4.99210436269298">
        <ele>178</ele>
      </trkpt>
      <trkpt lat="56.84802021743276" lon="-4.9919845508296872">
        <ele>179</ele>
      </trkpt>
      <trkpt lat="56.8479820713332" lon="-4.9917108525653342">
        <ele>180</ele>
      </trkpt>
      <trkpt lat="56.84799351516307" lon="-4.9915840167842926">
        <ele>180</ele>
      </trkpt>
      <trkpt lat="56.84807552927712" lon="-4.9912874308602033">
        <ele>180</ele>
      </trkpt>
      <trkpt lat="56.84809364867441" lon="-4.9911691779515639">
        <ele>180</ele>
      </trkpt>
      <trkpt lat="56.84809937058935" lon="-4.9910261300782084">
        <ele>180</ele>
      </trkpt>
      <trkpt lat="56.84810032424184" lon="-4.9908706847224966">
        <ele>181</ele>
      </trkpt>
      <trkpt lat="56.84804787335494" lon="-4.990520694259021">
        <ele>183</ele>
      </trkpt>
      <trkpt lat="56.84814228495136" lon="-4.9902679763494273">
        <ele>183</ele>
      </trkpt>
      <trkpt lat="56.84818710661834" lon="-4.9900905969864668">
        <ele>184</ele>
      </trkpt>
      <trkpt lat="56.84829963761205" lon="-4.9895737173374117">
        <ele>185</ele>
      </trkpt>
      <trkpt lat="56.84829773030707" lon="-4.9893019263780367">
        <ele>187</ele>
      </trkpt>
      <trkpt lat="56.84823002098035" lon="-4.9890110623688821">
        <ele>189</ele>
      </trkpt>
      <trkpt lat="56.84818329200839" lon="-4.988662025557896">
        <ele>191</ele>
      </trkpt>
      <trkpt lat="56.84817089452603" lon="-4.9883940492084777">
        <ele>192</ele>
      </trkpt>
      <trkpt lat="56.84830345222201" lon="-4.9867146671752902">
        <ele>195</ele>
      </trkpt>
      <trkpt lat="56.84830345222201" lon="-4.9864733930955651">
        <ele>194</ele>
      </trkpt>
      <trkpt lat="56.84826244516498" lon="-4.9862807552927801">
        <ele>194</ele>
      </trkpt>
      <trkpt lat="56.84820045775319" lon="-4.986124356284579">
        <ele>194</ele>
      </trkpt>
      <trkpt lat="56.84812416555407" lon="-4.9860547396528796">
        <ele>194</ele>
      </trkpt>
      <trkpt lat="56.84786763303452" lon="-4.9860299446881644">
        <ele>194</ele>
      </trkpt>
      <trkpt lat="56.84777226778561" lon="-4.9860337592981212">
        <ele>194</ele>
      </trkpt>
      <trkpt lat="56.84767499523173" lon="-4.9859803547587349">
        <ele>194</ele>
      </trkpt>
      <trkpt lat="56.8476254053023" lon="-4.9859097844745461">
        <ele>194</ele>
      </trkpt>
      <trkpt lat="56.84751954987602" lon="-4.9857352660690539">
        <ele>193</ele>
      </trkpt>
      <trkpt lat="56.84751929768982" lon="-4.9857348510324648">
        <ele>193</ele>
      </trkpt>
      <trkpt lat="56.84774842647339" lon="-4.9848416936868301">
        <ele>190</ele>
      </trkpt>
      <trkpt lat="56.84789719626168" lon="-4.9844373450314796">
        <ele>189</ele>
      </trkpt>
      <trkpt lat="56.84808888041197" lon="-4.9841693686820614">
        <ele>188</ele>
      </trkpt>
      <trkpt lat="56.84808888041197" lon="-4.9841693686820614">
        <ele>188</ele>
      </trkpt>
      <trkpt lat="56.84795727636848" lon="-4.9839853137516776">
        <ele>188</ele>
      </trkpt>
      <trkpt lat="56.84784760633224" lon="-4.9836849132176324">
        <ele>189</ele>
      </trkpt>
      <trkpt lat="56.84774175090597" lon="-4.9832958230021074">
        <ele>191</ele>
      </trkpt>
      <trkpt lat="56.8477646385657" lon="-4.9820589357238312">
        <ele>197</ele>
      </trkpt>
      <trkpt lat="56.84771790959374" lon="-4.9813942399389752">
        <ele>200</ele>
      </trkpt>
      <trkpt lat="56.84771886324623" lon="-4.9809832157162024">
        <ele>201</ele>
      </trkpt>
      <trkpt lat="56.84772458516116" lon="-4.9808544726301829">
        <ele>201</ele>
      </trkpt>
      <trkpt lat="56.84779420179286" lon="-4.9803719244707318">
        <ele>202</ele>
      </trkpt>
      <trkpt lat="56.84784569902727" lon="-4.9800848750715332">
        <ele>203</ele>
      </trkpt>
      <trkpt lat="56.84786667938203" lon="-4.9800000000000093">
        <ele>202</ele>
      </trkpt>
      <trkpt lat="56.84786667938203" lon="-4.9799999999999986">
        <ele>202</ele>
      </trkpt>
      <trkpt lat="56.84797158115582" lon="-4.9795613198550432">
        <ele>203</ele>
      </trkpt>
      <trkpt lat="56.84800114438298" lon="-4.9793438870875439">
        <ele>203</ele>
      </trkpt>
      <trkpt lat="56.84800305168796" lon="-4.979096891092885">
        <ele>205</ele>
      </trkpt>
      <trkpt lat="56.84804501239748" lon="-4.978644859813083">
        <ele>208</ele>
      </trkpt>
      <trkpt lat="56.84805645622735" lon="-4.9781403776463842">
        <ele>212</ele>
      </trkpt>
      <trkpt lat="56.84832538622926" lon="-4.976640282281136">
        <ele>211</ele>
      </trkpt>
      <trkpt lat="56.8483730688537" lon="-4.9761949265687573">
        <ele>211</ele>
      </trkpt>
      <trkpt lat="56.84838928094602" lon="-4.9758392141903478">
        <ele>212</ele>
      </trkpt>
      <trkpt lat="56.84847320236505" lon="-4.9754358191874868">
        <ele>212</ele>
      </trkpt>
      <trkpt lat="56.8486772839977" lon="-4.9747129506008001">
        <ele>211</ele>
      </trkpt>
      <trkpt lat="56.8487039862674" lon="-4.9745279420179278">
        <ele>211</ele>
      </trkpt>
      <trkpt lat="56.8487039862674" lon="-4.9742170513065025">
        <ele>212</ele>
      </trkpt>
      <trkpt lat="56.84862101850085" lon="-4.9736439061605937">
        <ele>216</ele>
      </trkpt>
      <trkpt lat="56.84860957467098" lon="-4.9734665267976341">
        <ele>217</ele>
      </trkpt>
      <trkpt lat="56.84861243562845" lon="-4.9725786763303441">
        <ele>219</ele>
      </trkpt>
      <trkpt lat="56.84856666030898" lon="-4.9721333206179654">
        <ele>220</ele>
      </trkpt>
      <trkpt lat="56.84857142857143" lon="-4.9718071714667165">
        <ele>220</ele>
      </trkpt>
      <trkpt lat="56.84865821094792" lon="-4.9711663169940863">
        <ele>218</ele>
      </trkpt>
      <trkpt lat="56.84870303261491" lon="-4.9707009345794377">
        <ele>217</ele>
      </trkpt>
      <trkpt lat="56.84869921800495" lon="-4.9695699027274447">
        <ele>217</ele>
      </trkpt>
      <trkpt lat="56.84865725729544" lon="-4.9691760442494743">
        <ele>218</ele>
      </trkpt>
      <trkpt lat="56.84864581346557" lon="-4.9684855998474147">
        <ele>218</ele>
      </trkpt>
      <trkpt lat="56.8486601182529" lon="-4.9681594506961648">
        <ele>218</ele>
      </trkpt>
      <trkpt lat="56.84875071523936" lon="-4.9676463856570656">
        <ele>216</ele>
      </trkpt>
      <trkpt lat="56.84870875452985" lon="-4.9668291054739644">
        <ele>214</ele>
      </trkpt>
      <trkpt lat="56.84870017165744" lon="-4.9660576006103367">
        <ele>213</ele>
      </trkpt>
      <trkpt lat="56.84861338928094" lon="-4.9650762921991216">
        <ele>215</ele>
      </trkpt>
      <trkpt lat="56.84868682052259" lon="-4.9645555979401097">
        <ele>214</ele>
      </trkpt>
      <trkpt lat="56.84884989509822" lon="-4.9637192447072271">
        <ele>213</ele>
      </trkpt>
      <trkpt lat="56.84897959183673" lon="-4.9625376692733161">
        <ele>210</ele>
      </trkpt>
      <trkpt lat="56.84898817470913" lon="-4.9623440778180417">
        <ele>210</ele>
      </trkpt>
      <trkpt lat="56.84890139233263" lon="-4.9618367346938763">
        <ele>210</ele>
      </trkpt>
      <trkpt lat="56.84873354949456" lon="-4.9611615487316412">
        <ele>209</ele>
      </trkpt>
      <trkpt lat="56.84870970818233" lon="-4.9610080106809065">
        <ele>209</ele>
      </trkpt>
      <trkpt lat="56.84870780087736" lon="-4.9606160595079141">
        <ele>208</ele>
      </trkpt>
      <trkpt lat="56.84880888804119" lon="-4.9599999999999991">
        <ele>206</ele>
      </trkpt>
      <trkpt lat="56.84880888804119" lon="-4.9599999999999884">
        <ele>206</ele>
      </trkpt>
      <trkpt lat="56.84884417318329" lon="-4.9597844745374671">
        <ele>206</ele>
      </trkpt>
      <trkpt lat="56.84888422658783" lon="-4.9595899294297041">
        <ele>205</ele>
      </trkpt>
      <trkpt lat="56.84900534045394" lon="-4.9591636467671067">
        <ele>203</ele>
      </trkpt>
      <trkpt lat="56.84909021552546" lon="-4.9584293343505514">
        <ele>202</ele>
      </trkpt>
      <trkpt lat="56.84919607095174" lon="-4.9578991035666489">
        <ele>203</ele>
      </trkpt>
      <trkpt lat="56.84926759488842" lon="-4.9573593362578565">
        <ele>205</ele>
      </trkpt>
      <trkpt lat="56.84923230974632" lon="-4.9571285523555106">
        <ele>205</ele>
      </trkpt>
      <trkpt lat="56.84908735456799" lon="-4.9564924661453249">
        <ele>208</ele>
      </trkpt>
      <trkpt lat="56.84908163265305" lon="-4.9550829677665345">
        <ele>208</ele>
      </trkpt>
      <trkpt lat="56.84903204272363" lon="-4.954547015067698">
        <ele>211</ele>
      </trkpt>
      <trkpt lat="56.84902345985122" lon="-4.9543524699599351">
        <ele>211</ele>
      </trkpt>
      <trkpt lat="56.84903490368109" lon="-4.9539614724394321">
        <ele>211</ele>
      </trkpt>
      <trkpt lat="56.84908163265305" lon="-4.9534102613007702">
        <ele>210</ele>
      </trkpt>
      <trkpt lat="56.84909307648292" lon="-4.9529048254815828">
        <ele>210</ele>
      </trkpt>
      <trkpt lat="56.84916841502956" lon="-4.9524680526416063">
        <ele>209</ele>
      </trkpt>
      <trkpt lat="56.84925424375357" lon="-4.9520875452984816">
        <ele>209</ele>
      </trkpt>
      <trkpt lat="56.84930478733549" lon="-4.9514953271027924">
        <ele>209</ele>
      </trkpt>
      <trkpt lat="56.84930574098798" lon="-4.9512511920655999">
        <ele>209</ele>
      </trkpt>
      <trkpt lat="56.84926568758344" lon="-4.9508010680907759">
        <ele>210</ele>
      </trkpt>
      <trkpt lat="56.84923135609383" lon="-4.9505750524508754">
        <ele>211</ele>
      </trkpt>
      <trkpt lat="56.8491035666603" lon="-4.950020980354747">
        <ele>214</ele>
      </trkpt>
      <trkpt lat="56.84903776463856" lon="-4.9495222201029829">
        <ele>214</ele>
      </trkpt>
      <trkpt lat="56.84903013541864" lon="-4.9492942971581044">
        <ele>214</ele>
      </trkpt>
      <trkpt lat="56.84898722105664" lon="-4.9488804119778642">
        <ele>213</ele>
      </trkpt>
      <trkpt lat="56.84898054548922" lon="-4.9480097272553767">
        <ele>211</ele>
      </trkpt>
      <trkpt lat="56.84895002860957" lon="-4.9478323478924162">
        <ele>211</ele>
      </trkpt>
      <trkpt lat="56.84878600038145" lon="-4.9472372687392596">
        <ele>213</ele>
      </trkpt>
      <trkpt lat="56.84866107190539" lon="-4.9462626358954687">
        <ele>213</ele>
      </trkpt>
      <trkpt lat="56.84866202555788" lon="-4.9459526988365328">
        <ele>213</ele>
      </trkpt>
      <trkpt lat="56.84870493991989" lon="-4.9457486172038791">
        <ele>212</ele>
      </trkpt>
      <trkpt lat="56.84879744421132" lon="-4.9455769597558534">
        <ele>209</ele>
      </trkpt>
      <trkpt lat="56.84903776463856" lon="-4.9453118443639026">
        <ele>204</ele>
      </trkpt>
      <trkpt lat="56.84929811176806" lon="-4.9449790196452303">
        <ele>198</ele>
      </trkpt>
      <trkpt lat="56.84946404730115" lon="-4.9443009727255278">
        <ele>197</ele>
      </trkpt>
      <trkpt lat="56.84946404730115" lon="-4.9443009727255278">
        <ele>197</ele>
      </trkpt>
      <trkpt lat="56.84948502765592" lon="-4.9439738699217894">
        <ele>198</ele>
      </trkpt>
      <trkpt lat="56.84948502765592" lon="-4.9439738699217894">
        <ele>198</ele>
      </trkpt>
      <trkpt lat="56.84975300400534" lon="-4.9431251192065497">
        <ele>196</ele>
      </trkpt>
      <trkpt lat="56.85027369826435" lon="-4.9417585351897655">
        <ele>191</ele>
      </trkpt>
      <trkpt lat="56.85037573908068" lon="-4.941548731642178">
        <ele>190</ele>
      </trkpt>
      <trkpt lat="56.85066278847987" lon="-4.9410375739080568">
        <ele>185</ele>
      </trkpt>
      <trkpt lat="56.85094697692161" lon="-4.9406847224871147">
        <ele>180</ele>
      </trkpt>
      <trkpt lat="56.85118920465382" lon="-4.9403356856761285">
        <ele>176</ele>
      </trkpt>
      <trkpt lat="56.85129410642761" lon="-4.9399999999999888">
        <ele>175</ele>
      </trkpt>
      <trkpt lat="56.85129410642761" lon="-4.9400000000000066">
        <ele>175</ele>
      </trkpt>
      <trkpt lat="56.85161167270646" lon="-4.9388289147434747">
        <ele>170</ele>
      </trkpt>
      <trkpt lat="56.85168796490558" lon="-4.938598130841128">
        <ele>169</ele>
      </trkpt>
      <trkpt lat="56.8518510394812" lon="-4.9382195308029821">
        <ele>167</ele>
      </trkpt>
      <trkpt lat="56.85196929238985" lon="-4.9378657257295506">
        <ele>166</ele>
      </trkpt>
      <trkpt lat="56.85222391760442" lon="-4.9367165744802666">
        <ele>168</ele>
      </trkpt>
      <trkpt lat="56.85251859622353" lon="-4.9357982071333275">
        <ele>170</ele>
      </trkpt>
      <trkpt lat="56.85285905016212" lon="-4.934893190921235">
        <ele>174</ele>
      </trkpt>
      <trkpt lat="56.85310223154682" lon="-4.9344650009536597">
        <ele>173</ele>
      </trkpt>
      <trkpt lat="56.85320045775319" lon="-4.9343267213427495">
        <ele>173</ele>
      </trkpt>
      <trkpt lat="56.85331394239938" lon="-4.934214190349044">
        <ele>172</ele>
      </trkpt>
      <trkpt lat="56.85386515353805" lon="-4.9339176044249546">
        <ele>167</ele>
      </trkpt>
      <trkpt lat="56.85395861148197" lon="-4.9338060270837376">
        <ele>166</ele>
      </trkpt>
      <trkpt lat="56.85401964524127" lon="-4.9336906351325647">
        <ele>166</ele>
      </trkpt>
      <trkpt lat="56.85413026893" lon="-4.9333444592790459">
        <ele>165</ele>
      </trkpt>
      <trkpt lat="56.85419511729925" lon="-4.9329620446309432">
        <ele>165</ele>
      </trkpt>
      <trkpt lat="56.85434579439251" lon="-4.9313131794774057">
        <ele>168</ele>
      </trkpt>
      <trkpt lat="56.85434102613007" lon="-4.9298512302117174">
        <ele>171</ele>
      </trkpt>
      <trkpt lat="56.854303833683" lon="-4.9295489223726943">
        <ele>172</ele>
      </trkpt>
      <trkpt lat="56.85429238985313" lon="-4.9291092885752503">
        <ele>173</ele>
      </trkpt>
      <trkpt lat="56.85425805836353" lon="-4.9288746900629476">
        <ele>174</ele>
      </trkpt>
      <trkpt lat="56.85424089261873" lon="-4.9283702078962497">
        <ele>176</ele>
      </trkpt>
      <trkpt lat="56.85420370017165" lon="-4.9280192637802855">
        <ele>177</ele>
      </trkpt>
      <trkpt lat="56.85419797825672" lon="-4.9274461186343768">
        <ele>179</ele>
      </trkpt>
      <trkpt lat="56.85416269311462" lon="-4.9271943543772716">
        <ele>180</ele>
      </trkpt>
      <trkpt lat="56.85415220293724" lon="-4.9269015830631382">
        <ele>180</ele>
      </trkpt>
      <trkpt lat="56.85411501049017" lon="-4.9266374213236768">
        <ele>181</ele>
      </trkpt>
      <trkpt lat="56.85407877169559" lon="-4.9261358001144453">
        <ele>182</ele>
      </trkpt>
      <trkpt lat="56.85411119588021" lon="-4.925500667556749">
        <ele>183</ele>
      </trkpt>
      <trkpt lat="56.85411405683768" lon="-4.9250753385466401">
        <ele>185</ele>
      </trkpt>
      <trkpt lat="56.85413503719244" lon="-4.9248941445737238">
        <ele>185</ele>
      </trkpt>
      <trkpt lat="56.85413503719244" lon="-4.9248941445737238">
        <ele>185</ele>
      </trkpt>
      <trkpt lat="56.85427903871828" lon="-4.9245842075147888">
        <ele>185</ele>
      </trkpt>
      <trkpt lat="56.85481499141712" lon="-4.923656303642959">
        <ele>186</ele>
      </trkpt>
      <trkpt lat="56.85500381460995" lon="-4.9232624451649887">
        <ele>186</ele>
      </trkpt>
      <trkpt lat="56.85530326149151" lon="-4.9225004768262517">
        <ele>185</ele>
      </trkpt>
      <trkpt lat="56.85540720961281" lon="-4.9222992561510654">
        <ele>184</ele>
      </trkpt>
      <trkpt lat="56.85560461567804" lon="-4.9220436772840044">
        <ele>182</ele>
      </trkpt>
      <trkpt lat="56.85600896433339" lon="-4.9216755674232378">
        <ele>178</ele>
      </trkpt>
      <trkpt lat="56.85611005149723" lon="-4.9215468243372182">
        <ele>176</ele>
      </trkpt>
      <trkpt lat="56.85637802784665" lon="-4.9210003814610026">
        <ele>173</ele>
      </trkpt>
      <trkpt lat="56.85649628075529" lon="-4.9208010680907943">
        <ele>171</ele>
      </trkpt>
      <trkpt lat="56.85689776845317" lon="-4.9204300972725603">
        <ele>165</ele>
      </trkpt>
      <trkpt lat="56.85708754529849" lon="-4.9201907304978132">
        <ele>163</ele>
      </trkpt>
      <trkpt lat="56.85718195689491" lon="-4.920000000000007">
        <ele>161</ele>
      </trkpt>
      <trkpt lat="56.85718195689491" lon="-4.9199999999999964">
        <ele>161</ele>
      </trkpt>
      <trkpt lat="56.85782185771505" lon="-4.9184474537478513">
        <ele>154</ele>
      </trkpt>
      <trkpt lat="56.85804119778752" lon="-4.9178685866870078">
        <ele>153</ele>
      </trkpt>
      <trkpt lat="56.85824909403013" lon="-4.9171543009727223">
        <ele>153</ele>
      </trkpt>
      <trkpt lat="56.85879362960137" lon="-4.9156046156780437">
        <ele>148</ele>
      </trkpt>
      <trkpt lat="56.85893953843219" lon="-4.9150228876597337">
        <ele>145</ele>
      </trkpt>
      <trkpt lat="56.859303833683" lon="-4.913626740415789">
        <ele>148</ele>
      </trkpt>
      <trkpt lat="56.85968243372115" lon="-4.9123965287049369">
        <ele>150</ele>
      </trkpt>
      <trkpt lat="56.85999999999999" lon="-4.9115144001525808">
        <ele>148</ele>
      </trkpt>
      <trkpt lat="56.86000000000001" lon="-4.9115144001525808">
        <ele>148</ele>
      </trkpt>
      <trkpt lat="56.86049113103186" lon="-4.9100019073049745">
        <ele>144</ele>
      </trkpt>
      <trkpt lat="56.86055216479115" lon="-4.9097520503528482">
        <ele>143</ele>
      </trkpt>
      <trkpt lat="56.86057505245089" lon="-4.9095126835781011">
        <ele>143</ele>
      </trkpt>
      <trkpt lat="56.86057505245089" lon="-4.9090043868014464">
        <ele>142</ele>
      </trkpt>
      <trkpt lat="56.86058840358574" lon="-4.9088098416936834">
        <ele>142</ele>
      </trkpt>
      <trkpt lat="56.86063417890521" lon="-4.9085647530040015">
        <ele>142</ele>
      </trkpt>
      <trkpt lat="56.86084302880031" lon="-4.907901010871635">
        <ele>141</ele>
      </trkpt>
      <trkpt lat="56.86117585351898" lon="-4.9066069044440175">
        <ele>141</ele>
      </trkpt>
      <trkpt lat="56.86134941827198" lon="-4.9061148197596758">
        <ele>141</ele>
      </trkpt>
      <trkpt lat="56.86153347320237" lon="-4.9056732786572539">
        <ele>141</ele>
      </trkpt>
      <trkpt lat="56.86167556742323" lon="-4.9052794201792835">
        <ele>141</ele>
      </trkpt>
      <trkpt lat="56.86223154682434" lon="-4.9035857333587609">
        <ele>142</ele>
      </trkpt>
      <trkpt lat="56.86234884608049" lon="-4.903275796299825">
        <ele>142</ele>
      </trkpt>
      <trkpt lat="56.86271886324624" lon="-4.9025433911882477">
        <ele>141</ele>
      </trkpt>
      <trkpt lat="56.86310032424185" lon="-4.9016994087354533">
        <ele>140</ele>
      </trkpt>
      <trkpt lat="56.8633044058745" lon="-4.9011596414266609">
        <ele>140</ele>
      </trkpt>
      <trkpt lat="56.86358191874881" lon="-4.9001592599656654">
        <ele>138</ele>
      </trkpt>
      <trkpt lat="56.8636267404158" lon="-4.8999999999999968">
        <ele>138</ele>
      </trkpt>
      <trkpt lat="56.8636267404158" lon="-4.8999999999999861">
        <ele>138</ele>
      </trkpt>
      <trkpt lat="56.86370112530994" lon="-4.8997329773030573">
        <ele>137</ele>
      </trkpt>
      <trkpt lat="56.86373736410452" lon="-4.8995184054930245">
        <ele>137</ele>
      </trkpt>
      <trkpt lat="56.86374594697693" lon="-4.89927617776081">
        <ele>137</ele>
      </trkpt>
      <trkpt lat="56.86368872782759" lon="-4.898806027083717">
        <ele>137</ele>
      </trkpt>
      <trkpt lat="56.86348369254245" lon="-4.8976997901964392">
        <ele>136</ele>
      </trkpt>
      <trkpt lat="56.86340835399581" lon="-4.8969940873545541">
        <ele>136</ele>
      </trkpt>
      <trkpt lat="56.86336925424376" lon="-4.8963665840167705">
        <ele>135</ele>
      </trkpt>
      <trkpt lat="56.86336925424376" lon="-4.895463475109656">
        <ele>133</ele>
      </trkpt>
      <trkpt lat="56.86338832729354" lon="-4.8951573526606769">
        <ele>132</ele>
      </trkpt>
      <trkpt lat="56.86345317566279" lon="-4.8947453747854146">
        <ele>131</ele>
      </trkpt>
      <trkpt lat="56.86352946786192" lon="-4.8944535571237706">
        <ele>130</ele>
      </trkpt>
      <trkpt lat="56.86372878123213" lon="-4.893860385275592">
        <ele>128</ele>
      </trkpt>
      <trkpt lat="56.86385466336068" lon="-4.8935504482166561">
        <ele>127</ele>
      </trkpt>
      <trkpt lat="56.8643572382224" lon="-4.892534808315836">
        <ele>126</ele>
      </trkpt>
      <trkpt lat="56.86438394049209" lon="-4.8923412168605624">
        <ele>127</ele>
      </trkpt>
      <trkpt lat="56.86434674804502" lon="-4.8921190158306178">
        <ele>128</ele>
      </trkpt>
      <trkpt lat="56.86432413407871" lon="-4.8920768438394031">
        <ele>128</ele>
      </trkpt>
      <trkpt lat="56.86432413407871" lon="-4.8920768438394031">
        <ele>128</ele>
      </trkpt>
      <trkpt lat="56.86432682139215" lon="-4.8920300332298812">
        <ele>129</ele>
      </trkpt>
      <trkpt lat="56.86432682139215" lon="-4.8920300332298812">
        <ele>129</ele>
      </trkpt>
      <trkpt lat="56.86436200648484" lon="-4.8919340072477455">
        <ele>129</ele>
      </trkpt>
      <trkpt lat="56.86436200648484" lon="-4.8919340072477455">
        <ele>129</ele>
      </trkpt>
      <trkpt lat="56.86435914552737" lon="-4.8919273316803222">
        <ele>129</ele>
      </trkpt>
      <trkpt lat="56.86435914552737" lon="-4.8919273316803222">
        <ele>129</ele>
      </trkpt>
      <trkpt lat="56.86421323669655" lon="-4.8916040434865398">
        <ele>132</ele>
      </trkpt>
      <trkpt lat="56.86421323669655" lon="-4.8916040434865398">
        <ele>132</ele>
      </trkpt>
      <trkpt lat="56.86416364676712" lon="-4.8915420560747531">
        <ele>132</ele>
      </trkpt>
      <trkpt lat="56.86415538072269" lon="-4.8915317235192024">
        <ele>132</ele>
      </trkpt>
      <trkpt lat="56.86415538072269" lon="-4.8915317235192024">
        <ele>132</ele>
      </trkpt>
      <trkpt lat="56.86411405683769" lon="-4.8914800686629656">
        <ele>133</ele>
      </trkpt>
      <trkpt lat="56.86403013541866" lon="-4.8915124928475926">
        <ele>133</ele>
      </trkpt>
      <trkpt lat="56.8639824527942" lon="-4.8916078580964957">
        <ele>133</ele>
      </trkpt>
      <trkpt lat="56.86398152036583" lon="-4.8916097229545086">
        <ele>133</ele>
      </trkpt>
      <trkpt lat="56.86380793438871" lon="-4.8913971008964197">
        <ele>134</ele>
      </trkpt>
      <trkpt lat="56.86380793438871" lon="-4.8913971008964197">
        <ele>134</ele>
      </trkpt>
      <trkpt lat="56.86381755487611" lon="-4.8913403731948204">
        <ele>135</ele>
      </trkpt>
      <trkpt lat="56.86381755487611" lon="-4.8913403731948204">
        <ele>135</ele>
      </trkpt>
      <trkpt lat="56.86389090215526" lon="-4.8909078771695453">
        <ele>136</ele>
      </trkpt>
      <trkpt lat="56.86405874499333" lon="-4.8900886896814661">
        <ele>137</ele>
      </trkpt>
      <trkpt lat="56.86416173946215" lon="-4.8897110432958097">
        <ele>137</ele>
      </trkpt>
      <trkpt lat="56.86422944878887" lon="-4.8895279420179154">
        <ele>137</ele>
      </trkpt>
      <trkpt lat="56.86443162311654" lon="-4.8892256341788913">
        <ele>137</ele>
      </trkpt>
      <trkpt lat="56.86450314705322" lon="-4.8890625596032669">
        <ele>137</ele>
      </trkpt>
      <trkpt lat="56.86450314705322" lon="-4.8890625596032669">
        <ele>137</ele>
      </trkpt>
      <trkpt lat="56.86453461758536" lon="-4.8889357238222253">
        <ele>137</ele>
      </trkpt>
      <trkpt lat="56.86454606141523" lon="-4.888815563608607">
        <ele>137</ele>
      </trkpt>
      <trkpt lat="56.86454320045776" lon="-4.8886753766927198">
        <ele>136</ele>
      </trkpt>
      <trkpt lat="56.86425615105856" lon="-4.8860728590501488">
        <ele>133</ele>
      </trkpt>
      <trkpt lat="56.86421323669655" lon="-4.8855483501811801">
        <ele>133</ele>
      </trkpt>
      <trkpt lat="56.86421323669655" lon="-4.8849446881556222">
        <ele>133</ele>
      </trkpt>
      <trkpt lat="56.86422754148388" lon="-4.8845908830821916">
        <ele>134</ele>
      </trkpt>
      <trkpt lat="56.86421705130651" lon="-4.884433530421501">
        <ele>135</ele>
      </trkpt>
      <trkpt lat="56.86416936868206" lon="-4.8842294487888473">
        <ele>135</ele>
      </trkpt>
      <trkpt lat="56.86406542056075" lon="-4.8839576578294732">
        <ele>137</ele>
      </trkpt>
      <trkpt lat="56.86358382605379" lon="-4.8827980164028091">
        <ele>145</ele>
      </trkpt>
      <trkpt lat="56.86340835399581" lon="-4.8824642380316474">
        <ele>148</ele>
      </trkpt>
      <trkpt lat="56.86309937058936" lon="-4.8819521266450367">
        <ele>151</ele>
      </trkpt>
      <trkpt lat="56.86291817661645" lon="-4.8815411024222639">
        <ele>154</ele>
      </trkpt>
      <trkpt lat="56.86291799277585" lon="-4.8815406854478134">
        <ele>154</ele>
      </trkpt>
      <trkpt lat="56.86301258821286" lon="-4.8812464238031525">
        <ele>155</ele>
      </trkpt>
      <trkpt lat="56.86325958420752" lon="-4.8805664695784721">
        <ele>157</ele>
      </trkpt>
      <trkpt lat="56.86348178523746" lon="-4.8799999999999866">
        <ele>158</ele>
      </trkpt>
      <trkpt lat="56.86348178523746" lon="-4.8800000000000043">
        <ele>158</ele>
      </trkpt>
      <trkpt lat="56.86364009155064" lon="-4.8795966049971433">
        <ele>158</ele>
      </trkpt>
      <trkpt lat="56.86387469006294" lon="-4.878927140949842">
        <ele>159</ele>
      </trkpt>
      <trkpt lat="56.8639309555598" lon="-4.8786410452031328">
        <ele>160</ele>
      </trkpt>
      <trkpt lat="56.86402059889377" lon="-4.8780478733549542">
        <ele>162</ele>
      </trkpt>
      <trkpt lat="56.86406732786573" lon="-4.8779172229639567">
        <ele>162</ele>
      </trkpt>
      <trkpt lat="56.86406732786573" lon="-4.8779172229639567">
        <ele>162</ele>
      </trkpt>
      <trkpt lat="56.86419893190921" lon="-4.8778247186725201">
        <ele>161</ele>
      </trkpt>
      <trkpt lat="56.864565134465" lon="-4.8776940682815226">
        <ele>159</ele>
      </trkpt>
      <trkpt lat="56.86469101659356" lon="-4.8776053786000428">
        <ele>159</ele>
      </trkpt>
      <trkpt lat="56.86532710280374" lon="-4.8770389090215573">
        <ele>158</ele>
      </trkpt>
      <trkpt lat="56.86558458897578" lon="-4.87688823192829">
        <ele>157</ele>
      </trkpt>
      <trkpt lat="56.86584588975778" lon="-4.8768052641617441">
        <ele>155</ele>
      </trkpt>
      <trkpt lat="56.8663742132367" lon="-4.8767566278848031">
        <ele>151</ele>
      </trkpt>
      <trkpt lat="56.86652965859241" lon="-4.8766440968910976">
        <ele>151</ele>
      </trkpt>
      <trkpt lat="56.86665077245852" lon="-4.876519168415034">
        <ele>151</ele>
      </trkpt>
      <trkpt lat="56.86680144955179" lon="-4.8762950600801114">
        <ele>151</ele>
      </trkpt>
      <trkpt lat="56.8671132939157" lon="-4.8755960328056505">
        <ele>153</ele>
      </trkpt>
      <trkpt lat="56.86733454129315" lon="-4.8751802403204314">
        <ele>154</ele>
      </trkpt>
      <trkpt lat="56.86751478161359" lon="-4.8748931909212327">
        <ele>155</ele>
      </trkpt>
      <trkpt lat="56.86778275796301" lon="-4.8745012397482403">
        <ele>156</ele>
      </trkpt>
      <trkpt lat="56.86818043105093" lon="-4.8740568376883511">
        <ele>158</ele>
      </trkpt>
      <trkpt lat="56.86832920083922" lon="-4.8739338165172654">
        <ele>158</ele>
      </trkpt>
      <trkpt lat="56.86857333587641" lon="-4.8737926759488888">
        <ele>158</ele>
      </trkpt>
      <trkpt lat="56.86928380698074" lon="-4.8735742895289">
        <ele>156</ele>
      </trkpt>
      <trkpt lat="56.86960232691208" lon="-4.8734493610528373">
        <ele>155</ele>
      </trkpt>
      <trkpt lat="56.86984741560176" lon="-4.8733301544917076">
        <ele>155</ele>
      </trkpt>
      <trkpt lat="56.8700696166317" lon="-4.8731861529658635">
        <ele>155</ele>
      </trkpt>
      <trkpt lat="56.87026606904445" lon="-4.8730011443829913">
        <ele>155</ele>
      </trkpt>
      <trkpt lat="56.87056170131604" lon="-4.8726435246996038">
        <ele>155</ele>
      </trkpt>
      <trkpt lat="56.87078580965097" lon="-4.8724709135990887">
        <ele>155</ele>
      </trkpt>
      <trkpt lat="56.87093744039672" lon="-4.872297348846085">
        <ele>155</ele>
      </trkpt>
      <trkpt lat="56.87134465000954" lon="-4.871940682815187">
        <ele>155</ele>
      </trkpt>
      <trkpt lat="56.87146576387565" lon="-4.8718052641617442">
        <ele>155</ele>
      </trkpt>
      <trkpt lat="56.87158115582682" lon="-4.8716288384512731">
        <ele>155</ele>
      </trkpt>
      <trkpt lat="56.87195498760252" lon="-4.8708029753957707">
        <ele>155</ele>
      </trkpt>
      <trkpt lat="56.87227064657639" lon="-4.8698436009918034">
        <ele>153</ele>
      </trkpt>
      <trkpt lat="56.87256437154301" lon="-4.8687659736791957">
        <ele>152</ele>
      </trkpt>
      <trkpt lat="56.8726702269693" lon="-4.8684474537478586">
        <ele>152</ele>
      </trkpt>
      <trkpt lat="56.87274365821095" lon="-4.8683129887469052">
        <ele>152</ele>
      </trkpt>
      <trkpt lat="56.87274365821095" lon="-4.8683129887469052">
        <ele>152</ele>
      </trkpt>
      <trkpt lat="56.87444497425139" lon="-4.8700762921991272">
        <ele>140</ele>
      </trkpt>
      <trkpt lat="56.87494182719817" lon="-4.8718815563608668">
        <ele>137</ele>
      </trkpt>
      <trkpt lat="56.87538050734313" lon="-4.8726044249475535">
        <ele>135</ele>
      </trkpt>
      <trkpt lat="56.87688155636086" lon="-4.8741016593553352">
        <ele>126</ele>
      </trkpt>
      <trkpt lat="56.87924184627122" lon="-4.8734951363723109">
        <ele>108</ele>
      </trkpt>
      <trkpt lat="56.88" lon="-4.8736687011253146">
        <ele>104</ele>
      </trkpt>
      <trkpt lat="56.88000000000002" lon="-4.8736687011253146">
        <ele>104</ele>
      </trkpt>
      <trkpt lat="56.88031565897388" lon="-4.8737411787144813">
        <ele>103</ele>
      </trkpt>
      <trkpt lat="56.88209231356095" lon="-4.8743467480450171">
        <ele>99</ele>
      </trkpt>
      <trkpt lat="56.88219435437728" lon="-4.8743362578676379">
        <ele>99</ele>
      </trkpt>
      <trkpt lat="56.88349990463477" lon="-4.873296776654592">
        <ele>100</ele>
      </trkpt>
      <trkpt lat="56.8836181575434" lon="-4.873266259774943">
        <ele>100</ele>
      </trkpt>
      <trkpt lat="56.88377074194165" lon="-4.8733587640663787">
        <ele>99</ele>
      </trkpt>
      <trkpt lat="56.88434960900249" lon="-4.8738603852756102">
        <ele>97</ele>
      </trkpt>
      <trkpt lat="56.88448216669847" lon="-4.8739176044249524">
        <ele>96</ele>
      </trkpt>
      <trkpt lat="56.8845842075148" lon="-4.8737983978638226">
        <ele>95</ele>
      </trkpt>
      <trkpt lat="56.88458992942973" lon="-4.8735962235361479">
        <ele>95</ele>
      </trkpt>
      <trkpt lat="56.88450219340074" lon="-4.873089834064471">
        <ele>95</ele>
      </trkpt>
      <trkpt lat="56.88443162311655" lon="-4.8720246042342215">
        <ele>92</ele>
      </trkpt>
      <trkpt lat="56.88468243372117" lon="-4.8714009155063938">
        <ele>87</ele>
      </trkpt>
      <trkpt lat="56.88514972344079" lon="-4.8704272363150913">
        <ele>81</ele>
      </trkpt>
      <trkpt lat="56.88514972344079" lon="-4.8704272363150913">
        <ele>81</ele>
      </trkpt>
      <trkpt lat="56.88454796872021" lon="-4.8694993324432625">
        <ele>82</ele>
      </trkpt>
      <trkpt lat="56.88409116917796" lon="-4.868772649246619">
        <ele>81</ele>
      </trkpt>
      <trkpt lat="56.88381556360864" lon="-4.8682929620446354">
        <ele>81</ele>
      </trkpt>
      <trkpt lat="56.88362483311083" lon="-4.8679143620064895">
        <ele>81</ele>
      </trkpt>
      <trkpt lat="56.88362483311083" lon="-4.8679143620064895">
        <ele>81</ele>
      </trkpt>
      <trkpt lat="56.88347606332254" lon="-4.8675662788479928">
        <ele>81</ele>
      </trkpt>
      <trkpt lat="56.88347606332254" lon="-4.8675662788479928">
        <ele>81</ele>
      </trkpt>
      <trkpt lat="56.88337879076866" lon="-4.8671905397673134">
        <ele>81</ele>
      </trkpt>
      <trkpt lat="56.88309269502195" lon="-4.8652956322716046">
        <ele>84</ele>
      </trkpt>
      <trkpt lat="56.88301926378029" lon="-4.8647243944306737">
        <ele>85</ele>
      </trkpt>
      <trkpt lat="56.88300972725541" lon="-4.8637964905588449">
        <ele>85</ele>
      </trkpt>
      <trkpt lat="56.88302689300021" lon="-4.862679763494187">
        <ele>85</ele>
      </trkpt>
      <trkpt lat="56.88295918367348" lon="-4.862047491893958">
        <ele>84</ele>
      </trkpt>
      <trkpt lat="56.88270932672135" lon="-4.8608706847224914">
        <ele>84</ele>
      </trkpt>
      <trkpt lat="56.88249475491133" lon="-4.8600982262063752">
        <ele>84</ele>
      </trkpt>
      <trkpt lat="56.88245756246425" lon="-4.8600000000000048">
        <ele>84</ele>
      </trkpt>
      <trkpt lat="56.88245756246425" lon="-4.8599999999999941">
        <ele>84</ele>
      </trkpt>
      <trkpt lat="56.8820360480641" lon="-4.8588985313751616">
        <ele>87</ele>
      </trkpt>
      <trkpt lat="56.88190349036812" lon="-4.8584093076482873">
        <ele>88</ele>
      </trkpt>
      <trkpt lat="56.8818529467862" lon="-4.858108907114242">
        <ele>89</ele>
      </trkpt>
      <trkpt lat="56.88187297348848" lon="-4.8573736410451973">
        <ele>89</ele>
      </trkpt>
      <trkpt lat="56.88178333015451" lon="-4.8560566469578426">
        <ele>90</ele>
      </trkpt>
      <trkpt lat="56.88169368682054" lon="-4.8552031279801584">
        <ele>90</ele>
      </trkpt>
      <trkpt lat="56.8813055502575" lon="-4.8517880984169315">
        <ele>90</ele>
      </trkpt>
      <trkpt lat="56.8811834827389" lon="-4.850576959755859">
        <ele>90</ele>
      </trkpt>
      <trkpt lat="56.88148102231548" lon="-4.8505750524508811">
        <ele>86</ele>
      </trkpt>
      <trkpt lat="56.88158878504674" lon="-4.8505226015639842">
        <ele>84</ele>
      </trkpt>
      <trkpt lat="56.88190062941066" lon="-4.85031947358382">
        <ele>82</ele>
      </trkpt>
      <trkpt lat="56.88202174327677" lon="-4.8502260156398949">
        <ele>82</ele>
      </trkpt>
      <trkpt lat="56.88202174327677" lon="-4.8502260156398949">
        <ele>82</ele>
      </trkpt>
      <trkpt lat="56.88192733168035" lon="-4.8497406065229773">
        <ele>82</ele>
      </trkpt>
      <trkpt lat="56.88183196643145" lon="-4.8493219530802918">
        <ele>82</ele>
      </trkpt>
      <trkpt lat="56.88185866870114" lon="-4.8485580774365769">
        <ele>82</ele>
      </trkpt>
      <trkpt lat="56.88184054930385" lon="-4.8482958230020925">
        <ele>82</ele>
      </trkpt>
      <trkpt lat="56.88180240320429" lon="-4.8479286667938144">
        <ele>82</ele>
      </trkpt>
      <trkpt lat="56.88173087926761" lon="-4.8476864390615999">
        <ele>82</ele>
      </trkpt>
      <trkpt lat="56.88156780469198" lon="-4.8474585161167214">
        <ele>86</ele>
      </trkpt>
      <trkpt lat="56.88151726111007" lon="-4.8473154682433668">
        <ele>88</ele>
      </trkpt>
      <trkpt lat="56.8814972344078" lon="-4.8470570284188383">
        <ele>90</ele>
      </trkpt>
      <trkpt lat="56.8815144001526" lon="-4.8467661644096838">
        <ele>91</ele>
      </trkpt>
      <trkpt lat="56.88162979210377" lon="-4.8464609956131932">
        <ele>89</ele>
      </trkpt>
      <trkpt lat="56.88164600419609" lon="-4.8463913789814939">
        <ele>88</ele>
      </trkpt>
      <trkpt lat="56.88167652107573" lon="-4.8458859431623056">
        <ele>88</ele>
      </trkpt>
      <trkpt lat="56.88172134274272" lon="-4.8453871829105415">
        <ele>90</ele>
      </trkpt>
      <trkpt lat="56.88187392714097" lon="-4.8447434674804448">
        <ele>91</ele>
      </trkpt>
      <trkpt lat="56.88199790196454" lon="-4.8443047873354894">
        <ele>91</ele>
      </trkpt>
      <trkpt lat="56.88213522792296" lon="-4.8440473011634504">
        <ele>89</ele>
      </trkpt>
      <trkpt lat="56.88225443448409" lon="-4.8438394049208409">
        <ele>88</ele>
      </trkpt>
      <trkpt lat="56.88230974632845" lon="-4.8437650200266962">
        <ele>87</ele>
      </trkpt>
      <trkpt lat="56.88235361434295" lon="-4.8436276940682754">
        <ele>87</ele>
      </trkpt>
      <trkpt lat="56.88236410452033" lon="-4.843397863818419">
        <ele>88</ele>
      </trkpt>
      <trkpt lat="56.88243753576198" lon="-4.8425271790959314">
        <ele>87</ele>
      </trkpt>
      <trkpt lat="56.88250905969866" lon="-4.8420255578867">
        <ele>89</ele>
      </trkpt>
      <trkpt lat="56.88260633225254" lon="-4.8415258439824473">
        <ele>92</ele>
      </trkpt>
      <trkpt lat="56.88281136753768" lon="-4.8406389471676468">
        <ele>94</ele>
      </trkpt>
      <trkpt lat="56.88298111768074" lon="-4.8401344650009479">
        <ele>92</ele>
      </trkpt>
      <trkpt lat="56.88304691970247" lon="-4.8399999999999945">
        <ele>91</ele>
      </trkpt>
      <trkpt lat="56.88304691970247" lon="-4.8399999999999839">
        <ele>91</ele>
      </trkpt>
      <trkpt lat="56.88310413885182" lon="-4.839880793438855">
        <ele>90</ele>
      </trkpt>
      <trkpt lat="56.88324241846273" lon="-4.8395155445355549">
        <ele>88</ele>
      </trkpt>
      <trkpt lat="56.88334159832159" lon="-4.8391054739652715">
        <ele>87</ele>
      </trkpt>
      <trkpt lat="56.88352469959948" lon="-4.8388079343886927">
        <ele>88</ele>
      </trkpt>
      <trkpt lat="56.88394335304216" lon="-4.8374976158687613">
        <ele>88</ele>
      </trkpt>
      <trkpt lat="56.8841493419798" lon="-4.8368148006866143">
        <ele>84</ele>
      </trkpt>
      <trkpt lat="56.88419893190922" lon="-4.836424756818599">
        <ele>84</ele>
      </trkpt>
      <trkpt lat="56.88415315658975" lon="-4.8359460232691047">
        <ele>86</ele>
      </trkpt>
      <trkpt lat="56.8840711424757" lon="-4.8353166126263432">
        <ele>88</ele>
      </trkpt>
      <trkpt lat="56.88384321953082" lon="-4.8345908830821891">
        <ele>92</ele>
      </trkpt>
      <trkpt lat="56.88370112530995" lon="-4.8341836734693722">
        <ele>95</ele>
      </trkpt>
      <trkpt lat="56.88352946786193" lon="-4.8334398245279262">
        <ele>96</ele>
      </trkpt>
      <trkpt lat="56.88345222201031" lon="-4.8328695403394848">
        <ele>95</ele>
      </trkpt>
      <trkpt lat="56.88341789052071" lon="-4.8323421705130487">
        <ele>94</ele>
      </trkpt>
      <trkpt lat="56.88319664314325" lon="-4.831686057600594">
        <ele>97</ele>
      </trkpt>
      <trkpt lat="56.88311176807173" lon="-4.831296967385069">
        <ele>99</ele>
      </trkpt>
      <trkpt lat="56.88320236505819" lon="-4.8306751859622192">
        <ele>99</ele>
      </trkpt>
      <trkpt lat="56.88344936105285" lon="-4.8301382796108943">
        <ele>96</ele>
      </trkpt>
      <trkpt lat="56.88361434293345" lon="-4.8296385657066407">
        <ele>95</ele>
      </trkpt>
      <trkpt lat="56.88366011825293" lon="-4.8290015258439665">
        <ele>94</ele>
      </trkpt>
      <trkpt lat="56.88365630364297" lon="-4.8285733358763911">
        <ele>94</ele>
      </trkpt>
      <trkpt lat="56.88366965477781" lon="-4.8280879267594727">
        <ele>94</ele>
      </trkpt>
      <trkpt lat="56.88371733740227" lon="-4.8278285332824558">
        <ele>94</ele>
      </trkpt>
      <trkpt lat="56.88374403967196" lon="-4.827626358954781">
        <ele>94</ele>
      </trkpt>
      <trkpt lat="56.8837316421896" lon="-4.8275443448407245">
        <ele>94</ele>
      </trkpt>
      <trkpt lat="56.8835752431814" lon="-4.8274308601945295">
        <ele>95</ele>
      </trkpt>
      <trkpt lat="56.88347892428001" lon="-4.8272868586686855">
        <ele>96</ele>
      </trkpt>
      <trkpt lat="56.8833578104139" lon="-4.8270513065038942">
        <ele>97</ele>
      </trkpt>
      <trkpt lat="56.88307743658213" lon="-4.8261825290863847">
        <ele>104</ele>
      </trkpt>
      <trkpt lat="56.88288193782187" lon="-4.8254281899675595">
        <ele>111</ele>
      </trkpt>
      <trkpt lat="56.88277608239559" lon="-4.8248731642189426">
        <ele>116</ele>
      </trkpt>
      <trkpt lat="56.882696929239" lon="-4.8245269883654238">
        <ele>120</ele>
      </trkpt>
      <trkpt lat="56.8827055121114" lon="-4.824148388327278">
        <ele>123</ele>
      </trkpt>
      <trkpt lat="56.88284379172231" lon="-4.8236553499904478">
        <ele>125</ele>
      </trkpt>
      <trkpt lat="56.88296776654589" lon="-4.8231222582490778">
        <ele>127</ele>
      </trkpt>
      <trkpt lat="56.88304405874501" lon="-4.8226597367918975">
        <ele>128</ele>
      </trkpt>
      <trkpt lat="56.88308411214955" lon="-4.822113293915681">
        <ele>129</ele>
      </trkpt>
      <trkpt lat="56.88314228495138" lon="-4.8216097654014716">
        <ele>129</ele>
      </trkpt>
      <trkpt lat="56.8832185771505" lon="-4.821191111958786">
        <ele>129</ele>
      </trkpt>
      <trkpt lat="56.88327865725731" lon="-4.8203909975204873">
        <ele>130</ele>
      </trkpt>
      <trkpt lat="56.88333015449172" lon="-4.8199999999999843">
        <ele>130</ele>
      </trkpt>
      <trkpt lat="56.88333015449172" lon="-4.8200000000000021">
        <ele>130</ele>
      </trkpt>
      <trkpt lat="56.88339691016595" lon="-4.8197329773030733">
        <ele>130</ele>
      </trkpt>
      <trkpt lat="56.88360194545109" lon="-4.8192475681861549">
        <ele>128</ele>
      </trkpt>
      <trkpt lat="56.883740225062" lon="-4.818737364104523">
        <ele>126</ele>
      </trkpt>
      <trkpt lat="56.88379839786383" lon="-4.8182481403776487">
        <ele>127</ele>
      </trkpt>
      <trkpt lat="56.88380793438872" lon="-4.8178237650200293">
        <ele>127</ele>
      </trkpt>
      <trkpt lat="56.88377741750907" lon="-4.8175557886706111">
        <ele>127</ele>
      </trkpt>
      <trkpt lat="56.88370207896244" lon="-4.8172124737745587">
        <ele>128</ele>
      </trkpt>
      <trkpt lat="56.88358477970629" lon="-4.8167461377074217">
        <ele>129</ele>
      </trkpt>
      <trkpt lat="56.88348273888996" lon="-4.8161520122067545">
        <ele>130</ele>
      </trkpt>
      <trkpt lat="56.88343696357049" lon="-4.8158334922754173">
        <ele>131</ele>
      </trkpt>
      <trkpt lat="56.88346271218769" lon="-4.8153185199313393">
        <ele>131</ele>
      </trkpt>
      <trkpt lat="56.88351802403206" lon="-4.8147682624451669">
        <ele>132</ele>
      </trkpt>
      <trkpt lat="56.8835752431814" lon="-4.8143314896051903">
        <ele>132</ele>
      </trkpt>
      <trkpt lat="56.8835752431814" lon="-4.8139471676521097">
        <ele>133</ele>
      </trkpt>
      <trkpt lat="56.88351802403206" lon="-4.8135609383940512">
        <ele>134</ele>
      </trkpt>
      <trkpt lat="56.88343696357049" lon="-4.8132672134274292">
        <ele>136</ele>
      </trkpt>
      <trkpt lat="56.88313274842649" lon="-4.8119139805454916">
        <ele>137</ele>
      </trkpt>
      <trkpt lat="56.88305550257488" lon="-4.8116793820331898">
        <ele>137</ele>
      </trkpt>
      <trkpt lat="56.88296204463095" lon="-4.8115668510394833">
        <ele>137</ele>
      </trkpt>
      <trkpt lat="56.88283711615489" lon="-4.8113665840167865">
        <ele>138</ele>
      </trkpt>
      <trkpt lat="56.8827751287431" lon="-4.8111462902918198">
        <ele>139</ele>
      </trkpt>
      <trkpt lat="56.88267690253673" lon="-4.8106666030898362">
        <ele>139</ele>
      </trkpt>
      <trkpt lat="56.88263017356477" lon="-4.8101954987602538">
        <ele>140</ele>
      </trkpt>
      <trkpt lat="56.88259584207516" lon="-4.8097329773030735">
        <ele>140</ele>
      </trkpt>
      <trkpt lat="56.88256723250049" lon="-4.8095565515926015">
        <ele>141</ele>
      </trkpt>
      <trkpt lat="56.88257772267787" lon="-4.8093219530802997">
        <ele>140</ele>
      </trkpt>
      <trkpt lat="56.88257200076293" lon="-4.809038718291057">
        <ele>140</ele>
      </trkpt>
      <trkpt lat="56.8825052450887" lon="-4.8085981308411236">
        <ele>141</ele>
      </trkpt>
      <trkpt lat="56.88247568186154" lon="-4.8081680335685695">
        <ele>142</ele>
      </trkpt>
      <trkpt lat="56.88229162693116" lon="-4.8072878123211922">
        <ele>145</ele>
      </trkpt>
      <trkpt lat="56.882262063704" lon="-4.8069597558649653">
        <ele>146</ele>
      </trkpt>
      <trkpt lat="56.88224585161169" lon="-4.8061138661071929">
        <ele>147</ele>
      </trkpt>
      <trkpt lat="56.88221914934199" lon="-4.8057476635514043">
        <ele>148</ele>
      </trkpt>
      <trkpt lat="56.88218958611483" lon="-4.8055512111386633">
        <ele>150</ele>
      </trkpt>
      <trkpt lat="56.88210947930575" lon="-4.8052040816326551">
        <ele>154</ele>
      </trkpt>
      <trkpt lat="56.88199218004961" lon="-4.8049895098226232">
        <ele>157</ele>
      </trkpt>
      <trkpt lat="56.88187297348848" lon="-4.8048493229067351">
        <ele>160</ele>
      </trkpt>
      <trkpt lat="56.88186057600612" lon="-4.8048064085447288">
        <ele>161</ele>
      </trkpt>
      <trkpt lat="56.88200648483694" lon="-4.8039004386801469">
        <ele>164</ele>
      </trkpt>
      <trkpt lat="56.88217051306506" lon="-4.8031394239938985">
        <ele>165</ele>
      </trkpt>
      <trkpt lat="56.88216765210759" lon="-4.802812321190161">
        <ele>168</ele>
      </trkpt>
      <trkpt lat="56.88227922944881" lon="-4.8025281327484288">
        <ele>167</ele>
      </trkpt>
      <trkpt lat="56.88241655540723" lon="-4.8016374213236723">
        <ele>169</ele>
      </trkpt>
      <trkpt lat="56.88278561892048" lon="-4.8009822620637062">
        <ele>164</ele>
      </trkpt>
      <trkpt lat="56.88308315849706" lon="-4.8002431813847055">
        <ele>162</ele>
      </trkpt>
      <trkpt lat="56.88315849704369" lon="-4.8000000000000025">
        <ele>162</ele>
      </trkpt>
      <trkpt lat="56.88315849704369" lon="-4.7999999999999918">
        <ele>162</ele>
      </trkpt>
      <trkpt lat="56.88329868395958" lon="-4.7995508296776572">
        <ele>160</ele>
      </trkpt>
      <trkpt lat="56.88334255197407" lon="-4.7990940301354108">
        <ele>161</ele>
      </trkpt>
      <trkpt lat="56.8836534426855" lon="-4.798407400343307">
        <ele>160</ele>
      </trkpt>
      <trkpt lat="56.88378218577152" lon="-4.7975386229257975">
        <ele>164</ele>
      </trkpt>
      <trkpt lat="56.88390234598513" lon="-4.7972496662216209">
        <ele>164</ele>
      </trkpt>
      <trkpt lat="56.88409403013544" lon="-4.7969635704749107">
        <ele>162</ele>
      </trkpt>
      <trkpt lat="56.88411596414268" lon="-4.7967337402250543">
        <ele>163</ele>
      </trkpt>
      <trkpt lat="56.88406255960329" lon="-4.7966517261109969">
        <ele>164</ele>
      </trkpt>
      <trkpt lat="56.88405683768836" lon="-4.7965096318901317">
        <ele>165</ele>
      </trkpt>
      <trkpt lat="56.88448598130842" lon="-4.796112912454694">
        <ele>162</ele>
      </trkpt>
      <trkpt lat="56.88448598130842" lon="-4.796112912454694">
        <ele>162</ele>
      </trkpt>
      <trkpt lat="56.88462902918178" lon="-4.7959822620636956">
        <ele>161</ele>
      </trkpt>
      <trkpt lat="56.88476158687776" lon="-4.7959546061415139">
        <ele>160</ele>
      </trkpt>
      <trkpt lat="56.88484836925426" lon="-4.7958992942971506">
        <ele>160</ele>
      </trkpt>
      <trkpt lat="56.88497711234028" lon="-4.7957409879839705">
        <ele>159</ele>
      </trkpt>
      <trkpt lat="56.88502956322718" lon="-4.7955121113866026">
        <ele>159</ele>
      </trkpt>
      <trkpt lat="56.88523745946978" lon="-4.795304215143994">
        <ele>158</ele>
      </trkpt>
      <trkpt lat="56.88547205798208" lon="-4.7953318710661756">
        <ele>157</ele>
      </trkpt>
      <trkpt lat="56.88597749380127" lon="-4.7954978065992675">
        <ele>154</ele>
      </trkpt>
      <trkpt lat="56.88655254625216" lon="-4.7956503909975128">
        <ele>150</ele>
      </trkpt>
      <trkpt lat="56.88669940873547" lon="-4.7955950791531485">
        <ele>150</ele>
      </trkpt>
      <trkpt lat="56.88681670799162" lon="-4.7953738317756933">
        <ele>150</ele>
      </trkpt>
      <trkpt lat="56.88695975586498" lon="-4.7949380125882053">
        <ele>150</ele>
      </trkpt>
      <trkpt lat="56.88705893572384" lon="-4.7947654014876901">
        <ele>150</ele>
      </trkpt>
      <trkpt lat="56.88716097654017" lon="-4.7947720770551134">
        <ele>149</ele>
      </trkpt>
      <trkpt lat="56.88729792487048" lon="-4.7948384219090778">
        <ele>149</ele>
      </trkpt>
      <trkpt lat="56.88729792487048" lon="-4.7948384219090778">
        <ele>149</ele>
      </trkpt>
      <trkpt lat="56.88736625084044" lon="-4.7948715225426461">
        <ele>149</ele>
      </trkpt>
      <trkpt lat="56.88736625084044" lon="-4.7948715225426461">
        <ele>149</ele>
      </trkpt>
      <trkpt lat="56.88774365821097" lon="-4.7950543581918668">
        <ele>150</ele>
      </trkpt>
      <trkpt lat="56.88774365821097" lon="-4.7950543581918668">
        <ele>150</ele>
      </trkpt>
      <trkpt lat="56.88769883654398" lon="-4.7949113103185121">
        <ele>149</ele>
      </trkpt>
      <trkpt lat="56.88728685866872" lon="-4.7945794392523284">
        <ele>148</ele>
      </trkpt>
      <trkpt lat="56.88706084302881" lon="-4.794270455845882">
        <ele>150</ele>
      </trkpt>
      <trkpt lat="56.88694068281519" lon="-4.7940396719435361">
        <ele>151</ele>
      </trkpt>
      <trkpt lat="56.88691207324052" lon="-4.7939433530421436">
        <ele>151</ele>
      </trkpt>
      <trkpt lat="56.88686725157354" lon="-4.7937268739271328">
        <ele>152</ele>
      </trkpt>
      <trkpt lat="56.88678905206944" lon="-4.793123211901575">
        <ele>151</ele>
      </trkpt>
      <trkpt lat="56.88676997901966" lon="-4.792928666793812">
        <ele>151</ele>
      </trkpt>
      <trkpt lat="56.88678237650202" lon="-4.7926730879267518">
        <ele>150</ele>
      </trkpt>
      <trkpt lat="56.88682338355905" lon="-4.7924861720389007">
        <ele>148</ele>
      </trkpt>
      <trkpt lat="56.88684054930385" lon="-4.7922735075338467">
        <ele>147</ele>
      </trkpt>
      <trkpt lat="56.88693955100769" lon="-4.7914997310591056">
        <ele>142</ele>
      </trkpt>
      <trkpt lat="56.88693955100769" lon="-4.7914997310591056">
        <ele>142</ele>
      </trkpt>
      <trkpt lat="56.88694495630434" lon="-4.7914574843984319">
        <ele>142</ele>
      </trkpt>
      <trkpt lat="56.88694495630434" lon="-4.7914574843984319">
        <ele>142</ele>
      </trkpt>
      <trkpt lat="56.88698550448218" lon="-4.7911405683768757">
        <ele>140</ele>
      </trkpt>
      <trkpt lat="56.88687774175092" lon="-4.7899523173755405">
        <ele>137</ele>
      </trkpt>
      <trkpt lat="56.88677379362962" lon="-4.7886410452031196">
        <ele>139</ele>
      </trkpt>
      <trkpt lat="56.88673660118254" lon="-4.7870026702269612">
        <ele>140</ele>
      </trkpt>
      <trkpt lat="56.88678905206944" lon="-4.7859765401487619">
        <ele>139</ele>
      </trkpt>
      <trkpt lat="56.88684913217625" lon="-4.7853490368109783">
        <ele>138</ele>
      </trkpt>
      <trkpt lat="56.88701316040436" lon="-4.784681480068655">
        <ele>137</ele>
      </trkpt>
      <trkpt lat="56.88711138661073" lon="-4.7841207324051034">
        <ele>137</ele>
      </trkpt>
      <trkpt lat="56.88727446118636" lon="-4.7834197978256645">
        <ele>138</ele>
      </trkpt>
      <trkpt lat="56.88748045012399" lon="-4.7828333015449092">
        <ele>138</ele>
      </trkpt>
      <trkpt lat="56.88756532519551" lon="-4.7822706465763796">
        <ele>139</ele>
      </trkpt>
      <trkpt lat="56.88768930001909" lon="-4.7818291054739577">
        <ele>139</ele>
      </trkpt>
      <trkpt lat="56.88775033377838" lon="-4.7817594888422583">
        <ele>139</ele>
      </trkpt>
      <trkpt lat="56.88783425519742" lon="-4.7813436963570393">
        <ele>140</ele>
      </trkpt>
      <trkpt lat="56.88797730307078" lon="-4.7809517451840469">
        <ele>139</ele>
      </trkpt>
      <trkpt lat="56.88799351516309" lon="-4.7808601945450997">
        <ele>139</ele>
      </trkpt>
      <trkpt lat="56.88804215144003" lon="-4.7802279229448708">
        <ele>139</ele>
      </trkpt>
      <trkpt lat="56.88804405874501" lon="-4.7800638947167569">
        <ele>139</ele>
      </trkpt>
      <trkpt lat="56.88803642952509" lon="-4.7799999999999923">
        <ele>139</ele>
      </trkpt>
      <trkpt lat="56.88803642952509" lon="-4.78000000000001">
        <ele>139</ele>
      </trkpt>
      <trkpt lat="56.88786095746711" lon="-4.779238031661273">
        <ele>141</ele>
      </trkpt>
      <trkpt lat="56.88777417509061" lon="-4.7790101087163936">
        <ele>141</ele>
      </trkpt>
      <trkpt lat="56.88777417509061" lon="-4.7790101087163936">
        <ele>141</ele>
      </trkpt>
      <trkpt lat="56.88774651916843" lon="-4.7789376311272278">
        <ele>141</ele>
      </trkpt>
      <trkpt lat="56.88771981689874" lon="-4.7788641998855717">
        <ele>142</ele>
      </trkpt>
      <trkpt lat="56.88770646576389" lon="-4.7784732023650687">
        <ele>142</ele>
      </trkpt>
      <trkpt lat="56.88769025367158" lon="-4.7782080869731169">
        <ele>142</ele>
      </trkpt>
      <trkpt lat="56.88769979019646" lon="-4.7778609574671096">
        <ele>142</ele>
      </trkpt>
      <trkpt lat="56.8877226778562" lon="-4.7777770360480742">
        <ele>142</ele>
      </trkpt>
      <trkpt lat="56.88774556551594" lon="-4.7776931146290398">
        <ele>142</ele>
      </trkpt>
      <trkpt lat="56.88775987030328" lon="-4.7776006103376032">
        <ele>142</ele>
      </trkpt>
      <trkpt lat="56.88777417509061" lon="-4.7775081060461666">
        <ele>142</ele>
      </trkpt>
      <trkpt lat="56.88780183101279" lon="-4.7771895861148304">
        <ele>141</ele>
      </trkpt>
      <trkpt lat="56.88781995041008" lon="-4.7768186152965963">
        <ele>141</ele>
      </trkpt>
      <trkpt lat="56.88783330154493" lon="-4.7767032233454234">
        <ele>141</ele>
      </trkpt>
      <trkpt lat="56.88784665267978" lon="-4.7765878313942505">
        <ele>141</ele>
      </trkpt>
      <trkpt lat="56.88785142094223" lon="-4.7765039099752151">
        <ele>141</ele>
      </trkpt>
      <trkpt lat="56.88785714285716" lon="-4.7764199885561807">
        <ele>141</ele>
      </trkpt>
      <trkpt lat="56.88785905016213" lon="-4.7763065039099857">
        <ele>141</ele>
      </trkpt>
      <trkpt lat="56.8878619111196" lon="-4.7761920656113013">
        <ele>141</ele>
      </trkpt>
      <trkpt lat="56.88785618920467" lon="-4.7761100514972448">
        <ele>141</ele>
      </trkpt>
      <trkpt lat="56.88785142094223" lon="-4.7760270837306988">
        <ele>141</ele>
      </trkpt>
      <trkpt lat="56.88783711615489" lon="-4.7759441159641529">
        <ele>141</ele>
      </trkpt>
      <trkpt lat="56.88782376502004" lon="-4.775861148197607">
        <ele>141</ele>
      </trkpt>
      <trkpt lat="56.88779610909786" lon="-4.775763875643726">
        <ele>141</ele>
      </trkpt>
      <trkpt lat="56.88776845317567" lon="-4.775666603089844">
        <ele>141</ele>
      </trkpt>
      <trkpt lat="56.88762635895481" lon="-4.7750228876597474">
        <ele>141</ele>
      </trkpt>
      <trkpt lat="56.88763494182722" lon="-4.7749094030135524">
        <ele>141</ele>
      </trkpt>
      <trkpt lat="56.88764352469961" lon="-4.774794964714868">
        <ele>141</ele>
      </trkpt>
      <trkpt lat="56.88763971008966" lon="-4.7747329773030813">
        <ele>141</ele>
      </trkpt>
      <trkpt lat="56.88763684913219" lon="-4.7746709898912938">
        <ele>141</ele>
      </trkpt>
      <trkpt lat="56.88761968338739" lon="-4.7745660881175001">
        <ele>141</ele>
      </trkpt>
      <trkpt lat="56.88760347129507" lon="-4.7744611863437063">
        <ele>141</ele>
      </trkpt>
      <trkpt lat="56.88755674232311" lon="-4.7740959374404071">
        <ele>141</ele>
      </trkpt>
      <trkpt lat="56.88747186725159" lon="-4.7736305550257585">
        <ele>143</ele>
      </trkpt>
      <trkpt lat="56.88746519168416" lon="-4.7727856189204756">
        <ele>144</ele>
      </trkpt>
      <trkpt lat="56.88740225061989" lon="-4.7724976158687875">
        <ele>145</ele>
      </trkpt>
      <trkpt lat="56.88745184054932" lon="-4.7717518596223636">
        <ele>142</ele>
      </trkpt>
      <trkpt lat="56.88747377455657" lon="-4.7716316994087453">
        <ele>142</ele>
      </trkpt>
      <trkpt lat="56.8874966622163" lon="-4.7715115391951279">
        <ele>142</ele>
      </trkpt>
      <trkpt lat="56.88751954987604" lon="-4.7711701316040536">
        <ele>142</ele>
      </trkpt>
      <trkpt lat="56.88752813274844" lon="-4.7708983406446794">
        <ele>142</ele>
      </trkpt>
      <trkpt lat="56.88754434484076" lon="-4.7706465763875743">
        <ele>142</ele>
      </trkpt>
      <trkpt lat="56.88758249094032" lon="-4.7702765592218297">
        <ele>143</ele>
      </trkpt>
      <trkpt lat="56.88760728590503" lon="-4.770169750143058">
        <ele>143</ele>
      </trkpt>
      <trkpt lat="56.88760537860005" lon="-4.7701249284760738">
        <ele>143</ele>
      </trkpt>
      <trkpt lat="56.88757104711045" lon="-4.7700610337593083">
        <ele>144</ele>
      </trkpt>
      <trkpt lat="56.88756246423804" lon="-4.7700333778371267">
        <ele>144</ele>
      </trkpt>
      <trkpt lat="56.88755388136565" lon="-4.7699551783330261">
        <ele>144</ele>
      </trkpt>
      <trkpt lat="56.88754625214573" lon="-4.7698760251764361">
        <ele>145</ele>
      </trkpt>
      <trkpt lat="56.8875147816136" lon="-4.769796872019846">
        <ele>145</ele>
      </trkpt>
      <trkpt lat="56.88748426473395" lon="-4.7697177188632569">
        <ele>146</ele>
      </trkpt>
      <trkpt lat="56.88747568186155" lon="-4.7696519168415135">
        <ele>146</ele>
      </trkpt>
      <trkpt lat="56.8874794964715" lon="-4.7696156780469297">
        <ele>147</ele>
      </trkpt>
      <trkpt lat="56.88749380125883" lon="-4.7695937440396818">
        <ele>147</ele>
      </trkpt>
      <trkpt lat="56.88756151058556" lon="-4.7695613198550548">
        <ele>146</ele>
      </trkpt>
      <trkpt lat="56.88761396147245" lon="-4.7695203127980266">
        <ele>146</ele>
      </trkpt>
      <trkpt lat="56.88763971008966" lon="-4.7694669082586412">
        <ele>146</ele>
      </trkpt>
      <trkpt lat="56.88765020026704" lon="-4.7694039671943642">
        <ele>147</ele>
      </trkpt>
      <trkpt lat="56.88764543200459" lon="-4.7693190921228403">
        <ele>147</ele>
      </trkpt>
      <trkpt lat="56.8876273126073" lon="-4.7692132366965581">
        <ele>148</ele>
      </trkpt>
      <trkpt lat="56.8875929811177" lon="-4.7691407591073913">
        <ele>149</ele>
      </trkpt>
      <trkpt lat="56.88755960328058" lon="-4.7690682815182246">
        <ele>149</ele>
      </trkpt>
      <trkpt lat="56.8875405302308" lon="-4.7689891283616355">
        <ele>150</ele>
      </trkpt>
      <trkpt lat="56.88752145718102" lon="-4.7689099752050454">
        <ele>151</ele>
      </trkpt>
      <trkpt lat="56.88748426473395" lon="-4.7688498950982368">
        <ele>152</ele>
      </trkpt>
      <trkpt lat="56.88742990654207" lon="-4.7687993515163178">
        <ele>153</ele>
      </trkpt>
      <trkpt lat="56.88731069998094" lon="-4.7687640663742235">
        <ele>154</ele>
      </trkpt>
      <trkpt lat="56.88722582490941" lon="-4.7687316421895964">
        <ele>155</ele>
      </trkpt>
      <trkpt lat="56.8871571619302" lon="-4.7686439061606052">
        <ele>157</ele>
      </trkpt>
      <trkpt lat="56.88711710852566" lon="-4.768552355521658">
        <ele>158</ele>
      </trkpt>
      <trkpt lat="56.88709517451842" lon="-4.7684827388899587">
        <ele>159</ele>
      </trkpt>
      <trkpt lat="56.88707324051117" lon="-4.7684121686057699">
        <ele>160</ele>
      </trkpt>
      <trkpt lat="56.88704653824148" lon="-4.7683492275414938">
        <ele>160</ele>
      </trkpt>
      <trkpt lat="56.88700267022698" lon="-4.7682920083921525">
        <ele>161</ele>
      </trkpt>
      <trkpt lat="56.88688155636088" lon="-4.7682157161930299">
        <ele>163</ele>
      </trkpt>
      <trkpt lat="56.88676139614726" lon="-4.7681384703414178">
        <ele>166</ele>
      </trkpt>
      <trkpt lat="56.88669082586307" lon="-4.7680650390997625">
        <ele>167</ele>
      </trkpt>
      <trkpt lat="56.88662120923137" lon="-4.7679916078581064">
        <ele>169</ele>
      </trkpt>
      <trkpt lat="56.88650677093268" lon="-4.7679715811558374">
        <ele>170</ele>
      </trkpt>
      <trkpt lat="56.886392332634" lon="-4.7679506008010781">
        <ele>171</ele>
      </trkpt>
      <trkpt lat="56.88635037192449" lon="-4.7679286667938303">
        <ele>172</ele>
      </trkpt>
      <trkpt lat="56.88629887469008" lon="-4.7678867060843135">
        <ele>173</ele>
      </trkpt>
      <trkpt lat="56.88622925805838" lon="-4.7678600038146204">
        <ele>174</ele>
      </trkpt>
      <trkpt lat="56.88614724394432" lon="-4.7677741750906071">
        <ele>176</ele>
      </trkpt>
      <trkpt lat="56.88613770741943" lon="-4.7676997901964624">
        <ele>178</ele>
      </trkpt>
      <trkpt lat="56.88614533663934" lon="-4.7675920274652022">
        <ele>179</ele>
      </trkpt>
      <trkpt lat="56.88615391951174" lon="-4.7674833110814525">
        <ele>180</ele>
      </trkpt>
      <trkpt lat="56.88617871447646" lon="-4.7673784093076588">
        <ele>181</ele>
      </trkpt>
      <trkpt lat="56.88630364295252" lon="-4.7670837306885474">
        <ele>181</ele>
      </trkpt>
      <trkpt lat="56.88632843791724" lon="-4.7670150677093366">
        <ele>181</ele>
      </trkpt>
      <trkpt lat="56.88635418653444" lon="-4.7669464047301267">
        <ele>181</ele>
      </trkpt>
      <trkpt lat="56.88637707419418" lon="-4.7668491321762456">
        <ele>181</ele>
      </trkpt>
      <trkpt lat="56.8863837497616" lon="-4.7667623497997429">
        <ele>182</ele>
      </trkpt>
      <trkpt lat="56.88637325958423" lon="-4.7666994087354668">
        <ele>182</ele>
      </trkpt>
      <trkpt lat="56.88630841121497" lon="-4.7665897386992286">
        <ele>184</ele>
      </trkpt>
      <trkpt lat="56.88623402632082" lon="-4.7665163074575725">
        <ele>185</ele>
      </trkpt>
      <trkpt lat="56.88618157543392" lon="-4.766450505435829">
        <ele>186</ele>
      </trkpt>
      <trkpt lat="56.88614629029183" lon="-4.7663885180240424">
        <ele>186</ele>
      </trkpt>
      <trkpt lat="56.88611195880222" lon="-4.7663265306122549">
        <ele>187</ele>
      </trkpt>
      <trkpt lat="56.88607762731262" lon="-4.7662969673850952">
        <ele>188</ele>
      </trkpt>
      <trkpt lat="56.88602136181577" lon="-4.7662788479878033">
        <ele>189</ele>
      </trkpt>
      <trkpt lat="56.88595174518407" lon="-4.7662693114629135">
        <ele>190</ele>
      </trkpt>
      <trkpt lat="56.88589929429718" lon="-4.7662817089452707">
        <ele>190</ele>
      </trkpt>
      <trkpt lat="56.885826816708" lon="-4.766288384512694">
        <ele>191</ele>
      </trkpt>
      <trkpt lat="56.88577627312609" lon="-4.7662750333778474">
        <ele>192</ele>
      </trkpt>
      <trkpt lat="56.88569139805456" lon="-4.7661853900438782">
        <ele>193</ele>
      </trkpt>
      <trkpt lat="56.88563894716766" lon="-4.7661558268167186">
        <ele>194</ele>
      </trkpt>
      <trkpt lat="56.88557600610339" lon="-4.7661033759298217">
        <ele>195</ele>
      </trkpt>
      <trkpt lat="56.88553404539388" lon="-4.7660976540148869">
        <ele>195</ele>
      </trkpt>
      <trkpt lat="56.88547587259204" lon="-4.7661090978447556">
        <ele>196</ele>
      </trkpt>
      <trkpt lat="56.88541293152777" lon="-4.7661157734121788">
        <ele>196</ele>
      </trkpt>
      <trkpt lat="56.88535094411598" lon="-4.7661214953271127">
        <ele>197</ele>
      </trkpt>
      <trkpt lat="56.88528704939922" lon="-4.7661520122067618">
        <ele>197</ele>
      </trkpt>
      <trkpt lat="56.88520503528515" lon="-4.7662044630936586">
        <ele>198</ele>
      </trkpt>
      <trkpt lat="56.88512397482359" lon="-4.7662569139805555">
        <ele>198</ele>
      </trkpt>
      <trkpt lat="56.88463284379174" lon="-4.7665210757200178">
        <ele>199</ele>
      </trkpt>
      <trkpt lat="56.8845403395003" lon="-4.7665754339118926">
        <ele>200</ele>
      </trkpt>
      <trkpt lat="56.88444783520887" lon="-4.7666288384512789">
        <ele>200</ele>
      </trkpt>
      <trkpt lat="56.88437726492467" lon="-4.7665697119969588">
        <ele>200</ele>
      </trkpt>
      <trkpt lat="56.88414266641237" lon="-4.7662912454701605">
        <ele>204</ele>
      </trkpt>
      <trkpt lat="56.88381460995615" lon="-4.7657114247568284">
        <ele>209</ele>
      </trkpt>
      <trkpt lat="56.88356856761398" lon="-4.7652021743276851">
        <ele>212</ele>
      </trkpt>
      <trkpt lat="56.88349227541485" lon="-4.7648321571619405">
        <ele>215</ele>
      </trkpt>
      <trkpt lat="56.88348941445739" lon="-4.7645527369826537">
        <ele>217</ele>
      </trkpt>
      <trkpt lat="56.88355426282664" lon="-4.7642094220866023">
        <ele>220</ele>
      </trkpt>
      <trkpt lat="56.88355426282664" lon="-4.7642094220866023">
        <ele>220</ele>
      </trkpt>
      <trkpt lat="56.88353614342935" lon="-4.7639519359145632">
        <ele>221</ele>
      </trkpt>
      <trkpt lat="56.88346843410262" lon="-4.7635390043868115">
        <ele>224</ele>
      </trkpt>
      <trkpt lat="56.88349799732979" lon="-4.7624289528895769">
        <ele>227</ele>
      </trkpt>
      <trkpt lat="56.88348083158498" lon="-4.7619835971771991">
        <ele>230</ele>
      </trkpt>
      <trkpt lat="56.88327579629984" lon="-4.7603147053213908">
        <ele>229</ele>
      </trkpt>
      <trkpt lat="56.88324146481024" lon="-4.7600000000000104">
        <ele>228</ele>
      </trkpt>
      <trkpt lat="56.88324146481024" lon="-4.7599999999999998">
        <ele>228</ele>
      </trkpt>
      <trkpt lat="56.88306408544728" lon="-4.7583301544917029">
        <ele>236</ele>
      </trkpt>
      <trkpt lat="56.88295346175855" lon="-4.7577617776082395">
        <ele>238</ele>
      </trkpt>
      <trkpt lat="56.8826015639901" lon="-4.7570751478161357">
        <ele>242</ele>
      </trkpt>
      <trkpt lat="56.88218481785239" lon="-4.7564419225634182">
        <ele>244</ele>
      </trkpt>
      <trkpt lat="56.88178619111197" lon="-4.7556799542246804">
        <ele>242</ele>
      </trkpt>
      <trkpt lat="56.88176902536717" lon="-4.7555187869540338">
        <ele>242</ele>
      </trkpt>
      <trkpt lat="56.88180431050927" lon="-4.7553156589738697">
        <ele>242</ele>
      </trkpt>
      <trkpt lat="56.88220293724968" lon="-4.7536419988556169">
        <ele>237</ele>
      </trkpt>
      <trkpt lat="56.88219721533475" lon="-4.7534703414075912">
        <ele>238</ele>
      </trkpt>
      <trkpt lat="56.88202078962428" lon="-4.7523545679954227">
        <ele>235</ele>
      </trkpt>
      <trkpt lat="56.88166316994089" lon="-4.7512855235552163">
        <ele>235</ele>
      </trkpt>
      <trkpt lat="56.88139423993898" lon="-4.7507877169559416">
        <ele>235</ele>
      </trkpt>
      <trkpt lat="56.88113007819952" lon="-4.7504873164218955">
        <ele>237</ele>
      </trkpt>
      <trkpt lat="56.88098893763114" lon="-4.7503480831584968">
        <ele>238</ele>
      </trkpt>
      <trkpt lat="56.88087831394241" lon="-4.7500047682624453">
        <ele>239</ele>
      </trkpt>
      <trkpt lat="56.88078867060845" lon="-4.7481613580011448">
        <ele>242</ele>
      </trkpt>
      <trkpt lat="56.88064562273509" lon="-4.7470684722487126">
        <ele>245</ele>
      </trkpt>
      <trkpt lat="56.88038527560558" lon="-4.7456913980545492">
        <ele>252</ele>
      </trkpt>
      <trkpt lat="56.88037383177571" lon="-4.7450696166316995">
        <ele>255</ele>
      </trkpt>
      <trkpt lat="56.8802975395766" lon="-4.7445117299256152">
        <ele>258</ele>
      </trkpt>
      <trkpt lat="56.88000000000002" lon="-4.7432462330726679">
        <ele>263</ele>
      </trkpt>
      <trkpt lat="56.88" lon="-4.7432462330726679">
        <ele>263</ele>
      </trkpt>
      <trkpt lat="56.87993419797826" lon="-4.742966812893382">
        <ele>264</ele>
      </trkpt>
      <trkpt lat="56.87975205035286" lon="-4.7420865916460038">
        <ele>269</ele>
      </trkpt>
      <trkpt lat="56.87969387755103" lon="-4.7408744993324436">
        <ele>272</ele>
      </trkpt>
      <trkpt lat="56.87977112340263" lon="-4.7400000000000002">
        <ele>270</ele>
      </trkpt>
      <trkpt lat="56.87977112340263" lon="-4.7399999999999896">
        <ele>270</ele>
      </trkpt>
      <trkpt lat="56.87981117680717" lon="-4.7395546442876118">
        <ele>270</ele>
      </trkpt>
      <trkpt lat="56.87994564180813" lon="-4.738642952508096">
        <ele>269</ele>
      </trkpt>
      <trkpt lat="56.88" lon="-4.7383740225061883">
        <ele>268</ele>
      </trkpt>
      <trkpt lat="56.88000000000002" lon="-4.7383740225061883">
        <ele>268</ele>
      </trkpt>
      <trkpt lat="56.88006866297923" lon="-4.7380307076101369">
        <ele>267</ele>
      </trkpt>
      <trkpt lat="56.88001621209233" lon="-4.7372696929238884">
        <ele>268</ele>
      </trkpt>
      <trkpt lat="56.88000000000002" lon="-4.7372191493419695">
        <ele>269</ele>
      </trkpt>
      <trkpt lat="56.88" lon="-4.7372191493419695">
        <ele>269</ele>
      </trkpt>
      <trkpt lat="56.87984074003434" lon="-4.7367222963951834">
        <ele>271</ele>
      </trkpt>
      <trkpt lat="56.87962330726684" lon="-4.7363255769597457">
        <ele>274</ele>
      </trkpt>
      <trkpt lat="56.87906351325577" lon="-4.7353690635132457">
        <ele>277</ele>
      </trkpt>
      <trkpt lat="56.87872687392714" lon="-4.7350381460995514">
        <ele>281</ele>
      </trkpt>
      <trkpt lat="56.87842742704559" lon="-4.734678619111186">
        <ele>284</ele>
      </trkpt>
      <trkpt lat="56.87798207133321" lon="-4.7337392714094886">
        <ele>285</ele>
      </trkpt>
      <trkpt lat="56.87751668891856" lon="-4.7332538622925702">
        <ele>290</ele>
      </trkpt>
      <trkpt lat="56.87718386419989" lon="-4.7330440587449827">
        <ele>294</ele>
      </trkpt>
      <trkpt lat="56.87666889185581" lon="-4.7325920274651816">
        <ele>299</ele>
      </trkpt>
      <trkpt lat="56.87608239557505" lon="-4.7315401487697777">
        <ele>299</ele>
      </trkpt>
      <trkpt lat="56.87591836734694" lon="-4.7310471104329483">
        <ele>297</ele>
      </trkpt>
      <trkpt lat="56.87571905397674" lon="-4.729974251382786">
        <ele>293</ele>
      </trkpt>
      <trkpt lat="56.87534617585352" lon="-4.7288947167652005">
        <ele>292</ele>
      </trkpt>
      <trkpt lat="56.87521171085257" lon="-4.728457943925223">
        <ele>291</ele>
      </trkpt>
      <trkpt lat="56.87507629219913" lon="-4.7276988365439534">
        <ele>287</ele>
      </trkpt>
      <trkpt lat="56.87454510776274" lon="-4.7269177951554351">
        <ele>286</ele>
      </trkpt>
      <trkpt lat="56.87415792485219" lon="-4.7264247568186049">
        <ele>286</ele>
      </trkpt>
      <trkpt lat="56.87370207896243" lon="-4.7263370207896136">
        <ele>285</ele>
      </trkpt>
      <trkpt lat="56.87316231165364" lon="-4.7263370207896136">
        <ele>285</ele>
      </trkpt>
      <trkpt lat="56.8726530612245" lon="-4.7262826625977388">
        <ele>284</ele>
      </trkpt>
      <trkpt lat="56.8724003433149" lon="-4.7261110051497131">
        <ele>281</ele>
      </trkpt>
      <trkpt lat="56.87229544154111" lon="-4.7259631890139131">
        <ele>279</ele>
      </trkpt>
      <trkpt lat="56.87229544154111" lon="-4.7259631890139131">
        <ele>279</ele>
      </trkpt>
      <trkpt lat="56.87281136753767" lon="-4.7255559794010962">
        <ele>279</ele>
      </trkpt>
      <trkpt lat="56.87354091169178" lon="-4.7249485027655824">
        <ele>278</ele>
      </trkpt>
      <trkpt lat="56.87373545679954" lon="-4.7247701697501325">
        <ele>275</ele>
      </trkpt>
      <trkpt lat="56.87386706084303" lon="-4.7247739843600893">
        <ele>274</ele>
      </trkpt>
      <trkpt lat="56.87411024222774" lon="-4.724868395956503">
        <ele>273</ele>
      </trkpt>
      <trkpt lat="56.87429238985314" lon="-4.7249914171275886">
        <ele>273</ele>
      </trkpt>
      <trkpt lat="56.87447644478353" lon="-4.725077245851601">
        <ele>273</ele>
      </trkpt>
      <trkpt lat="56.87489223726875" lon="-4.725091550638937">
        <ele>270</ele>
      </trkpt>
      <trkpt lat="56.87507629219913" lon="-4.7251478161357898">
        <ele>272</ele>
      </trkpt>
      <trkpt lat="56.8753909975205" lon="-4.7252012206751761">
        <ele>266</ele>
      </trkpt>
      <trkpt lat="56.87569330535953" lon="-4.7252679763494081">
        <ele>260</ele>
      </trkpt>
      <trkpt lat="56.87598226206371" lon="-4.7253652489032891">
        <ele>256</ele>
      </trkpt>
      <trkpt lat="56.87660308983407" lon="-4.7255054358191773">
        <ele>246</ele>
      </trkpt>
      <trkpt lat="56.87699980926951" lon="-4.7255082967766446">
        <ele>239</ele>
      </trkpt>
      <trkpt lat="56.87712092313561" lon="-4.7255369063513157">
        <ele>238</ele>
      </trkpt>
      <trkpt lat="56.87726206370399" lon="-4.7256332252527073">
        <ele>236</ele>
      </trkpt>
      <trkpt lat="56.87752050352852" lon="-4.725900247949637">
        <ele>235</ele>
      </trkpt>
      <trkpt lat="56.87766355140187" lon="-4.7259593744039572">
        <ele>233</ele>
      </trkpt>
      <trkpt lat="56.87780183101278" lon="-4.7259975205035181">
        <ele>231</ele>
      </trkpt>
      <trkpt lat="56.87793057409881" lon="-4.7260766736601081">
        <ele>229</ele>
      </trkpt>
      <trkpt lat="56.87803738317758" lon="-4.7261815754339018">
        <ele>228</ele>
      </trkpt>
      <trkpt lat="56.87813179477399" lon="-4.7262426091931999">
        <ele>227</ele>
      </trkpt>
      <trkpt lat="56.87825576959757" lon="-4.7262893381651621">
        <ele>225</ele>
      </trkpt>
      <trkpt lat="56.87850562654969" lon="-4.7264285714285608">
        <ele>222</ele>
      </trkpt>
      <trkpt lat="56.87897100896433" lon="-4.7267814228495038">
        <ele>215</ele>
      </trkpt>
      <trkpt lat="56.87919511729926" lon="-4.7270722868586583">
        <ele>212</ele>
      </trkpt>
      <trkpt lat="56.87936296013733" lon="-4.7272344077817943">
        <ele>210</ele>
      </trkpt>
      <trkpt lat="56.8794268548541" lon="-4.7272725538813551">
        <ele>209</ele>
      </trkpt>
      <trkpt lat="56.87951840549304" lon="-4.7272706465763772">
        <ele>208</ele>
      </trkpt>
      <trkpt lat="56.87961567804692" lon="-4.727227732214371">
        <ele>207</ele>
      </trkpt>
      <trkpt lat="56.87971008964334" lon="-4.7272105664695685">
        <ele>206</ele>
      </trkpt>
      <trkpt lat="56.87971008964334" lon="-4.7272105664695685">
        <ele>206</ele>
      </trkpt>
      <trkpt lat="56.87944497425138" lon="-4.7266812893381553">
        <ele>208</ele>
      </trkpt>
      <trkpt lat="56.87927999237078" lon="-4.726125309937049">
        <ele>211</ele>
      </trkpt>
      <trkpt lat="56.87920179286668" lon="-4.7256189204653722">
        <ele>212</ele>
      </trkpt>
      <trkpt lat="56.87911787144765" lon="-4.7251850085828622">
        <ele>211</ele>
      </trkpt>
      <trkpt lat="56.87905493038338" lon="-4.724915124928466">
        <ele>211</ele>
      </trkpt>
      <trkpt lat="56.87894716765211" lon="-4.72470436772839">
        <ele>213</ele>
      </trkpt>
      <trkpt lat="56.8786877741751" lon="-4.7243696357047389">
        <ele>216</ele>
      </trkpt>
      <trkpt lat="56.87852946786192" lon="-4.7240978447453648">
        <ele>218</ele>
      </trkpt>
      <trkpt lat="56.87845985123022" lon="-4.7239109288575145">
        <ele>218</ele>
      </trkpt>
      <trkpt lat="56.87838355903109" lon="-4.7235828724012867">
        <ele>218</ele>
      </trkpt>
      <trkpt lat="56.87829200839214" lon="-4.7225414838832629">
        <ele>216</ele>
      </trkpt>
      <trkpt lat="56.87829010108717" lon="-4.7219759679572659">
        <ele>215</ele>
      </trkpt>
      <trkpt lat="56.87830535952699" lon="-4.7217585351897666">
        <ele>215</ele>
      </trkpt>
      <trkpt lat="56.87834159832158" lon="-4.7215925996566748">
        <ele>215</ele>
      </trkpt>
      <trkpt lat="56.87840358573337" lon="-4.7214419225634074">
        <ele>215</ele>
      </trkpt>
      <trkpt lat="56.87863436963571" lon="-4.721053786000371">
        <ele>213</ele>
      </trkpt>
      <trkpt lat="56.87880984169369" lon="-4.7206847224871158">
        <ele>211</ele>
      </trkpt>
      <trkpt lat="56.8788785046729" lon="-4.7204396337974339">
        <ele>209</ele>
      </trkpt>
      <trkpt lat="56.87891283616251" lon="-4.7201592599656585">
        <ele>207</ele>
      </trkpt>
      <trkpt lat="56.87891092885753" lon="-4.71999999999999">
        <ele>206</ele>
      </trkpt>
      <trkpt lat="56.87891092885753" lon="-4.7200000000000077">
        <ele>206</ele>
      </trkpt>
      <trkpt lat="56.87890902155255" lon="-4.7198035475872668">
        <ele>205</ele>
      </trkpt>
      <trkpt lat="56.87872115201221" lon="-4.7184684341026211">
        <ele>201</ele>
      </trkpt>
      <trkpt lat="56.87855903108908" lon="-4.7176559221819652">
        <ele>200</ele>
      </trkpt>
      <trkpt lat="56.87830631317948" lon="-4.716528704939928">
        <ele>197</ele>
      </trkpt>
      <trkpt lat="56.87820617966813" lon="-4.7161415220293801">
        <ele>196</ele>
      </trkpt>
      <trkpt lat="56.87803833683007" lon="-4.7156704176997986">
        <ele>195</ele>
      </trkpt>
      <trkpt lat="56.87786477207706" lon="-4.71535285142095">
        <ele>194</ele>
      </trkpt>
      <trkpt lat="56.87759965668511" lon="-4.7150190730497883">
        <ele>193</ele>
      </trkpt>
      <trkpt lat="56.87759965668511" lon="-4.7150190730497883">
        <ele>193</ele>
      </trkpt>
      <trkpt lat="56.87739652870494" lon="-4.7147472820904142">
        <ele>193</ele>
      </trkpt>
      <trkpt lat="56.87739652870494" lon="-4.7147472820904142">
        <ele>193</ele>
      </trkpt>
      <trkpt lat="56.87711424756819" lon="-4.7143324432576845">
        <ele>194</ele>
      </trkpt>
      <trkpt lat="56.87693019263781" lon="-4.714104520312806">
        <ele>195</ele>
      </trkpt>
      <trkpt lat="56.87623116536334" lon="-4.7129191302689382">
        <ele>201</ele>
      </trkpt>
      <trkpt lat="56.87603662025558" lon="-4.7127684531756708">
        <ele>205</ele>
      </trkpt>
      <trkpt lat="56.87590501621209" lon="-4.7127198168987299">
        <ele>207</ele>
      </trkpt>
      <trkpt lat="56.87572668319665" lon="-4.7127617776082475">
        <ele>211</ele>
      </trkpt>
      <trkpt lat="56.87541197787527" lon="-4.7129792103757469">
        <ele>215</ele>
      </trkpt>
      <trkpt lat="56.87509155063895" lon="-4.713182338355911">
        <ele>218</ele>
      </trkpt>
      <trkpt lat="56.87498664886516" lon="-4.7131184436391456">
        <ele>221</ele>
      </trkpt>
      <trkpt lat="56.87482452794202" lon="-4.7128485599847494">
        <ele>225</ele>
      </trkpt>
      <trkpt lat="56.87463475109671" lon="-4.7124699599466036">
        <ele>230</ele>
      </trkpt>
      <trkpt lat="56.87456418081252" lon="-4.712294487888621">
        <ele>232</ele>
      </trkpt>
      <trkpt lat="56.87446404730117" lon="-4.7121562082777118">
        <ele>233</ele>
      </trkpt>
      <trkpt lat="56.87424947549113" lon="-4.711696547777998">
        <ele>238</ele>
      </trkpt>
      <trkpt lat="56.87417795155446" lon="-4.7115658973870005">
        <ele>239</ele>
      </trkpt>
      <trkpt lat="56.87406732786573" lon="-4.7114857905779211">
        <ele>240</ele>
      </trkpt>
      <trkpt lat="56.87395384321954" lon="-4.7115534999046425">
        <ele>238</ele>
      </trkpt>
      <trkpt lat="56.87385466336067" lon="-4.7115239366774828">
        <ele>238</ele>
      </trkpt>
      <trkpt lat="56.87360289910357" lon="-4.7113198550448292">
        <ele>239</ele>
      </trkpt>
      <trkpt lat="56.87319664314325" lon="-4.7110938394049287">
        <ele>240</ele>
      </trkpt>
      <trkpt lat="56.87305931718483" lon="-4.7110080106809162">
        <ele>241</ele>
      </trkpt>
      <trkpt lat="56.87295250810605" lon="-4.7109765401487778">
        <ele>241</ele>
      </trkpt>
      <trkpt lat="56.87283711615488" lon="-4.710968910928865">
        <ele>242</ele>
      </trkpt>
      <trkpt lat="56.87265401487699" lon="-4.711066183482747">
        <ele>242</ele>
      </trkpt>
      <trkpt lat="56.87248903299638" lon="-4.711098607667374">
        <ele>243</ele>
      </trkpt>
      <trkpt lat="56.87234217051307" lon="-4.7110766736601262">
        <ele>242</ele>
      </trkpt>
      <trkpt lat="56.87220961281709" lon="-4.7110223154682513">
        <ele>242</ele>
      </trkpt>
      <trkpt lat="56.87206275033378" lon="-4.7108811748998747">
        <ele>243</ele>
      </trkpt>
      <trkpt lat="56.87195498760252" lon="-4.7106818615296664">
        <ele>243</ele>
      </trkpt>
      <trkpt lat="56.87189967575816" lon="-4.7104157924852261">
        <ele>245</ele>
      </trkpt>
      <trkpt lat="56.87184722487126" lon="-4.71022506198742">
        <ele>245</ele>
      </trkpt>
      <trkpt lat="56.87177283997712" lon="-4.7100762921991306">
        <ele>246</ele>
      </trkpt>
      <trkpt lat="56.87167652107573" lon="-4.7099704367728483">
        <ele>246</ele>
      </trkpt>
      <trkpt lat="56.87159259965669" lon="-4.7097911501049099">
        <ele>248</ele>
      </trkpt>
      <trkpt lat="56.87150295632272" lon="-4.7096728971962696">
        <ele>249</ele>
      </trkpt>
      <trkpt lat="56.87142475681862" lon="-4.7096776654587149">
        <ele>248</ele>
      </trkpt>
      <trkpt lat="56.87110051497235" lon="-4.7098788861339012">
        <ele>246</ele>
      </trkpt>
      <trkpt lat="56.87091169177952" lon="-4.7099370589357319">
        <ele>246</ele>
      </trkpt>
      <trkpt lat="56.87077531947359" lon="-4.7099408735456878">
        <ele>246</ele>
      </trkpt>
      <trkpt lat="56.87058744993325" lon="-4.7099084493610608">
        <ele>246</ele>
      </trkpt>
      <trkpt lat="56.87034426854854" lon="-4.7098903299637689">
        <ele>246</ele>
      </trkpt>
      <trkpt lat="56.8700791531566" lon="-4.7098788861339012">
        <ele>246</ele>
      </trkpt>
      <trkpt lat="56.86970341407591" lon="-4.7098426473393173">
        <ele>243</ele>
      </trkpt>
      <trkpt lat="56.86961281708945" lon="-4.7097739843601074">
        <ele>242</ele>
      </trkpt>
      <trkpt lat="56.86937345031471" lon="-4.7095164981880684">
        <ele>241</ele>
      </trkpt>
      <trkpt lat="56.86928857524319" lon="-4.7093772649246697">
        <ele>241</ele>
      </trkpt>
      <trkpt lat="56.86920370017166" lon="-4.7091722296395275">
        <ele>241</ele>
      </trkpt>
      <trkpt lat="56.8691312225825" lon="-4.709043486553508">
        <ele>242</ele>
      </trkpt>
      <trkpt lat="56.86902155254626" lon="-4.708966240701896">
        <ele>242</ele>
      </trkpt>
      <trkpt lat="56.86890616059508" lon="-4.7089385847797143">
        <ele>243</ele>
      </trkpt>
      <trkpt lat="56.86854567995423" lon="-4.7089891283616332">
        <ele>241</ele>
      </trkpt>
      <trkpt lat="56.8678523745947" lon="-4.7089767308792752">
        <ele>242</ele>
      </trkpt>
      <trkpt lat="56.86769979019645" lon="-4.70896242609194">
        <ele>243</ele>
      </trkpt>
      <trkpt lat="56.86760728590502" lon="-4.7089223726874003">
        <ele>243</ele>
      </trkpt>
      <trkpt lat="56.86747282090407" lon="-4.7088937631127301">
        <ele>243</ele>
      </trkpt>
      <trkpt lat="56.86734312416556" lon="-4.7088956704177081">
        <ele>243</ele>
      </trkpt>
      <trkpt lat="56.86713904253291" lon="-4.7089347701697584">
        <ele>243</ele>
      </trkpt>
      <trkpt lat="56.86700171657449" lon="-4.7089404920846922">
        <ele>243</ele>
      </trkpt>
      <trkpt lat="56.86678905206943" lon="-4.7089423993896702">
        <ele>243</ele>
      </trkpt>
      <trkpt lat="56.86662120923136" lon="-4.7089261872973571">
        <ele>244</ele>
      </trkpt>
      <trkpt lat="56.86647911501049" lon="-4.7088956704177081">
        <ele>244</ele>
      </trkpt>
      <trkpt lat="56.86628552355522" lon="-4.7088212855235634">
        <ele>244</ele>
      </trkpt>
      <trkpt lat="56.86611005149724" lon="-4.708719244707237">
        <ele>244</ele>
      </trkpt>
      <trkpt lat="56.86580106809079" lon="-4.7084970436772924">
        <ele>245</ele>
      </trkpt>
      <trkpt lat="56.86565706656495" lon="-4.7082824718672596">
        <ele>245</ele>
      </trkpt>
      <trkpt lat="56.86565706656495" lon="-4.7082824718672596">
        <ele>245</ele>
      </trkpt>
      <trkpt lat="56.86556742323098" lon="-4.7080793438870954">
        <ele>244</ele>
      </trkpt>
      <trkpt lat="56.86552641617395" lon="-4.7078914743467557">
        <ele>244</ele>
      </trkpt>
      <trkpt lat="56.86555407209613" lon="-4.7076368491321841">
        <ele>243</ele>
      </trkpt>
      <trkpt lat="56.8656875834446" lon="-4.7073230974632922">
        <ele>243</ele>
      </trkpt>
      <trkpt lat="56.86574957085639" lon="-4.7071066183482815">
        <ele>244</ele>
      </trkpt>
      <trkpt lat="56.86577261565139" lon="-4.7064029290724845">
        <ele>245</ele>
      </trkpt>
      <trkpt lat="56.86577261565139" lon="-4.7064029290724845">
        <ele>245</ele>
      </trkpt>
      <trkpt lat="56.86577627312608" lon="-4.7062912454701582">
        <ele>244</ele>
      </trkpt>
      <trkpt lat="56.86582300209804" lon="-4.7060461567804772">
        <ele>244</ele>
      </trkpt>
      <trkpt lat="56.86592122830441" lon="-4.7058077436582186">
        <ele>243</ele>
      </trkpt>
      <trkpt lat="56.86612912454702" lon="-4.7056217814228578">
        <ele>243</ele>
      </trkpt>
      <trkpt lat="56.86613293915698" lon="-4.7054711043295905">
        <ele>242</ele>
      </trkpt>
      <trkpt lat="56.86613293915698" lon="-4.7054711043295905">
        <ele>242</ele>
      </trkpt>
      <trkpt lat="56.86609670036239" lon="-4.7052107572000841">
        <ele>241</ele>
      </trkpt>
      <trkpt lat="56.86609670036239" lon="-4.7052107572000841">
        <ele>241</ele>
      </trkpt>
      <trkpt lat="56.86607953461759" lon="-4.7051277894335382">
        <ele>241</ele>
      </trkpt>
      <trkpt lat="56.86606236887279" lon="-4.7050448216669922">
        <ele>241</ele>
      </trkpt>
      <trkpt lat="56.86597463284379" lon="-4.7050352851421025">
        <ele>241</ele>
      </trkpt>
      <trkpt lat="56.86589643333969" lon="-4.7050848750715319">
        <ele>241</ele>
      </trkpt>
      <trkpt lat="56.86581918748809" lon="-4.7051344650009614">
        <ele>241</ele>
      </trkpt>
      <trkpt lat="56.86576006103376" lon="-4.7051020408163344">
        <ele>242</ele>
      </trkpt>
      <trkpt lat="56.86571619301927" lon="-4.7050123974823652">
        <ele>242</ele>
      </trkpt>
      <trkpt lat="56.86571619301927" lon="-4.7050123974823652">
        <ele>242</ele>
      </trkpt>
      <trkpt lat="56.86569139805455" lon="-4.7049332443257761">
        <ele>243</ele>
      </trkpt>
      <trkpt lat="56.86566755674233" lon="-4.7048540911691861">
        <ele>244</ele>
      </trkpt>
      <trkpt lat="56.86566755674233" lon="-4.7048540911691861">
        <ele>244</ele>
      </trkpt>
      <trkpt lat="56.86559984741561" lon="-4.7043524699599546">
        <ele>248</ele>
      </trkpt>
      <trkpt lat="56.86562368872783" lon="-4.7039757772267867">
        <ele>249</ele>
      </trkpt>
      <trkpt lat="56.86565897386993" lon="-4.7037259202746595">
        <ele>250</ele>
      </trkpt>
      <trkpt lat="56.86572477589167" lon="-4.7030125882128635">
        <ele>253</ele>
      </trkpt>
      <trkpt lat="56.86574289528896" lon="-4.702901964524135">
        <ele>253</ele>
      </trkpt>
      <trkpt lat="56.8656704176998" lon="-4.702496662216296">
        <ele>256</ele>
      </trkpt>
      <trkpt lat="56.86558840358574" lon="-4.7019578485599931">
        <ele>257</ele>
      </trkpt>
      <trkpt lat="56.86551878695404" lon="-4.7017308792676031">
        <ele>258</ele>
      </trkpt>
      <trkpt lat="56.86542056074767" lon="-4.7015401487697961">
        <ele>260</ele>
      </trkpt>
      <trkpt lat="56.86530230783903" lon="-4.7014152202937325">
        <ele>262</ele>
      </trkpt>
      <trkpt lat="56.86522792294488" lon="-4.701300781995049">
        <ele>263</ele>
      </trkpt>
      <trkpt lat="56.8650267022697" lon="-4.700443448407408">
        <ele>264</ele>
      </trkpt>
      <trkpt lat="56.86494087354568" lon="-4.7000000000000082">
        <ele>264</ele>
      </trkpt>
      <trkpt lat="56.86494087354568" lon="-4.6999999999999975">
        <ele>264</ele>
      </trkpt>
      <trkpt lat="56.86489223726874" lon="-4.6997491893953818">
        <ele>264</ele>
      </trkpt>
      <trkpt lat="56.864695784856" lon="-4.6993257676902518">
        <ele>265</ele>
      </trkpt>
      <trkpt lat="56.8645575052451" lon="-4.6989414457371712">
        <ele>265</ele>
      </trkpt>
      <trkpt lat="56.86451077627313" lon="-4.6984264733930932">
        <ele>265</ele>
      </trkpt>
      <trkpt lat="56.86452412740798" lon="-4.6977026511539171">
        <ele>265</ele>
      </trkpt>
      <trkpt lat="56.86451268357811" lon="-4.6973517070379529">
        <ele>265</ele>
      </trkpt>
      <trkpt lat="56.86451912268777" lon="-4.6969547819204491">
        <ele>264</ele>
      </trkpt>
      <trkpt lat="56.86451912268777" lon="-4.6969547819204491">
        <ele>264</ele>
      </trkpt>
      <trkpt lat="56.86452603471295" lon="-4.6965287049399178">
        <ele>264</ele>
      </trkpt>
      <trkpt lat="56.86449742513828" lon="-4.6961415220293699">
        <ele>264</ele>
      </trkpt>
      <trkpt lat="56.86444020598894" lon="-4.6959336257867612">
        <ele>265</ele>
      </trkpt>
      <trkpt lat="56.86429906542057" lon="-4.6957228685866843">
        <ele>265</ele>
      </trkpt>
      <trkpt lat="56.86411119588023" lon="-4.6954653824146462">
        <ele>265</ele>
      </trkpt>
      <trkpt lat="56.86390043868015" lon="-4.6950362387945805">
        <ele>264</ele>
      </trkpt>
      <trkpt lat="56.86390043868015" lon="-4.6948207133320592">
        <ele>264</ele>
      </trkpt>
      <trkpt lat="56.86390043868015" lon="-4.6948207133320592">
        <ele>264</ele>
      </trkpt>
      <trkpt lat="56.86390043868015" lon="-4.6947015067709303">
        <ele>265</ele>
      </trkpt>
      <trkpt lat="56.86390043868015" lon="-4.6947015067709303">
        <ele>265</ele>
      </trkpt>
      <trkpt lat="56.86394716765211" lon="-4.6943925233644839">
        <ele>265</ele>
      </trkpt>
      <trkpt lat="56.86412073240512" lon="-4.6941283616250216">
        <ele>265</ele>
      </trkpt>
      <trkpt lat="56.86435246995995" lon="-4.6939948502765567">
        <ele>266</ele>
      </trkpt>
      <trkpt lat="56.86455464428763" lon="-4.6940310890711405">
        <ele>267</ele>
      </trkpt>
      <trkpt lat="56.86471867251574" lon="-4.6942790387182889">
        <ele>266</ele>
      </trkpt>
      <trkpt lat="56.865" lon="-4.6949227541483864">
        <ele>265</ele>
      </trkpt>
      <trkpt lat="56.8652698836544" lon="-4.6951583063131768">
        <ele>264</ele>
      </trkpt>
      <trkpt lat="56.86683005912646" lon="-4.6940644669082561">
        <ele>265</ele>
      </trkpt>
      <trkpt lat="56.86734598512302" lon="-4.6939567041769958">
        <ele>263</ele>
      </trkpt>
      <trkpt lat="56.86765115391952" lon="-4.6944716765210739">
        <ele>258</ele>
      </trkpt>
      <trkpt lat="56.86803833683006" lon="-4.6944936105283208">
        <ele>255</ele>
      </trkpt>
      <trkpt lat="56.86837783711616" lon="-4.6942790387182889">
        <ele>254</ele>
      </trkpt>
      <trkpt lat="56.86843696357048" lon="-4.6933349227541461">
        <ele>255</ele>
      </trkpt>
      <trkpt lat="56.86844840740035" lon="-4.6923688727827555">
        <ele>257</ele>
      </trkpt>
      <trkpt lat="56.86871829105475" lon="-4.691253099370587">
        <ele>256</ele>
      </trkpt>
      <trkpt lat="56.86908163265306" lon="-4.690266069044438">
        <ele>255</ele>
      </trkpt>
      <trkpt lat="56.86929238985314" lon="-4.690073431241653">
        <ele>254</ele>
      </trkpt>
      <trkpt lat="56.86952698836544" lon="-4.6900944115964123">
        <ele>253</ele>
      </trkpt>
      <trkpt lat="56.86975586496281" lon="-4.690199313370206">
        <ele>251</ele>
      </trkpt>
      <trkpt lat="56.86975586496281" lon="-4.690199313370206">
        <ele>251</ele>
      </trkpt>
      <trkpt lat="56.8698350181194" lon="-4.6902355521647889">
        <ele>251</ele>
      </trkpt>
      <trkpt lat="56.8698350181194" lon="-4.6902355521647889">
        <ele>251</ele>
      </trkpt>
      <trkpt lat="56.87023078390235" lon="-4.6904167461377053">
        <ele>248</ele>
      </trkpt>
      <trkpt lat="56.87068853709709" lon="-4.6900514972344052">
        <ele>247</ele>
      </trkpt>
      <trkpt lat="56.87088785046729" lon="-4.6888718291054721">
        <ele>251</ele>
      </trkpt>
      <trkpt lat="56.87104043486554" lon="-4.6886782376501976">
        <ele>251</ele>
      </trkpt>
      <trkpt lat="56.87306885370971" lon="-4.6881422849513612">
        <ele>258</ele>
      </trkpt>
      <trkpt lat="56.87349990463476" lon="-4.6885494945641781">
        <ele>259</ele>
      </trkpt>
      <trkpt lat="56.8739481213046" lon="-4.6889576578294845">
        <ele>262</ele>
      </trkpt>
      <trkpt lat="56.87459755864963" lon="-4.6887573908067877">
        <ele>264</ele>
      </trkpt>
      <trkpt lat="56.87484169368683" lon="-4.6887974442113274">
        <ele>263</ele>
      </trkpt>
      <trkpt lat="56.87497139042534" lon="-4.6887860003814588">
        <ele>262</ele>
      </trkpt>
      <trkpt lat="56.87517642571048" lon="-4.6886172038908995">
        <ele>263</ele>
      </trkpt>
      <trkpt lat="56.87550829677666" lon="-4.6880135418653417">
        <ele>267</ele>
      </trkpt>
      <trkpt lat="56.87686820522602" lon="-4.6870694259011989">
        <ele>267</ele>
      </trkpt>
      <trkpt lat="56.877043677284" lon="-4.6865544535571217">
        <ele>269</ele>
      </trkpt>
      <trkpt lat="56.87726683196644" lon="-4.6861033759298092">
        <ele>270</ele>
      </trkpt>
      <trkpt lat="56.87811081441923" lon="-4.6854596604997116">
        <ele>269</ele>
      </trkpt>
      <trkpt lat="56.87884989509823" lon="-4.6844297158115564">
        <ele>269</ele>
      </trkpt>
      <trkpt lat="56.87965859240893" lon="-4.6831642189586091">
        <ele>271</ele>
      </trkpt>
      <trkpt lat="56.88" lon="-4.6829286667938179">
        <ele>270</ele>
      </trkpt>
      <trkpt lat="56.88000000000002" lon="-4.6829286667938179">
        <ele>270</ele>
      </trkpt>
      <trkpt lat="56.88107762731262" lon="-4.6821876788098393">
        <ele>272</ele>
      </trkpt>
      <trkpt lat="56.88187869540341" lon="-4.6814304787335468">
        <ele>275</ele>
      </trkpt>
      <trkpt lat="56.88253099370591" lon="-4.6805245088689658">
        <ele>275</ele>
      </trkpt>
      <trkpt lat="56.88282376502004" lon="-4.6799999999999979">
        <ele>275</ele>
      </trkpt>
      <trkpt lat="56.88282376502004" lon="-4.6799999999999873">
        <ele>275</ele>
      </trkpt>
      <trkpt lat="56.88304119778754" lon="-4.6796099561319728">
        <ele>274</ele>
      </trkpt>
      <trkpt lat="56.88349227541485" lon="-4.6780993705893446">
        <ele>274</ele>
      </trkpt>
      <trkpt lat="56.88393858477972" lon="-4.6771075720007502">
        <ele>272</ele>
      </trkpt>
      <trkpt lat="56.88393858477972" lon="-4.6771075720007502">
        <ele>272</ele>
      </trkpt>
      <trkpt lat="56.88432195308031" lon="-4.6762168605759937">
        <ele>273</ele>
      </trkpt>
      <trkpt lat="56.88449742513829" lon="-4.6755836353232754">
        <ele>275</ele>
      </trkpt>
      <trkpt lat="56.88462044630938" lon="-4.6749723440778057">
        <ele>275</ele>
      </trkpt>
      <trkpt lat="56.88462044630938" lon="-4.6742208659164479">
        <ele>274</ele>
      </trkpt>
      <trkpt lat="56.88458611481978" lon="-4.6737278275796177">
        <ele>272</ele>
      </trkpt>
      <trkpt lat="56.8843925233645" lon="-4.6732662597749259">
        <ele>271</ele>
      </trkpt>
      <trkpt lat="56.88435151630748" lon="-4.6729658592408798">
        <ele>271</ele>
      </trkpt>
      <trkpt lat="56.88434484074005" lon="-4.6723221438107831">
        <ele>272</ele>
      </trkpt>
      <trkpt lat="56.88436868205228" lon="-4.6720751478161233">
        <ele>273</ele>
      </trkpt>
      <trkpt lat="56.88455655159262" lon="-4.6713351134846333">
        <ele>275</ele>
      </trkpt>
      <trkpt lat="56.88479687201985" lon="-4.6708411214953145">
        <ele>276</ele>
      </trkpt>
      <trkpt lat="56.88513065039101" lon="-4.6701230211710731">
        <ele>278</ele>
      </trkpt>
      <trkpt lat="56.88549971390427" lon="-4.6692647339309428">
        <ele>280</ele>
      </trkpt>
      <trkpt lat="56.8860623688728" lon="-4.6679334350562529">
        <ele>281</ele>
      </trkpt>
      <trkpt lat="56.88625596032807" lon="-4.6673440778180302">
        <ele>281</ele>
      </trkpt>
      <trkpt lat="56.88632080869733" lon="-4.6670646576387442">
        <ele>281</ele>
      </trkpt>
      <trkpt lat="56.88640854472632" lon="-4.6666030898340516">
        <ele>281</ele>
      </trkpt>
      <trkpt lat="56.88658497043679" lon="-4.6652736982643397">
        <ele>282</ele>
      </trkpt>
      <trkpt lat="56.88691874880795" lon="-4.6629773030707486">
        <ele>285</ele>
      </trkpt>
      <trkpt lat="56.8870360480641" lon="-4.661818615296573">
        <ele>287</ele>
      </trkpt>
      <trkpt lat="56.88713522792296" lon="-4.6615182147625278">
        <ele>287</ele>
      </trkpt>
      <trkpt lat="56.88727636849134" lon="-4.6613570474918813">
        <ele>286</ele>
      </trkpt>
      <trkpt lat="56.88745184054932" lon="-4.6610566469578361">
        <ele>286</ele>
      </trkpt>
      <trkpt lat="56.88755102040817" lon="-4.6606494373450191">
        <ele>285</ele>
      </trkpt>
      <trkpt lat="56.88749856952128" lon="-4.660251764257092">
        <ele>286</ele>
      </trkpt>
      <trkpt lat="56.88744325767691" lon="-4.6599999999999877">
        <ele>286</ele>
      </trkpt>
      <trkpt lat="56.88744325767691" lon="-4.6600000000000055">
        <ele>286</ele>
      </trkpt>
      <trkpt lat="56.88735266069046" lon="-4.6595870684722547">
        <ele>286</ele>
      </trkpt>
      <trkpt lat="56.88724108334925" lon="-4.6593620064848427">
        <ele>286</ele>
      </trkpt>
      <trkpt lat="56.88704176997904" lon="-4.6587926759488898">
        <ele>287</ele>
      </trkpt>
      <trkpt lat="56.88676616440971" lon="-4.6579773030707665">
        <ele>290</ele>
      </trkpt>
      <trkpt lat="56.88670131604045" lon="-4.657558649628081">
        <ele>292</ele>
      </trkpt>
      <trkpt lat="56.88673660118254" lon="-4.6571619301926432">
        <ele>291</ele>
      </trkpt>
      <trkpt lat="56.88687774175092" lon="-4.6565077245851665">
        <ele>290</ele>
      </trkpt>
      <trkpt lat="56.88705893572384" lon="-4.6550486362769465">
        <ele>287</ele>
      </trkpt>
      <trkpt lat="56.88713522792296" lon="-4.6546728971962672">
        <ele>286</ele>
      </trkpt>
      <trkpt lat="56.88722868586689" lon="-4.6543086019454565">
        <ele>285</ele>
      </trkpt>
      <trkpt lat="56.88740511157736" lon="-4.6538470341407647">
        <ele>283</ele>
      </trkpt>
      <trkpt lat="56.8875576959756" lon="-4.6534712950600854">
        <ele>282</ele>
      </trkpt>
      <trkpt lat="56.88760442494756" lon="-4.6532462330726743">
        <ele>282</ele>
      </trkpt>
      <trkpt lat="56.8875748617204" lon="-4.6526349418272037">
        <ele>282</ele>
      </trkpt>
      <trkpt lat="56.8875748617204" lon="-4.6520980354758779">
        <ele>283</ele>
      </trkpt>
      <trkpt lat="56.88753385466337" lon="-4.6517442304024472">
        <ele>284</ele>
      </trkpt>
      <trkpt lat="56.88749856952128" lon="-4.6513360671371409">
        <ele>285</ele>
      </trkpt>
      <trkpt lat="56.88754529849324" lon="-4.6508001144383044">
        <ele>286</ele>
      </trkpt>
      <trkpt lat="56.88754529849324" lon="-4.6503490368109919">
        <ele>287</ele>
      </trkpt>
      <trkpt lat="56.88756341789053" lon="-4.6500915506389529">
        <ele>288</ele>
      </trkpt>
      <trkpt lat="56.8876273126073" lon="-4.6498884226587887">
        <ele>288</ele>
      </trkpt>
      <trkpt lat="56.88773316803358" lon="-4.6498025939347762">
        <ele>287</ele>
      </trkpt>
      <trkpt lat="56.8878800305169" lon="-4.64987697882892">
        <ele>287</ele>
      </trkpt>
      <trkpt lat="56.88801449551785" lon="-4.649974251382802">
        <ele>286</ele>
      </trkpt>
      <trkpt lat="56.88820808697312" lon="-4.6501459088308277">
        <ele>285</ele>
      </trkpt>
      <trkpt lat="56.88839500286097" lon="-4.6501888231928339">
        <ele>284</ele>
      </trkpt>
      <trkpt lat="56.8886706084303" lon="-4.6503814609956189">
        <ele>282</ele>
      </trkpt>
      <trkpt lat="56.8886706084303" lon="-4.6503814609956189">
        <ele>282</ele>
      </trkpt>
      <trkpt lat="56.88881174899868" lon="-4.6504138851802459">
        <ele>281</ele>
      </trkpt>
      <trkpt lat="56.88892904825483" lon="-4.6503061224489857">
        <ele>280</ele>
      </trkpt>
      <trkpt lat="56.88909307648294" lon="-4.6497596795727691">
        <ele>280</ele>
      </trkpt>
      <trkpt lat="56.88942685485411" lon="-4.6485895479687258">
        <ele>280</ele>
      </trkpt>
      <trkpt lat="56.88953843219532" lon="-4.6482567232500536">
        <ele>279</ele>
      </trkpt>
      <trkpt lat="56.88967861911121" lon="-4.6470875452984988">
        <ele>279</ele>
      </trkpt>
      <trkpt lat="56.88979019645243" lon="-4.6458220484455524">
        <ele>279</ele>
      </trkpt>
      <trkpt lat="56.88991893953845" lon="-4.6450066755674291">
        <ele>279</ele>
      </trkpt>
      <trkpt lat="56.89000667556743" lon="-4.6445660881174957">
        <ele>278</ele>
      </trkpt>
      <trkpt lat="56.8900362387946" lon="-4.643944306694646">
        <ele>279</ele>
      </trkpt>
      <trkpt lat="56.88997234407783" lon="-4.643472248712575">
        <ele>279</ele>
      </trkpt>
      <trkpt lat="56.88987793248142" lon="-4.6430535952698895">
        <ele>280</ele>
      </trkpt>
      <trkpt lat="56.88965000953654" lon="-4.6423240511157795">
        <ele>283</ele>
      </trkpt>
      <trkpt lat="56.88950886896816" lon="-4.6418310127789493">
        <ele>284</ele>
      </trkpt>
      <trkpt lat="56.88943829868398" lon="-4.6413799351516367">
        <ele>285</ele>
      </trkpt>
      <trkpt lat="56.88939729162695" lon="-4.6409078771695649">
        <ele>286</ele>
      </trkpt>
      <trkpt lat="56.88930955559795" lon="-4.6404682433721209">
        <ele>287</ele>
      </trkpt>
      <trkpt lat="56.88916746137709" lon="-4.6400000000000059">
        <ele>290</ele>
      </trkpt>
      <trkpt lat="56.88916746137709" lon="-4.6399999999999952">
        <ele>290</ele>
      </trkpt>
      <trkpt lat="56.88905779134085" lon="-4.6397282090406211">
        <ele>291</ele>
      </trkpt>
      <trkpt lat="56.88897577722679" lon="-4.6394382986839551">
        <ele>293</ele>
      </trkpt>
      <trkpt lat="56.88903967194356" lon="-4.638955750524504">
        <ele>294</ele>
      </trkpt>
      <trkpt lat="56.88908067900059" lon="-4.6384512683578061">
        <ele>295</ele>
      </trkpt>
      <trkpt lat="56.88902250619876" lon="-4.6379897005531143">
        <ele>297</ele>
      </trkpt>
      <trkpt lat="56.88889376311273" lon="-4.6376244516498142">
        <ele>299</ele>
      </trkpt>
      <trkpt lat="56.88883463665842" lon="-4.6371533473202318">
        <ele>301</ele>
      </trkpt>
      <trkpt lat="56.88884035857335" lon="-4.6368205226015595">
        <ele>302</ele>
      </trkpt>
      <trkpt lat="56.88909307648294" lon="-4.6355645622735029">
        <ele>304</ele>
      </trkpt>
      <trkpt lat="56.88913408353997" lon="-4.6349208468434053">
        <ele>306</ele>
      </trkpt>
      <trkpt lat="56.88910452031281" lon="-4.6345670417699747">
        <ele>307</ele>
      </trkpt>
      <trkpt lat="56.88911024222774" lon="-4.6340310890711383">
        <ele>308</ele>
      </trkpt>
      <trkpt lat="56.88922181956897" lon="-4.6334617585351854">
        <ele>309</ele>
      </trkpt>
      <trkpt lat="56.88932767499524" lon="-4.6330974632843747">
        <ele>309</ele>
      </trkpt>
      <trkpt lat="56.88937440396721" lon="-4.6327646385657024">
        <ele>309</ele>
      </trkpt>
      <trkpt lat="56.8894096891093" lon="-4.6322601563990036">
        <ele>311</ele>
      </trkpt>
      <trkpt lat="56.8894621399962" lon="-4.6318958611481929">
        <ele>311</ele>
      </trkpt>
      <trkpt lat="56.88960900247951" lon="-4.6316593553309131">
        <ele>311</ele>
      </trkpt>
      <trkpt lat="56.88976063322526" lon="-4.6313589547968679">
        <ele>310</ele>
      </trkpt>
      <trkpt lat="56.88994850276561" lon="-4.630661834827384">
        <ele>310</ele>
      </trkpt>
      <trkpt lat="56.8900362387946" lon="-4.6301897768453131">
        <ele>311</ele>
      </trkpt>
      <trkpt lat="56.89008964333399" lon="-4.6297282090406213">
        <ele>311</ele>
      </trkpt>
      <trkpt lat="56.89014781613582" lon="-4.6290959374403924">
        <ele>310</ele>
      </trkpt>
      <trkpt lat="56.89020026702271" lon="-4.6287840930764785">
        <ele>310</ele>
      </trkpt>
      <trkpt lat="56.89021838642" lon="-4.6285485409116873">
        <ele>310</ele>
      </trkpt>
      <trkpt lat="56.89015353805075" lon="-4.6280869731069956">
        <ele>310</ele>
      </trkpt>
      <trkpt lat="56.89020598893764" lon="-4.6272286858668652">
        <ele>307</ele>
      </trkpt>
      <trkpt lat="56.89020598893764" lon="-4.6258125119206515">
        <ele>305</ele>
      </trkpt>
      <trkpt lat="56.89021838642" lon="-4.6255655159259916">
        <ele>305</ele>
      </trkpt>
      <trkpt lat="56.89029467861913" lon="-4.6251363723059269">
        <ele>304</ele>
      </trkpt>
      <trkpt lat="56.89031756627886" lon="-4.6246318901392289">
        <ele>302</ele>
      </trkpt>
      <trkpt lat="56.89038813656305" lon="-4.6243963379744377">
        <ele>301</ele>
      </trkpt>
      <trkpt lat="56.89044058744994" lon="-4.6241169177951509">
        <ele>300</ele>
      </trkpt>
      <trkpt lat="56.89042342170514" lon="-4.6236563036429477">
        <ele>299</ele>
      </trkpt>
      <trkpt lat="56.89040530230785" lon="-4.6228724012969629">
        <ele>298</ele>
      </trkpt>
      <trkpt lat="56.89035857333589" lon="-4.6226473393095509">
        <ele>298</ele>
      </trkpt>
      <trkpt lat="56.89025939347703" lon="-4.6223145145908786">
        <ele>297</ele>
      </trkpt>
      <trkpt lat="56.8902536715621" lon="-4.6220894526034666">
        <ele>297</ele>
      </trkpt>
      <trkpt lat="56.89031756627886" lon="-4.6217356475300351">
        <ele>295</ele>
      </trkpt>
      <trkpt lat="56.89035285142096" lon="-4.6213274842647296">
        <ele>292</ele>
      </trkpt>
      <trkpt lat="56.89028228113677" lon="-4.6208668701125264">
        <ele>290</ele>
      </trkpt>
      <trkpt lat="56.89008296776656" lon="-4.6201049017737894">
        <ele>286</ele>
      </trkpt>
      <trkpt lat="56.89007915315661" lon="-4.6199999999999957">
        <ele>285</ele>
      </trkpt>
      <trkpt lat="56.89007915315661" lon="-4.619999999999985">
        <ele>285</ele>
      </trkpt>
      <trkpt lat="56.89004768262447" lon="-4.6195145908830675">
        <ele>283</ele>
      </trkpt>
      <trkpt lat="56.88991321762352" lon="-4.6190215525462373">
        <ele>282</ele>
      </trkpt>
      <trkpt lat="56.8896967385085" lon="-4.6180450123974675">
        <ele>281</ele>
      </trkpt>
      <trkpt lat="56.88979591836736" lon="-4.6175195498760102">
        <ele>280</ele>
      </trkpt>
      <trkpt lat="56.88979591836736" lon="-4.617186725157338">
        <ele>280</ele>
      </trkpt>
      <trkpt lat="56.8896967385085" lon="-4.6166393286286329">
        <ele>281</ele>
      </trkpt>
      <trkpt lat="56.88970436772841" lon="-4.6157705512111242">
        <ele>281</ele>
      </trkpt>
      <trkpt lat="56.88970436772841" lon="-4.6157705512111242">
        <ele>281</ele>
      </trkpt>
      <trkpt lat="56.89010013351136" lon="-4.6150619874117726">
        <ele>277</ele>
      </trkpt>
      <trkpt lat="56.89023173755485" lon="-4.614839786381828">
        <ele>277</ele>
      </trkpt>
      <trkpt lat="56.89037764638567" lon="-4.614195117299241">
        <ele>278</ele>
      </trkpt>
      <trkpt lat="56.89050162120925" lon="-4.6135647530039909">
        <ele>280</ele>
      </trkpt>
      <trkpt lat="56.89056265496854" lon="-4.613386419988541">
        <ele>281</ele>
      </trkpt>
      <trkpt lat="56.89063990082015" lon="-4.6132490940301203">
        <ele>281</ele>
      </trkpt>
      <trkpt lat="56.89074003433151" lon="-4.6131737554834871">
        <ele>281</ele>
      </trkpt>
      <trkpt lat="56.89095079153158" lon="-4.6130879267594738">
        <ele>280</ele>
      </trkpt>
      <trkpt lat="56.89111481975969" lon="-4.6129486934960751">
        <ele>279</ele>
      </trkpt>
      <trkpt lat="56.8913141331299" lon="-4.6128733549494418">
        <ele>279</ele>
      </trkpt>
      <trkpt lat="56.89146671752815" lon="-4.6128304405874347">
        <ele>278</ele>
      </trkpt>
      <trkpt lat="56.89185294678621" lon="-4.6124442113293771">
        <ele>278</ele>
      </trkpt>
      <trkpt lat="56.89218100324243" lon="-4.6119721533473053">
        <ele>280</ele>
      </trkpt>
      <trkpt lat="56.89242132366967" lon="-4.61167175281326">
        <ele>281</ele>
      </trkpt>
      <trkpt lat="56.89260347129508" lon="-4.6112750333778223">
        <ele>282</ele>
      </trkpt>
      <trkpt lat="56.89300209803549" lon="-4.6104491703223198">
        <ele>284</ele>
      </trkpt>
      <trkpt lat="56.89359908449362" lon="-4.608957657829472">
        <ele>284</ele>
      </trkpt>
      <trkpt lat="56.89378695403396" lon="-4.608550448216655">
        <ele>284</ele>
      </trkpt>
      <trkpt lat="56.89390425329012" lon="-4.6083463665840023">
        <ele>284</ele>
      </trkpt>
      <trkpt lat="56.89410928857526" lon="-4.6081851993133558">
        <ele>282</ele>
      </trkpt>
      <trkpt lat="56.8943143238604" lon="-4.6080993705893425">
        <ele>280</ele>
      </trkpt>
      <trkpt lat="56.89453747854284" lon="-4.608067900057204">
        <ele>279</ele>
      </trkpt>
      <trkpt lat="56.89464810223156" lon="-4.608067900057204">
        <ele>278</ele>
      </trkpt>
      <trkpt lat="56.89473583826055" lon="-4.6079172229639376">
        <ele>278</ele>
      </trkpt>
      <trkpt lat="56.89478924279994" lon="-4.6076063322525123">
        <ele>279</ele>
      </trkpt>
      <trkpt lat="56.89480068662981" lon="-4.607241083349213">
        <ele>282</ele>
      </trkpt>
      <trkpt lat="56.89480068662981" lon="-4.6067051306503766">
        <ele>286</ele>
      </trkpt>
      <trkpt lat="56.89487697882893" lon="-4.6061901583062985">
        <ele>286</ele>
      </trkpt>
      <trkpt lat="56.89488842265879" lon="-4.605836353232867">
        <ele>286</ele>
      </trkpt>
      <trkpt lat="56.89489414457373" lon="-4.6048703032614764">
        <ele>289</ele>
      </trkpt>
      <trkpt lat="56.89496471485792" lon="-4.6045060080106666">
        <ele>288</ele>
      </trkpt>
      <trkpt lat="56.89508201411407" lon="-4.6041512492847456">
        <ele>286</ele>
      </trkpt>
      <trkpt lat="56.89522315468245" lon="-4.603797444211315">
        <ele>286</ele>
      </trkpt>
      <trkpt lat="56.89536334159833" lon="-4.6035180240320281">
        <ele>286</ele>
      </trkpt>
      <trkpt lat="56.89560938394051" lon="-4.6031861529658444">
        <ele>286</ele>
      </trkpt>
      <trkpt lat="56.89577341216862" lon="-4.6029181766164262">
        <ele>285</ele>
      </trkpt>
      <trkpt lat="56.89583253862294" lon="-4.6026063322525124">
        <ele>286</ele>
      </trkpt>
      <trkpt lat="56.89586114819761" lon="-4.6017585351897621">
        <ele>290</ele>
      </trkpt>
      <trkpt lat="56.89592599656687" lon="-4.6013837497615722">
        <ele>293</ele>
      </trkpt>
      <trkpt lat="56.89595555979403" lon="-4.6010719053976583">
        <ele>294</ele>
      </trkpt>
      <trkpt lat="56.89595555979403" lon="-4.5999999999999854">
        <ele>296</ele>
      </trkpt>
      <trkpt lat="56.89595555979403" lon="-4.6000000000000032">
        <ele>296</ele>
      </trkpt>
      <trkpt lat="56.89595555979403" lon="-4.5983368300591296">
        <ele>300</ele>
      </trkpt>
      <trkpt lat="56.89588498950984" lon="-4.5977465191684184">
        <ele>303</ele>
      </trkpt>
      <trkpt lat="56.89595555979403" lon="-4.5973173755483536">
        <ele>306</ele>
      </trkpt>
      <trkpt lat="56.89617203890904" lon="-4.5961634560366234">
        <ele>310</ele>
      </trkpt>
      <trkpt lat="56.89622448979593" lon="-4.5959116917795191">
        <ele>311</ele>
      </trkpt>
      <trkpt lat="56.89646481022317" lon="-4.5952250619874153">
        <ele>312</ele>
      </trkpt>
      <trkpt lat="56.89667556742324" lon="-4.5947634941827236">
        <ele>312</ele>
      </trkpt>
      <trkpt lat="56.89676425710473" lon="-4.5941951172992592">
        <ele>313</ele>
      </trkpt>
      <trkpt lat="56.89685771504865" lon="-4.5938842265878348">
        <ele>312</ele>
      </trkpt>
      <trkpt lat="56.89700362387947" lon="-4.5935304215144033">
        <ele>312</ele>
      </trkpt>
      <trkpt lat="56.89728495136374" lon="-4.5928857524318172">
        <ele>312</ele>
      </trkpt>
      <trkpt lat="56.89744897959185" lon="-4.5925748617203928">
        <ele>311</ele>
      </trkpt>
      <trkpt lat="56.89754339118826" lon="-4.5924461186343732">
        <ele>311</ele>
      </trkpt>
      <trkpt lat="56.89766641235935" lon="-4.5920923135609417">
        <ele>311</ele>
      </trkpt>
      <trkpt lat="56.89777131413314" lon="-4.5917385084875102">
        <ele>312</ele>
      </trkpt>
      <trkpt lat="56.89777131413314" lon="-4.590998474156021">
        <ele>315</ele>
      </trkpt>
      <trkpt lat="56.89781232119017" lon="-4.5907400343314926">
        <ele>315</ele>
      </trkpt>
      <trkpt lat="56.89788289147436" lon="-4.5905044821667023">
        <ele>316</ele>
      </trkpt>
      <trkpt lat="56.89819950410072" lon="-4.5899942780850695">
        <ele>316</ele>
      </trkpt>
      <trkpt lat="56.89860957467101" lon="-4.5894745374785462">
        <ele>316</ele>
      </trkpt>
      <trkpt lat="56.89880316612628" lon="-4.5891741369445009">
        <ele>315</ele>
      </trkpt>
      <trkpt lat="56.89913694449744" lon="-4.5885084875071556">
        <ele>316</ele>
      </trkpt>
      <trkpt lat="56.8992361243563" lon="-4.5882300209803581">
        <ele>317</ele>
      </trkpt>
      <trkpt lat="56.89930669464049" lon="-4.5879506008010713">
        <ele>317</ele>
      </trkpt>
      <trkpt lat="56.89934197978258" lon="-4.5872429906542092">
        <ele>319</ele>
      </trkpt>
      <trkpt lat="56.89938298683961" lon="-4.5869635704749223">
        <ele>319</ele>
      </trkpt>
      <trkpt lat="56.89944783520887" lon="-4.5867880984169407">
        <ele>319</ele>
      </trkpt>
      <trkpt lat="56.89962330726685" lon="-4.5865668510394846">
        <ele>317</ele>
      </trkpt>
      <trkpt lat="56.89978161358002" lon="-4.5863093648674456">
        <ele>317</ele>
      </trkpt>
      <trkpt lat="56.89995708563801" lon="-4.5858163265306153">
        <ele>317</ele>
      </trkpt>
      <trkpt lat="56.90000000000001" lon="-4.5856065229830287">
        <ele>317</ele>
      </trkpt>
      <trkpt lat="56.9" lon="-4.5856065229830287">
        <ele>317</ele>
      </trkpt>
      <trkpt lat="56.90006294106427" lon="-4.5853013541865382">
        <ele>318</ele>
      </trkpt>
      <trkpt lat="56.90019168415029" lon="-4.5847968720198393">
        <ele>318</ele>
      </trkpt>
      <trkpt lat="56.90054262826626" lon="-4.583756437154304">
        <ele>320</ele>
      </trkpt>
      <trkpt lat="56.90063703986267" lon="-4.5832624451649853">
        <ele>323</ele>
      </trkpt>
      <trkpt lat="56.90080106809079" lon="-4.5829191302689338">
        <ele>323</ele>
      </trkpt>
      <trkpt lat="56.90095269883654" lon="-4.582414648102235">
        <ele>324</ele>
      </trkpt>
      <trkpt lat="56.90116440968911" lon="-4.5818462712187715">
        <ele>322</ele>
      </trkpt>
      <trkpt lat="56.90127503337784" lon="-4.5814066374213267">
        <ele>323</ele>
      </trkpt>
      <trkpt lat="56.90136944497425" lon="-4.5808697310700017">
        <ele>324</ele>
      </trkpt>
      <trkpt lat="56.90149246614533" lon="-4.580440587449937">
        <ele>325</ele>
      </trkpt>
      <trkpt lat="56.90163265306122" lon="-4.5801401869158909">
        <ele>324</ele>
      </trkpt>
      <trkpt lat="56.9017299256151" lon="-4.5800000000000036">
        <ele>323</ele>
      </trkpt>
      <trkpt lat="56.9017299256151" lon="-4.579999999999993">
        <ele>323</ele>
      </trkpt>
      <trkpt lat="56.90194354377265" lon="-4.5796900629410571">
        <ele>321</ele>
      </trkpt>
      <trkpt lat="56.90211901583063" lon="-4.579400152584391">
        <ele>320</ele>
      </trkpt>
      <trkpt lat="56.90223059317184" lon="-4.5790997520503458">
        <ele>321</ele>
      </trkpt>
      <trkpt lat="56.90245851611672" lon="-4.578605760061027">
        <ele>321</ele>
      </trkpt>
      <trkpt lat="56.90262254434484" lon="-4.5783702078962358">
        <ele>319</ele>
      </trkpt>
      <trkpt lat="56.90277512874308" lon="-4.5782195308029685">
        <ele>316</ele>
      </trkpt>
      <trkpt lat="56.90293343505626" lon="-4.5780802975395698">
        <ele>312</ele>
      </trkpt>
      <trkpt lat="56.90302689300019" lon="-4.5778876597367848">
        <ele>311</ele>
      </trkpt>
      <trkpt lat="56.90301544917032" lon="-4.5775977493801188">
        <ele>313</ele>
      </trkpt>
      <trkpt lat="56.90298588594316" lon="-4.5773078390234527">
        <ele>315</ele>
      </trkpt>
      <trkpt lat="56.90301544917032" lon="-4.5770827770360416">
        <ele>315</ele>
      </trkpt>
      <trkpt lat="56.90311462902918" lon="-4.5769320999427743">
        <ele>313</ele>
      </trkpt>
      <trkpt lat="56.90334922754148" lon="-4.576878695403388">
        <ele>308</ele>
      </trkpt>
      <trkpt lat="56.90353137516689" lon="-4.5767928666793756">
        <ele>304</ele>
      </trkpt>
      <trkpt lat="56.9037125691398" lon="-4.5764600419607024">
        <ele>303</ele>
      </trkpt>
      <trkpt lat="56.9039824527942" lon="-4.5758277703604735">
        <ele>304</ele>
      </trkpt>
      <trkpt lat="56.90442780850658" lon="-4.5749322906732717">
        <ele>301</ele>
      </trkpt>
      <trkpt lat="56.90489700553118" lon="-4.5744554644287554">
        <ele>295</ele>
      </trkpt>
      <trkpt lat="56.9054091169178" lon="-4.573773602899097">
        <ele>289</ele>
      </trkpt>
      <trkpt lat="56.90576959755865" lon="-4.5730860194545038">
        <ele>284</ele>
      </trkpt>
      <trkpt lat="56.90594506961663" lon="-4.5725729544154046">
        <ele>279</ele>
      </trkpt>
      <trkpt lat="56.90600324241846" lon="-4.5722506198741106">
        <ele>277</ele>
      </trkpt>
      <trkpt lat="56.90594506961663" lon="-4.5720293724966554">
        <ele>277</ele>
      </trkpt>
      <trkpt lat="56.90559889376311" lon="-4.5717070379553624">
        <ele>281</ele>
      </trkpt>
      <trkpt lat="56.90556933053595" lon="-4.5715468243372044">
        <ele>279</ele>
      </trkpt>
      <trkpt lat="56.90558744993324" lon="-4.5713646767117995">
        <ele>277</ele>
      </trkpt>
      <trkpt lat="56.90568090787717" lon="-4.5712569139805384">
        <ele>274</ele>
      </trkpt>
      <trkpt lat="56.90578008773603" lon="-4.5712569139805384">
        <ele>273</ele>
      </trkpt>
      <trkpt lat="56.90646576387564" lon="-4.5712082777035983">
        <ele>263</ele>
      </trkpt>
      <trkpt lat="56.90668224299065" lon="-4.5712349799732905">
        <ele>260</ele>
      </trkpt>
      <trkpt lat="56.90684627121876" lon="-4.5714180812511849">
        <ele>259</ele>
      </trkpt>
      <trkpt lat="56.90700076292199" lon="-4.5717270646576322">
        <ele>258</ele>
      </trkpt>
      <trkpt lat="56.90700076292199" lon="-4.5717270646576322">
        <ele>258</ele>
      </trkpt>
      <trkpt lat="56.90750238413122" lon="-4.5719435437726421">
        <ele>252</ele>
      </trkpt>
      <trkpt lat="56.90750238413122" lon="-4.5719435437726421">
        <ele>252</ele>
      </trkpt>
      <trkpt lat="56.90782471867252" lon="-4.5720932672134209">
        <ele>253</ele>
      </trkpt>
      <trkpt lat="56.9084693877551" lon="-4.572673087926753">
        <ele>255</ele>
      </trkpt>
      <trkpt lat="56.90866870112531" lon="-4.5727913408353924">
        <ele>256</ele>
      </trkpt>
      <trkpt lat="56.9090082014114" lon="-4.5730164028228044">
        <ele>259</ele>
      </trkpt>
      <trkpt lat="56.9092952508106" lon="-4.5732414648102164">
        <ele>261</ele>
      </trkpt>
      <trkpt lat="56.90944115964142" lon="-4.5733253862292509">
        <ele>260</ele>
      </trkpt>
      <trkpt lat="56.90980450123975" lon="-4.57343505626549">
        <ele>258</ele>
      </trkpt>
      <trkpt lat="56.90994659546061" lon="-4.5735351897768384">
        <ele>257</ele>
      </trkpt>
      <trkpt lat="56.90994659546061" lon="-4.5735351897768384">
        <ele>257</ele>
      </trkpt>
      <trkpt lat="56.90998855617013" lon="-4.5733015449170251">
        <ele>257</ele>
      </trkpt>
      <trkpt lat="56.91012206751859" lon="-4.5730488270074314">
        <ele>256</ele>
      </trkpt>
      <trkpt lat="56.91023841312226" lon="-4.5727770360480573">
        <ele>255</ele>
      </trkpt>
      <trkpt lat="56.91032710280373" lon="-4.5723450314705252">
        <ele>255</ele>
      </trkpt>
      <trkpt lat="56.91035380507343" lon="-4.5719683387373573">
        <ele>255</ele>
      </trkpt>
      <trkpt lat="56.91034236124356" lon="-4.5716078580965025">
        <ele>256</ele>
      </trkpt>
      <trkpt lat="56.91029086400915" lon="-4.5713532328819309">
        <ele>256</ele>
      </trkpt>
      <trkpt lat="56.91005054358192" lon="-4.5706084302879963">
        <ele>257</ele>
      </trkpt>
      <trkpt lat="56.90991512492847" lon="-4.5699828342551907">
        <ele>259</ele>
      </trkpt>
      <trkpt lat="56.9097825672325" lon="-4.5695155445355642">
        <ele>259</ele>
      </trkpt>
      <trkpt lat="56.90964047301163" lon="-4.5692418462712121">
        <ele>260</ele>
      </trkpt>
      <trkpt lat="56.90945260347129" lon="-4.5690425329010038">
        <ele>259</ele>
      </trkpt>
      <trkpt lat="56.90923707800877" lon="-4.568874690062934">
        <ele>259</ele>
      </trkpt>
      <trkpt lat="56.9090253671562" lon="-4.5686925424375291">
        <ele>260</ele>
      </trkpt>
      <trkpt lat="56.90867442304024" lon="-4.5682099942780781">
        <ele>261</ele>
      </trkpt>
      <trkpt lat="56.90838737364104" lon="-4.5678991035666536">
        <ele>261</ele>
      </trkpt>
      <trkpt lat="56.90815277512874" lon="-4.5676244516498121">
        <ele>262</ele>
      </trkpt>
      <trkpt lat="56.90794201792866" lon="-4.5672124737745499">
        <ele>262</ele>
      </trkpt>
      <trkpt lat="56.90765687583444" lon="-4.5666145336639259">
        <ele>263</ele>
      </trkpt>
      <trkpt lat="56.90750238413122" lon="-4.5662111386610649">
        <ele>264</ele>
      </trkpt>
      <trkpt lat="56.90739652870494" lon="-4.5659565134464932">
        <ele>264</ele>
      </trkpt>
      <trkpt lat="56.90733835590311" lon="-4.5658373068853644">
        <ele>265</ele>
      </trkpt>
      <trkpt lat="56.90715144001526" lon="-4.5656675567423166">
        <ele>265</ele>
      </trkpt>
      <trkpt lat="56.90702937249666" lon="-4.5656179668128862">
        <ele>265</ele>
      </trkpt>
      <trkpt lat="56.90689776845317" lon="-4.565576959755858">
        <ele>265</ele>
      </trkpt>
      <trkpt lat="56.90661358001144" lon="-4.5655569330535881">
        <ele>265</ele>
      </trkpt>
      <trkpt lat="56.90642857142857" lon="-4.5654987602517574">
        <ele>265</ele>
      </trkpt>
      <trkpt lat="56.90618920465382" lon="-4.5654367728399698">
        <ele>265</ele>
      </trkpt>
      <trkpt lat="56.90607285905016" lon="-4.5654329582300139">
        <ele>265</ele>
      </trkpt>
      <trkpt lat="56.90595174518405" lon="-4.5654653824146409">
        <ele>265</ele>
      </trkpt>
      <trkpt lat="56.90580106809078" lon="-4.5655483501811869">
        <ele>264</ele>
      </trkpt>
      <trkpt lat="56.9054520312798" lon="-4.5657886706084234">
        <ele>264</ele>
      </trkpt>
      <trkpt lat="56.90527655922182" lon="-4.5658411214953203">
        <ele>264</ele>
      </trkpt>
      <trkpt lat="56.90504863627694" lon="-4.5658497043677215">
        <ele>264</ele>
      </trkpt>
      <trkpt lat="56.90484932290673" lon="-4.5657848559984675">
        <ele>264</ele>
      </trkpt>
      <trkpt lat="56.90460328056456" lon="-4.5655922181956825">
        <ele>265</ele>
      </trkpt>
      <trkpt lat="56.90439252336449" lon="-4.5654053023078323">
        <ele>266</ele>
      </trkpt>
      <trkpt lat="56.90421037573908" lon="-4.5651792866679317">
        <ele>266</ele>
      </trkpt>
      <trkpt lat="56.90412263971009" lon="-4.564991417127592">
        <ele>267</ele>
      </trkpt>
      <trkpt lat="56.90412263971009" lon="-4.564991417127592">
        <ele>267</ele>
      </trkpt>
      <trkpt lat="56.90406828151821" lon="-4.5646881556360794">
        <ele>267</ele>
      </trkpt>
      <trkpt lat="56.90405302307839" lon="-4.563702078962419">
        <ele>268</ele>
      </trkpt>
      <trkpt lat="56.90404539385847" lon="-4.5599999999999934">
        <ele>276</ele>
      </trkpt>
      <trkpt lat="56.90404539385847" lon="-4.5599999999999827">
        <ele>276</ele>
      </trkpt>
      <trkpt lat="56.90409498378791" lon="-4.5595975586496111">
        <ele>279</ele>
      </trkpt>
      <trkpt lat="56.90417604424947" lon="-4.5592160976539979">
        <ele>281</ele>
      </trkpt>
      <trkpt lat="56.90427617776082" lon="-4.5588136563036263">
        <ele>284</ele>
      </trkpt>
      <trkpt lat="56.90443066946404" lon="-4.558403585733342">
        <ele>287</ele>
      </trkpt>
      <trkpt lat="56.90462998283425" lon="-4.5580144955178161">
        <ele>289</ele>
      </trkpt>
      <trkpt lat="56.90481403776464" lon="-4.5577493801258653">
        <ele>290</ele>
      </trkpt>
      <trkpt lat="56.90524699599466" lon="-4.5577064657638582">
        <ele>289</ele>
      </trkpt>
      <trkpt lat="56.90576292199123" lon="-4.5575672325004595">
        <ele>290</ele>
      </trkpt>
      <trkpt lat="56.90622544344841" lon="-4.557406065229813">
        <ele>291</ele>
      </trkpt>
      <trkpt lat="56.90656017547205" lon="-4.5572019835971602">
        <ele>292</ele>
      </trkpt>
      <trkpt lat="56.90689395384322" lon="-4.5569444974251212">
        <ele>290</ele>
      </trkpt>
      <trkpt lat="56.90716860576006" lon="-4.5566231165363167">
        <ele>288</ele>
      </trkpt>
      <trkpt lat="56.90733835590311" lon="-4.5562473774556382">
        <ele>287</ele>
      </trkpt>
      <trkpt lat="56.9076082395575" lon="-4.555432004577515">
        <ele>288</ele>
      </trkpt>
      <trkpt lat="56.90783044058745" lon="-4.5546919702460249">
        <ele>289</ele>
      </trkpt>
      <trkpt lat="56.90790101087163" lon="-4.5545203127979992">
        <ele>289</ele>
      </trkpt>
      <trkpt lat="56.90808888041197" lon="-4.5544468815563439">
        <ele>286</ele>
      </trkpt>
      <trkpt lat="56.90829105473965" lon="-4.5543362578676163">
        <ele>283</ele>
      </trkpt>
      <trkpt lat="56.90856856761395" lon="-4.554106427617759">
        <ele>279</ele>
      </trkpt>
      <trkpt lat="56.9088775510204" lon="-4.5537507152393495">
        <ele>277</ele>
      </trkpt>
      <trkpt lat="56.90921609765401" lon="-4.5530936486744062">
        <ele>276</ele>
      </trkpt>
      <trkpt lat="56.90953080297539" lon="-4.5524127407972363">
        <ele>279</ele>
      </trkpt>
      <trkpt lat="56.90995708563799" lon="-4.5518271981689704">
        <ele>274</ele>
      </trkpt>
      <trkpt lat="56.91060175472057" lon="-4.551161548731625">
        <ele>266</ele>
      </trkpt>
      <trkpt lat="56.91097654014877" lon="-4.5507324051115603">
        <ele>263</ele>
      </trkpt>
      <trkpt lat="56.91177283997711" lon="-4.5497024604234051">
        <ele>260</ele>
      </trkpt>
      <trkpt lat="56.91210089643334" lon="-4.5492304024413333">
        <ele>257</ele>
      </trkpt>
      <trkpt lat="56.91240511157734" lon="-4.5487154300972552">
        <ele>257</ele>
      </trkpt>
      <trkpt lat="56.91265687583444" lon="-4.548382605378583">
        <ele>257</ele>
      </trkpt>
      <trkpt lat="56.91305264161739" lon="-4.5478123211901416">
        <ele>257</ele>
      </trkpt>
      <trkpt lat="56.91386706084302" lon="-4.5463103185199145">
        <ele>258</ele>
      </trkpt>
      <trkpt lat="56.91457562464237" lon="-4.5450877360289743">
        <ele>260</ele>
      </trkpt>
      <trkpt lat="56.91510871638375" lon="-4.5437354567995252">
        <ele>260</ele>
      </trkpt>
      <trkpt lat="56.9155473965287" lon="-4.5422010299446711">
        <ele>261</ele>
      </trkpt>
      <trkpt lat="56.91569425901201" lon="-4.5409355330917247">
        <ele>266</ele>
      </trkpt>
      <trkpt lat="56.91583635323288" lon="-4.540378600038129">
        <ele>269</ele>
      </trkpt>
      <trkpt lat="56.91595842075147" lon="-4.5399999999999832">
        <ele>270</ele>
      </trkpt>
      <trkpt lat="56.91595842075147" lon="-4.5400000000000009">
        <ele>270</ele>
      </trkpt>
      <trkpt lat="56.91600991798588" lon="-4.5398378790768659">
        <ele>269</ele>
      </trkpt>
      <trkpt lat="56.91620923135609" lon="-4.5395899294297166">
        <ele>265</ele>
      </trkpt>
      <trkpt lat="56.91644955178333" lon="-4.5393715430097288">
        <ele>261</ele>
      </trkpt>
      <trkpt lat="56.91656399008201" lon="-4.5391417127598714">
        <ele>259</ele>
      </trkpt>
      <trkpt lat="56.9166603089834" lon="-4.5388117489986657">
        <ele>260</ele>
      </trkpt>
      <trkpt lat="56.91686725157352" lon="-4.5384903681098621">
        <ele>260</ele>
      </trkpt>
      <trkpt lat="56.91696166316994" lon="-4.538301544917033">
        <ele>260</ele>
      </trkpt>
      <trkpt lat="56.91703604806408" lon="-4.5380364295250821">
        <ele>262</ele>
      </trkpt>
      <trkpt lat="56.91711615487316" lon="-4.5376864390616074">
        <ele>264</ele>
      </trkpt>
      <trkpt lat="56.91722105664695" lon="-4.5374375357619696">
        <ele>265</ele>
      </trkpt>
      <trkpt lat="56.91786667938203" lon="-4.5368796490558854">
        <ele>263</ele>
      </trkpt>
      <trkpt lat="56.91821285523555" lon="-4.5362149532710294">
        <ele>265</ele>
      </trkpt>
      <trkpt lat="56.91878600038146" lon="-4.5360318519931351">
        <ele>258</ele>
      </trkpt>
      <trkpt lat="56.91971104329582" lon="-4.535066755674233">
        <ele>257</ele>
      </trkpt>
      <trkpt lat="56.91999999999999" lon="-4.5346118634369645">
        <ele>257</ele>
      </trkpt>
      <trkpt lat="56.92000000000001" lon="-4.5346118634369645">
        <ele>257</ele>
      </trkpt>
      <trkpt lat="56.92004577531948" lon="-4.5345412931527767">
        <ele>258</ele>
      </trkpt>
      <trkpt lat="56.92040244135038" lon="-4.53436963570475">
        <ele>256</ele>
      </trkpt>
      <trkpt lat="56.92086210185009" lon="-4.5336524890329972">
        <ele>258</ele>
      </trkpt>
      <trkpt lat="56.92118729734885" lon="-4.5328561892046553">
        <ele>260</ele>
      </trkpt>
      <trkpt lat="56.92152107572002" lon="-4.5325672325004778">
        <ele>257</ele>
      </trkpt>
      <trkpt lat="56.92177856189205" lon="-4.5318910928857532">
        <ele>259</ele>
      </trkpt>
      <trkpt lat="56.92208277703605" lon="-4.5315363341598331">
        <ele>259</ele>
      </trkpt>
      <trkpt lat="56.92261014686249" lon="-4.5309574670989905">
        <ele>257</ele>
      </trkpt>
      <trkpt lat="56.92337974442114" lon="-4.5289643333969112">
        <ele>261</ele>
      </trkpt>
      <trkpt lat="56.923652489033" lon="-4.5285218386419999">
        <ele>260</ele>
      </trkpt>
      <trkpt lat="56.9242962044631" lon="-4.5264190349036824">
        <ele>263</ele>
      </trkpt>
      <trkpt lat="56.92476158687775" lon="-4.525412931527752">
        <ele>260</ele>
      </trkpt>
      <trkpt lat="56.9254444020599" lon="-4.5234150295632283">
        <ele>264</ele>
      </trkpt>
      <trkpt lat="56.92563417890521" lon="-4.5227417509059711">
        <ele>266</ele>
      </trkpt>
      <trkpt lat="56.92622830440588" lon="-4.5222353614342943">
        <ele>262</ele>
      </trkpt>
      <trkpt lat="56.92676425710471" lon="-4.521711806217815">
        <ele>257</ele>
      </trkpt>
      <trkpt lat="56.92717146671753" lon="-4.5209364867442314">
        <ele>256</ele>
      </trkpt>
      <trkpt lat="56.92740797253482" lon="-4.5202632080869742">
        <ele>256</ele>
      </trkpt>
      <trkpt lat="56.92772458516117" lon="-4.5200000000000014">
        <ele>255</ele>
      </trkpt>
      <trkpt lat="56.92772458516117" lon="-4.5199999999999907">
        <ele>255</ele>
      </trkpt>
      <trkpt lat="56.92792675948885" lon="-4.5198321571619209">
        <ele>254</ele>
      </trkpt>
      <trkpt lat="56.92800495899295" lon="-4.5194373450314611">
        <ele>254</ele>
      </trkpt>
      <trkpt lat="56.92811653633417" lon="-4.5183959565134373">
        <ele>256</ele>
      </trkpt>
      <trkpt lat="56.92806980736221" lon="-4.5173879458325299">
        <ele>258</ele>
      </trkpt>
      <trkpt lat="56.9283654396338" lon="-4.5159584207514687">
        <ele>258</ele>
      </trkpt>
      <trkpt lat="56.92857474643585" lon="-4.5154761549418234">
        <ele>259</ele>
      </trkpt>
      <trkpt lat="56.92857474643585" lon="-4.5154761549418234">
        <ele>259</ele>
      </trkpt>
      <trkpt lat="56.9287135227923" lon="-4.515156399008192">
        <ele>259</ele>
      </trkpt>
      <trkpt lat="56.92920274651917" lon="-4.5144239938966146">
        <ele>260</ele>
      </trkpt>
      <trkpt lat="56.92950696166318" lon="-4.5137488079343795">
        <ele>263</ele>
      </trkpt>
      <trkpt lat="56.92967098989129" lon="-4.5130507343124071">
        <ele>264</ele>
      </trkpt>
      <trkpt lat="56.92979401106238" lon="-4.5124289528895583">
        <ele>264</ele>
      </trkpt>
      <trkpt lat="56.93013351134847" lon="-4.5114314323860292">
        <ele>262</ele>
      </trkpt>
      <trkpt lat="56.93021838641999" lon="-4.5106074766355047">
        <ele>261</ele>
      </trkpt>
      <trkpt lat="56.93026893000192" lon="-4.5101802403204179">
        <ele>260</ele>
      </trkpt>
      <trkpt lat="56.93092599656686" lon="-4.5095041007056942">
        <ele>257</ele>
      </trkpt>
      <trkpt lat="56.93164028228114" lon="-4.5084722487125601">
        <ele>256</ele>
      </trkpt>
      <trkpt lat="56.93179572763685" lon="-4.5079229448788771">
        <ele>258</ele>
      </trkpt>
      <trkpt lat="56.93231165363342" lon="-4.5066784283806891">
        <ele>263</ele>
      </trkpt>
      <trkpt lat="56.93297539576579" lon="-4.5055216479114923">
        <ele>260</ele>
      </trkpt>
      <trkpt lat="56.93335590310891" lon="-4.5049637612054081">
        <ele>258</ele>
      </trkpt>
      <trkpt lat="56.9337221056647" lon="-4.503641998855608">
        <ele>264</ele>
      </trkpt>
      <trkpt lat="56.93390997520504" lon="-4.5032986839595557">
        <ele>265</ele>
      </trkpt>
      <trkpt lat="56.93445069616632" lon="-4.502689300019064">
        <ele>265</ele>
      </trkpt>
      <trkpt lat="56.93496280755294" lon="-4.5020217432767407">
        <ele>265</ele>
      </trkpt>
      <trkpt lat="56.93524794964716" lon="-4.5016069044440119">
        <ele>266</ele>
      </trkpt>
      <trkpt lat="56.93613580011444" lon="-4.5008201411405588">
        <ele>264</ele>
      </trkpt>
      <trkpt lat="56.93643715430098" lon="-4.4999999999999911">
        <ele>271</ele>
      </trkpt>
      <trkpt lat="56.93643715430098" lon="-4.5000000000000089">
        <ele>271</ele>
      </trkpt>
      <trkpt lat="56.93662788479879" lon="-4.4994812130459749">
        <ele>274</ele>
      </trkpt>
      <trkpt lat="56.93687678809842" lon="-4.4991359908449455">
        <ele>273</ele>
      </trkpt>
      <trkpt lat="56.93753290101088" lon="-4.498749761586887">
        <ele>268</ele>
      </trkpt>
      <trkpt lat="56.93816517261111" lon="-4.4980736219721624">
        <ele>264</ele>
      </trkpt>
      <trkpt lat="56.93839881747092" lon="-4.4975691398054636">
        <ele>269</ele>
      </trkpt>
      <trkpt lat="56.93854567995423" lon="-4.4972153347320329">
        <ele>271</ele>
      </trkpt>
      <trkpt lat="56.93898436009918" lon="-4.4966250238413217">
        <ele>269</ele>
      </trkpt>
      <trkpt lat="56.93930001907306" lon="-4.4957457562464329">
        <ele>277</ele>
      </trkpt>
      <trkpt lat="56.93995803929049" lon="-4.4947282090406349">
        <ele>274</ele>
      </trkpt>
      <trkpt lat="56.94" lon="-4.4946461949265775">
        <ele>275</ele>
      </trkpt>
      <trkpt lat="56.94000000000002" lon="-4.4946461949265775">
        <ele>275</ele>
      </trkpt>
      <trkpt lat="56.94035952698838" lon="-4.493931909212292">
        <ele>273</ele>
      </trkpt>
      <trkpt lat="56.94061129124549" lon="-4.4932996376120631">
        <ele>272</ele>
      </trkpt>
      <trkpt lat="56.94121686057602" lon="-4.4923040244135128">
        <ele>273</ele>
      </trkpt>
      <trkpt lat="56.94150963189016" lon="-4.4912845699027368">
        <ele>273</ele>
      </trkpt>
      <trkpt lat="56.94192828533284" lon="-4.490198359717728">
        <ele>284</ele>
      </trkpt>
      <trkpt lat="56.94240225061989" lon="-4.489501239748245">
        <ele>283</ele>
      </trkpt>
      <trkpt lat="56.94287335494948" lon="-4.4892246805264255">
        <ele>279</ele>
      </trkpt>
      <trkpt lat="56.94334445927905" lon="-4.4892542437535852">
        <ele>269</ele>
      </trkpt>
      <trkpt lat="56.94378886133894" lon="-4.4890720961281803">
        <ele>266</ele>
      </trkpt>
      <trkpt lat="56.9442103757391" lon="-4.4886324623307354">
        <ele>270</ele>
      </trkpt>
      <trkpt lat="56.94448598130842" lon="-4.4881813847034229">
        <ele>274</ele>
      </trkpt>
      <trkpt lat="56.94541579248524" lon="-4.4876559221819656">
        <ele>268</ele>
      </trkpt>
      <trkpt lat="56.94636944497427" lon="-4.4867728399771218">
        <ele>271</ele>
      </trkpt>
      <trkpt lat="56.94668415029565" lon="-4.4866002288766067">
        <ele>269</ele>
      </trkpt>
      <trkpt lat="56.947349799733" lon="-4.4866698455083061">
        <ele>257</ele>
      </trkpt>
      <trkpt lat="56.94751096700364" lon="-4.4864362006484928">
        <ele>258</ele>
      </trkpt>
      <trkpt lat="56.94764543200459" lon="-4.4858907114247657">
        <ele>263</ele>
      </trkpt>
      <trkpt lat="56.9476711806218" lon="-4.4852517642571135">
        <ele>267</ele>
      </trkpt>
      <trkpt lat="56.94760633225255" lon="-4.4839862674041671">
        <ele>277</ele>
      </trkpt>
      <trkpt lat="56.94767594888425" lon="-4.4835409116917884">
        <ele>279</ele>
      </trkpt>
      <trkpt lat="56.94785237459472" lon="-4.483258630555035">
        <ele>275</ele>
      </trkpt>
      <trkpt lat="56.94868109860769" lon="-4.4826883463665927">
        <ele>260</ele>
      </trkpt>
      <trkpt lat="56.94885657066567" lon="-4.4823469387755193">
        <ele>260</ele>
      </trkpt>
      <trkpt lat="56.9492447072287" lon="-4.4805798207133414">
        <ele>265</ele>
      </trkpt>
      <trkpt lat="56.9494096891093" lon="-4.4800000000000093">
        <ele>266</ele>
      </trkpt>
      <trkpt lat="56.9494096891093" lon="-4.4799999999999986">
        <ele>266</ele>
      </trkpt>
      <trkpt lat="56.94952698836546" lon="-4.4795832538622911">
        <ele>265</ele>
      </trkpt>
      <trkpt lat="56.9498884226588" lon="-4.4770493991989309">
        <ele>264</ele>
      </trkpt>
      <trkpt lat="56.94990368109863" lon="-4.4764648102231535">
        <ele>264</ele>
      </trkpt>
      <trkpt lat="56.94987171951591" lon="-4.4761744305724616">
        <ele>264</ele>
      </trkpt>
      <trkpt lat="56.94987171973435" lon="-4.4761744325569781">
        <ele>264</ele>
      </trkpt>
      <trkpt lat="56.94978065992754" lon="-4.475347129506007">
        <ele>265</ele>
      </trkpt>
      <trkpt lat="56.94984264733932" lon="-4.4746967385084861">
        <ele>266</ele>
      </trkpt>
      <trkpt lat="56.9499837879077" lon="-4.473956704176997">
        <ele>269</ele>
      </trkpt>
      <trkpt lat="56.94999569069265" lon="-4.4738087695640338">
        <ele>270</ele>
      </trkpt>
      <trkpt lat="56.94999569069265" lon="-4.4738087695640338">
        <ele>270</ele>
      </trkpt>
      <trkpt lat="56.94999869136475" lon="-4.4737714754965561">
        <ele>270</ele>
      </trkpt>
      <trkpt lat="56.94999869136475" lon="-4.4737714754965561">
        <ele>270</ele>
      </trkpt>
      <trkpt lat="56.95001716574482" lon="-4.4735418653442673">
        <ele>271</ele>
      </trkpt>
      <trkpt lat="56.95000667556744" lon="-4.4729467861911107">
        <ele>273</ele>
      </trkpt>
      <trkpt lat="56.95003433148963" lon="-4.4724518405493026">
        <ele>273</ele>
      </trkpt>
      <trkpt lat="56.95007152393669" lon="-4.4720932672134266">
        <ele>275</ele>
      </trkpt>
      <trkpt lat="56.95045107762733" lon="-4.4712855235552151">
        <ele>278</ele>
      </trkpt>
      <trkpt lat="56.95062082777038" lon="-4.4705349990463468">
        <ele>280</ele>
      </trkpt>
      <trkpt lat="56.95079629982836" lon="-4.4703309174136932">
        <ele>280</ele>
      </trkpt>
      <trkpt lat="56.95086973107001" lon="-4.4703013541865335">
        <ele>280</ele>
      </trkpt>
      <trkpt lat="56.95094125500669" lon="-4.4703309174136932">
        <ele>280</ele>
      </trkpt>
      <trkpt lat="56.95114819759682" lon="-4.4704491703223335">
        <ele>278</ele>
      </trkpt>
      <trkpt lat="56.95125214571812" lon="-4.4704339118825089">
        <ele>278</ele>
      </trkpt>
      <trkpt lat="56.95137230593173" lon="-4.4702927713141323">
        <ele>278</ele>
      </trkpt>
      <trkpt lat="56.9515925996567" lon="-4.4699170322334529">
        <ele>280</ele>
      </trkpt>
      <trkpt lat="56.95169845508298" lon="-4.4695536906351316">
        <ele>282</ele>
      </trkpt>
      <trkpt lat="56.95176807171468" lon="-4.4691655540720951">
        <ele>284</ele>
      </trkpt>
      <trkpt lat="56.95183673469389" lon="-4.4685514018691581">
        <ele>286</ele>
      </trkpt>
      <trkpt lat="56.95189586114822" lon="-4.4679067327865711">
        <ele>289</ele>
      </trkpt>
      <trkpt lat="56.95246709898915" lon="-4.4662893381651712">
        <ele>286</ele>
      </trkpt>
      <trkpt lat="56.95258821285525" lon="-4.4657686439061592">
        <ele>287</ele>
      </trkpt>
      <trkpt lat="56.95269883654398" lon="-4.4650886896814788">
        <ele>287</ele>
      </trkpt>
      <trkpt lat="56.95271600228878" lon="-4.4641979782567223">
        <ele>288</ele>
      </trkpt>
      <trkpt lat="56.95290864009156" lon="-4.4639261872973481">
        <ele>287</ele>
      </trkpt>
      <trkpt lat="56.95334159832159" lon="-4.4634112149532701">
        <ele>284</ele>
      </trkpt>
      <trkpt lat="56.95339691016595" lon="-4.4631508678237637">
        <ele>284</ele>
      </trkpt>
      <trkpt lat="56.95334159832159" lon="-4.4628743086019442">
        <ele>285</ele>
      </trkpt>
      <trkpt lat="56.95311939729164" lon="-4.4625205035285127">
        <ele>288</ele>
      </trkpt>
      <trkpt lat="56.95296109097846" lon="-4.4622983024985681">
        <ele>289</ele>
      </trkpt>
      <trkpt lat="56.95292580583637" lon="-4.4607819950410059">
        <ele>287</ele>
      </trkpt>
      <trkpt lat="56.95293724966624" lon="-4.4599999999999991">
        <ele>285</ele>
      </trkpt>
      <trkpt lat="56.95293724966624" lon="-4.4599999999999884">
        <ele>285</ele>
      </trkpt>
      <trkpt lat="56.95294678619113" lon="-4.4593534236124244">
        <ele>281</ele>
      </trkpt>
      <trkpt lat="56.95336925424377" lon="-4.4587602517642457">
        <ele>272</ele>
      </trkpt>
      <trkpt lat="56.9535409116918" lon="-4.458266259774927">
        <ele>271</ele>
      </trkpt>
      <trkpt lat="56.95362483311083" lon="-4.4579439252336339">
        <ele>269</ele>
      </trkpt>
      <trkpt lat="56.95368682052262" lon="-4.4575500667556627">
        <ele>268</ele>
      </trkpt>
      <trkpt lat="56.95367537669275" lon="-4.4571447644478237">
        <ele>269</ele>
      </trkpt>
      <trkpt lat="56.95361529658594" lon="-4.4568224299065307">
        <ele>270</ele>
      </trkpt>
      <trkpt lat="56.95350085828726" lon="-4.4563885180240206">
        <ele>271</ele>
      </trkpt>
      <trkpt lat="56.95340263208089" lon="-4.455937440396708">
        <ele>272</ele>
      </trkpt>
      <trkpt lat="56.95339500286097" lon="-4.4555702841884299">
        <ele>271</ele>
      </trkpt>
      <trkpt lat="56.95340072477591" lon="-4.4554596604997023">
        <ele>270</ele>
      </trkpt>
      <trkpt lat="56.95340072477591" lon="-4.4554596604997023">
        <ele>270</ele>
      </trkpt>
      <trkpt lat="56.95350276559223" lon="-4.4552136181575319">
        <ele>269</ele>
      </trkpt>
      <trkpt lat="56.95363532328821" lon="-4.4550591264543087">
        <ele>267</ele>
      </trkpt>
      <trkpt lat="56.95381365630366" lon="-4.4548798397863703">
        <ele>265</ele>
      </trkpt>
      <trkpt lat="56.95392237268741" lon="-4.4547186725157237">
        <ele>264</ele>
      </trkpt>
      <trkpt lat="56.95399389662408" lon="-4.4545823002097924">
        <ele>263</ele>
      </trkpt>
      <trkpt lat="56.95404730116347" lon="-4.4543696357047375">
        <ele>263</ele>
      </trkpt>
      <trkpt lat="56.95406065229832" lon="-4.453997711234015">
        <ele>262</ele>
      </trkpt>
      <trkpt lat="56.95406065229832" lon="-4.453997711234015">
        <ele>262</ele>
      </trkpt>
      <trkpt lat="56.95388804119781" lon="-4.4534388708754413">
        <ele>262</ele>
      </trkpt>
      <trkpt lat="56.95377074194165" lon="-4.4530364295250697">
        <ele>262</ele>
      </trkpt>
      <trkpt lat="56.95375166889188" lon="-4.4528676330345105">
        <ele>263</ele>
      </trkpt>
      <trkpt lat="56.95371066183485" lon="-4.452674041579237">
        <ele>263</ele>
      </trkpt>
      <trkpt lat="56.95366488651537" lon="-4.4523793629601256">
        <ele>264</ele>
      </trkpt>
      <trkpt lat="56.95364199885564" lon="-4.4520818233835477">
        <ele>265</ele>
      </trkpt>
      <trkpt lat="56.95363913789816" lon="-4.4518367346938659">
        <ele>266</ele>
      </trkpt>
      <trkpt lat="56.95365630364297" lon="-4.4515906923516955">
        <ele>267</ele>
      </trkpt>
      <trkpt lat="56.95372496662218" lon="-4.4512712187678698">
        <ele>269</ele>
      </trkpt>
      <trkpt lat="56.9538365439634" lon="-4.4509765401487584">
        <ele>270</ele>
      </trkpt>
      <trkpt lat="56.95413694449744" lon="-4.4503986267404043">
        <ele>271</ele>
      </trkpt>
      <trkpt lat="56.9542447072287" lon="-4.4502269692923786">
        <ele>272</ele>
      </trkpt>
      <trkpt lat="56.95448693496092" lon="-4.449810223154671">
        <ele>271</ele>
      </trkpt>
      <trkpt lat="56.95459755864965" lon="-4.4496061415220183">
        <ele>271</ele>
      </trkpt>
      <trkpt lat="56.95474442113296" lon="-4.4492685485409007">
        <ele>271</ele>
      </trkpt>
      <trkpt lat="56.95509155063896" lon="-4.4487020789624143">
        <ele>270</ele>
      </trkpt>
      <trkpt lat="56.95526606904446" lon="-4.4482824718672402">
        <ele>272</ele>
      </trkpt>
      <trkpt lat="56.95549017737938" lon="-4.4478800305168686">
        <ele>275</ele>
      </trkpt>
      <trkpt lat="56.95595079153158" lon="-4.4467194354377151">
        <ele>279</ele>
      </trkpt>
      <trkpt lat="56.95609956131987" lon="-4.4465248903299521">
        <ele>275</ele>
      </trkpt>
      <trkpt lat="56.95714476444785" lon="-4.4448264352469851">
        <ele>271</ele>
      </trkpt>
      <trkpt lat="56.95790101148419" lon="-4.4436650270449736">
        <ele>270</ele>
      </trkpt>
      <trkpt lat="56.95790101148419" lon="-4.4436650270449736">
        <ele>270</ele>
      </trkpt>
      <trkpt lat="56.95803833683008" lon="-4.4434541293152661">
        <ele>270</ele>
      </trkpt>
      <trkpt lat="56.95833778371163" lon="-4.4428914743467365">
        <ele>271</ele>
      </trkpt>
      <trkpt lat="56.95880984169371" lon="-4.4420370017165629">
        <ele>267</ele>
      </trkpt>
      <trkpt lat="56.95930097272556" lon="-4.4412283044058629">
        <ele>267</ele>
      </trkpt>
      <trkpt lat="56.95960041960711" lon="-4.4407171466717417">
        <ele>266</ele>
      </trkpt>
      <trkpt lat="56.96000000000002" lon="-4.4400667556742208">
        <ele>262</ele>
      </trkpt>
      <trkpt lat="56.96" lon="-4.4400667556742208">
        <ele>262</ele>
      </trkpt>
      <trkpt lat="56.96004100705703" lon="-4.4399999999999888">
        <ele>262</ele>
      </trkpt>
      <trkpt lat="56.96004100705703" lon="-4.4400000000000066">
        <ele>262</ele>
      </trkpt>
      <trkpt lat="56.9602431813847" lon="-4.4396709898912903">
        <ele>263</ele>
      </trkpt>
      <trkpt lat="56.9605044821667" lon="-4.4391569711997017">
        <ele>261</ele>
      </trkpt>
      <trkpt lat="56.96067709326721" lon="-4.4387354567995487">
        <ele>260</ele>
      </trkpt>
      <trkpt lat="56.96083921419035" lon="-4.4382557695975651">
        <ele>260</ele>
      </trkpt>
      <trkpt lat="56.9610175472058" lon="-4.4376616440968979">
        <ele>264</ele>
      </trkpt>
      <trkpt lat="56.96125977493801" lon="-4.437139042532908">
        <ele>261</ele>
      </trkpt>
      <trkpt lat="56.96138088880412" lon="-4.4367442304024483">
        <ele>260</ele>
      </trkpt>
      <trkpt lat="56.96140473011634" lon="-4.4365372878123281">
        <ele>260</ele>
      </trkpt>
      <trkpt lat="56.96148102231547" lon="-4.4360976540148842">
        <ele>260</ele>
      </trkpt>
      <trkpt lat="56.96160213618158" lon="-4.4355626549685363">
        <ele>259</ele>
      </trkpt>
      <trkpt lat="56.96167079916079" lon="-4.4348579057791406">
        <ele>260</ele>
      </trkpt>
      <trkpt lat="56.96184913217623" lon="-4.4336267404157992">
        <ele>271</ele>
      </trkpt>
      <trkpt lat="56.96204749189395" lon="-4.4329773030707678">
        <ele>268</ele>
      </trkpt>
      <trkpt lat="56.96238603852756" lon="-4.4321838641998923">
        <ele>264</ele>
      </trkpt>
      <trkpt lat="56.96256246423803" lon="-4.4317432767499589">
        <ele>267</ele>
      </trkpt>
      <trkpt lat="56.96259870303261" lon="-4.4314648102231615">
        <ele>268</ele>
      </trkpt>
      <trkpt lat="56.9625824909403" lon="-4.4311939729162759">
        <ele>271</ele>
      </trkpt>
      <trkpt lat="56.96259488842266" lon="-4.4310385275605642">
        <ele>272</ele>
      </trkpt>
      <trkpt lat="56.96264161739462" lon="-4.4307676902536786">
        <ele>272</ele>
      </trkpt>
      <trkpt lat="56.962782757963" lon="-4.4305607476635585">
        <ele>269</ele>
      </trkpt>
      <trkpt lat="56.96286858668701" lon="-4.4304081632653132">
        <ele>267</ele>
      </trkpt>
      <trkpt lat="56.96297825672325" lon="-4.4301773793629673">
        <ele>264</ele>
      </trkpt>
      <trkpt lat="56.96302975395766" lon="-4.4299275224108401">
        <ele>263</ele>
      </trkpt>
      <trkpt lat="56.96303070761014" lon="-4.4296938775510268">
        <ele>264</ele>
      </trkpt>
      <trkpt lat="56.96293629601373" lon="-4.4292618729734956">
        <ele>270</ele>
      </trkpt>
      <trkpt lat="56.9628781232119" lon="-4.4287716955941328">
        <ele>274</ele>
      </trkpt>
      <trkpt lat="56.96290291817662" lon="-4.4285161167270717">
        <ele>274</ele>
      </trkpt>
      <trkpt lat="56.96295441541103" lon="-4.4283644859813149">
        <ele>274</ele>
      </trkpt>
      <trkpt lat="56.96307171466717" lon="-4.4282328819378289">
        <ele>271</ele>
      </trkpt>
      <trkpt lat="56.96324146481022" lon="-4.4281317947739911">
        <ele>267</ele>
      </trkpt>
      <trkpt lat="56.96355426282663" lon="-4.4280745756246489">
        <ele>262</ele>
      </trkpt>
      <trkpt lat="56.96368300591264" lon="-4.4279801640282352">
        <ele>260</ele>
      </trkpt>
      <trkpt lat="56.96382414648102" lon="-4.4275958420751547">
        <ele>259</ele>
      </trkpt>
      <trkpt lat="56.96395956513447" lon="-4.4269845508296841">
        <ele>261</ele>
      </trkpt>
      <trkpt lat="56.96408735456799" lon="-4.4262054167461446">
        <ele>265</ele>
      </trkpt>
      <trkpt lat="56.9641483883273" lon="-4.4258992942971647">
        <ele>266</ele>
      </trkpt>
      <trkpt lat="56.96426473393095" lon="-4.4254539385847869">
        <ele>266</ele>
      </trkpt>
      <trkpt lat="56.96432481403777" lon="-4.4251821476254118">
        <ele>266</ele>
      </trkpt>
      <trkpt lat="56.96435723822239" lon="-4.4249408735456868">
        <ele>266</ele>
      </trkpt>
      <trkpt lat="56.96438203318711" lon="-4.4246500095365313">
        <ele>267</ele>
      </trkpt>
      <trkpt lat="56.96435437726493" lon="-4.4241970246042408">
        <ele>269</ele>
      </trkpt>
      <trkpt lat="56.96434293343506" lon="-4.4236439061606019">
        <ele>271</ele>
      </trkpt>
      <trkpt lat="56.96439633797444" lon="-4.4233854663360743">
        <ele>271</ele>
      </trkpt>
      <trkpt lat="56.96454415411024" lon="-4.4227407972534873">
        <ele>271</ele>
      </trkpt>
      <trkpt lat="56.96470722868587" lon="-4.4221810032424251">
        <ele>271</ele>
      </trkpt>
      <trkpt lat="56.96478924279992" lon="-4.4219835971771957">
        <ele>270</ele>
      </trkpt>
      <trkpt lat="56.96508964333397" lon="-4.421536334159839">
        <ele>268</ele>
      </trkpt>
      <trkpt lat="56.96520217432767" lon="-4.4212559603280637">
        <ele>268</ele>
      </trkpt>
      <trkpt lat="56.96525748617204" lon="-4.4209345794392592">
        <ele>268</ele>
      </trkpt>
      <trkpt lat="56.96527681370313" lon="-4.4204226610482369">
        <ele>269</ele>
      </trkpt>
      <trkpt lat="56.96527681370313" lon="-4.4204226610482369">
        <ele>269</ele>
      </trkpt>
      <trkpt lat="56.96529277131413" lon="-4.420000000000007">
        <ele>270</ele>
      </trkpt>
      <trkpt lat="56.96529277131413" lon="-4.4199999999999964">
        <ele>270</ele>
      </trkpt>
      <trkpt lat="56.965304215144" lon="-4.4197739843600958">
        <ele>270</ele>
      </trkpt>
      <trkpt lat="56.96535189776845" lon="-4.4195527369826397">
        <ele>269</ele>
      </trkpt>
      <trkpt lat="56.96544821666984" lon="-4.4193629601373221">
        <ele>267</ele>
      </trkpt>
      <trkpt lat="56.96568376883464" lon="-4.4190043868014461">
        <ele>262</ele>
      </trkpt>
      <trkpt lat="56.96589834064467" lon="-4.4187716955941223">
        <ele>261</ele>
      </trkpt>
      <trkpt lat="56.96598035475873" lon="-4.4186086210184978">
        <ele>262</ele>
      </trkpt>
      <trkpt lat="56.96615964142666" lon="-4.4181146290291782">
        <ele>264</ele>
      </trkpt>
      <trkpt lat="56.9663036429525" lon="-4.4177646385657035">
        <ele>264</ele>
      </trkpt>
      <trkpt lat="56.96652298302499" lon="-4.4173173755483468">
        <ele>262</ele>
      </trkpt>
      <trkpt lat="56.96678142284951" lon="-4.4168634369635669">
        <ele>263</ele>
      </trkpt>
      <trkpt lat="56.96715430097272" lon="-4.4163503719244677">
        <ele>261</ele>
      </trkpt>
      <trkpt lat="56.9673040244135" lon="-4.4161110051497197">
        <ele>258</ele>
      </trkpt>
      <trkpt lat="56.96743372115201" lon="-4.4157524318138437">
        <ele>256</ele>
      </trkpt>
      <trkpt lat="56.96750047682625" lon="-4.4154863627694034">
        <ele>256</ele>
      </trkpt>
      <trkpt lat="56.96754911310318" lon="-4.4152622544344808">
        <ele>257</ele>
      </trkpt>
      <trkpt lat="56.96762540530231" lon="-4.4148607667365978">
        <ele>259</ele>
      </trkpt>
      <trkpt lat="56.96767022696929" lon="-4.4145555979401072">
        <ele>262</ele>
      </trkpt>
      <trkpt lat="56.9676864390616" lon="-4.4142828533282437">
        <ele>264</ele>
      </trkpt>
      <trkpt lat="56.9676864390616" lon="-4.4139671943543739">
        <ele>266</ele>
      </trkpt>
      <trkpt lat="56.96763017356475" lon="-4.4134369635704713">
        <ele>270</ele>
      </trkpt>
      <trkpt lat="56.96763208086973" lon="-4.4131584970436739">
        <ele>271</ele>
      </trkpt>
      <trkpt lat="56.96767499523174" lon="-4.4129515544535538">
        <ele>270</ele>
      </trkpt>
      <trkpt lat="56.96779897005531" lon="-4.4126206370398595">
        <ele>269</ele>
      </trkpt>
      <trkpt lat="56.96796299828343" lon="-4.4122677856189174">
        <ele>267</ele>
      </trkpt>
      <trkpt lat="56.96817089452603" lon="-4.4120360480640821">
        <ele>265</ele>
      </trkpt>
      <trkpt lat="56.96823955750524" lon="-4.4119988556170098">
        <ele>265</ele>
      </trkpt>
      <trkpt lat="56.96830345222201" lon="-4.4119797825672293">
        <ele>264</ele>
      </trkpt>
      <trkpt lat="56.9685046728972" lon="-4.4119883654396306">
        <ele>262</ele>
      </trkpt>
      <trkpt lat="56.96882033187106" lon="-4.4120303261491483">
        <ele>259</ele>
      </trkpt>
      <trkpt lat="56.96894907495709" lon="-4.4120188823192796">
        <ele>258</ele>
      </trkpt>
      <trkpt lat="56.9690949837879" lon="-4.4119568949074921">
        <ele>258</ele>
      </trkpt>
      <trkpt lat="56.96926378027847" lon="-4.411863436963567">
        <ele>258</ele>
      </trkpt>
      <trkpt lat="56.96932481403776" lon="-4.4117108525653217">
        <ele>259</ele>
      </trkpt>
      <trkpt lat="56.96939824527942" lon="-4.41132843791722">
        <ele>261</ele>
      </trkpt>
      <trkpt lat="56.96955082967767" lon="-4.4106694640472979">
        <ele>262</ele>
      </trkpt>
      <trkpt lat="56.96955082967767" lon="-4.4106694640472979">
        <ele>262</ele>
      </trkpt>
      <trkpt lat="56.96953843219531" lon="-4.4103099370589325">
        <ele>264</ele>
      </trkpt>
      <trkpt lat="56.96960614152203" lon="-4.409212283044055">
        <ele>268</ele>
      </trkpt>
      <trkpt lat="56.96958706847225" lon="-4.4088451268357778">
        <ele>270</ele>
      </trkpt>
      <trkpt lat="56.96951649818806" lon="-4.4085676139614689">
        <ele>271</ele>
      </trkpt>
      <trkpt lat="56.96947072286859" lon="-4.4082729353423575">
        <ele>272</ele>
      </trkpt>
      <trkpt lat="56.96945164981881" lon="-4.4075710471104292">
        <ele>274</ele>
      </trkpt>
      <trkpt lat="56.96941159641427" lon="-4.4070484455464394">
        <ele>276</ele>
      </trkpt>
      <trkpt lat="56.96942399389663" lon="-4.4066193019263746">
        <ele>277</ele>
      </trkpt>
      <trkpt lat="56.96956418081251" lon="-4.406056646957845">
        <ele>278</ele>
      </trkpt>
      <trkpt lat="56.9696519168415" lon="-4.405750524508866">
        <ele>278</ele>
      </trkpt>
      <trkpt lat="56.96965573145146" lon="-4.4054367728399733">
        <ele>279</ele>
      </trkpt>
      <trkpt lat="56.96960995613198" lon="-4.4052126645050507">
        <ele>280</ele>
      </trkpt>
      <trkpt lat="56.96963761205416" lon="-4.4048827007438458">
        <ele>281</ele>
      </trkpt>
      <trkpt lat="56.96984074003433" lon="-4.4041502956322685">
        <ele>282</ele>
      </trkpt>
      <trkpt lat="56.96991035666603" lon="-4.4038708754529816">
        <ele>282</ele>
      </trkpt>
      <trkpt lat="56.9700171657448" lon="-4.4032490940301319">
        <ele>283</ele>
      </trkpt>
      <trkpt lat="56.97016021361816" lon="-4.4027350753385432">
        <ele>283</ele>
      </trkpt>
      <trkpt lat="56.9702345985123" lon="-4.4022944878886099">
        <ele>283</ele>
      </trkpt>
      <trkpt lat="56.970434865535" lon="-4.4014791150104866">
        <ele>283</ele>
      </trkpt>
      <trkpt lat="56.97054548922372" lon="-4.4008277703604772">
        <ele>284</ele>
      </trkpt>
      <trkpt lat="56.97063036429525" lon="-4.4002136181575402">
        <ele>287</ele>
      </trkpt>
      <trkpt lat="56.97067151907085" lon="-4.40000875883013">
        <ele>288</ele>
      </trkpt>
      <trkpt lat="56.97067151907085" lon="-4.40000875883013">
        <ele>288</ele>
      </trkpt>
      <trkpt lat="56.97067327865726" lon="-4.3999999999999861">
        <ele>288</ele>
      </trkpt>
      <trkpt lat="56.97067327865726" lon="-4.3999999999999861">
        <ele>288</ele>
      </trkpt>
      <trkpt lat="56.97068376883463" lon="-4.3999504100705567">
        <ele>288</ele>
      </trkpt>
      <trkpt lat="56.97091169177951" lon="-4.3994583253862158">
        <ele>288</ele>
      </trkpt>
      <trkpt lat="56.9709414245035" lon="-4.3994073862340874">
        <ele>288</ele>
      </trkpt>
      <trkpt lat="56.9709414245035" lon="-4.3994073862340874">
        <ele>288</ele>
      </trkpt>
      <trkpt lat="56.97104138851802" lon="-4.3992361243562712">
        <ele>287</ele>
      </trkpt>
      <trkpt lat="56.97113492693766" lon="-4.398891048163998">
        <ele>287</ele>
      </trkpt>
      <trkpt lat="56.97113492693766" lon="-4.398891048163998">
        <ele>287</ele>
      </trkpt>
      <trkpt lat="56.9711415545243" lon="-4.3988665980784303">
        <ele>287</ele>
      </trkpt>
      <trkpt lat="56.9711415545243" lon="-4.3988665980784303">
        <ele>287</ele>
      </trkpt>
      <trkpt lat="56.9712960137326" lon="-4.3982967766545737">
        <ele>288</ele>
      </trkpt>
      <trkpt lat="56.97159164600419" lon="-4.3977455655159128">
        <ele>282</ele>
      </trkpt>
      <trkpt lat="56.97215239366775" lon="-4.3970179286667799">
        <ele>274</ele>
      </trkpt>
      <trkpt lat="56.97230020980355" lon="-4.3966593553309039">
        <ele>270</ele>
      </trkpt>
      <trkpt lat="56.97234884608049" lon="-4.3963618157543252">
        <ele>266</ele>
      </trkpt>
      <trkpt lat="56.97231737554835" lon="-4.3960881174899731">
        <ele>264</ele>
      </trkpt>
      <trkpt lat="56.97218767880984" lon="-4.3958563799351378">
        <ele>264</ele>
      </trkpt>
      <trkpt lat="56.97207705512111" lon="-4.3957266831966297">
        <ele>265</ele>
      </trkpt>
      <trkpt lat="56.97191111958802" lon="-4.3954548922372547">
        <ele>264</ele>
      </trkpt>
      <trkpt lat="56.97184054930383" lon="-4.3952260156398868">
        <ele>261</ele>
      </trkpt>
      <trkpt lat="56.97178714476445" lon="-4.3948750715239226">
        <ele>258</ele>
      </trkpt>
      <trkpt lat="56.97174709135991" lon="-4.3943200457753058">
        <ele>257</ele>
      </trkpt>
      <trkpt lat="56.9717480450124" lon="-4.3939767308792543">
        <ele>256</ele>
      </trkpt>
      <trkpt lat="56.97181384703414" lon="-4.3936210185008449">
        <ele>256</ele>
      </trkpt>
      <trkpt lat="56.97189490749571" lon="-4.3933530421514266">
        <ele>256</ele>
      </trkpt>
      <trkpt lat="56.97189490749571" lon="-4.3933530421514266">
        <ele>256</ele>
      </trkpt>
      <trkpt lat="56.9720961281709" lon="-4.3929315277512737">
        <ele>256</ele>
      </trkpt>
      <trkpt lat="56.97246423803166" lon="-4.3924012969673711">
        <ele>256</ele>
      </trkpt>
      <trkpt lat="56.97266259774938" lon="-4.3920875452984793">
        <ele>254</ele>
      </trkpt>
      <trkpt lat="56.97282662597749" lon="-4.391677474728195">
        <ele>253</ele>
      </trkpt>
      <trkpt lat="56.97296299828342" lon="-4.3912321190158172">
        <ele>252</ele>
      </trkpt>
      <trkpt lat="56.97296299828342" lon="-4.3912321190158172">
        <ele>252</ele>
      </trkpt>
      <trkpt lat="56.97298874690063" lon="-4.3911329391569573">
        <ele>252</ele>
      </trkpt>
      <trkpt lat="56.97298874690063" lon="-4.3911329391569573">
        <ele>252</ele>
      </trkpt>
      <trkpt lat="56.97315563608621" lon="-4.3902355521647776">
        <ele>252</ele>
      </trkpt>
      <trkpt lat="56.97345794392523" lon="-4.3881441922563278">
        <ele>254</ele>
      </trkpt>
      <trkpt lat="56.97347987793248" lon="-4.3878352088498813">
        <ele>254</ele>
      </trkpt>
      <trkpt lat="56.9734608048827" lon="-4.387583444592777">
        <ele>254</ele>
      </trkpt>
      <trkpt lat="56.97342075147816" lon="-4.3874032042723492">
        <ele>254</ele>
      </trkpt>
      <trkpt lat="56.97309460232691" lon="-4.3863255769597425">
        <ele>253</ele>
      </trkpt>
      <trkpt lat="56.97307076101468" lon="-4.3856580202174191">
        <ele>252</ele>
      </trkpt>
      <trkpt lat="56.97298970055311" lon="-4.3848188060270701">
        <ele>252</ele>
      </trkpt>
      <trkpt lat="56.9728437917223" lon="-4.3835618920465249">
        <ele>255</ele>
      </trkpt>
      <trkpt lat="56.97282662597749" lon="-4.3833358764066235">
        <ele>256</ele>
      </trkpt>
      <trkpt lat="56.97282185771505" lon="-4.3831642189585978">
        <ele>257</ele>
      </trkpt>
      <trkpt lat="56.97277608239558" lon="-4.3826034712950461">
        <ele>260</ele>
      </trkpt>
      <trkpt lat="56.97294487888613" lon="-4.3823812702651015">
        <ele>260</ele>
      </trkpt>
      <trkpt lat="56.97311176807171" lon="-4.3819139805454759">
        <ele>260</ele>
      </trkpt>
      <trkpt lat="56.97335685676139" lon="-4.3813398817470777">
        <ele>260</ele>
      </trkpt>
      <trkpt lat="56.97335685676139" lon="-4.3813398817470777">
        <ele>260</ele>
      </trkpt>
      <trkpt lat="56.97342456608811" lon="-4.3811625023841172">
        <ele>261</ele>
      </trkpt>
      <trkpt lat="56.97357142857143" lon="-4.3809202746519036">
        <ele>261</ele>
      </trkpt>
      <trkpt lat="56.97366488651535" lon="-4.3807982071333074">
        <ele>260</ele>
      </trkpt>
      <trkpt lat="56.97382033187107" lon="-4.3807028418844034">
        <ele>259</ele>
      </trkpt>
      <trkpt lat="56.97403013541865" lon="-4.3805912645431873">
        <ele>256</ele>
      </trkpt>
      <trkpt lat="56.974391569712" lon="-4.3803518977684393">
        <ele>254</ele>
      </trkpt>
      <trkpt lat="56.97447072286859" lon="-4.3802345985122884">
        <ele>254</ele>
      </trkpt>
      <trkpt lat="56.97453747854282" lon="-4.3799999999999866">
        <ele>254</ele>
      </trkpt>
      <trkpt lat="56.97453747854282" lon="-4.3800000000000043">
        <ele>254</ele>
      </trkpt>
      <trkpt lat="56.9745878060774" lon="-4.3798240888043756">
        <ele>255</ele>
      </trkpt>
      <trkpt lat="56.9745878060774" lon="-4.3798240888043756">
        <ele>255</ele>
      </trkpt>
      <trkpt lat="56.97460867402846" lon="-4.379751148489448">
        <ele>255</ele>
      </trkpt>
      <trkpt lat="56.97460867402846" lon="-4.379751148489448">
        <ele>255</ele>
      </trkpt>
      <trkpt lat="56.97465128896529" lon="-4.3796021953457664">
        <ele>256</ele>
      </trkpt>
      <trkpt lat="56.97465128896529" lon="-4.3796021953457664">
        <ele>256</ele>
      </trkpt>
      <trkpt lat="56.97474156017547" lon="-4.3792866679382083">
        <ele>257</ele>
      </trkpt>
      <trkpt lat="56.97480545489223" lon="-4.3790854472630221">
        <ele>258</ele>
      </trkpt>
      <trkpt lat="56.97488365439634" lon="-4.3789443066946454">
        <ele>259</ele>
      </trkpt>
      <trkpt lat="56.97494087354568" lon="-4.3789462139996234">
        <ele>258</ele>
      </trkpt>
      <trkpt lat="56.97504196070952" lon="-4.379040625596037">
        <ele>257</ele>
      </trkpt>
      <trkpt lat="56.97520122067518" lon="-4.3792456608811792">
        <ele>255</ele>
      </trkpt>
      <trkpt lat="56.97520122067518" lon="-4.3792456608811792">
        <ele>255</ele>
      </trkpt>
      <trkpt lat="56.9754434484074" lon="-4.3795489223726918">
        <ele>253</ele>
      </trkpt>
      <trkpt lat="56.9754434484074" lon="-4.3795489223726918">
        <ele>253</ele>
      </trkpt>
      <trkpt lat="56.97521339640004" lon="-4.3802001900047394">
        <ele>252</ele>
      </trkpt>
      <trkpt lat="56.9754434484074" lon="-4.3795489223726918">
        <ele>253</ele>
      </trkpt>
      <trkpt lat="56.97521339640004" lon="-4.3802001900047394">
        <ele>252</ele>
      </trkpt>
      <trkpt lat="56.97518986030697" lon="-4.3802174756427625">
        <ele>252</ele>
      </trkpt>
      <trkpt lat="56.97514906443463" lon="-4.3802405231407242">
        <ele>252</ele>
      </trkpt>
      <trkpt lat="56.97513494279043" lon="-4.3802520469188089">
        <ele>252</ele>
      </trkpt>
      <trkpt lat="56.97514749535982" lon="-4.3802520469188089">
        <ele>252</ele>
      </trkpt>
      <trkpt lat="56.97521496547485" lon="-4.3801425712307314">
        <ele>252</ele>
      </trkpt>
      <trkpt lat="56.97526831393112" lon="-4.380061904900554">
        <ele>252</ele>
      </trkpt>
      <trkpt lat="56.97530126445123" lon="-4.3800186908054961">
        <ele>252</ele>
      </trkpt>
      <trkpt lat="56.97533578404251" lon="-4.3799668338623228">
        <ele>252</ele>
      </trkpt>
      <trkpt lat="56.97540639229625" lon="-4.3798861675612493">
        <ele>252</ele>
      </trkpt>
      <trkpt lat="56.97543777374155" lon="-4.3798429534516394">
        <ele>252</ele>
      </trkpt>
      <trkpt lat="56.97546915518684" lon="-4.3797910965375699">
        <ele>252</ele>
      </trkpt>
      <trkpt lat="56.97550210570695" lon="-4.3797190730409561">
        <ele>253</ele>
      </trkpt>
      <trkpt lat="56.97551525446288" lon="-4.3796334939491421">
        <ele>253</ele>
      </trkpt>
      <trkpt lat="56.97551525446288" lon="-4.3796334939491421">
        <ele>253</ele>
      </trkpt>
      <trkpt lat="56.9754434484074" lon="-4.3795489223726918">
        <ele>253</ele>
      </trkpt>
      <trkpt lat="56.9754434484074" lon="-4.3795489223726918">
        <ele>253</ele>
      </trkpt>
      <trkpt lat="56.97520122067518" lon="-4.3792456608811792">
        <ele>255</ele>
      </trkpt>
      <trkpt lat="56.97520122067518" lon="-4.3792456608811792">
        <ele>255</ele>
      </trkpt>
      <trkpt lat="56.97504196070952" lon="-4.379040625596037">
        <ele>257</ele>
      </trkpt>
      <trkpt lat="56.97494087354568" lon="-4.3789462139996234">
        <ele>258</ele>
      </trkpt>
      <trkpt lat="56.97489167481007" lon="-4.3789445740417694">
        <ele>259</ele>
      </trkpt>
      <trkpt lat="56.97489167481007" lon="-4.3789445740417694">
        <ele>259</ele>
      </trkpt>
      <trkpt lat="56.97488345099499" lon="-4.3789298651994653">
        <ele>259</ele>
      </trkpt>
      <trkpt lat="56.97488345099499" lon="-4.3789298651994653">
        <ele>259</ele>
      </trkpt>
      <trkpt lat="56.97488079343887" lon="-4.3787411787144812">
        <ele>261</ele>
      </trkpt>
      <trkpt lat="56.97498855617013" lon="-4.3783787907686484">
        <ele>263</ele>
      </trkpt>
      <trkpt lat="56.97514114056838" lon="-4.3779620446309409">
        <ele>265</ele>
      </trkpt>
      <trkpt lat="56.97534236124356" lon="-4.3775758153728823">
        <ele>266</ele>
      </trkpt>
      <trkpt lat="56.97558935723822" lon="-4.3771275987030371">
        <ele>268</ele>
      </trkpt>
      <trkpt lat="56.97588212855236" lon="-4.3768491321762397">
        <ele>268</ele>
      </trkpt>
      <trkpt lat="56.97621876788098" lon="-4.3765601754720622">
        <ele>266</ele>
      </trkpt>
      <trkpt lat="56.97646290291817" lon="-4.3762559603280611">
        <ele>265</ele>
      </trkpt>
      <trkpt lat="56.97677665458707" lon="-4.3757114247568234">
        <ele>266</ele>
      </trkpt>
      <trkpt lat="56.97768548540912" lon="-4.3746652679763542">
        <ele>269</ele>
      </trkpt>
      <trkpt lat="56.97804978065992" lon="-4.3739710089643378">
        <ele>265</ele>
      </trkpt>
      <trkpt lat="56.97812225824909" lon="-4.3736591646004239">
        <ele>264</ele>
      </trkpt>
      <trkpt lat="56.97813179477399" lon="-4.3734074003433197">
        <ele>264</ele>
      </trkpt>
      <trkpt lat="56.97807457562464" lon="-4.3731737554835064">
        <ele>265</ele>
      </trkpt>
      <trkpt lat="56.97797539576578" lon="-4.3729086400915556">
        <ele>267</ele>
      </trkpt>
      <trkpt lat="56.97790387182911" lon="-4.3725996566851082">
        <ele>268</ele>
      </trkpt>
      <trkpt lat="56.97793724966622" lon="-4.3722839977112384">
        <ele>270</ele>
      </trkpt>
      <trkpt lat="56.97821190158306" lon="-4.3717470913599126">
        <ele>269</ele>
      </trkpt>
      <trkpt lat="56.9784951363723" lon="-4.3712836162502429">
        <ele>271</ele>
      </trkpt>
      <trkpt lat="56.97881651726111" lon="-4.370987983978643">
        <ele>271</ele>
      </trkpt>
      <trkpt lat="56.97921132939157" lon="-4.3705540720961329">
        <ele>272</ele>
      </trkpt>
      <trkpt lat="56.97932862864772" lon="-4.3703604806408594">
        <ele>274</ele>
      </trkpt>
      <trkpt lat="56.97947167652107" lon="-4.3700228876597409">
        <ele>277</ele>
      </trkpt>
      <trkpt lat="56.97963379744421" lon="-4.369808315849709">
        <ele>277</ele>
      </trkpt>
      <trkpt lat="56.97979496471486" lon="-4.3696976921609814">
        <ele>276</ele>
      </trkpt>
      <trkpt lat="56.98" lon="-4.3694783520885032">
        <ele>274</ele>
      </trkpt>
      <trkpt lat="56.98000000000001" lon="-4.3694783520885032">
        <ele>274</ele>
      </trkpt>
      <trkpt lat="56.9802269692924" lon="-4.3692342170513108">
        <ele>274</ele>
      </trkpt>
      <trkpt lat="56.9802269692924" lon="-4.3692342170513108">
        <ele>274</ele>
      </trkpt>
      <trkpt lat="56.9801659355331" lon="-4.3690129696738556">
        <ele>275</ele>
      </trkpt>
      <trkpt lat="56.98020503528515" lon="-4.3687831394239982">
        <ele>275</ele>
      </trkpt>
      <trkpt lat="56.98030135418654" lon="-4.3684999046347555">
        <ele>275</ele>
      </trkpt>
      <trkpt lat="56.98026988365441" lon="-4.3677217242037045">
        <ele>276</ele>
      </trkpt>
      <trkpt lat="56.98018500858288" lon="-4.3667184817852416">
        <ele>279</ele>
      </trkpt>
      <trkpt lat="56.98000000000001" lon="-4.3665201220675227">
        <ele>282</ele>
      </trkpt>
      <trkpt lat="56.98" lon="-4.3665201220675227">
        <ele>282</ele>
      </trkpt>
      <trkpt lat="56.97988365439634" lon="-4.3662979210375781">
        <ele>284</ele>
      </trkpt>
      <trkpt lat="56.97985695212665" lon="-4.3659603280564605">
        <ele>285</ele>
      </trkpt>
      <trkpt lat="56.97957657829487" lon="-4.3656913980545538">
        <ele>287</ele>
      </trkpt>
      <trkpt lat="56.97948312035094" lon="-4.3656770932672178">
        <ele>288</ele>
      </trkpt>
      <trkpt lat="56.97917985885943" lon="-4.365799160785814">
        <ele>290</ele>
      </trkpt>
      <trkpt lat="56.97892618729735" lon="-4.3655302307839072">
        <ele>290</ele>
      </trkpt>
      <trkpt lat="56.97888804119778" lon="-4.3651926378027897">
        <ele>287</ele>
      </trkpt>
      <trkpt lat="56.97868205226015" lon="-4.3651392332634034">
        <ele>287</ele>
      </trkpt>
      <trkpt lat="56.97851134846462" lon="-4.3648703032614957">
        <ele>285</ele>
      </trkpt>
      <trkpt lat="56.97851134846462" lon="-4.3648703032614957">
        <ele>285</ele>
      </trkpt>
      <trkpt lat="56.97832061796681" lon="-4.3641455273698311">
        <ele>277</ele>
      </trkpt>
      <trkpt lat="56.97832061796681" lon="-4.3641455273698311">
        <ele>277</ele>
      </trkpt>
      <trkpt lat="56.97822906732787" lon="-4.3636877741750952">
        <ele>278</ele>
      </trkpt>
      <trkpt lat="56.97822906732787" lon="-4.3636877741750952">
        <ele>278</ele>
      </trkpt>
      <trkpt lat="56.97818138470341" lon="-4.36322906732787">
        <ele>279</ele>
      </trkpt>
      <trkpt lat="56.97823955750524" lon="-4.362757009345799">
        <ele>282</ele>
      </trkpt>
      <trkpt lat="56.97859050162121" lon="-4.3615554072096172">
        <ele>285</ele>
      </trkpt>
      <trkpt lat="56.97859622353614" lon="-4.3611262635895525">
        <ele>287</ele>
      </trkpt>
      <trkpt lat="56.97874308601946" lon="-4.3606112912454744">
        <ele>287</ele>
      </trkpt>
      <trkpt lat="56.97886515353805" lon="-4.3601392332634035">
        <ele>287</ele>
      </trkpt>
      <trkpt lat="56.97888041197788" lon="-4.3600000000000048">
        <ele>287</ele>
      </trkpt>
      <trkpt lat="56.97888041197788" lon="-4.3599999999999941">
        <ele>287</ele>
      </trkpt>
      <trkpt lat="56.97894716765211" lon="-4.3593887087545244">
        <ele>287</ele>
      </trkpt>
      <trkpt lat="56.97896814800686" lon="-4.3589547968720144">
        <ele>288</ele>
      </trkpt>
      <trkpt lat="56.97896814800686" lon="-4.3589547968720144">
        <ele>288</ele>
      </trkpt>
      <trkpt lat="56.97899961853901" lon="-4.3588842265878256">
        <ele>288</ele>
      </trkpt>
      <trkpt lat="56.97929238985314" lon="-4.3586048064085388">
        <ele>287</ele>
      </trkpt>
      <trkpt lat="56.97953747854282" lon="-4.358289147434669">
        <ele>285</ele>
      </trkpt>
      <trkpt lat="56.9797301163456" lon="-4.3577636849132118">
        <ele>283</ele>
      </trkpt>
      <trkpt lat="56.97990654205607" lon="-4.3568882319282798">
        <ele>284</ele>
      </trkpt>
      <trkpt lat="56.98" lon="-4.356606904444015">
        <ele>285</ele>
      </trkpt>
      <trkpt lat="56.98000000000001" lon="-4.356606904444015">
        <ele>285</ele>
      </trkpt>
      <trkpt lat="56.98008106046158" lon="-4.3563627694068225">
        <ele>285</ele>
      </trkpt>
      <trkpt lat="56.98042628266261" lon="-4.3557257295441483">
        <ele>283</ele>
      </trkpt>
      <trkpt lat="56.98068090787718" lon="-4.3553862292580527">
        <ele>281</ele>
      </trkpt>
      <trkpt lat="56.98082967766547" lon="-4.3548884226587772">
        <ele>280</ele>
      </trkpt>
      <trkpt lat="56.98109288575244" lon="-4.3542771314133075">
        <ele>278</ele>
      </trkpt>
      <trkpt lat="56.98135609383942" lon="-4.3539338165172552">
        <ele>276</ele>
      </trkpt>
      <trkpt lat="56.98157066564945" lon="-4.3538460804882648">
        <ele>274</ele>
      </trkpt>
      <trkpt lat="56.98205130650392" lon="-4.353826053785995">
        <ele>270</ele>
      </trkpt>
      <trkpt lat="56.98221533473203" lon="-4.3538556170131546">
        <ele>269</ele>
      </trkpt>
      <trkpt lat="56.98234121686058" lon="-4.3539166507724527">
        <ele>268</ele>
      </trkpt>
      <trkpt lat="56.98234121686058" lon="-4.3539166507724527">
        <ele>268</ele>
      </trkpt>
      <trkpt lat="56.98243181384704" lon="-4.3539948502765533">
        <ele>268</ele>
      </trkpt>
      <trkpt lat="56.98252336448599" lon="-4.3540730497806539">
        <ele>267</ele>
      </trkpt>
      <trkpt lat="56.98252336448599" lon="-4.3540730497806539">
        <ele>267</ele>
      </trkpt>
      <trkpt lat="56.98267499523175" lon="-4.3542246805264107">
        <ele>267</ele>
      </trkpt>
      <trkpt lat="56.98276177760825" lon="-4.3544859813084056">
        <ele>267</ele>
      </trkpt>
      <trkpt lat="56.98288479877933" lon="-4.3550553118443585">
        <ele>267</ele>
      </trkpt>
      <trkpt lat="56.98296395193592" lon="-4.3553032614915068">
        <ele>267</ele>
      </trkpt>
      <trkpt lat="56.98313370207897" lon="-4.3556103375929753">
        <ele>266</ele>
      </trkpt>
      <trkpt lat="56.98313370207897" lon="-4.3556103375929753">
        <ele>266</ele>
      </trkpt>
      <trkpt lat="56.98299544754317" lon="-4.3561948246758462">
        <ele>268</ele>
      </trkpt>
      <trkpt lat="56.98299544759136" lon="-4.3561948248313653">
        <ele>268</ele>
      </trkpt>
      <trkpt lat="56.9832529086401" lon="-4.3564409689109231">
        <ele>266</ele>
      </trkpt>
      <trkpt lat="56.98334636658402" lon="-4.356558268167074">
        <ele>266</ele>
      </trkpt>
      <trkpt lat="56.98343028800306" lon="-4.3567003623879401">
        <ele>267</ele>
      </trkpt>
      <trkpt lat="56.98352756055694" lon="-4.3569616631699351">
        <ele>268</ele>
      </trkpt>
      <trkpt lat="56.9836791913027" lon="-4.3572763684913163">
        <ele>270</ele>
      </trkpt>
      <trkpt lat="56.9836791913027" lon="-4.3572763684913163">
        <ele>270</ele>
      </trkpt>
      <trkpt lat="56.98382414648103" lon="-4.3571466717528073">
        <ele>270</ele>
      </trkpt>
      <trkpt lat="56.9839748235743" lon="-4.3569950410070515">
        <ele>271</ele>
      </trkpt>
      <trkpt lat="56.98414838832731" lon="-4.3567690253671509">
        <ele>272</ele>
      </trkpt>
      <trkpt lat="56.98431909212284" lon="-4.3564619492656815">
        <ele>274</ele>
      </trkpt>
      <trkpt lat="56.98446690825864" lon="-4.3562530993705835">
        <ele>276</ele>
      </trkpt>
      <trkpt lat="56.98459660499715" lon="-4.3560967003623823">
        <ele>277</ele>
      </trkpt>
      <trkpt lat="56.98469006294108" lon="-4.3558849895098168">
        <ele>278</ele>
      </trkpt>
      <trkpt lat="56.98472153347321" lon="-4.3556608811748943">
        <ele>278</ele>
      </trkpt>
      <trkpt lat="56.98472057982072" lon="-4.3549637612054113">
        <ele>277</ele>
      </trkpt>
      <trkpt lat="56.98483024985696" lon="-4.3541846271218709">
        <ele>277</ele>
      </trkpt>
      <trkpt lat="56.98489891283617" lon="-4.3534970436772786">
        <ele>276</ele>
      </trkpt>
      <trkpt lat="56.98497901964525" lon="-4.3525710471104269">
        <ele>275</ele>
      </trkpt>
      <trkpt lat="56.98502288765975" lon="-4.3522181956894848">
        <ele>274</ele>
      </trkpt>
      <trkpt lat="56.98508868968149" lon="-4.3518853709708125">
        <ele>274</ele>
      </trkpt>
      <trkpt lat="56.98521552546253" lon="-4.3514781613579956">
        <ele>274</ele>
      </trkpt>
      <trkpt lat="56.98555884035859" lon="-4.3505140186915829">
        <ele>273</ele>
      </trkpt>
      <trkpt lat="56.98575529277132" lon="-4.3498998664886459">
        <ele>271</ele>
      </trkpt>
      <trkpt lat="56.98616727064658" lon="-4.3486610719053918">
        <ele>273</ele>
      </trkpt>
      <trkpt lat="56.98635609383941" lon="-4.3479677665458647">
        <ele>272</ele>
      </trkpt>
      <trkpt lat="56.98642475681862" lon="-4.3476091932099887">
        <ele>272</ele>
      </trkpt>
      <trkpt lat="56.98646099561321" lon="-4.3472649246614479">
        <ele>271</ele>
      </trkpt>
      <trkpt lat="56.98652107572002" lon="-4.3470093457943868">
        <ele>270</ele>
      </trkpt>
      <trkpt lat="56.98666507724586" lon="-4.3467556742323037">
        <ele>270</ele>
      </trkpt>
      <trkpt lat="56.98679668128935" lon="-4.3465544535571183">
        <ele>271</ele>
      </trkpt>
      <trkpt lat="56.98690730497808" lon="-4.3462998283425467">
        <ele>271</ele>
      </trkpt>
      <trkpt lat="56.98703986267405" lon="-4.3458983406446636">
        <ele>271</ele>
      </trkpt>
      <trkpt lat="56.98714953271029" lon="-4.3454711043295768">
        <ele>271</ele>
      </trkpt>
      <trkpt lat="56.9872267785619" lon="-4.3451392332633931">
        <ele>270</ele>
      </trkpt>
      <trkpt lat="56.98731642189587" lon="-4.3448846080488215">
        <ele>270</ele>
      </trkpt>
      <trkpt lat="56.98745088689682" lon="-4.3446662216288328">
        <ele>270</ele>
      </trkpt>
      <trkpt lat="56.98761968338739" lon="-4.3444630936486686">
        <ele>271</ele>
      </trkpt>
      <trkpt lat="56.98777131413314" lon="-4.3443047873354894">
        <ele>271</ele>
      </trkpt>
      <trkpt lat="56.98820713332063" lon="-4.3438460804882641">
        <ele>273</ele>
      </trkpt>
      <trkpt lat="56.98841502956324" lon="-4.3436419988556114">
        <ele>274</ele>
      </trkpt>
      <trkpt lat="56.98852469959947" lon="-4.3435151630745699">
        <ele>274</ele>
      </trkpt>
      <trkpt lat="56.98869826435248" lon="-4.3431851993133641">
        <ele>273</ele>
      </trkpt>
      <trkpt lat="56.98877741750907" lon="-4.3430555025748561">
        <ele>273</ele>
      </trkpt>
      <trkpt lat="56.98887564371544" lon="-4.3429324814037704">
        <ele>273</ele>
      </trkpt>
      <trkpt lat="56.98901296967386" lon="-4.3428209040625543">
        <ele>273</ele>
      </trkpt>
      <trkpt lat="56.98913217623499" lon="-4.3427570093457888">
        <ele>273</ele>
      </trkpt>
      <trkpt lat="56.98922468052643" lon="-4.3426759488842208">
        <ele>273</ele>
      </trkpt>
      <trkpt lat="56.98932099942782" lon="-4.3425138279610849">
        <ele>273</ele>
      </trkpt>
      <trkpt lat="56.98943925233646" lon="-4.342264924661448">
        <ele>273</ele>
      </trkpt>
      <trkpt lat="56.98955369063514" lon="-4.3420045775319416">
        <ele>273</ele>
      </trkpt>
      <trkpt lat="56.9896442876216" lon="-4.3416946404730057">
        <ele>271</ele>
      </trkpt>
      <trkpt lat="56.9897310699981" lon="-4.3412693114628969">
        <ele>269</ele>
      </trkpt>
      <trkpt lat="56.98981785237461" lon="-4.3410318519931277">
        <ele>268</ele>
      </trkpt>
      <trkpt lat="56.98993249376972" lon="-4.3408181079462089">
        <ele>267</ele>
      </trkpt>
      <trkpt lat="56.98993249376972" lon="-4.3408181079462089">
        <ele>267</ele>
      </trkpt>
      <trkpt lat="56.98995293894094" lon="-4.3407799887866281">
        <ele>267</ele>
      </trkpt>
      <trkpt lat="56.98995293894094" lon="-4.3407799887866281">
        <ele>267</ele>
      </trkpt>
      <trkpt lat="56.99013446500096" lon="-4.3404415411024164">
        <ele>268</ele>
      </trkpt>
      <trkpt lat="56.99022506198742" lon="-4.3402860957467047">
        <ele>268</ele>
      </trkpt>
      <trkpt lat="56.99042818996759" lon="-4.3400772458516057">
        <ele>270</ele>
      </trkpt>
      <trkpt lat="56.99051687964906" lon="-4.3399999999999945">
        <ele>270</ele>
      </trkpt>
      <trkpt lat="56.99051687964906" lon="-4.3399999999999839">
        <ele>270</ele>
      </trkpt>
      <trkpt lat="56.99063322525273" lon="-4.3398979591836575">
        <ele>271</ele>
      </trkpt>
      <trkpt lat="56.99079439252338" lon="-4.3395002860957304">
        <ele>270</ele>
      </trkpt>
      <trkpt lat="56.99086305550259" lon="-4.3392962044630776">
        <ele>269</ele>
      </trkpt>
      <trkpt lat="56.99103280564563" lon="-4.338557123784077">
        <ele>270</ele>
      </trkpt>
      <trkpt lat="56.99130173564754" lon="-4.3381069998092538">
        <ele>271</ele>
      </trkpt>
      <trkpt lat="56.99130173564754" lon="-4.3381069998092538">
        <ele>271</ele>
      </trkpt>
      <trkpt lat="56.99136615013864" lon="-4.3380992462131029">
        <ele>272</ele>
      </trkpt>
      <trkpt lat="56.99136615013864" lon="-4.3380992462131029">
        <ele>272</ele>
      </trkpt>
      <trkpt lat="56.99140473011636" lon="-4.3380946023268958">
        <ele>273</ele>
      </trkpt>
      <trkpt lat="56.99140473011636" lon="-4.3380946023268958">
        <ele>273</ele>
      </trkpt>
      <trkpt lat="56.99152393667748" lon="-4.337924852183848">
        <ele>273</ele>
      </trkpt>
      <trkpt lat="56.99169082586307" lon="-4.337924852183848">
        <ele>275</ele>
      </trkpt>
      <trkpt lat="56.99183101277895" lon="-4.3378504672897034">
        <ele>278</ele>
      </trkpt>
      <trkpt lat="56.99194545107763" lon="-4.3376950219339916">
        <ele>280</ele>
      </trkpt>
      <trkpt lat="56.9920617966813" lon="-4.3376301735647367">
        <ele>283</ele>
      </trkpt>
      <trkpt lat="56.99219912263972" lon="-4.3376463856570506">
        <ele>287</ele>
      </trkpt>
      <trkpt lat="56.99230116345605" lon="-4.3375662788479721">
        <ele>290</ele>
      </trkpt>
      <trkpt lat="56.9924270455846" lon="-4.3375815372877966">
        <ele>293</ele>
      </trkpt>
      <trkpt lat="56.99252050352852" lon="-4.3376358954796714">
        <ele>296</ele>
      </trkpt>
      <trkpt lat="56.99269883654397" lon="-4.33771600228875">
        <ele>297</ele>
      </trkpt>
      <trkpt lat="56.99284188441733" lon="-4.3376358954796714">
        <ele>298</ele>
      </trkpt>
      <trkpt lat="56.99295632271601" lon="-4.3374747282090249">
        <ele>298</ele>
      </trkpt>
      <trkpt lat="56.99310223154684" lon="-4.3374156017547048">
        <ele>299</ele>
      </trkpt>
      <trkpt lat="56.99320141140569" lon="-4.3374747282090249">
        <ele>300</ele>
      </trkpt>
      <trkpt lat="56.99364295250812" lon="-4.337667366011809">
        <ele>303</ele>
      </trkpt>
      <trkpt lat="56.99376883463667" lon="-4.3375710471104174">
        <ele>303</ele>
      </trkpt>
      <trkpt lat="56.99403776463858" lon="-4.3370827770360325">
        <ele>300</ele>
      </trkpt>
      <trkpt lat="56.9941312225825" lon="-4.336937821857699">
        <ele>298</ele>
      </trkpt>
      <trkpt lat="56.99427140949839" lon="-4.3368310127789274">
        <ele>298</ele>
      </trkpt>
      <trkpt lat="56.99458420751479" lon="-4.336696547777974">
        <ele>297</ele>
      </trkpt>
      <trkpt lat="56.9948178523746" lon="-4.336581155826801">
        <ele>295</ele>
      </trkpt>
      <trkpt lat="56.99504768262446" lon="-4.3365334732023495">
        <ele>295</ele>
      </trkpt>
      <trkpt lat="56.99519168415031" lon="-4.3366326530612085">
        <ele>296</ele>
      </trkpt>
      <trkpt lat="56.99539862674042" lon="-4.3368844173183136">
        <ele>298</ele>
      </trkpt>
      <trkpt lat="56.99539862674042" lon="-4.3368844173183136">
        <ele>298</ele>
      </trkpt>
      <trkpt lat="56.99554167461378" lon="-4.3369292389852978">
        <ele>299</ele>
      </trkpt>
      <trkpt lat="56.99576101468626" lon="-4.3369769216097493">
        <ele>299</ele>
      </trkpt>
      <trkpt lat="56.99590978447455" lon="-4.3370894526034558">
        <ele>300</ele>
      </trkpt>
      <trkpt lat="56.99618729734885" lon="-4.3372830440587293">
        <ele>302</ele>
      </trkpt>
      <trkpt lat="56.99649151249286" lon="-4.3373154682433563">
        <ele>301</ele>
      </trkpt>
      <trkpt lat="56.9967308792676" lon="-4.3374279992370619">
        <ele>302</ele>
      </trkpt>
      <trkpt lat="56.99700267022698" lon="-4.3380926950219179">
        <ele>311</ele>
      </trkpt>
      <trkpt lat="56.99723917604426" lon="-4.3383292008391985">
        <ele>314</ele>
      </trkpt>
      <trkpt lat="56.99736219721535" lon="-4.3384789242799764">
        <ele>316</ele>
      </trkpt>
      <trkpt lat="56.99761586877743" lon="-4.338715430097257">
        <ele>319</ele>
      </trkpt>
      <trkpt lat="56.99796872019837" lon="-4.3390635132557538">
        <ele>324</ele>
      </trkpt>
      <trkpt lat="56.99796917950223" lon="-4.3390639664388608">
        <ele>324</ele>
      </trkpt>
      <trkpt lat="56.99800305168797" lon="-4.3390425329009954">
        <ele>323</ele>
      </trkpt>
      <trkpt lat="56.9981918748808" lon="-4.3390034331489442">
        <ele>322</ele>
      </trkpt>
      <trkpt lat="56.99826048480865" lon="-4.3390389025111187">
        <ele>323</ele>
      </trkpt>
      <trkpt lat="56.99826048480865" lon="-4.3390389025111187">
        <ele>323</ele>
      </trkpt>
      <trkpt lat="56.99829547961933" lon="-4.3390569938231689">
        <ele>323</ele>
      </trkpt>
      <trkpt lat="56.99829547961933" lon="-4.3390569938231689">
        <ele>323</ele>
      </trkpt>
      <trkpt lat="56.9985571237841" lon="-4.3391922563417733">
        <ele>325</ele>
      </trkpt>
      <trkpt lat="56.99860885675414" lon="-4.3391693561967788">
        <ele>324</ele>
      </trkpt>
      <trkpt lat="56.99860885675414" lon="-4.3391693561967788">
        <ele>324</ele>
      </trkpt>
      <trkpt lat="56.99900305973355" lon="-4.3389948580889239">
        <ele>321</ele>
      </trkpt>
      <trkpt lat="56.99900305973355" lon="-4.3389948580889239">
        <ele>321</ele>
      </trkpt>
      <trkpt lat="56.99938870875454" lon="-4.3388241464810067">
        <ele>318</ele>
      </trkpt>
      <trkpt lat="56.99975871748583" lon="-4.3387170149991992">
        <ele>318</ele>
      </trkpt>
      <trkpt lat="56.99975871748583" lon="-4.3387170149991992">
        <ele>318</ele>
      </trkpt>
      <trkpt lat="56.99978065992753" lon="-4.3387106618348117">
        <ele>318</ele>
      </trkpt>
      <trkpt lat="56.99992752241084" lon="-4.3386000381460841">
        <ele>317</ele>
      </trkpt>
      <trkpt lat="57.00000000000001" lon="-4.3384751096700205">
        <ele>309</ele>
      </trkpt>
      <trkpt lat="56.99999999999999" lon="-4.3384751096700205">
        <ele>309</ele>
      </trkpt>
      <trkpt lat="57.00006770932671" lon="-4.3383578104138696">
        <ele>310</ele>
      </trkpt>
      <trkpt lat="57.00050572970293" lon="-4.3374479519117957">
        <ele>313</ele>
      </trkpt>
      <trkpt lat="57.00050572970293" lon="-4.3374479519117957">
        <ele>313</ele>
      </trkpt>
      <trkpt lat="57.00058649628075" lon="-4.337280183101262">
        <ele>314</ele>
      </trkpt>
      <trkpt lat="57.0007295441541" lon="-4.3368701125309777">
        <ele>314</ele>
      </trkpt>
      <trkpt lat="57.00140568376882" lon="-4.3354672897196105">
        <ele>310</ele>
      </trkpt>
      <trkpt lat="57.00154396337974" lon="-4.3351106236887116">
        <ele>308</ele>
      </trkpt>
      <trkpt lat="57.00181098607666" lon="-4.3338308220484301">
        <ele>299</ele>
      </trkpt>
      <trkpt lat="57.00188537097081" lon="-4.3337001716574317">
        <ele>299</ele>
      </trkpt>
      <trkpt lat="57.00225348083158" lon="-4.3335313751668734">
        <ele>300</ele>
      </trkpt>
      <trkpt lat="57.00256341789051" lon="-4.3330707610146701">
        <ele>297</ele>
      </trkpt>
      <trkpt lat="57.00292294487888" lon="-4.3326902536715464">
        <ele>294</ele>
      </trkpt>
      <trkpt lat="57.00369063513255" lon="-4.3322916269311307">
        <ele>290</ele>
      </trkpt>
      <trkpt lat="57.00436677474728" lon="-4.3321676521075565">
        <ele>295</ele>
      </trkpt>
      <trkpt lat="57.00471390425328" lon="-4.3320856379934991">
        <ele>298</ele>
      </trkpt>
      <trkpt lat="57.00489605187869" lon="-4.3319635704749029">
        <ele>298</ele>
      </trkpt>
      <trkpt lat="57.00500953652488" lon="-4.3316650772458356">
        <ele>296</ele>
      </trkpt>
      <trkpt lat="57.00510204081632" lon="-4.3312635895479525">
        <ele>294</ele>
      </trkpt>
      <trkpt lat="57.00510490177378" lon="-4.3305969864581186">
        <ele>291</ele>
      </trkpt>
      <trkpt lat="57.0050076292199" lon="-4.3299151249284602">
        <ele>286</ele>
      </trkpt>
      <trkpt lat="57.00502670226968" lon="-4.3296643143238445">
        <ele>285</ele>
      </trkpt>
      <trkpt lat="57.0050944115964" lon="-4.329466908258615">
        <ele>284</ele>
      </trkpt>
      <trkpt lat="57.00594030135418" lon="-4.3281499141712603">
        <ele>276</ele>
      </trkpt>
      <trkpt lat="57.0060724619302" lon="-4.3279677301996404">
        <ele>275</ele>
      </trkpt>
      <trkpt lat="57.0060724619302" lon="-4.3279677301996404">
        <ele>275</ele>
      </trkpt>
      <trkpt lat="57.00627373807237" lon="-4.3280923019982351">
        <ele>275</ele>
      </trkpt>
      <trkpt lat="57.00627373807237" lon="-4.3280923019982351">
        <ele>275</ele>
      </trkpt>
      <trkpt lat="57.00639805454891" lon="-4.328274842647323">
        <ele>275</ele>
      </trkpt>
      <trkpt lat="57.0071905397673" lon="-4.3289567041769823">
        <ele>275</ele>
      </trkpt>
      <trkpt lat="57.00745565515925" lon="-4.3292304024413344">
        <ele>276</ele>
      </trkpt>
      <trkpt lat="57.00791722296394" lon="-4.3298359717718702">
        <ele>275</ele>
      </trkpt>
      <trkpt lat="57.00810699980926" lon="-4.3301363723059154">
        <ele>273</ele>
      </trkpt>
      <trkpt lat="57.00850181193972" lon="-4.3311129124546852">
        <ele>272</ele>
      </trkpt>
      <trkpt lat="57.00885561701315" lon="-4.3317785618920306">
        <ele>275</ele>
      </trkpt>
      <trkpt lat="57.00905683768833" lon="-4.3321218767880829">
        <ele>276</ele>
      </trkpt>
      <trkpt lat="57.00930669464046" lon="-4.3325262254434325">
        <ele>279</ele>
      </trkpt>
      <trkpt lat="57.00941445737173" lon="-4.332653061224474">
        <ele>281</ele>
      </trkpt>
      <trkpt lat="57.00952698836543" lon="-4.3327093267213268">
        <ele>281</ele>
      </trkpt>
      <trkpt lat="57.00967575815372" lon="-4.332687392714079">
        <ele>280</ele>
      </trkpt>
      <trkpt lat="57.00985981308411" lon="-4.3327570093457783">
        <ele>280</ele>
      </trkpt>
      <trkpt lat="57.0099389662407" lon="-4.3329420179286506">
        <ele>281</ele>
      </trkpt>
      <trkpt lat="57.00998474156017" lon="-4.333125119206545">
        <ele>282</ele>
      </trkpt>
      <trkpt lat="57.01000572191492" lon="-4.3337392714094829">
        <ele>283</ele>
      </trkpt>
      <trkpt lat="57.01004672897195" lon="-4.3338947167651947">
        <ele>283</ele>
      </trkpt>
      <trkpt lat="57.01010680907876" lon="-4.3339614724394275">
        <ele>282</ele>
      </trkpt>
      <trkpt lat="57.01010680907876" lon="-4.3339614724394275">
        <ele>282</ele>
      </trkpt>
      <trkpt lat="57.01010460299663" lon="-4.3339781406155007">
        <ele>282</ele>
      </trkpt>
      <trkpt lat="57.01010460299663" lon="-4.3339781406155007">
        <ele>282</ele>
      </trkpt>
      <trkpt lat="57.01010680907876" lon="-4.3339614724394275">
        <ele>282</ele>
      </trkpt>
      <trkpt lat="57.01010680907876" lon="-4.3339614724394275">
        <ele>282</ele>
      </trkpt>
      <trkpt lat="57.01018405493038" lon="-4.3337201983597016">
        <ele>281</ele>
      </trkpt>
      <trkpt lat="57.01031089071142" lon="-4.3334197978256563">
        <ele>279</ele>
      </trkpt>
      <trkpt lat="57.01040625596032" lon="-4.3332214381079375">
        <ele>277</ele>
      </trkpt>
      <trkpt lat="57.01051020408163" lon="-4.3330822048445388">
        <ele>274</ele>
      </trkpt>
      <trkpt lat="57.01063990082013" lon="-4.3329696738508332">
        <ele>272</ele>
      </trkpt>
      <trkpt lat="57.01080011443829" lon="-4.3328809841693525">
        <ele>270</ele>
      </trkpt>
      <trkpt lat="57.01134773228462" lon="-4.3327164603751713">
        <ele>265</ele>
      </trkpt>
      <trkpt lat="57.01134773228462" lon="-4.3327164603751713">
        <ele>265</ele>
      </trkpt>
      <trkpt lat="57.01211424756818" lon="-4.3324861720388927">
        <ele>261</ele>
      </trkpt>
      <trkpt lat="57.01211424756818" lon="-4.3324861720388927">
        <ele>261</ele>
      </trkpt>
      <trkpt lat="57.01246042342169" lon="-4.332393667747457">
        <ele>260</ele>
      </trkpt>
      <trkpt lat="57.01246042342169" lon="-4.332393667747457">
        <ele>260</ele>
      </trkpt>
      <trkpt lat="57.01253290101086" lon="-4.3323621972153186">
        <ele>260</ele>
      </trkpt>
      <trkpt lat="57.01253290101086" lon="-4.3323621972153186">
        <ele>260</ele>
      </trkpt>
      <trkpt lat="57.01256151058553" lon="-4.3323316803356695">
        <ele>260</ele>
      </trkpt>
      <trkpt lat="57.01258344459278" lon="-4.3322973488460645">
        <ele>260</ele>
      </trkpt>
      <trkpt lat="57.01260537860003" lon="-4.3322305931718326">
        <ele>260</ele>
      </trkpt>
      <trkpt lat="57.01262445164981" lon="-4.3320055311844206">
        <ele>260</ele>
      </trkpt>
      <trkpt lat="57.01263684913216" lon="-4.3305254625214413">
        <ele>259</ele>
      </trkpt>
      <trkpt lat="57.01265210757199" lon="-4.3300495899294136">
        <ele>259</ele>
      </trkpt>
      <trkpt lat="57.01269788289147" lon="-4.3295098226206212">
        <ele>258</ele>
      </trkpt>
      <trkpt lat="57.01274270455845" lon="-4.3291684150295477">
        <ele>258</ele>
      </trkpt>
      <trkpt lat="57.01280659927522" lon="-4.3288136563036268">
        <ele>258</ele>
      </trkpt>
      <trkpt lat="57.01309746328437" lon="-4.3266288384512528">
        <ele>256</ele>
      </trkpt>
      <trkpt lat="57.01325672325004" lon="-4.3257276368491162">
        <ele>256</ele>
      </trkpt>
      <trkpt lat="57.01340358573335" lon="-4.3250534045393696">
        <ele>256</ele>
      </trkpt>
      <trkpt lat="57.01402918176615" lon="-4.3226311272172264">
        <ele>257</ele>
      </trkpt>
      <trkpt lat="57.01422277322143" lon="-4.3218424566087954">
        <ele>258</ele>
      </trkpt>
      <trkpt lat="57.01424375357619" lon="-4.3216994087354408">
        <ele>258</ele>
      </trkpt>
      <trkpt lat="57.01427045584588" lon="-4.3208926187297187">
        <ele>256</ele>
      </trkpt>
      <trkpt lat="57.01430860194544" lon="-4.3199999999999843">
        <ele>256</ele>
      </trkpt>
      <trkpt lat="57.01430860194544" lon="-4.3200000000000021">
        <ele>256</ele>
      </trkpt>
      <trkpt lat="57.01433339691015" lon="-4.3197320236505838">
        <ele>257</ele>
      </trkpt>
      <trkpt lat="57.01436677474727" lon="-4.3195327102803764">
        <ele>258</ele>
      </trkpt>
      <trkpt lat="57.01466431432385" lon="-4.3180354758725947">
        <ele>258</ele>
      </trkpt>
      <trkpt lat="57.01478447453747" lon="-4.3173888994850298">
        <ele>258</ele>
      </trkpt>
      <trkpt lat="57.01504386801449" lon="-4.316378027846655">
        <ele>257</ele>
      </trkpt>
      <trkpt lat="57.01518786954033" lon="-4.315747663551404">
        <ele>258</ele>
      </trkpt>
      <trkpt lat="57.01526320808696" lon="-4.3153328247186744">
        <ele>258</ele>
      </trkpt>
      <trkpt lat="57.01529658592408" lon="-4.31510108716384">
        <ele>258</ele>
      </trkpt>
      <trkpt lat="57.01530802975395" lon="-4.3148693496090047">
        <ele>258</ele>
      </trkpt>
      <trkpt lat="57.01531184436391" lon="-4.3146700362387964">
        <ele>258</ele>
      </trkpt>
      <trkpt lat="57.01530230783901" lon="-4.314438298683962">
        <ele>257</ele>
      </trkpt>
      <trkpt lat="57.01524794964714" lon="-4.3138413122258275">
        <ele>256</ele>
      </trkpt>
      <trkpt lat="57.0151554453557" lon="-4.3124594697692187">
        <ele>253</ele>
      </trkpt>
      <trkpt lat="57.01503814609955" lon="-4.3111110051497255">
        <ele>253</ele>
      </trkpt>
      <trkpt lat="57.01496566851038" lon="-4.3104701506770953">
        <ele>253</ele>
      </trkpt>
      <trkpt lat="57.01488460804882" lon="-4.3099399198931936">
        <ele>253</ele>
      </trkpt>
      <trkpt lat="57.01483597177188" lon="-4.309685294678621">
        <ele>253</ele>
      </trkpt>
      <trkpt lat="57.01477589166507" lon="-4.3094144573717363">
        <ele>252</ele>
      </trkpt>
      <trkpt lat="57.01471008964332" lon="-4.309182719816901">
        <ele>252</ele>
      </trkpt>
      <trkpt lat="57.01469769216096" lon="-4.3090835399580412">
        <ele>252</ele>
      </trkpt>
      <trkpt lat="57.01470246042341" lon="-4.3089910356666055">
        <ele>252</ele>
      </trkpt>
      <trkpt lat="57.01474537478542" lon="-4.3088899485027676">
        <ele>252</ele>
      </trkpt>
      <trkpt lat="57.01480926950219" lon="-4.3088470341407614">
        <ele>252</ele>
      </trkpt>
      <trkpt lat="57.01491798588594" lon="-4.308813656303645">
        <ele>251</ele>
      </trkpt>
      <trkpt lat="57.01512874308601" lon="-4.3088680144955198">
        <ele>251</ele>
      </trkpt>
      <trkpt lat="57.01580392904825" lon="-4.3089128361625049">
        <ele>251</ele>
      </trkpt>
      <trkpt lat="57.01627121876787" lon="-4.3089624260919344">
        <ele>251</ele>
      </trkpt>
      <trkpt lat="57.01672706465763" lon="-4.3089824527942042">
        <ele>250</ele>
      </trkpt>
      <trkpt lat="57.01691111958802" lon="-4.3089624260919344">
        <ele>251</ele>
      </trkpt>
      <trkpt lat="57.01701888231927" lon="-4.3089423993896645">
        <ele>251</ele>
      </trkpt>
      <trkpt lat="57.01728399771122" lon="-4.3088384512683602">
        <ele>251</ele>
      </trkpt>
      <trkpt lat="57.01763208086972" lon="-4.3085809650963212">
        <ele>252</ele>
      </trkpt>
      <trkpt lat="57.0183559031089" lon="-4.3080097272553903">
        <ele>256</ele>
      </trkpt>
      <trkpt lat="57.01875262254433" lon="-4.3077074194163671">
        <ele>259</ele>
      </trkpt>
      <trkpt lat="57.01892332633987" lon="-4.3075290864009181">
        <ele>260</ele>
      </trkpt>
      <trkpt lat="57.01933339691016" lon="-4.3068643906160622">
        <ele>262</ele>
      </trkpt>
      <trkpt lat="57.01941445737172" lon="-4.3067098989128381">
        <ele>263</ele>
      </trkpt>
      <trkpt lat="57.01950886896814" lon="-4.3065067709326748">
        <ele>263</ele>
      </trkpt>
      <trkpt lat="57.01961949265687" lon="-4.3062187678809867">
        <ele>263</ele>
      </trkpt>
      <trkpt lat="57.01973297730306" lon="-4.3060251764257131">
        <ele>263</ele>
      </trkpt>
      <trkpt lat="57.01999999999999" lon="-4.3056170131604068">
        <ele>263</ele>
      </trkpt>
      <trkpt lat="57.02" lon="-4.3056170131604068">
        <ele>263</ele>
      </trkpt>
      <trkpt lat="57.02021361815754" lon="-4.3052832347892451">
        <ele>265</ele>
      </trkpt>
      <trkpt lat="57.02022381089967" lon="-4.3052644554340471">
        <ele>265</ele>
      </trkpt>
      <trkpt lat="57.02022381089967" lon="-4.3052644554340471">
        <ele>265</ele>
      </trkpt>
      <trkpt lat="57.02037097081823" lon="-4.3049933244325791">
        <ele>266</ele>
      </trkpt>
      <trkpt lat="57.0204787335495" lon="-4.3047606332252553">
        <ele>266</ele>
      </trkpt>
      <trkpt lat="57.02058077436583" lon="-4.3044869349609023">
        <ele>265</ele>
      </trkpt>
      <trkpt lat="57.02084875071524" lon="-4.3034083539958061">
        <ele>263</ele>
      </trkpt>
      <trkpt lat="57.02088308220485" lon="-4.3032042723631534">
        <ele>262</ele>
      </trkpt>
      <trkpt lat="57.02092599656685" lon="-4.3027303070761036">
        <ele>260</ele>
      </trkpt>
      <trkpt lat="57.02095746709899" lon="-4.3024432576769049">
        <ele>258</ele>
      </trkpt>
      <trkpt lat="57.02101182529086" lon="-4.3021886324623333">
        <ele>259</ele>
      </trkpt>
      <trkpt lat="57.02119397291627" lon="-4.3015849704367755">
        <ele>259</ele>
      </trkpt>
      <trkpt lat="57.02121399961854" lon="-4.3014753004005364">
        <ele>260</ele>
      </trkpt>
      <trkpt lat="57.02122162883845" lon="-4.3012330726683219">
        <ele>259</ele>
      </trkpt>
      <trkpt lat="57.02119588022125" lon="-4.3009813084112176">
        <ele>259</ele>
      </trkpt>
      <trkpt lat="57.02102040816327" lon="-4.3002117108525679">
        <ele>256</ele>
      </trkpt>
      <trkpt lat="57.02098893763113" lon="-4.3000000000000025">
        <ele>256</ele>
      </trkpt>
      <trkpt lat="57.02098893763113" lon="-4.2999999999999918">
        <ele>256</ele>
      </trkpt>
      <trkpt lat="57.0209822620637" lon="-4.2999380125882052">
        <ele>256</ele>
      </trkpt>
      <trkpt lat="57.02097844745375" lon="-4.2997530040053329">
        <ele>256</ele>
      </trkpt>
      <trkpt lat="57.02098798397864" lon="-4.2995651344649932">
        <ele>256</ele>
      </trkpt>
      <trkpt lat="57.02100991798589" lon="-4.2993744039671862">
        <ele>257</ele>
      </trkpt>
      <trkpt lat="57.0212178142285" lon="-4.2984169368681977">
        <ele>263</ele>
      </trkpt>
      <trkpt lat="57.02127503337784" lon="-4.2980631317947662">
        <ele>264</ele>
      </trkpt>
      <trkpt lat="57.02138088880412" lon="-4.2974947549113027">
        <ele>267</ele>
      </trkpt>
      <trkpt lat="57.02139710089644" lon="-4.2973068853709631">
        <ele>267</ele>
      </trkpt>
      <trkpt lat="57.02139233263399" lon="-4.2971533473202284">
        <ele>267</ele>
      </trkpt>
      <trkpt lat="57.02136086210185" lon="-4.2967537669273241">
        <ele>266</ele>
      </trkpt>
      <trkpt lat="57.02135895479687" lon="-4.296469578485592">
        <ele>266</ele>
      </trkpt>
      <trkpt lat="57.02143715430098" lon="-4.2946795727636768">
        <ele>268</ele>
      </trkpt>
      <trkpt lat="57.02143810795346" lon="-4.2935437726492385">
        <ele>270</ele>
      </trkpt>
      <trkpt lat="57.02147053213809" lon="-4.293058363532321">
        <ele>273</ele>
      </trkpt>
      <trkpt lat="57.02147720770552" lon="-4.2928809841693605">
        <ele>274</ele>
      </trkpt>
      <trkpt lat="57.02146767118062" lon="-4.2927255388136487">
        <ele>274</ele>
      </trkpt>
      <trkpt lat="57.02144096891093" lon="-4.2925348083158417">
        <ele>275</ele>
      </trkpt>
      <trkpt lat="57.02136658401678" lon="-4.2921485790577831">
        <ele>273</ele>
      </trkpt>
      <trkpt lat="57.02131699408736" lon="-4.2917861911119513">
        <ele>272</ele>
      </trkpt>
      <trkpt lat="57.02130650390998" lon="-4.2915287049399122">
        <ele>271</ele>
      </trkpt>
      <trkpt lat="57.02132557695975" lon="-4.2904911310318443">
        <ele>272</ele>
      </trkpt>
      <trkpt lat="57.02131508678238" lon="-4.2902660690444323">
        <ele>272</ele>
      </trkpt>
      <trkpt lat="57.02125691398054" lon="-4.2897558649627996">
        <ele>270</ele>
      </trkpt>
      <trkpt lat="57.02116250238413" lon="-4.289128361625016">
        <ele>269</ele>
      </trkpt>
      <trkpt lat="57.02096986458135" lon="-4.2880288003051605">
        <ele>265</ele>
      </trkpt>
      <trkpt lat="57.0208439824528" lon="-4.287186725157345">
        <ele>263</ele>
      </trkpt>
      <trkpt lat="57.0208439824528" lon="-4.287186725157345">
        <ele>263</ele>
      </trkpt>
      <trkpt lat="57.02081918748808" lon="-4.2870722868586606">
        <ele>263</ele>
      </trkpt>
      <trkpt lat="57.02081918748808" lon="-4.2870722868586606">
        <ele>263</ele>
      </trkpt>
      <trkpt lat="57.02075433911882" lon="-4.2868348273888914">
        <ele>263</ele>
      </trkpt>
      <trkpt lat="57.0206866297921" lon="-4.2866736601182449">
        <ele>262</ele>
      </trkpt>
      <trkpt lat="57.02060080106809" lon="-4.2863770741941556">
        <ele>262</ele>
      </trkpt>
      <trkpt lat="57.02054358191875" lon="-4.286154873164211">
        <ele>262</ele>
      </trkpt>
      <trkpt lat="57.02045393858478" lon="-4.2858563799351437">
        <ele>261</ele>
      </trkpt>
      <trkpt lat="57.02" lon="-4.2846728971962538">
        <ele>260</ele>
      </trkpt>
      <trkpt lat="57.01999999999999" lon="-4.2846728971962538">
        <ele>260</ele>
      </trkpt>
      <trkpt lat="57.01987411787144" lon="-4.2843419797825595">
        <ele>260</ele>
      </trkpt>
      <trkpt lat="57.01980164028227" lon="-4.2841150104901695">
        <ele>260</ele>
      </trkpt>
      <trkpt lat="57.01965668510394" lon="-4.2835571237840853">
        <ele>260</ele>
      </trkpt>
      <trkpt lat="57.01959755864962" lon="-4.2833959565134387">
        <ele>260</ele>
      </trkpt>
      <trkpt lat="57.01954606141521" lon="-4.2833139423993813">
        <ele>260</ele>
      </trkpt>
      <trkpt lat="57.01954606141521" lon="-4.2833139423993813">
        <ele>260</ele>
      </trkpt>
      <trkpt lat="57.01956894907494" lon="-4.2832719816898646">
        <ele>260</ele>
      </trkpt>
      <trkpt lat="57.01957562464237" lon="-4.2832157161930109">
        <ele>260</ele>
      </trkpt>
      <trkpt lat="57.01953175662788" lon="-4.2828952889566958">
        <ele>260</ele>
      </trkpt>
      <trkpt lat="57.01953175662788" lon="-4.2828952889566958">
        <ele>260</ele>
      </trkpt>
      <trkpt lat="57.0194945641808" lon="-4.2825758153728701">
        <ele>260</ele>
      </trkpt>
      <trkpt lat="57.01945546442875" lon="-4.282549113103177">
        <ele>260</ele>
      </trkpt>
      <trkpt lat="57.01945521441802" lon="-4.2825489424094805">
        <ele>260</ele>
      </trkpt>
      <trkpt lat="57.01945355712378" lon="-4.2824308601945376">
        <ele>260</ele>
      </trkpt>
      <trkpt lat="57.01943066946404" lon="-4.2820188823192753">
        <ele>260</ele>
      </trkpt>
      <trkpt lat="57.01942590120159" lon="-4.2817509059698562">
        <ele>260</ele>
      </trkpt>
      <trkpt lat="57.01944783520884" lon="-4.2813208086973029">
        <ele>258</ele>
      </trkpt>
      <trkpt lat="57.01959279038717" lon="-4.2802260156398928">
        <ele>257</ele>
      </trkpt>
      <trkpt lat="57.01963189013922" lon="-4.2799999999999923">
        <ele>257</ele>
      </trkpt>
      <trkpt lat="57.01963189013922" lon="-4.28000000000001">
        <ele>257</ele>
      </trkpt>
      <trkpt lat="57.01967003623879" lon="-4.2797758916650874">
        <ele>257</ele>
      </trkpt>
      <trkpt lat="57.0197997329773" lon="-4.27914266641237">
        <ele>255</ele>
      </trkpt>
      <trkpt lat="57.01983978638183" lon="-4.2788775510204182">
        <ele>254</ele>
      </trkpt>
      <trkpt lat="57.0198512302117" lon="-4.2786763303452329">
        <ele>253</ele>
      </trkpt>
      <trkpt lat="57.01984550829677" lon="-4.2784102613007926">
        <ele>251</ele>
      </trkpt>
      <trkpt lat="57.01984550829677" lon="-4.2784102613007926">
        <ele>251</ele>
      </trkpt>
      <trkpt lat="57.01982452794201" lon="-4.2781527751287536">
        <ele>250</ele>
      </trkpt>
      <trkpt lat="57.01973679191302" lon="-4.2772973488460906">
        <ele>249</ele>
      </trkpt>
      <trkpt lat="57.01969769216097" lon="-4.2764218958611586">
        <ele>250</ele>
      </trkpt>
      <trkpt lat="57.0196166316994" lon="-4.2716355140187021">
        <ele>252</ele>
      </trkpt>
      <trkpt lat="57.0196166316994" lon="-4.2716355140187021">
        <ele>252</ele>
      </trkpt>
      <trkpt lat="57.01961281708945" lon="-4.2715563608621121">
        <ele>252</ele>
      </trkpt>
      <trkpt lat="57.01960995613198" lon="-4.2714772077055221">
        <ele>252</ele>
      </trkpt>
      <trkpt lat="57.01960995613198" lon="-4.2714772077055221">
        <ele>252</ele>
      </trkpt>
      <trkpt lat="57.01937821857714" lon="-4.2659517451840649">
        <ele>251</ele>
      </trkpt>
      <trkpt lat="57.01937535761967" lon="-4.2653375929811279">
        <ele>251</ele>
      </trkpt>
      <trkpt lat="57.01942017928666" lon="-4.2646023269120832">
        <ele>254</ele>
      </trkpt>
      <trkpt lat="57.01952412740796" lon="-4.263266259774948">
        <ele>259</ele>
      </trkpt>
      <trkpt lat="57.01951649818805" lon="-4.2630011443829972">
        <ele>260</ele>
      </trkpt>
      <trkpt lat="57.01939538432195" lon="-4.2617270646576486">
        <ele>264</ele>
      </trkpt>
      <trkpt lat="57.01934770169749" lon="-4.2609946595460713">
        <ele>267</ele>
      </trkpt>
      <trkpt lat="57.01930955559793" lon="-4.2605922181956997">
        <ele>269</ele>
      </trkpt>
      <trkpt lat="57.01922277322143" lon="-4.2600000000000104">
        <ele>269</ele>
      </trkpt>
      <trkpt lat="57.01922277322143" lon="-4.2599999999999998">
        <ele>269</ele>
      </trkpt>
      <trkpt lat="57.01915512314841" lon="-4.2594874512114735">
        <ele>268</ele>
      </trkpt>
      <trkpt lat="57.01915512314841" lon="-4.2594874512114735">
        <ele>268</ele>
      </trkpt>
      <trkpt lat="57.01914171275986" lon="-4.2593858477970628">
        <ele>268</ele>
      </trkpt>
      <trkpt lat="57.0190864009155" lon="-4.2584693877551016">
        <ele>267</ele>
      </trkpt>
      <trkpt lat="57.01905683768834" lon="-4.2577703604806407">
        <ele>265</ele>
      </trkpt>
      <trkpt lat="57.01903585733358" lon="-4.2575376692733169">
        <ele>264</ele>
      </trkpt>
      <trkpt lat="57.01895193591454" lon="-4.2571218767880987">
        <ele>262</ele>
      </trkpt>
      <trkpt lat="57.01883177570092" lon="-4.2567356475300402">
        <ele>259</ele>
      </trkpt>
      <trkpt lat="57.01855140186915" lon="-4.2558945260347132">
        <ele>254</ele>
      </trkpt>
      <trkpt lat="57.01849322906732" lon="-4.2556732786572571">
        <ele>253</ele>
      </trkpt>
      <trkpt lat="57.01847892427998" lon="-4.2555788670608434">
        <ele>253</ele>
      </trkpt>
      <trkpt lat="57.01847062221765" lon="-4.2555156513572809">
        <ele>253</ele>
      </trkpt>
      <trkpt lat="57.01847062221765" lon="-4.2555156513572809">
        <ele>253</ele>
      </trkpt>
      <trkpt lat="57.01847892427998" lon="-4.2555788670608434">
        <ele>253</ele>
      </trkpt>
      <trkpt lat="57.01847892427998" lon="-4.2555788670608434">
        <ele>253</ele>
      </trkpt>
      <trkpt lat="57.0185380507343" lon="-4.2555445355712376">
        <ele>254</ele>
      </trkpt>
      <trkpt lat="57.01867060843028" lon="-4.255511157734122">
        <ele>255</ele>
      </trkpt>
      <trkpt lat="57.01904825481594" lon="-4.2555235552164792">
        <ele>259</ele>
      </trkpt>
      <trkpt lat="57.01926187297348" lon="-4.2555521647911503">
        <ele>262</ele>
      </trkpt>
      <trkpt lat="57.01931623116536" lon="-4.2555283234789245">
        <ele>263</ele>
      </trkpt>
      <trkpt lat="57.01935342361243" lon="-4.2554739652870497">
        <ele>263</ele>
      </trkpt>
      <trkpt lat="57.01938870875452" lon="-4.2553700171657445">
        <ele>263</ele>
      </trkpt>
      <trkpt lat="57.01942304024413" lon="-4.2549999999999999">
        <ele>263</ele>
      </trkpt>
      <trkpt lat="57.01944211329391" lon="-4.2546423803166125">
        <ele>263</ele>
      </trkpt>
      <trkpt lat="57.01943734503146" lon="-4.2541045203127981">
        <ele>262</ele>
      </trkpt>
      <trkpt lat="57.01947644478351" lon="-4.2539080679000572">
        <ele>263</ele>
      </trkpt>
      <trkpt lat="57.01962712187678" lon="-4.2534751096700365">
        <ele>265</ele>
      </trkpt>
      <trkpt lat="57.0197558649628" lon="-4.2530183101277892">
        <ele>266</ele>
      </trkpt>
      <trkpt lat="57.01999999999999" lon="-4.2525243181384704">
        <ele>268</ele>
      </trkpt>
      <trkpt lat="57.02" lon="-4.2525243181384704">
        <ele>268</ele>
      </trkpt>
      <trkpt lat="57.02009822620637" lon="-4.2523154682433724">
        <ele>269</ele>
      </trkpt>
      <trkpt lat="57.0201563990082" lon="-4.2521466717528131">
        <ele>269</ele>
      </trkpt>
      <trkpt lat="57.0202260156399" lon="-4.2514362006484836">
        <ele>269</ele>
      </trkpt>
      <trkpt lat="57.02030040053405" lon="-4.2511110051497232">
        <ele>269</ele>
      </trkpt>
      <trkpt lat="57.02045870684723" lon="-4.2506494373450314">
        <ele>269</ele>
      </trkpt>
      <trkpt lat="57.02055788670609" lon="-4.2502546252145716">
        <ele>269</ele>
      </trkpt>
      <trkpt lat="57.02058649628076" lon="-4.250032424184627">
        <ele>269</ele>
      </trkpt>
      <trkpt lat="57.02059603280565" lon="-4.2498693496090025">
        <ele>269</ele>
      </trkpt>
      <trkpt lat="57.02058840358573" lon="-4.2496061415220296">
        <ele>269</ele>
      </trkpt>
      <trkpt lat="57.02043105092505" lon="-4.2478142284951366">
        <ele>267</ele>
      </trkpt>
      <trkpt lat="57.02041293152775" lon="-4.2475233644859811">
        <ele>267</ele>
      </trkpt>
      <trkpt lat="57.0204262826626" lon="-4.2468834636658404">
        <ele>268</ele>
      </trkpt>
      <trkpt lat="57.02040434865535" lon="-4.2465210757200076">
        <ele>268</ele>
      </trkpt>
      <trkpt lat="57.02034712950601" lon="-4.2461272172420372">
        <ele>268</ele>
      </trkpt>
      <trkpt lat="57.02017547205799" lon="-4.2454548922372686">
        <ele>268</ele>
      </trkpt>
      <trkpt lat="57.0201478161358" lon="-4.2452555788670612">
        <ele>269</ele>
      </trkpt>
      <trkpt lat="57.02010108716384" lon="-4.2446709898912838">
        <ele>271</ele>
      </trkpt>
      <trkpt lat="57.02" lon="-4.2439652870493996">
        <ele>272</ele>
      </trkpt>
      <trkpt lat="57.01999999999999" lon="-4.2439652870493996">
        <ele>272</ele>
      </trkpt>
      <trkpt lat="57.01995803929047" lon="-4.2435895479687202">
        <ele>273</ele>
      </trkpt>
      <trkpt lat="57.01991417127598" lon="-4.2433778371161548">
        <ele>273</ele>
      </trkpt>
      <trkpt lat="57.019738699218" lon="-4.242707419416365">
        <ele>270</ele>
      </trkpt>
      <trkpt lat="57.01965859240892" lon="-4.2424766355140191">
        <ele>269</ele>
      </trkpt>
      <trkpt lat="57.01959374403966" lon="-4.2423478924279996">
        <ele>269</ele>
      </trkpt>
      <trkpt lat="57.0195212664505" lon="-4.2422582490940304">
        <ele>268</ele>
      </trkpt>
      <trkpt lat="57.01927999237077" lon="-4.2419912263971007">
        <ele>267</ele>
      </trkpt>
      <trkpt lat="57.019216097654" lon="-4.2418996757581535">
        <ele>266</ele>
      </trkpt>
      <trkpt lat="57.01914457371733" lon="-4.2417737936296014">
        <ele>266</ele>
      </trkpt>
      <trkpt lat="57.01895479687201" lon="-4.2412941064276177">
        <ele>266</ele>
      </trkpt>
      <trkpt lat="57.01889280946023" lon="-4.2411691779515541">
        <ele>266</ele>
      </trkpt>
      <trkpt lat="57.01875452984931" lon="-4.2410337592981113">
        <ele>265</ele>
      </trkpt>
      <trkpt lat="57.01866679382032" lon="-4.2409822620637039">
        <ele>264</ele>
      </trkpt>
      <trkpt lat="57.01826339881746" lon="-4.2409727255388132">
        <ele>257</ele>
      </trkpt>
      <trkpt lat="57.01826339881746" lon="-4.2409727255388132">
        <ele>257</ele>
      </trkpt>
      <trkpt lat="57.01820522601563" lon="-4.240492084684341">
        <ele>259</ele>
      </trkpt>
      <trkpt lat="57.01812607285904" lon="-4.2401611672706467">
        <ele>260</ele>
      </trkpt>
      <trkpt lat="57.01812607285904" lon="-4.2401611672706467">
        <ele>260</ele>
      </trkpt>
      <trkpt lat="57.01820999427807" lon="-4.2400000000000002">
        <ele>262</ele>
      </trkpt>
      <trkpt lat="57.01820999427807" lon="-4.2399999999999896">
        <ele>262</ele>
      </trkpt>
      <trkpt lat="57.01822716002288" lon="-4.2399656685103846">
        <ele>263</ele>
      </trkpt>
      <trkpt lat="57.01820045775319" lon="-4.239727255388126">
        <ele>264</ele>
      </trkpt>
      <trkpt lat="57.01786572572954" lon="-4.2386496280755193">
        <ele>263</ele>
      </trkpt>
      <trkpt lat="57.01782376502002" lon="-4.2380268930001801">
        <ele>264</ele>
      </trkpt>
      <trkpt lat="57.01795727636848" lon="-4.2374461186343595">
        <ele>267</ele>
      </trkpt>
      <trkpt lat="57.01823097463284" lon="-4.237236315086772">
        <ele>271</ele>
      </trkpt>
      <trkpt lat="57.01884035857333" lon="-4.2372296395193487">
        <ele>273</ele>
      </trkpt>
      <trkpt lat="57.01892046538241" lon="-4.2371314133129783">
        <ele>273</ele>
      </trkpt>
      <trkpt lat="57.01896242609192" lon="-4.236913980545479">
        <ele>272</ele>
      </trkpt>
      <trkpt lat="57.01916841502955" lon="-4.2359908449360955">
        <ele>272</ele>
      </trkpt>
      <trkpt lat="57.01930384144263" lon="-4.2350853242588471">
        <ele>272</ele>
      </trkpt>
      <trkpt lat="57.01930384144263" lon="-4.2350853242588471">
        <ele>272</ele>
      </trkpt>
      <trkpt lat="57.01939347701697" lon="-4.234485981308401">
        <ele>272</ele>
      </trkpt>
      <trkpt lat="57.01953366393285" lon="-4.2332262063703885">
        <ele>274</ele>
      </trkpt>
      <trkpt lat="57.01973583826053" lon="-4.2330793438870771">
        <ele>275</ele>
      </trkpt>
      <trkpt lat="57.01994182719816" lon="-4.2330726683196538">
        <ele>277</ele>
      </trkpt>
      <trkpt lat="57.01998760251763" lon="-4.2329982834255091">
        <ele>278</ele>
      </trkpt>
      <trkpt lat="57.01999999999999" lon="-4.2329410642761678">
        <ele>278</ele>
      </trkpt>
      <trkpt lat="57.02" lon="-4.2329410642761678">
        <ele>278</ele>
      </trkpt>
      <trkpt lat="57.02008582872401" lon="-4.232546252145708">
        <ele>278</ele>
      </trkpt>
      <trkpt lat="57.02008582872401" lon="-4.232546252145708">
        <ele>278</ele>
      </trkpt>
      <trkpt lat="57.02055502574862" lon="-4.2326177760823853">
        <ele>278</ele>
      </trkpt>
      <trkpt lat="57.02072668319664" lon="-4.2323869921800394">
        <ele>279</ele>
      </trkpt>
      <trkpt lat="57.02084779706275" lon="-4.231512492847596">
        <ele>275</ele>
      </trkpt>
      <trkpt lat="57.02084779706275" lon="-4.231512492847596">
        <ele>275</ele>
      </trkpt>
      <trkpt lat="57.02092599656685" lon="-4.2316355140186817">
        <ele>276</ele>
      </trkpt>
      <trkpt lat="57.02092599656685" lon="-4.2316355140186817">
        <ele>276</ele>
      </trkpt>
      <trkpt lat="57.02103280564562" lon="-4.2317222963951835">
        <ele>276</ele>
      </trkpt>
      <trkpt lat="57.02103280564562" lon="-4.2317222963951835">
        <ele>276</ele>
      </trkpt>
      <trkpt lat="57.02123879458325" lon="-4.2322706465763771">
        <ele>277</ele>
      </trkpt>
      <trkpt lat="57.02139710089644" lon="-4.2324537478542714">
        <ele>277</ele>
      </trkpt>
      <trkpt lat="57.02154491703224" lon="-4.2325338546633509">
        <ele>277</ele>
      </trkpt>
      <trkpt lat="57.02185008582872" lon="-4.2325834445927804">
        <ele>279</ele>
      </trkpt>
      <trkpt lat="57.02239748235743" lon="-4.2326549685294577">
        <ele>286</ele>
      </trkpt>
      <trkpt lat="57.02271790959374" lon="-4.2325348083158394">
        <ele>290</ele>
      </trkpt>
      <trkpt lat="57.02287268192696" lon="-4.2323865148244808">
        <ele>291</ele>
      </trkpt>
      <trkpt lat="57.02287268192696" lon="-4.2323865148244808">
        <ele>291</ele>
      </trkpt>
      <trkpt lat="57.02292294487889" lon="-4.2323383559030985">
        <ele>291</ele>
      </trkpt>
      <trkpt lat="57.02302784665268" lon="-4.2323545679954124">
        <ele>292</ele>
      </trkpt>
      <trkpt lat="57.02463856570666" lon="-4.2327283997711129">
        <ele>304</ele>
      </trkpt>
      <trkpt lat="57.02525748617204" lon="-4.2326749952317275">
        <ele>306</ele>
      </trkpt>
      <trkpt lat="57.02582395575052" lon="-4.2322668319664212">
        <ele>307</ele>
      </trkpt>
      <trkpt lat="57.02716765210757" lon="-4.2317747472820804">
        <ele>311</ele>
      </trkpt>
      <trkpt lat="57.02753290101087" lon="-4.2322706465763771">
        <ele>312</ele>
      </trkpt>
      <trkpt lat="57.02775224108335" lon="-4.2322143810795243">
        <ele>313</ele>
      </trkpt>
      <trkpt lat="57.02815372878123" lon="-4.2324060652298199">
        <ele>316</ele>
      </trkpt>
      <trkpt lat="57.02932767499523" lon="-4.233275796299818">
        <ele>322</ele>
      </trkpt>
      <trkpt lat="57.03001049017738" lon="-4.2333616250238313">
        <ele>323</ele>
      </trkpt>
      <trkpt lat="57.03145908830822" lon="-4.2340797253480726">
        <ele>326</ele>
      </trkpt>
      <trkpt lat="57.03171562082777" lon="-4.2341445737173276">
        <ele>328</ele>
      </trkpt>
      <trkpt lat="57.0320255578867" lon="-4.2339633797444112">
        <ele>329</ele>
      </trkpt>
      <trkpt lat="57.03246900629411" lon="-4.2339404920846739">
        <ele>332</ele>
      </trkpt>
      <trkpt lat="57.03279706275033" lon="-4.2337707419416262">
        <ele>336</ele>
      </trkpt>
      <trkpt lat="57.03347606332252" lon="-4.233758344459269">
        <ele>346</ele>
      </trkpt>
      <trkpt lat="57.03358477970627" lon="-4.2338022124737646">
        <ele>349</ele>
      </trkpt>
      <trkpt lat="57.03389376311272" lon="-4.2347892427999136">
        <ele>350</ele>
      </trkpt>
      <trkpt lat="57.03437249666221" lon="-4.2355617013160298">
        <ele>353</ele>
      </trkpt>
      <trkpt lat="57.03529467861911" lon="-4.236751859622343">
        <ele>353</ele>
      </trkpt>
      <trkpt lat="57.03571523936677" lon="-4.2371180621781317">
        <ele>353</ele>
      </trkpt>
      <trkpt lat="57.03698168987221" lon="-4.2373955750524406">
        <ele>360</ele>
      </trkpt>
      <trkpt lat="57.03785142094221" lon="-4.2382538622925701">
        <ele>358</ele>
      </trkpt>
      <trkpt lat="57.03964428762159" lon="-4.2389519359145424">
        <ele>365</ele>
      </trkpt>
      <trkpt lat="57.03991893953843" lon="-4.239403013541855">
        <ele>361</ele>
      </trkpt>
      <trkpt lat="57.04" lon="-4.2393715430097174">
        <ele>361</ele>
      </trkpt>
      <trkpt lat="57.04000000000001" lon="-4.2393715430097174">
        <ele>361</ele>
      </trkpt>
      <trkpt lat="57.04011062368874" lon="-4.2393276749952218">
        <ele>361</ele>
      </trkpt>
      <trkpt lat="57.04037955369065" lon="-4.2389738699217903">
        <ele>363</ele>
      </trkpt>
      <trkpt lat="57.04064753004006" lon="-4.2391445737173274">
        <ele>360</ele>
      </trkpt>
      <trkpt lat="57.04126645050545" lon="-4.2390692351706933">
        <ele>353</ele>
      </trkpt>
      <trkpt lat="57.04166316994088" lon="-4.2387688346366481">
        <ele>350</ele>
      </trkpt>
      <trkpt lat="57.0422534808316" lon="-4.2385018119397193">
        <ele>346</ele>
      </trkpt>
      <trkpt lat="57.04242227732215" lon="-4.2384693877550914">
        <ele>345</ele>
      </trkpt>
      <trkpt lat="57.04266736601183" lon="-4.2387154300972627">
        <ele>343</ele>
      </trkpt>
      <trkpt lat="57.04302880030518" lon="-4.2385971771886224">
        <ele>343</ele>
      </trkpt>
      <trkpt lat="57.04339118825101" lon="-4.2383196643143135">
        <ele>342</ele>
      </trkpt>
      <trkpt lat="57.04381747091361" lon="-4.237654014876969">
        <ele>342</ele>
      </trkpt>
      <trkpt lat="57.04398626740417" lon="-4.2371609765401388">
        <ele>344</ele>
      </trkpt>
      <trkpt lat="57.04425519740607" lon="-4.2369998092694923">
        <ele>344</ele>
      </trkpt>
      <trkpt lat="57.04476254053024" lon="-4.2360022887659632">
        <ele>347</ele>
      </trkpt>
      <trkpt lat="57.04494278085067" lon="-4.2361510585542526">
        <ele>346</ele>
      </trkpt>
      <trkpt lat="57.04517165744804" lon="-4.2359908449360955">
        <ele>346</ele>
      </trkpt>
      <trkpt lat="57.04533473202366" lon="-4.2358086973106897">
        <ele>346</ele>
      </trkpt>
      <trkpt lat="57.04559794011063" lon="-4.235229830249847">
        <ele>348</ele>
      </trkpt>
      <trkpt lat="57.04637325958422" lon="-4.2351440015258337">
        <ele>349</ele>
      </trkpt>
      <trkpt lat="57.04666507724586" lon="-4.2345432004577432">
        <ele>350</ele>
      </trkpt>
      <trkpt lat="57.04671180621783" lon="-4.2341884417318223">
        <ele>351</ele>
      </trkpt>
      <trkpt lat="57.04713713522793" lon="-4.2340797253480726">
        <ele>351</ele>
      </trkpt>
      <trkpt lat="57.0474527942018" lon="-4.2338117489986544">
        <ele>351</ele>
      </trkpt>
      <trkpt lat="57.04779134083541" lon="-4.2332328819378118">
        <ele>351</ele>
      </trkpt>
      <trkpt lat="57.04809555597942" lon="-4.2332662597749282">
        <ele>351</ele>
      </trkpt>
      <trkpt lat="57.04828247186726" lon="-4.2327617776082294">
        <ele>351</ele>
      </trkpt>
      <trkpt lat="57.04871924470724" lon="-4.2323850848750615">
        <ele>351</ele>
      </trkpt>
      <trkpt lat="57.04899961853901" lon="-4.2325367156208173">
        <ele>351</ele>
      </trkpt>
      <trkpt lat="57.04938966240703" lon="-4.2321705130650287">
        <ele>352</ele>
      </trkpt>
      <trkpt lat="57.049740606523" lon="-4.2321504863627588">
        <ele>355</ele>
      </trkpt>
      <trkpt lat="57.04993896624072" lon="-4.2319139805454791">
        <ele>356</ele>
      </trkpt>
      <trkpt lat="57.05067423230976" lon="-4.2313246233072563">
        <ele>360</ele>
      </trkpt>
      <trkpt lat="57.05078008773604" lon="-4.2308411214953168">
        <ele>360</ele>
      </trkpt>
      <trkpt lat="57.05121113866108" lon="-4.2307448025939243">
        <ele>362</ele>
      </trkpt>
      <trkpt lat="57.05156780469198" lon="-4.2305302307838923">
        <ele>363</ele>
      </trkpt>
      <trkpt lat="57.05179477398437" lon="-4.2301764257104608">
        <ele>363</ele>
      </trkpt>
      <trkpt lat="57.05184722487127" lon="-4.2299618539004289">
        <ele>363</ele>
      </trkpt>
      <trkpt lat="57.05179477398437" lon="-4.2294468815563508">
        <ele>363</ele>
      </trkpt>
      <trkpt lat="57.05215144001527" lon="-4.228684913217613">
        <ele>363</ele>
      </trkpt>
      <trkpt lat="57.05262349799734" lon="-4.2281594506961557">
        <ele>364</ele>
      </trkpt>
      <trkpt lat="57.05302212473776" lon="-4.2272325004768163">
        <ele>365</ele>
      </trkpt>
      <trkpt lat="57.05324814037765" lon="-4.2268825100133407">
        <ele>366</ele>
      </trkpt>
      <trkpt lat="57.05446690825864" lon="-4.2281794773984256">
        <ele>369</ele>
      </trkpt>
      <trkpt lat="57.05537097081825" lon="-4.2287049399198828">
        <ele>371</ele>
      </trkpt>
      <trkpt lat="57.0558010680908" lon="-4.2289652870493892">
        <ele>372</ele>
      </trkpt>
      <trkpt lat="57.05607285905018" lon="-4.2292103757390702">
        <ele>373</ele>
      </trkpt>
      <trkpt lat="57.05658973869923" lon="-4.2295994659545961">
        <ele>375</ele>
      </trkpt>
      <trkpt lat="57.05666793820333" lon="-4.2296299828342452">
        <ele>375</ele>
      </trkpt>
      <trkpt lat="57.05677951554455" lon="-4.2296891092885653">
        <ele>376</ele>
      </trkpt>
      <trkpt lat="57.05677951554455" lon="-4.2296891092885653">
        <ele>376</ele>
      </trkpt>
      <trkpt lat="57.05700553118445" lon="-4.2297472820903961">
        <ele>376</ele>
      </trkpt>
      <trkpt lat="57.05707228685868" lon="-4.2298598130841016">
        <ele>377</ele>
      </trkpt>
      <trkpt lat="57.05707228685868" lon="-4.2298598130841016">
        <ele>377</ele>
      </trkpt>
      <trkpt lat="57.05725443448409" lon="-4.2300162120923037">
        <ele>378</ele>
      </trkpt>
      <trkpt lat="57.05735075338548" lon="-4.2300219340072376">
        <ele>378</ele>
      </trkpt>
      <trkpt lat="57.05742132366967" lon="-4.2299284760633125">
        <ele>378</ele>
      </trkpt>
      <trkpt lat="57.05746042342172" lon="-4.2298035475872489">
        <ele>378</ele>
      </trkpt>
      <trkpt lat="57.05747758916652" lon="-4.2296576387564269">
        <ele>377</ele>
      </trkpt>
      <trkpt lat="57.0573316803357" lon="-4.229021552546242">
        <ele>375</ele>
      </trkpt>
      <trkpt lat="57.05730974632845" lon="-4.2288193782185672">
        <ele>375</ele>
      </trkpt>
      <trkpt lat="57.0571838641999" lon="-4.228616250238403">
        <ele>374</ele>
      </trkpt>
      <trkpt lat="57.05712092313562" lon="-4.2284102613007715">
        <ele>374</ele>
      </trkpt>
      <trkpt lat="57.05705512111388" lon="-4.2281918748807836">
        <ele>373</ele>
      </trkpt>
      <trkpt lat="57.05691970246043" lon="-4.2275958420751376">
        <ele>372</ele>
      </trkpt>
      <trkpt lat="57.05684341026132" lon="-4.2271104329582201">
        <ele>371</ele>
      </trkpt>
      <trkpt lat="57.05683673469389" lon="-4.2259279038718187">
        <ele>369</ele>
      </trkpt>
      <trkpt lat="57.05692637802786" lon="-4.2254873164218854">
        <ele>368</ele>
      </trkpt>
      <trkpt lat="57.05706561129126" lon="-4.2250963189013824">
        <ele>368</ele>
      </trkpt>
      <trkpt lat="57.05711234026322" lon="-4.2247425138279509">
        <ele>367</ele>
      </trkpt>
      <trkpt lat="57.05711329391571" lon="-4.2244573717337301">
        <ele>367</ele>
      </trkpt>
      <trkpt lat="57.05701697501431" lon="-4.2239853137516583">
        <ele>365</ele>
      </trkpt>
      <trkpt lat="57.05702460423423" lon="-4.2238031661262534">
        <ele>365</ele>
      </trkpt>
      <trkpt lat="57.05716860576008" lon="-4.2234121686057495">
        <ele>364</ele>
      </trkpt>
      <trkpt lat="57.05714094983789" lon="-4.223251001335103">
        <ele>363</ele>
      </trkpt>
      <trkpt lat="57.057088498951" lon="-4.2230602708372968">
        <ele>363</ele>
      </trkpt>
      <trkpt lat="57.05714381079536" lon="-4.2227837116154774">
        <ele>362</ele>
      </trkpt>
      <trkpt lat="57.05726778561893" lon="-4.2223793629601269">
        <ele>361</ele>
      </trkpt>
      <trkpt lat="57.05740701888233" lon="-4.2218319664314219">
        <ele>361</ele>
      </trkpt>
      <trkpt lat="57.05741083349228" lon="-4.2215287049399093">
        <ele>360</ele>
      </trkpt>
      <trkpt lat="57.05736982643526" lon="-4.2213379744421031">
        <ele>360</ele>
      </trkpt>
      <trkpt lat="57.05736124356286" lon="-4.2211481975967855">
        <ele>359</ele>
      </trkpt>
      <trkpt lat="57.05743276749953" lon="-4.2209116917795049">
        <ele>359</ele>
      </trkpt>
      <trkpt lat="57.05755292771315" lon="-4.2207238222391661">
        <ele>359</ele>
      </trkpt>
      <trkpt lat="57.05761110051498" lon="-4.2202813274842548">
        <ele>358</ele>
      </trkpt>
      <trkpt lat="57.05765878313944" lon="-4.21999999999999">
        <ele>358</ele>
      </trkpt>
      <trkpt lat="57.05765878313944" lon="-4.2200000000000077">
        <ele>358</ele>
      </trkpt>
      <trkpt lat="57.05768643906162" lon="-4.2198388327293612">
        <ele>358</ele>
      </trkpt>
      <trkpt lat="57.05761682242992" lon="-4.2195946976921688">
        <ele>357</ele>
      </trkpt>
      <trkpt lat="57.05764257104712" lon="-4.2192675948884304">
        <ele>357</ele>
      </trkpt>
      <trkpt lat="57.05764543200459" lon="-4.218889948502774">
        <ele>356</ele>
      </trkpt>
      <trkpt lat="57.05790101087165" lon="-4.2185237459469853">
        <ele>356</ele>
      </trkpt>
      <trkpt lat="57.05790101087165" lon="-4.2185237459469853">
        <ele>356</ele>
      </trkpt>
      <trkpt lat="57.05794773984361" lon="-4.2179267594888499">
        <ele>355</ele>
      </trkpt>
      <trkpt lat="57.05810604615679" lon="-4.2170884989509902">
        <ele>354</ele>
      </trkpt>
      <trkpt lat="57.05820427236316" lon="-4.2163141331298952">
        <ele>353</ele>
      </trkpt>
      <trkpt lat="57.05825481594508" lon="-4.2155912645432085">
        <ele>352</ele>
      </trkpt>
      <trkpt lat="57.05842456608813" lon="-4.2146738508487589">
        <ele>350</ele>
      </trkpt>
      <trkpt lat="57.05846652679764" lon="-4.2134379172229721">
        <ele>349</ele>
      </trkpt>
      <trkpt lat="57.05864485981309" lon="-4.2128647720770633">
        <ele>349</ele>
      </trkpt>
      <trkpt lat="57.05870207896244" lon="-4.2125271790959458">
        <ele>349</ele>
      </trkpt>
      <trkpt lat="57.05880888804121" lon="-4.2123278657257375">
        <ele>349</ele>
      </trkpt>
      <trkpt lat="57.05891665077247" lon="-4.2121676521075804">
        <ele>348</ele>
      </trkpt>
      <trkpt lat="57.0590186915888" lon="-4.2116908258630632">
        <ele>348</ele>
      </trkpt>
      <trkpt lat="57.05898817470915" lon="-4.2112540530230866">
        <ele>348</ele>
      </trkpt>
      <trkpt lat="57.05883749761588" lon="-4.2108992942971657">
        <ele>347</ele>
      </trkpt>
      <trkpt lat="57.05871638374978" lon="-4.2105750524508947">
        <ele>347</ele>
      </trkpt>
      <trkpt lat="57.0587144764448" lon="-4.2101802403204349">
        <ele>347</ele>
      </trkpt>
      <trkpt lat="57.05878504672899" lon="-4.2098693496090105">
        <ele>347</ele>
      </trkpt>
      <trkpt lat="57.05882986839597" lon="-4.2097005531184513">
        <ele>347</ele>
      </trkpt>
      <trkpt lat="57.05888231928287" lon="-4.2094440205989017">
        <ele>347</ele>
      </trkpt>
      <trkpt lat="57.05892618729736" lon="-4.2091531565897471">
        <ele>347</ele>
      </trkpt>
      <trkpt lat="57.05891665077247" lon="-4.2087411787144848">
        <ele>347</ele>
      </trkpt>
      <trkpt lat="57.05886515353806" lon="-4.2083568567614043">
        <ele>347</ele>
      </trkpt>
      <trkpt lat="57.05874594697693" lon="-4.2079877932481482">
        <ele>347</ele>
      </trkpt>
      <trkpt lat="57.05843696357049" lon="-4.2072553881365709">
        <ele>346</ele>
      </trkpt>
      <trkpt lat="57.05842075147817" lon="-4.2070074384894225">
        <ele>346</ele>
      </trkpt>
      <trkpt lat="57.05851993133703" lon="-4.206100514972352">
        <ele>345</ele>
      </trkpt>
      <trkpt lat="57.05869921800497" lon="-4.2053633415983294">
        <ele>345</ele>
      </trkpt>
      <trkpt lat="57.05884226587833" lon="-4.2050867823765099">
        <ele>345</ele>
      </trkpt>
      <trkpt lat="57.05893477016976" lon="-4.2046042342170589">
        <ele>344</ele>
      </trkpt>
      <trkpt lat="57.05893381651727" lon="-4.2040625596032886">
        <ele>342</ele>
      </trkpt>
      <trkpt lat="57.05897959183675" lon="-4.2037793248140458">
        <ele>341</ele>
      </trkpt>
      <trkpt lat="57.05912931527752" lon="-4.203096509631898">
        <ele>339</ele>
      </trkpt>
      <trkpt lat="57.05911882510014" lon="-4.2024823574289609">
        <ele>337</ele>
      </trkpt>
      <trkpt lat="57.05918176616442" lon="-4.2020484455464508">
        <ele>336</ele>
      </trkpt>
      <trkpt lat="57.05921754282986" lon="-4.2019533777136973">
        <ele>336</ele>
      </trkpt>
      <trkpt lat="57.05921754282986" lon="-4.2019533777136973">
        <ele>336</ele>
      </trkpt>
      <trkpt lat="57.0594182719817" lon="-4.2014199885561778">
        <ele>337</ele>
      </trkpt>
      <trkpt lat="57.05945927903873" lon="-4.2010709517451916">
        <ele>336</ele>
      </trkpt>
      <trkpt lat="57.05946976921611" lon="-4.2004854091169257">
        <ele>336</ele>
      </trkpt>
      <trkpt lat="57.0595136372306" lon="-4.2000000000000082">
        <ele>335</ele>
      </trkpt>
      <trkpt lat="57.0595136372306" lon="-4.1999999999999975">
        <ele>335</ele>
      </trkpt>
      <trkpt lat="57.05953747854283" lon="-4.1997425138279585">
        <ele>334</ele>
      </trkpt>
      <trkpt lat="57.05955941255008" lon="-4.1993572382223894">
        <ele>333</ele>
      </trkpt>
      <trkpt lat="57.05956990272746" lon="-4.1989605187869516">
        <ele>332</ele>
      </trkpt>
      <trkpt lat="57.05958992942973" lon="-4.1987116154873139">
        <ele>331</ele>
      </trkpt>
      <trkpt lat="57.05959755864964" lon="-4.1984913217623472">
        <ele>331</ele>
      </trkpt>
      <trkpt lat="57.05996090024796" lon="-4.1974098798397845">
        <ele>330</ele>
      </trkpt>
      <trkpt lat="57.06000000000001" lon="-4.1973726873927122">
        <ele>330</ele>
      </trkpt>
      <trkpt lat="57.06" lon="-4.1973726873927122">
        <ele>330</ele>
      </trkpt>
      <trkpt lat="57.06013541865344" lon="-4.1972439443066927">
        <ele>331</ele>
      </trkpt>
      <trkpt lat="57.0601821476254" lon="-4.1970913599084474">
        <ele>331</ele>
      </trkpt>
      <trkpt lat="57.06022601563989" lon="-4.1966002288765951">
        <ele>331</ele>
      </trkpt>
      <trkpt lat="57.06026797634941" lon="-4.1963694449742492">
        <ele>331</ele>
      </trkpt>
      <trkpt lat="57.06026797634941" lon="-4.1959889376311246">
        <ele>331</ele>
      </trkpt>
      <trkpt lat="57.06021266450504" lon="-4.1953185199313348">
        <ele>330</ele>
      </trkpt>
      <trkpt lat="57.0602078962426" lon="-4.1946481022315449">
        <ele>328</ele>
      </trkpt>
      <trkpt lat="57.06036048064085" lon="-4.1939958039290461">
        <ele>328</ele>
      </trkpt>
      <trkpt lat="57.06041102422277" lon="-4.1935027655922159">
        <ele>328</ele>
      </trkpt>
      <trkpt lat="57.06060747663551" lon="-4.1924737745565492">
        <ele>326</ele>
      </trkpt>
      <trkpt lat="57.06065802021742" lon="-4.192252527179094">
        <ele>326</ele>
      </trkpt>
      <trkpt lat="57.06067995422467" lon="-4.1920160213618134">
        <ele>326</ele>
      </trkpt>
      <trkpt lat="57.06067995422467" lon="-4.1916975014304763">
        <ele>325</ele>
      </trkpt>
      <trkpt lat="57.06078771695594" lon="-4.1913713522792273">
        <ele>325</ele>
      </trkpt>
      <trkpt lat="57.06091169177951" lon="-4.1910881174899846">
        <ele>324</ele>
      </trkpt>
      <trkpt lat="57.06101087163837" lon="-4.1905493038336807">
        <ele>323</ele>
      </trkpt>
      <trkpt lat="57.06133320617966" lon="-4.1895813465573122">
        <ele>322</ele>
      </trkpt>
      <trkpt lat="57.06168128933816" lon="-4.1884245660881154">
        <ele>319</ele>
      </trkpt>
      <trkpt lat="57.06185771504863" lon="-4.1877112340263185">
        <ele>318</ele>
      </trkpt>
      <trkpt lat="57.06194831203508" lon="-4.1874299065420537">
        <ele>318</ele>
      </trkpt>
      <trkpt lat="57.06196643143238" lon="-4.1872820904062538">
        <ele>318</ele>
      </trkpt>
      <trkpt lat="57.06193782185771" lon="-4.1868195689490726">
        <ele>317</ele>
      </trkpt>
      <trkpt lat="57.0619473583826" lon="-4.1866421895861121">
        <ele>317</ele>
      </trkpt>
      <trkpt lat="57.06200934579439" lon="-4.1862178142284927">
        <ele>317</ele>
      </trkpt>
      <trkpt lat="57.06207228685867" lon="-4.1856742323097444">
        <ele>316</ele>
      </trkpt>
      <trkpt lat="57.06207705512111" lon="-4.1852326912073217">
        <ele>315</ele>
      </trkpt>
      <trkpt lat="57.06203127980163" lon="-4.1848483692542411">
        <ele>314</ele>
      </trkpt>
      <trkpt lat="57.06203509441159" lon="-4.1846318901392312">
        <ele>313</ele>
      </trkpt>
      <trkpt lat="57.06215430097272" lon="-4.1837106618348248">
        <ele>313</ele>
      </trkpt>
      <trkpt lat="57.06216669845507" lon="-4.1833044058744973">
        <ele>313</ele>
      </trkpt>
      <trkpt lat="57.06225538813656" lon="-4.182957276368489">
        <ele>313</ele>
      </trkpt>
      <trkpt lat="57.06240034331489" lon="-4.1826072859050143">
        <ele>313</ele>
      </trkpt>
      <trkpt lat="57.0625128743086" lon="-4.182294487888611">
        <ele>313</ele>
      </trkpt>
      <trkpt lat="57.06255102040816" lon="-4.1820684722487105">
        <ele>312</ele>
      </trkpt>
      <trkpt lat="57.06294773984359" lon="-4.1816212092313538">
        <ele>313</ele>
      </trkpt>
      <trkpt lat="57.06315372878122" lon="-4.1812092313560916">
        <ele>313</ele>
      </trkpt>
      <trkpt lat="57.06326530612244" lon="-4.1808477970627482">
        <ele>313</ele>
      </trkpt>
      <trkpt lat="57.06337879076864" lon="-4.1803242418462689">
        <ele>313</ele>
      </trkpt>
      <trkpt lat="57.06349990463475" lon="-4.1799999999999979">
        <ele>313</ele>
      </trkpt>
      <trkpt lat="57.06349990463475" lon="-4.1799999999999873">
        <ele>313</ele>
      </trkpt>
      <trkpt lat="57.06353614342932" lon="-4.1799017737936168">
        <ele>313</ele>
      </trkpt>
      <trkpt lat="57.06379649055884" lon="-4.17904062559602">
        <ele>313</ele>
      </trkpt>
      <trkpt lat="57.06387278275795" lon="-4.1788518024031918">
        <ele>313</ele>
      </trkpt>
      <trkpt lat="57.06405969864581" lon="-4.1784588975777099">
        <ele>313</ele>
      </trkpt>
      <trkpt lat="57.06414838832729" lon="-4.178355903108895">
        <ele>312</ele>
      </trkpt>
      <trkpt lat="57.06432290673278" lon="-4.1782901010871516">
        <ele>313</ele>
      </trkpt>
      <trkpt lat="57.06474156017546" lon="-4.1781680335685554">
        <ele>314</ele>
      </trkpt>
      <trkpt lat="57.06488079343887" lon="-4.1780812511920535">
        <ele>314</ele>
      </trkpt>
      <trkpt lat="57.06498283425519" lon="-4.1780955559793886">
        <ele>315</ele>
      </trkpt>
      <trkpt lat="57.06507915315658" lon="-4.1781604043486427">
        <ele>315</ele>
      </trkpt>
      <trkpt lat="57.06527083730688" lon="-4.1784608048826879">
        <ele>315</ele>
      </trkpt>
      <trkpt lat="57.0655035285142" lon="-4.1787831394239818">
        <ele>316</ele>
      </trkpt>
      <trkpt lat="57.06566278847987" lon="-4.1784979973297602">
        <ele>316</ele>
      </trkpt>
      <trkpt lat="57.06566278847987" lon="-4.1784979973297602">
        <ele>316</ele>
      </trkpt>
      <trkpt lat="57.06565515925996" lon="-4.1783616250238289">
        <ele>315</ele>
      </trkpt>
      <trkpt lat="57.06567613961472" lon="-4.1782338355902988">
        <ele>315</ele>
      </trkpt>
      <trkpt lat="57.06588785046728" lon="-4.1776730879267472">
        <ele>314</ele>
      </trkpt>
      <trkpt lat="57.06588785046728" lon="-4.1776730879267472">
        <ele>314</ele>
      </trkpt>
      <trkpt lat="57.06592218195689" lon="-4.1775748617203767">
        <ele>314</ele>
      </trkpt>
      <trkpt lat="57.06595651344649" lon="-4.1774766355140063">
        <ele>314</ele>
      </trkpt>
      <trkpt lat="57.06595651344649" lon="-4.1774766355140063">
        <ele>314</ele>
      </trkpt>
      <trkpt lat="57.06607953461758" lon="-4.1771905397672962">
        <ele>314</ele>
      </trkpt>
      <trkpt lat="57.06630841121495" lon="-4.1766250238413001">
        <ele>314</ele>
      </trkpt>
      <trkpt lat="57.06657448025938" lon="-4.1761501049017609">
        <ele>314</ele>
      </trkpt>
      <trkpt lat="57.06706370398626" lon="-4.1751726111005025">
        <ele>314</ele>
      </trkpt>
      <trkpt lat="57.0676606904444" lon="-4.1739490749570729">
        <ele>313</ele>
      </trkpt>
      <trkpt lat="57.06769692923898" lon="-4.1737583444592667">
        <ele>312</ele>
      </trkpt>
      <trkpt lat="57.06768930001907" lon="-4.1734484074003309">
        <ele>312</ele>
      </trkpt>
      <trkpt lat="57.0679734884608" lon="-4.172408926187285">
        <ele>311</ele>
      </trkpt>
      <trkpt lat="57.0680249856952" lon="-4.1721552546252019">
        <ele>310</ele>
      </trkpt>
      <trkpt lat="57.0680431050925" lon="-4.1719397291626805">
        <ele>310</ele>
      </trkpt>
      <trkpt lat="57.06801831012778" lon="-4.1714314323860258">
        <ele>309</ele>
      </trkpt>
      <trkpt lat="57.06801640282281" lon="-4.1711491512492724">
        <ele>309</ele>
      </trkpt>
      <trkpt lat="57.06811558268166" lon="-4.1707362197215208">
        <ele>308</ele>
      </trkpt>
      <trkpt lat="57.06831012778942" lon="-4.1703194735838132">
        <ele>309</ele>
      </trkpt>
      <trkpt lat="57.0684608048827" lon="-4.1700572191493297">
        <ele>309</ele>
      </trkpt>
      <trkpt lat="57.06860385275605" lon="-4.1699084493610403">
        <ele>310</ele>
      </trkpt>
      <trkpt lat="57.06869254243753" lon="-4.1697043677283876">
        <ele>309</ele>
      </trkpt>
      <trkpt lat="57.06871066183482" lon="-4.1695365248903178">
        <ele>309</ele>
      </trkpt>
      <trkpt lat="57.06871447644478" lon="-4.1688718291054618">
        <ele>308</ele>
      </trkpt>
      <trkpt lat="57.06858001144382" lon="-4.1683292008392021">
        <ele>307</ele>
      </trkpt>
      <trkpt lat="57.06853423612435" lon="-4.1680574098798271">
        <ele>307</ele>
      </trkpt>
      <trkpt lat="57.06849895098225" lon="-4.1676521075719881">
        <ele>307</ele>
      </trkpt>
      <trkpt lat="57.06850085828723" lon="-4.1671323669654656">
        <ele>306</ele>
      </trkpt>
      <trkpt lat="57.06849036810986" lon="-4.1667537669273189">
        <ele>305</ele>
      </trkpt>
      <trkpt lat="57.06844459279038" lon="-4.1664686248330982">
        <ele>305</ele>
      </trkpt>
      <trkpt lat="57.0683902345985" lon="-4.1662607285904887">
        <ele>304</ele>
      </trkpt>
      <trkpt lat="57.06832824718672" lon="-4.1660757200076164">
        <ele>304</ele>
      </trkpt>
      <trkpt lat="57.06826530612244" lon="-4.1658325386229134">
        <ele>304</ele>
      </trkpt>
      <trkpt lat="57.06825863055502" lon="-4.1656923517070252">
        <ele>303</ele>
      </trkpt>
      <trkpt lat="57.06822143810795" lon="-4.1655493038336706">
        <ele>303</ele>
      </trkpt>
      <trkpt lat="57.06817470913598" lon="-4.1654510776273002">
        <ele>302</ele>
      </trkpt>
      <trkpt lat="57.06773507533854" lon="-4.1650152584398121">
        <ele>299</ele>
      </trkpt>
      <trkpt lat="57.06769692923898" lon="-4.1649332443257556">
        <ele>298</ele>
      </trkpt>
      <trkpt lat="57.0676692733168" lon="-4.1648312035094284">
        <ele>297</ele>
      </trkpt>
      <trkpt lat="57.06767022696928" lon="-4.1646938775510076">
        <ele>296</ele>
      </trkpt>
      <trkpt lat="57.06778085065801" lon="-4.164131222582478">
        <ele>293</ele>
      </trkpt>
      <trkpt lat="57.06782281136753" lon="-4.1637602517642449">
        <ele>293</ele>
      </trkpt>
      <trkpt lat="57.06786286477207" lon="-4.1635447263017236">
        <ele>294</ele>
      </trkpt>
      <trkpt lat="57.06799256151058" lon="-4.1631127217241914">
        <ele>295</ele>
      </trkpt>
      <trkpt lat="57.06802307839023" lon="-4.1629229448788738">
        <ele>295</ele>
      </trkpt>
      <trkpt lat="57.06803547587258" lon="-4.1627293534236003">
        <ele>295</ele>
      </trkpt>
      <trkpt lat="57.06798683959565" lon="-4.162448979591824">
        <ele>294</ele>
      </trkpt>
      <trkpt lat="57.06798970055311" lon="-4.162191493419785">
        <ele>294</ele>
      </trkpt>
      <trkpt lat="57.0680249856952" lon="-4.1619664314323739">
        <ele>294</ele>
      </trkpt>
      <trkpt lat="57.06808411214953" lon="-4.1617518596223411">
        <ele>295</ele>
      </trkpt>
      <trkpt lat="57.0681556360862" lon="-4.1615554072096002">
        <ele>295</ele>
      </trkpt>
      <trkpt lat="57.06826435246995" lon="-4.1613227160022763">
        <ele>296</ele>
      </trkpt>
      <trkpt lat="57.06844077818042" lon="-4.1610642761777479">
        <ele>298</ele>
      </trkpt>
      <trkpt lat="57.06849799732976" lon="-4.1608573335876278">
        <ele>299</ele>
      </trkpt>
      <trkpt lat="57.0685475872592" lon="-4.1604730116345481">
        <ele>298</ele>
      </trkpt>
      <trkpt lat="57.06858001144382" lon="-4.1599999999999877">
        <ele>297</ele>
      </trkpt>
      <trkpt lat="57.06858001144382" lon="-4.1600000000000055">
        <ele>297</ele>
      </trkpt>
      <trkpt lat="57.06860576006103" lon="-4.1596385657066621">
        <ele>297</ele>
      </trkpt>
      <trkpt lat="57.06860576006103" lon="-4.159547015067715">
        <ele>297</ele>
      </trkpt>
      <trkpt lat="57.06860576006103" lon="-4.1594554644287678">
        <ele>296</ele>
      </trkpt>
      <trkpt lat="57.06859813084112" lon="-4.1593629601373312">
        <ele>296</ele>
      </trkpt>
      <trkpt lat="57.0685905016212" lon="-4.1592695021934061">
        <ele>296</ele>
      </trkpt>
      <trkpt lat="57.0685733358764" lon="-4.15920656112913">
        <ele>296</ele>
      </trkpt>
      <trkpt lat="57.0685561701316" lon="-4.1591436200648539">
        <ele>296</ele>
      </trkpt>
      <trkpt lat="57.06854377264924" lon="-4.159076864390622">
        <ele>296</ele>
      </trkpt>
      <trkpt lat="57.06853137516688" lon="-4.1590091550639006">
        <ele>296</ele>
      </trkpt>
      <trkpt lat="57.06853709708182" lon="-4.1589462139996245">
        <ele>295</ele>
      </trkpt>
      <trkpt lat="57.06854281899675" lon="-4.1588832729353484">
        <ele>295</ele>
      </trkpt>
      <trkpt lat="57.06858764066374" lon="-4.1587888613389339">
        <ele>295</ele>
      </trkpt>
      <trkpt lat="57.06863913789815" lon="-4.1587230593171904">
        <ele>295</ele>
      </trkpt>
      <trkpt lat="57.06875071523936" lon="-4.1586276940682874">
        <ele>296</ele>
      </trkpt>
      <trkpt lat="57.06886229258058" lon="-4.1585313751668949">
        <ele>296</ele>
      </trkpt>
      <trkpt lat="57.06894144573717" lon="-4.1584207514781673">
        <ele>296</ele>
      </trkpt>
      <trkpt lat="57.06902155254625" lon="-4.1583597177188691">
        <ele>297</ele>
      </trkpt>
      <trkpt lat="57.06909021552546" lon="-4.158379744421139">
        <ele>297</ele>
      </trkpt>
      <trkpt lat="57.0691560175472" lon="-4.1584550829677722">
        <ele>298</ele>
      </trkpt>
      <trkpt lat="57.06921895861147" lon="-4.1585380507343181">
        <ele>298</ele>
      </trkpt>
      <trkpt lat="57.06928285332824" lon="-4.1586200648483747">
        <ele>298</ele>
      </trkpt>
      <trkpt lat="57.06936844996179" lon="-4.1586539645052278">
        <ele>299</ele>
      </trkpt>
      <trkpt lat="57.06936844996179" lon="-4.1586539645052278">
        <ele>299</ele>
      </trkpt>
      <trkpt lat="57.06937917222963" lon="-4.1586582109479364">
        <ele>299</ele>
      </trkpt>
      <trkpt lat="57.06944115964142" lon="-4.1586114819759734">
        <ele>299</ele>
      </trkpt>
      <trkpt lat="57.06944115964142" lon="-4.1586114819759734">
        <ele>299</ele>
      </trkpt>
      <trkpt lat="57.06950123974823" lon="-4.1585056265496911">
        <ele>300</ele>
      </trkpt>
      <trkpt lat="57.06950123974823" lon="-4.1585056265496911">
        <ele>300</ele>
      </trkpt>
      <trkpt lat="57.0695555979401" lon="-4.1584217051306558">
        <ele>300</ele>
      </trkpt>
      <trkpt lat="57.06962807552927" lon="-4.1582796109097906">
        <ele>301</ele>
      </trkpt>
      <trkpt lat="57.06971581155826" lon="-4.1581575433911944">
        <ele>302</ele>
      </trkpt>
      <trkpt lat="57.07005245088689" lon="-4.1579668128933873">
        <ele>305</ele>
      </trkpt>
      <trkpt lat="57.07026511539195" lon="-4.1577713141331358">
        <ele>307</ele>
      </trkpt>
      <trkpt lat="57.07030802975395" lon="-4.1576568758344514">
        <ele>308</ele>
      </trkpt>
      <trkpt lat="57.07030802975395" lon="-4.1576568758344514">
        <ele>308</ele>
      </trkpt>
      <trkpt lat="57.07036143429334" lon="-4.1573326339881804">
        <ele>309</ele>
      </trkpt>
      <trkpt lat="57.07042914362006" lon="-4.1567251573526667">
        <ele>311</ele>
      </trkpt>
      <trkpt lat="57.07046728971962" lon="-4.15627789433531">
        <ele>311</ele>
      </trkpt>
      <trkpt lat="57.07046633606713" lon="-4.1559498378790822">
        <ele>311</ele>
      </trkpt>
      <trkpt lat="57.070477779897" lon="-4.1557352660690503">
        <ele>311</ele>
      </trkpt>
      <trkpt lat="57.07051306503909" lon="-4.1556122448979647">
        <ele>311</ele>
      </trkpt>
      <trkpt lat="57.07055788670608" lon="-4.1554920846843464">
        <ele>311</ele>
      </trkpt>
      <trkpt lat="57.07062845699026" lon="-4.1553480831585023">
        <ele>311</ele>
      </trkpt>
      <trkpt lat="57.07068090787716" lon="-4.1552021743276804">
        <ele>312</ele>
      </trkpt>
      <trkpt lat="57.0707295441541" lon="-4.154968529467868">
        <ele>312</ele>
      </trkpt>
      <trkpt lat="57.07076196833873" lon="-4.1547167652107628">
        <ele>311</ele>
      </trkpt>
      <trkpt lat="57.07078390234598" lon="-4.1544506961663226">
        <ele>309</ele>
      </trkpt>
      <trkpt lat="57.07084684341025" lon="-4.154210375739086">
        <ele>309</ele>
      </trkpt>
      <trkpt lat="57.07098035475872" lon="-4.1538889948502824">
        <ele>308</ele>
      </trkpt>
      <trkpt lat="57.07126645050543" lon="-4.1530679000572253">
        <ele>306</ele>
      </trkpt>
      <trkpt lat="57.07138017914164" lon="-4.1528894335819402">
        <ele>306</ele>
      </trkpt>
      <trkpt lat="57.07138017914164" lon="-4.1528894335819402">
        <ele>306</ele>
      </trkpt>
      <trkpt lat="57.07145241274079" lon="-4.1527760823955804">
        <ele>306</ele>
      </trkpt>
      <trkpt lat="57.07153919511729" lon="-4.1526797634941888">
        <ele>307</ele>
      </trkpt>
      <trkpt lat="57.07167175281327" lon="-4.1525720007629277">
        <ele>308</ele>
      </trkpt>
      <trkpt lat="57.07187011253099" lon="-4.1524804501239805">
        <ele>309</ele>
      </trkpt>
      <trkpt lat="57.07194926568758" lon="-4.1524327674995289">
        <ele>309</ele>
      </trkpt>
      <trkpt lat="57.07199599465954" lon="-4.1523383559031144">
        <ele>308</ele>
      </trkpt>
      <trkpt lat="57.07202078962425" lon="-4.1522677856189265">
        <ele>308</ele>
      </trkpt>
      <trkpt lat="57.07202078962425" lon="-4.1521724203700225">
        <ele>307</ele>
      </trkpt>
      <trkpt lat="57.0720083921419" lon="-4.1520341407591133">
        <ele>305</ele>
      </trkpt>
      <trkpt lat="57.07196833873736" lon="-4.1516908258630609">
        <ele>301</ele>
      </trkpt>
      <trkpt lat="57.07196738508487" lon="-4.1514972344077874">
        <ele>300</ele>
      </trkpt>
      <trkpt lat="57.07201792866679" lon="-4.1511110051497289">
        <ele>300</ele>
      </trkpt>
      <trkpt lat="57.07202937249666" lon="-4.1508811748998724">
        <ele>299</ele>
      </trkpt>
      <trkpt lat="57.0720255578867" lon="-4.1506465763875697">
        <ele>299</ele>
      </trkpt>
      <trkpt lat="57.07200362387945" lon="-4.1504672897196322">
        <ele>298</ele>
      </trkpt>
      <trkpt lat="57.07191493419797" lon="-4.1500085828724069">
        <ele>296</ele>
      </trkpt>
      <trkpt lat="57.07190062941064" lon="-4.1494831203509497">
        <ele>296</ele>
      </trkpt>
      <trkpt lat="57.07184627121876" lon="-4.1491665077245905">
        <ele>295</ele>
      </trkpt>
      <trkpt lat="57.07177093267213" lon="-4.1485905016212152">
        <ele>295</ele>
      </trkpt>
      <trkpt lat="57.0717566278848" lon="-4.1481136753766981">
        <ele>295</ele>
      </trkpt>
      <trkpt lat="57.07171371352278" lon="-4.1478161358001202">
        <ele>295</ele>
      </trkpt>
      <trkpt lat="57.0716345603662" lon="-4.1475176425710529">
        <ele>294</ele>
      </trkpt>
      <trkpt lat="57.0715468243372" lon="-4.1472468052641673">
        <ele>293</ele>
      </trkpt>
      <trkpt lat="57.07151153919511" lon="-4.147031279801646">
        <ele>292</ele>
      </trkpt>
      <trkpt lat="57.07154014876978" lon="-4.1465525462521517">
        <ele>292</ele>
      </trkpt>
      <trkpt lat="57.07151821476253" lon="-4.1461672706465817">
        <ele>292</ele>
      </trkpt>
      <trkpt lat="57.07151440015258" lon="-4.1457028418844226">
        <ele>292</ele>
      </trkpt>
      <trkpt lat="57.07154396337974" lon="-4.1454596604997196">
        <ele>293</ele>
      </trkpt>
      <trkpt lat="57.07164028228113" lon="-4.1450600801068145">
        <ele>294</ele>
      </trkpt>
      <trkpt lat="57.07164409689108" lon="-4.1449341979782623">
        <ele>294</ele>
      </trkpt>
      <trkpt lat="57.07163551401869" lon="-4.1446995994659606">
        <ele>294</ele>
      </trkpt>
      <trkpt lat="57.0716431432386" lon="-4.1444869349609057">
        <ele>294</ele>
      </trkpt>
      <trkpt lat="57.07176902536715" lon="-4.1435161167270707">
        <ele>294</ele>
      </trkpt>
      <trkpt lat="57.07171180621781" lon="-4.1432548159450757">
        <ele>294</ele>
      </trkpt>
      <trkpt lat="57.07168224299065" lon="-4.1431842456608869">
        <ele>294</ele>
      </trkpt>
      <trkpt lat="57.07162120923135" lon="-4.1430879267594944">
        <ele>294</ele>
      </trkpt>
      <trkpt lat="57.07143620064848" lon="-4.1429067327865781">
        <ele>291</ele>
      </trkpt>
      <trkpt lat="57.07135514018691" lon="-4.1427989700553178">
        <ele>290</ele>
      </trkpt>
      <trkpt lat="57.07131985504481" lon="-4.1426435246996052">
        <ele>290</ele>
      </trkpt>
      <trkpt lat="57.07130841121494" lon="-4.142440396719441">
        <ele>290</ele>
      </trkpt>
      <trkpt lat="57.07130555025748" lon="-4.1421352279229504">
        <ele>291</ele>
      </trkpt>
      <trkpt lat="57.07128933816517" lon="-4.1419759679572818">
        <ele>291</ele>
      </trkpt>
      <trkpt lat="57.07124642380316" lon="-4.1417880984169422">
        <ele>291</ele>
      </trkpt>
      <trkpt lat="57.07119492656875" lon="-4.1416364676711863">
        <ele>291</ele>
      </trkpt>
      <trkpt lat="57.07109002479496" lon="-4.1414972344077876">
        <ele>291</ele>
      </trkpt>
      <trkpt lat="57.07097272553881" lon="-4.1413799351516367">
        <ele>290</ele>
      </trkpt>
      <trkpt lat="57.0706255960328" lon="-4.1409698645813524">
        <ele>292</ele>
      </trkpt>
      <trkpt lat="57.07048731642189" lon="-4.1407333587640718">
        <ele>293</ele>
      </trkpt>
      <trkpt lat="57.07037669273316" lon="-4.1404701506770989">
        <ele>294</ele>
      </trkpt>
      <trkpt lat="57.07026320808696" lon="-4.1401354186534487">
        <ele>297</ele>
      </trkpt>
      <trkpt lat="57.07020694259011" lon="-4.1400000000000059">
        <ele>297</ele>
      </trkpt>
      <trkpt lat="57.07020694259011" lon="-4.1399999999999952">
        <ele>297</ele>
      </trkpt>
      <trkpt lat="57.07008201411405" lon="-4.1396814800686581">
        <ele>299</ele>
      </trkpt>
      <trkpt lat="57.06999332443257" lon="-4.1394220865916411">
        <ele>300</ele>
      </trkpt>
      <trkpt lat="57.06991607858096" lon="-4.1392361243562803">
        <ele>301</ele>
      </trkpt>
      <trkpt lat="57.06977684531756" lon="-4.139020598893759">
        <ele>302</ele>
      </trkpt>
      <trkpt lat="57.06962998283425" lon="-4.1388613389280904">
        <ele>302</ele>
      </trkpt>
      <trkpt lat="57.06948788861338" lon="-4.1386896814800638">
        <ele>302</ele>
      </trkpt>
      <trkpt lat="57.0692256341789" lon="-4.1383168033568518">
        <ele>301</ele>
      </trkpt>
      <trkpt lat="57.06897482357428" lon="-4.1379982834255156">
        <ele>300</ele>
      </trkpt>
      <trkpt lat="57.06880316612626" lon="-4.1377951554453514">
        <ele>300</ele>
      </trkpt>
      <trkpt lat="57.06868109860766" lon="-4.1377074194163601">
        <ele>300</ele>
      </trkpt>
      <trkpt lat="57.06854186534426" lon="-4.1375920274651872">
        <ele>299</ele>
      </trkpt>
      <trkpt lat="57.06846490515839" lon="-4.1374728330309827">
        <ele>299</ele>
      </trkpt>
      <trkpt lat="57.06846490515839" lon="-4.1374728330309827">
        <ele>299</ele>
      </trkpt>
      <trkpt lat="57.06830726683196" lon="-4.1372286858668659">
        <ele>299</ele>
      </trkpt>
      <trkpt lat="57.0682166698455" lon="-4.1371285523555175">
        <ele>299</ele>
      </trkpt>
      <trkpt lat="57.0677903871829" lon="-4.1368157543391142">
        <ele>299</ele>
      </trkpt>
      <trkpt lat="57.06758535189776" lon="-4.1367013160404307">
        <ele>298</ele>
      </trkpt>
      <trkpt lat="57.06736028991035" lon="-4.1365592218195646">
        <ele>297</ele>
      </trkpt>
      <trkpt lat="57.06720675185962" lon="-4.1363913789814948">
        <ele>296</ele>
      </trkpt>
      <trkpt lat="57.06704844554643" lon="-4.1360480640854425">
        <ele>295</ele>
      </trkpt>
      <trkpt lat="57.06700648483692" lon="-4.1357724585161124">
        <ele>295</ele>
      </trkpt>
      <trkpt lat="57.06700076292199" lon="-4.1354615678046871">
        <ele>294</ele>
      </trkpt>
      <trkpt lat="57.06701983597176" lon="-4.1346776654587023">
        <ele>293</ele>
      </trkpt>
      <trkpt lat="57.06699313370207" lon="-4.1341598321571578">
        <ele>292</ele>
      </trkpt>
      <trkpt lat="57.06696070951745" lon="-4.133750715239362">
        <ele>292</ele>
      </trkpt>
      <trkpt lat="57.06696070951745" lon="-4.133750715239362">
        <ele>292</ele>
      </trkpt>
      <trkpt lat="57.06689776845317" lon="-4.1328199504100658">
        <ele>290</ele>
      </trkpt>
      <trkpt lat="57.06688702094561" lon="-4.1327414936048896">
        <ele>290</ele>
      </trkpt>
      <trkpt lat="57.06688702094561" lon="-4.1327414936048896">
        <ele>290</ele>
      </trkpt>
      <trkpt lat="57.06687869540339" lon="-4.1326807171466671">
        <ele>290</ele>
      </trkpt>
      <trkpt lat="57.06684627121876" lon="-4.1325329010108671">
        <ele>289</ele>
      </trkpt>
      <trkpt lat="57.06678905206942" lon="-4.1323803166126218">
        <ele>289</ele>
      </trkpt>
      <trkpt lat="57.06676625999902" lon="-4.1323301740577563">
        <ele>289</ele>
      </trkpt>
      <trkpt lat="57.06676625999902" lon="-4.1323301740577563">
        <ele>289</ele>
      </trkpt>
      <trkpt lat="57.06662693114628" lon="-4.1320236505817238">
        <ele>287</ele>
      </trkpt>
      <trkpt lat="57.06662693114628" lon="-4.1320236505817238">
        <ele>287</ele>
      </trkpt>
      <trkpt lat="57.06678428380697" lon="-4.1317032233454087">
        <ele>288</ele>
      </trkpt>
      <trkpt lat="57.06685294678618" lon="-4.131600228876593">
        <ele>289</ele>
      </trkpt>
      <trkpt lat="57.06689967575814" lon="-4.1315096318901343">
        <ele>289</ele>
      </trkpt>
      <trkpt lat="57.0669473583826" lon="-4.1314190349036766">
        <ele>290</ele>
      </trkpt>
      <trkpt lat="57.06703223345412" lon="-4.1313026893000142">
        <ele>290</ele>
      </trkpt>
      <trkpt lat="57.06711710852564" lon="-4.1311853900438633">
        <ele>291</ele>
      </trkpt>
      <trkpt lat="57.06719244707228" lon="-4.131067137135223">
        <ele>292</ele>
      </trkpt>
      <trkpt lat="57.06726778561892" lon="-4.1309479305740942">
        <ele>293</ele>
      </trkpt>
      <trkpt lat="57.06741464810222" lon="-4.130515925996562">
        <ele>294</ele>
      </trkpt>
      <trkpt lat="57.06749952317375" lon="-4.1304062559603238">
        <ele>295</ele>
      </trkpt>
      <trkpt lat="57.06757772267785" lon="-4.1303614342933388">
        <ele>296</ele>
      </trkpt>
      <trkpt lat="57.06769120732405" lon="-4.1303871829105425">
        <ele>297</ele>
      </trkpt>
      <trkpt lat="57.06776845317565" lon="-4.1304262826625928">
        <ele>297</ele>
      </trkpt>
      <trkpt lat="57.06784665267975" lon="-4.1304644287621546">
        <ele>298</ele>
      </trkpt>
      <trkpt lat="57.06794869349608" lon="-4.1305054358191828">
        <ele>299</ele>
      </trkpt>
      <trkpt lat="57.0680516879649" lon="-4.1305464428762111">
        <ele>300</ele>
      </trkpt>
      <trkpt lat="57.06814323860385" lon="-4.1305330917413645">
        <ele>300</ele>
      </trkpt>
      <trkpt lat="57.06849895098225" lon="-4.130270837306881">
        <ele>303</ele>
      </trkpt>
      <trkpt lat="57.0685475872592" lon="-4.1302546252145671">
        <ele>304</ele>
      </trkpt>
      <trkpt lat="57.0685475872592" lon="-4.1302546252145671">
        <ele>304</ele>
      </trkpt>
      <trkpt lat="57.06871543009726" lon="-4.1301773793629559">
        <ele>305</ele>
      </trkpt>
      <trkpt lat="57.0691646004196" lon="-4.130114438298679">
        <ele>308</ele>
      </trkpt>
      <trkpt lat="57.06964619492656" lon="-4.1299446881556312">
        <ele>310</ele>
      </trkpt>
      <trkpt lat="57.07023841312225" lon="-4.1299446881556312">
        <ele>311</ele>
      </trkpt>
      <trkpt lat="57.07039671943543" lon="-4.1294726301735603">
        <ele>313</ele>
      </trkpt>
      <trkpt lat="57.07048922372687" lon="-4.1290043868014452">
        <ele>314</ele>
      </trkpt>
      <trkpt lat="57.0705035285142" lon="-4.1288880411977829">
        <ele>315</ele>
      </trkpt>
      <trkpt lat="57.07067327865725" lon="-4.1287030326149106">
        <ele>316</ele>
      </trkpt>
      <trkpt lat="57.0707209612817" lon="-4.1286257867632985">
        <ele>316</ele>
      </trkpt>
      <trkpt lat="57.0707905779134" lon="-4.128495136372301">
        <ele>317</ele>
      </trkpt>
      <trkpt lat="57.07085637993514" lon="-4.1282738889948458">
        <ele>317</ele>
      </trkpt>
      <trkpt lat="57.07086782376501" lon="-4.1280154491703174">
        <ele>318</ele>
      </trkpt>
      <trkpt lat="57.07097081823383" lon="-4.127801831012774">
        <ele>318</ele>
      </trkpt>
      <trkpt lat="57.07105283234789" lon="-4.1275529277131371">
        <ele>318</ele>
      </trkpt>
      <trkpt lat="57.07115010490177" lon="-4.1273345412931484">
        <ele>318</ele>
      </trkpt>
      <trkpt lat="57.07126358954796" lon="-4.1271028037383131">
        <ele>319</ele>
      </trkpt>
      <trkpt lat="57.07144096891092" lon="-4.1266355140186874">
        <ele>320</ele>
      </trkpt>
      <trkpt lat="57.07143524699599" lon="-4.1263026893000143">
        <ele>320</ele>
      </trkpt>
      <trkpt lat="57.07138756437153" lon="-4.125941255006671">
        <ele>321</ele>
      </trkpt>
      <trkpt lat="57.07129410642761" lon="-4.1256637421323621">
        <ele>321</ele>
      </trkpt>
      <trkpt lat="57.07121209231355" lon="-4.1254663360671326">
        <ele>322</ele>
      </trkpt>
      <trkpt lat="57.07116917795155" lon="-4.1252403204272321">
        <ele>322</ele>
      </trkpt>
      <trkpt lat="57.07116917795155" lon="-4.1251716574480213">
        <ele>322</ele>
      </trkpt>
      <trkpt lat="57.07112817089452" lon="-4.125017165744798">
        <ele>323</ele>
      </trkpt>
      <trkpt lat="57.07104138851802" lon="-4.1247787526225395">
        <ele>322</ele>
      </trkpt>
      <trkpt lat="57.07101563990081" lon="-4.124628075529273">
        <ele>321</ele>
      </trkpt>
      <trkpt lat="57.07101563990081" lon="-4.124628075529273">
        <ele>321</ele>
      </trkpt>
      <trkpt lat="57.07108811748998" lon="-4.1244106427617728">
        <ele>321</ele>
      </trkpt>
      <trkpt lat="57.07126454320045" lon="-4.1239605187869497">
        <ele>319</ele>
      </trkpt>
      <trkpt lat="57.07132939156971" lon="-4.1236381842456566">
        <ele>318</ele>
      </trkpt>
      <trkpt lat="57.07182338355902" lon="-4.1225042914361962">
        <ele>316</ele>
      </trkpt>
      <trkpt lat="57.07198073621971" lon="-4.1220818233835548">
        <ele>315</ele>
      </trkpt>
      <trkpt lat="57.07208086973106" lon="-4.1217070379553649">
        <ele>314</ele>
      </trkpt>
      <trkpt lat="57.07216765210757" lon="-4.1214266641235886">
        <ele>314</ele>
      </trkpt>
      <trkpt lat="57.07228209040625" lon="-4.1212159069235126">
        <ele>313</ele>
      </trkpt>
      <trkpt lat="57.07241941636467" lon="-4.1210642761777558">
        <ele>314</ele>
      </trkpt>
      <trkpt lat="57.07256055693305" lon="-4.120975586496276">
        <ele>314</ele>
      </trkpt>
      <trkpt lat="57.07282090406255" lon="-4.1206894907495659">
        <ele>312</ele>
      </trkpt>
      <trkpt lat="57.07295727636848" lon="-4.1204567995422421">
        <ele>312</ele>
      </trkpt>
      <trkpt lat="57.0731470532138" lon="-4.1202288765973636">
        <ele>311</ele>
      </trkpt>
      <trkpt lat="57.07328247186724" lon="-4.1199999999999957">
        <ele>311</ele>
      </trkpt>
      <trkpt lat="57.07328247186724" lon="-4.119999999999985">
        <ele>311</ele>
      </trkpt>
      <trkpt lat="57.07330917413694" lon="-4.1199561319854894">
        <ele>311</ele>
      </trkpt>
      <trkpt lat="57.07332729353423" lon="-4.1198674423040096">
        <ele>310</ele>
      </trkpt>
      <trkpt lat="57.07339214190348" lon="-4.1196833873736258">
        <ele>310</ele>
      </trkpt>
      <trkpt lat="57.07366297921037" lon="-4.1188279610909637">
        <ele>307</ele>
      </trkpt>
      <trkpt lat="57.07378600038145" lon="-4.1184808315849555">
        <ele>306</ele>
      </trkpt>
      <trkpt lat="57.07379267594888" lon="-4.1184140759107235">
        <ele>306</ele>
      </trkpt>
      <trkpt lat="57.07390902155254" lon="-4.1180555025748466">
        <ele>305</ele>
      </trkpt>
      <trkpt lat="57.07403490368109" lon="-4.1177179095937291">
        <ele>304</ele>
      </trkpt>
      <trkpt lat="57.07413503719244" lon="-4.1173936677474581">
        <ele>303</ele>
      </trkpt>
      <trkpt lat="57.07425329010108" lon="-4.1169521266450362">
        <ele>301</ele>
      </trkpt>
      <trkpt lat="57.07437154300972" lon="-4.1166288384512537">
        <ele>299</ele>
      </trkpt>
      <trkpt lat="57.07467957276368" lon="-4.1157428952889417">
        <ele>296</ele>
      </trkpt>
      <trkpt lat="57.07472820904062" lon="-4.1154587068472104">
        <ele>295</ele>
      </trkpt>
      <trkpt lat="57.07492466145336" lon="-4.1149923707800733">
        <ele>293</ele>
      </trkpt>
      <trkpt lat="57.07519168415029" lon="-4.1141035666602939">
        <ele>290</ele>
      </trkpt>
      <trkpt lat="57.07529277131412" lon="-4.1138031661262486">
        <ele>289</ele>
      </trkpt>
      <trkpt lat="57.07549876025175" lon="-4.1132605378599889">
        <ele>287</ele>
      </trkpt>
      <trkpt lat="57.07554358191874" lon="-4.113064085447248">
        <ele>286</ele>
      </trkpt>
      <trkpt lat="57.07566183482738" lon="-4.1127093267213279">
        <ele>285</ele>
      </trkpt>
      <trkpt lat="57.07567460764597" lon="-4.1126776553446147">
        <ele>285</ele>
      </trkpt>
      <trkpt lat="57.07567460764597" lon="-4.1126776553446147">
        <ele>285</ele>
      </trkpt>
      <trkpt lat="57.0757552927713" lon="-4.1124775891664926">
        <ele>284</ele>
      </trkpt>
      <trkpt lat="57.07576673660117" lon="-4.1124260919320852">
        <ele>284</ele>
      </trkpt>
      <trkpt lat="57.07584016784283" lon="-4.1123097463284228">
        <ele>284</ele>
      </trkpt>
      <trkpt lat="57.07584023846302" lon="-4.1123096344376702">
        <ele>284</ele>
      </trkpt>
      <trkpt lat="57.07581251192065" lon="-4.1120398626740267">
        <ele>283</ele>
      </trkpt>
      <trkpt lat="57.07581251192065" lon="-4.1120398626740267">
        <ele>283</ele>
      </trkpt>
      <trkpt lat="57.07609288575242" lon="-4.1114676711806073">
        <ele>282</ele>
      </trkpt>
      <trkpt lat="57.07609288575242" lon="-4.1114676711806073">
        <ele>282</ele>
      </trkpt>
      <trkpt lat="57.07612149532709" lon="-4.1114028228113524">
        <ele>282</ele>
      </trkpt>
      <trkpt lat="57.07612149532709" lon="-4.1114028228113524">
        <ele>282</ele>
      </trkpt>
      <trkpt lat="57.07618634369635" lon="-4.1113246233072518">
        <ele>282</ele>
      </trkpt>
      <trkpt lat="57.07618634369635" lon="-4.1113246233072518">
        <ele>282</ele>
      </trkpt>
      <trkpt lat="57.0763646767118" lon="-4.111282662597735">
        <ele>282</ele>
      </trkpt>
      <trkpt lat="57.07651153919511" lon="-4.1111033759297966">
        <ele>283</ele>
      </trkpt>
      <trkpt lat="57.07661834827388" lon="-4.1110280373831625">
        <ele>283</ele>
      </trkpt>
      <trkpt lat="57.07671466717527" lon="-4.1110499713904103">
        <ele>283</ele>
      </trkpt>
      <trkpt lat="57.07691207324051" lon="-4.111122448979577">
        <ele>284</ele>
      </trkpt>
      <trkpt lat="57.07705893572381" lon="-4.1111996948311891">
        <ele>285</ele>
      </trkpt>
      <trkpt lat="57.07732023650581" lon="-4.1113074575624493">
        <ele>286</ele>
      </trkpt>
      <trkpt lat="57.07779992370779" lon="-4.111574480259379">
        <ele>288</ele>
      </trkpt>
      <trkpt lat="57.07805931718481" lon="-4.1117394621399814">
        <ele>290</ele>
      </trkpt>
      <trkpt lat="57.07823192828533" lon="-4.1118281518214612">
        <ele>291</ele>
      </trkpt>
      <trkpt lat="57.07845699027274" lon="-4.1119826435246845">
        <ele>292</ele>
      </trkpt>
      <trkpt lat="57.07874785428189" lon="-4.1121380888803971">
        <ele>294</ele>
      </trkpt>
      <trkpt lat="57.07886992180049" lon="-4.1121800495899148">
        <ele>295</ele>
      </trkpt>
      <trkpt lat="57.0791388518024" lon="-4.1123240511157588">
        <ele>296</ele>
      </trkpt>
      <trkpt lat="57.07928417901921" lon="-4.1124153370559693">
        <ele>297</ele>
      </trkpt>
      <trkpt lat="57.07928417901921" lon="-4.1124153370559693">
        <ele>297</ele>
      </trkpt>
      <trkpt lat="57.07933989122308" lon="-4.1124494686559467">
        <ele>297</ele>
      </trkpt>
      <trkpt lat="57.07933989122308" lon="-4.1124494686559467">
        <ele>297</ele>
      </trkpt>
      <trkpt lat="57.07971771886324" lon="-4.1126578294869205">
        <ele>300</ele>
      </trkpt>
      <trkpt lat="57.07999999999999" lon="-4.1128228113675229">
        <ele>302</ele>
      </trkpt>
      <trkpt lat="57.08000000000001" lon="-4.1128228113675229">
        <ele>302</ele>
      </trkpt>
      <trkpt lat="57.08011729925615" lon="-4.1128981499141561">
        <ele>303</ele>
      </trkpt>
      <trkpt lat="57.08021266450505" lon="-4.1129477398435865">
        <ele>303</ele>
      </trkpt>
      <trkpt lat="57.08030898340645" lon="-4.112997329773016">
        <ele>304</ele>
      </trkpt>
      <trkpt lat="57.08042532901011" lon="-4.1130431050924896">
        <ele>305</ele>
      </trkpt>
      <trkpt lat="57.08054167461378" lon="-4.1130888804119632">
        <ele>305</ele>
      </trkpt>
      <trkpt lat="57.0806522983025" lon="-4.1131441922563274">
        <ele>306</ele>
      </trkpt>
      <trkpt lat="57.0806522983025" lon="-4.1131441922563274">
        <ele>306</ele>
      </trkpt>
      <trkpt lat="57.08090310890712" lon="-4.1131794773984209">
        <ele>308</ele>
      </trkpt>
      <trkpt lat="57.0811825290864" lon="-4.1132510013350991">
        <ele>309</ele>
      </trkpt>
      <trkpt lat="57.08129696738509" lon="-4.1131489605187719">
        <ele>310</ele>
      </trkpt>
      <trkpt lat="57.08139900820142" lon="-4.113258630555011">
        <ele>311</ele>
      </trkpt>
      <trkpt lat="57.08149341979783" lon="-4.1132595842075004">
        <ele>312</ele>
      </trkpt>
      <trkpt lat="57.08180049589929" lon="-4.1134321953080146">
        <ele>313</ele>
      </trkpt>
      <trkpt lat="57.08198931909212" lon="-4.1135981308411065">
        <ele>315</ele>
      </trkpt>
      <trkpt lat="57.08218481785238" lon="-4.1138136563036278">
        <ele>316</ele>
      </trkpt>
      <trkpt lat="57.08238317757009" lon="-4.1139404920846694">
        <ele>317</ele>
      </trkpt>
      <trkpt lat="57.08248235742896" lon="-4.114162693114614">
        <ele>317</ele>
      </trkpt>
      <trkpt lat="57.08260251764258" lon="-4.1142656875834298">
        <ele>318</ele>
      </trkpt>
      <trkpt lat="57.08273698264353" lon="-4.1143267213427279">
        <ele>319</ele>
      </trkpt>
      <trkpt lat="57.08292485218387" lon="-4.1144468815563462">
        <ele>321</ele>
      </trkpt>
      <trkpt lat="57.08304596604997" lon="-4.1145060080106663">
        <ele>322</ele>
      </trkpt>
      <trkpt lat="57.08316326530613" lon="-4.1145851611672555">
        <ele>322</ele>
      </trkpt>
      <trkpt lat="57.0833396910166" lon="-4.1146223536143278">
        <ele>324</ele>
      </trkpt>
      <trkpt lat="57.08359908449361" lon="-4.1147100896433191">
        <ele>326</ele>
      </trkpt>
      <trkpt lat="57.08386419988557" lon="-4.1148569521266305">
        <ele>328</ele>
      </trkpt>
      <trkpt lat="57.08411882510013" lon="-4.1148617203890758">
        <ele>330</ele>
      </trkpt>
      <trkpt lat="57.08428571428572" lon="-4.114937058935709">
        <ele>332</ele>
      </trkpt>
      <trkpt lat="57.08438870875453" lon="-4.1149666221628687">
        <ele>333</ele>
      </trkpt>
      <trkpt lat="57.08452889567042" lon="-4.1149847415601606">
        <ele>334</ele>
      </trkpt>
      <trkpt lat="57.08468529467862" lon="-4.1150171657447876">
        <ele>336</ele>
      </trkpt>
      <trkpt lat="57.08463189013924" lon="-4.1149151249284612">
        <ele>335</ele>
      </trkpt>
      <trkpt lat="57.08472725538814" lon="-4.1147253480831436">
        <ele>336</ele>
      </trkpt>
      <trkpt lat="57.08485981308412" lon="-4.113613389280931">
        <ele>336</ele>
      </trkpt>
      <trkpt lat="57.08488174709137" lon="-4.1133492275414687">
        <ele>336</ele>
      </trkpt>
      <trkpt lat="57.08495422468053" lon="-4.1129601373259437">
        <ele>336</ele>
      </trkpt>
      <trkpt lat="57.08506866297921" lon="-4.1118224299065274">
        <ele>336</ele>
      </trkpt>
      <trkpt lat="57.08511443829869" lon="-4.1115630364295104">
        <ele>336</ele>
      </trkpt>
      <trkpt lat="57.08515449170323" lon="-4.1112750333778223">
        <ele>336</ele>
      </trkpt>
      <trkpt lat="57.08517928666794" lon="-4.1104777798969909">
        <ele>335</ele>
      </trkpt>
      <trkpt lat="57.08522696929239" lon="-4.1098865153537902">
        <ele>335</ele>
      </trkpt>
      <trkpt lat="57.0854176997902" lon="-4.1084379172229495">
        <ele>336</ele>
      </trkpt>
      <trkpt lat="57.08548350181194" lon="-4.1080936486744086">
        <ele>336</ele>
      </trkpt>
      <trkpt lat="57.08556360862102" lon="-4.1078132748426324">
        <ele>337</ele>
      </trkpt>
      <trkpt lat="57.08556265496853" lon="-4.1075338546633455">
        <ele>337</ele>
      </trkpt>
      <trkpt lat="57.08558172801831" lon="-4.107354567995408">
        <ele>337</ele>
      </trkpt>
      <trkpt lat="57.08566755674233" lon="-4.1069559412549923">
        <ele>338</ele>
      </trkpt>
      <trkpt lat="57.08577531947359" lon="-4.1061806217814079">
        <ele>338</ele>
      </trkpt>
      <trkpt lat="57.08592695021935" lon="-4.1048607667365866">
        <ele>338</ele>
      </trkpt>
      <trkpt lat="57.08584970436773" lon="-4.1046957848559833">
        <ele>337</ele>
      </trkpt>
      <trkpt lat="57.08584970436773" lon="-4.1046957848559833">
        <ele>337</ele>
      </trkpt>
      <trkpt lat="57.08590120160214" lon="-4.1046032805645476">
        <ele>337</ele>
      </trkpt>
      <trkpt lat="57.08590120160214" lon="-4.1046032805645476">
        <ele>337</ele>
      </trkpt>
      <trkpt lat="57.08600419607095" lon="-4.1045946976921464">
        <ele>338</ele>
      </trkpt>
      <trkpt lat="57.08596414266641" lon="-4.1044821666984399">
        <ele>338</ele>
      </trkpt>
      <trkpt lat="57.08596414266641" lon="-4.1044821666984399">
        <ele>338</ele>
      </trkpt>
      <trkpt lat="57.08602899103567" lon="-4.103716383749747">
        <ele>337</ele>
      </trkpt>
      <trkpt lat="57.08603280564563" lon="-4.1033082204844407">
        <ele>336</ele>
      </trkpt>
      <trkpt lat="57.08597654014877" lon="-4.1031766164409538">
        <ele>336</ele>
      </trkpt>
      <trkpt lat="57.08584207514782" lon="-4.1030183101277746">
        <ele>335</ele>
      </trkpt>
      <trkpt lat="57.08576101468625" lon="-4.1028895670417551">
        <ele>334</ele>
      </trkpt>
      <trkpt lat="57.0857047491894" lon="-4.1027303070760865">
        <ele>333</ele>
      </trkpt>
      <trkpt lat="57.08563227160023" lon="-4.1024327674995087">
        <ele>333</ele>
      </trkpt>
      <trkpt lat="57.08543963379745" lon="-4.1017957276368344">
        <ele>331</ele>
      </trkpt>
      <trkpt lat="57.085261300782" lon="-4.1014466908258482">
        <ele>329</ele>
      </trkpt>
      <trkpt lat="57.08513827961092" lon="-4.1010070570284043">
        <ele>328</ele>
      </trkpt>
      <trkpt lat="57.08504577531948" lon="-4.1007018882319137">
        <ele>327</ele>
      </trkpt>
      <trkpt lat="57.084957085638" lon="-4.1003518977684381">
        <ele>327</ele>
      </trkpt>
      <trkpt lat="57.08493133702079" lon="-4.0999999999999854">
        <ele>327</ele>
      </trkpt>
      <trkpt lat="57.08493133702079" lon="-4.1000000000000032">
        <ele>327</ele>
      </trkpt>
      <trkpt lat="57.08492084684342" lon="-4.0997940110623725">
        <ele>326</ele>
      </trkpt>
      <trkpt lat="57.08479973297731" lon="-4.0989967575815411">
        <ele>326</ele>
      </trkpt>
      <trkpt lat="57.08476349418272" lon="-4.0984741560175504">
        <ele>325</ele>
      </trkpt>
      <trkpt lat="57.08485599847416" lon="-4.0980783902346021">
        <ele>326</ele>
      </trkpt>
      <trkpt lat="57.08487888613389" lon="-4.0975262254434517">
        <ele>326</ele>
      </trkpt>
      <trkpt lat="57.08482357428953" lon="-4.0971419034903711">
        <ele>326</ele>
      </trkpt>
      <trkpt lat="57.08480450123975" lon="-4.0969187488079379">
        <ele>326</ele>
      </trkpt>
      <trkpt lat="57.08479496471486" lon="-4.0966345603662058">
        <ele>326</ele>
      </trkpt>
      <trkpt lat="57.08479154227005" lon="-4.0966064677983356">
        <ele>326</ele>
      </trkpt>
      <trkpt lat="57.08479154227005" lon="-4.0966064677983356">
        <ele>326</ele>
      </trkpt>
      <trkpt lat="57.08477207705513" lon="-4.0964466908258661">
        <ele>326</ele>
      </trkpt>
      <trkpt lat="57.08473202365059" lon="-4.096272172420373">
        <ele>325</ele>
      </trkpt>
      <trkpt lat="57.08466908258631" lon="-4.0961396147243976">
        <ele>325</ele>
      </trkpt>
      <trkpt lat="57.08466908258631" lon="-4.0961396147243976">
        <ele>325</ele>
      </trkpt>
      <trkpt lat="57.08460328056456" lon="-4.0954062559603317">
        <ele>325</ele>
      </trkpt>
      <trkpt lat="57.08462902918177" lon="-4.0949647148579089">
        <ele>325</ele>
      </trkpt>
      <trkpt lat="57.08466717528133" lon="-4.0946719435437764">
        <ele>325</ele>
      </trkpt>
      <trkpt lat="57.08477970627504" lon="-4.0944735838260575">
        <ele>326</ele>
      </trkpt>
      <trkpt lat="57.08477016975014" lon="-4.0943763112721756">
        <ele>326</ele>
      </trkpt>
      <trkpt lat="57.08466145336639" lon="-4.0942523364486014">
        <ele>325</ele>
      </trkpt>
      <trkpt lat="57.08460804882701" lon="-4.0940816326530642">
        <ele>325</ele>
      </trkpt>
      <trkpt lat="57.08459660499715" lon="-4.0937325958420789">
        <ele>325</ele>
      </trkpt>
      <trkpt lat="57.08466431432387" lon="-4.0934131222582524">
        <ele>325</ele>
      </trkpt>
      <trkpt lat="57.08459565134466" lon="-4.0931470532138121">
        <ele>325</ele>
      </trkpt>
      <trkpt lat="57.08455464428763" lon="-4.0928209040625632">
        <ele>325</ele>
      </trkpt>
      <trkpt lat="57.08455464428763" lon="-4.0928209040625632">
        <ele>325</ele>
      </trkpt>
      <trkpt lat="57.0847825672325" lon="-4.0925567423231008">
        <ele>326</ele>
      </trkpt>
      <trkpt lat="57.08493896624071" lon="-4.0921972153347355">
        <ele>328</ele>
      </trkpt>
      <trkpt lat="57.08510108716384" lon="-4.0919702460423455">
        <ele>329</ele>
      </trkpt>
      <trkpt lat="57.08514304787336" lon="-4.0918014495517872">
        <ele>330</ele>
      </trkpt>
      <trkpt lat="57.08522696929239" lon="-4.0916450505435851">
        <ele>330</ele>
      </trkpt>
      <trkpt lat="57.08533663932863" lon="-4.0911710852565362">
        <ele>331</ele>
      </trkpt>
      <trkpt lat="57.08538146099561" lon="-4.0907028418844211">
        <ele>332</ele>
      </trkpt>
      <trkpt lat="57.08538146099561" lon="-4.0907028418844211">
        <ele>332</ele>
      </trkpt>
      <trkpt lat="57.08525738476479" lon="-4.0905542231024477">
        <ele>333</ele>
      </trkpt>
      <trkpt lat="57.08525738476479" lon="-4.0905542231024477">
        <ele>333</ele>
      </trkpt>
      <trkpt lat="57.08538146099561" lon="-4.0907028418844211">
        <ele>332</ele>
      </trkpt>
      <trkpt lat="57.08538146099561" lon="-4.0907028418844211">
        <ele>332</ele>
      </trkpt>
      <trkpt lat="57.08542246805265" lon="-4.0906389471676556">
        <ele>332</ele>
      </trkpt>
      <trkpt lat="57.08553690635133" lon="-4.0902899103566694">
        <ele>333</ele>
      </trkpt>
      <trkpt lat="57.0856179668129" lon="-4.0901487697882928">
        <ele>333</ele>
      </trkpt>
      <trkpt lat="57.08572572954416" lon="-4.0901001335113518">
        <ele>333</ele>
      </trkpt>
      <trkpt lat="57.08590787716956" lon="-4.0900305168796525">
        <ele>333</ele>
      </trkpt>
      <trkpt lat="57.0860957467099" lon="-4.0900143047873385">
        <ele>332</ele>
      </trkpt>
      <trkpt lat="57.08623593362579" lon="-4.0900524508869003">
        <ele>332</ele>
      </trkpt>
      <trkpt lat="57.08635227922945" lon="-4.090143047873358">
        <ele>331</ele>
      </trkpt>
      <trkpt lat="57.08645718100325" lon="-4.0902994468815601">
        <ele>330</ele>
      </trkpt>
      <trkpt lat="57.0865306122449" lon="-4.0903309174136977">
        <ele>330</ele>
      </trkpt>
      <trkpt lat="57.0866010340793" lon="-4.0902529165477883">
        <ele>330</ele>
      </trkpt>
      <trkpt lat="57.0866010340793" lon="-4.0902529165477883">
        <ele>330</ele>
      </trkpt>
      <trkpt lat="57.08662322456175" lon="-4.0902283378519853">
        <ele>330</ele>
      </trkpt>
      <trkpt lat="57.08662322456175" lon="-4.0902283378519853">
        <ele>330</ele>
      </trkpt>
      <trkpt lat="57.08665563246869" lon="-4.0901924420985596">
        <ele>330</ele>
      </trkpt>
      <trkpt lat="57.08665563246869" lon="-4.0901924420985596">
        <ele>330</ele>
      </trkpt>
      <trkpt lat="57.08674327674996" lon="-4.0900953652489065">
        <ele>330</ele>
      </trkpt>
      <trkpt lat="57.08680621781424" lon="-4.0900009536524928">
        <ele>330</ele>
      </trkpt>
      <trkpt lat="57.08683387373642" lon="-4.0898483692542476">
        <ele>330</ele>
      </trkpt>
      <trkpt lat="57.08683387373642" lon="-4.0896633606713744">
        <ele>330</ele>
      </trkpt>
      <trkpt lat="57.08679668128934" lon="-4.0894850276559254">
        <ele>331</ele>
      </trkpt>
      <trkpt lat="57.08678714476445" lon="-4.0892609193210028">
        <ele>331</ele>
      </trkpt>
      <trkpt lat="57.08683387373642" lon="-4.0890778180431084">
        <ele>331</ele>
      </trkpt>
      <trkpt lat="57.08686859477097" lon="-4.0890289514018896">
        <ele>331</ele>
      </trkpt>
      <trkpt lat="57.08686859477097" lon="-4.0890289514018896">
        <ele>331</ele>
      </trkpt>
      <trkpt lat="57.08698253741639" lon="-4.0888685876787045">
        <ele>331</ele>
      </trkpt>
      <trkpt lat="57.08698253741639" lon="-4.0888685876787045">
        <ele>331</ele>
      </trkpt>
      <trkpt lat="57.08697397659405" lon="-4.0888680597494726">
        <ele>331</ele>
      </trkpt>
      <trkpt lat="57.08697397659405" lon="-4.0888680597494726">
        <ele>331</ele>
      </trkpt>
      <trkpt lat="57.08699633232174" lon="-4.088849172626726">
        <ele>331</ele>
      </trkpt>
      <trkpt lat="57.08699633232174" lon="-4.088849172626726">
        <ele>331</ele>
      </trkpt>
      <trkpt lat="57.08698905688171" lon="-4.0888594121349131">
        <ele>331</ele>
      </trkpt>
      <trkpt lat="57.08698905688171" lon="-4.0888594121349131">
        <ele>331</ele>
      </trkpt>
      <trkpt lat="57.08697718069948" lon="-4.0888321544817501">
        <ele>331</ele>
      </trkpt>
      <trkpt lat="57.08697718069948" lon="-4.0888321544817501">
        <ele>331</ele>
      </trkpt>
      <trkpt lat="57.08701575640362" lon="-4.0887603789936495">
        <ele>332</ele>
      </trkpt>
      <trkpt lat="57.08703689294462" lon="-4.0887575327811421">
        <ele>331</ele>
      </trkpt>
      <trkpt lat="57.08703689294462" lon="-4.0887575327811421">
        <ele>331</ele>
      </trkpt>
      <trkpt lat="57.08704583719348" lon="-4.0887517302173988">
        <ele>331</ele>
      </trkpt>
      <trkpt lat="57.08704583719348" lon="-4.0887517302173988">
        <ele>331</ele>
      </trkpt>
      <trkpt lat="57.08705188481071" lon="-4.0887379249670364">
        <ele>331</ele>
      </trkpt>
      <trkpt lat="57.08705188481071" lon="-4.0887379249670364">
        <ele>331</ele>
      </trkpt>
      <trkpt lat="57.08705027594802" lon="-4.0887232275120917">
        <ele>331</ele>
      </trkpt>
      <trkpt lat="57.08705027594802" lon="-4.0887232275120917">
        <ele>331</ele>
      </trkpt>
      <trkpt lat="57.08706579414942" lon="-4.0887061733041854">
        <ele>331</ele>
      </trkpt>
      <trkpt lat="57.08706579414942" lon="-4.0887061733041854">
        <ele>331</ele>
      </trkpt>
      <trkpt lat="57.08711899275131" lon="-4.0885847337370915">
        <ele>331</ele>
      </trkpt>
      <trkpt lat="57.08711899275131" lon="-4.0885847337370915">
        <ele>331</ele>
      </trkpt>
      <trkpt lat="57.08712294611014" lon="-4.0885757091731705">
        <ele>331</ele>
      </trkpt>
      <trkpt lat="57.08712294611014" lon="-4.0885757091731705">
        <ele>331</ele>
      </trkpt>
      <trkpt lat="57.08713021990233" lon="-4.088559104861333">
        <ele>331</ele>
      </trkpt>
      <trkpt lat="57.08713021990233" lon="-4.088559104861333">
        <ele>331</ele>
      </trkpt>
      <trkpt lat="57.08715239366775" lon="-4.0885084875071556">
        <ele>331</ele>
      </trkpt>
      <trkpt lat="57.08719080774834" lon="-4.0884301379962507">
        <ele>331</ele>
      </trkpt>
      <trkpt lat="57.08719080774834" lon="-4.0884301379962507">
        <ele>331</ele>
      </trkpt>
      <trkpt lat="57.08724871256914" lon="-4.0883120350944147">
        <ele>331</ele>
      </trkpt>
      <trkpt lat="57.08724871256914" lon="-4.0883120350944147">
        <ele>331</ele>
      </trkpt>
      <trkpt lat="57.08725592882607" lon="-4.088249912534808">
        <ele>332</ele>
      </trkpt>
      <trkpt lat="57.08725592882607" lon="-4.088249912534808">
        <ele>332</ele>
      </trkpt>
      <trkpt lat="57.08726125816296" lon="-4.0882040338954635">
        <ele>332</ele>
      </trkpt>
      <trkpt lat="57.08726125816296" lon="-4.0882040338954635">
        <ele>332</ele>
      </trkpt>
      <trkpt lat="57.0872591409321" lon="-4.0881894314335963">
        <ele>332</ele>
      </trkpt>
      <trkpt lat="57.0872591409321" lon="-4.0881894314335963">
        <ele>332</ele>
      </trkpt>
      <trkpt lat="57.08726527176398" lon="-4.0881694820257843">
        <ele>332</ele>
      </trkpt>
      <trkpt lat="57.08726527176398" lon="-4.0881694820257843">
        <ele>332</ele>
      </trkpt>
      <trkpt lat="57.08727064657639" lon="-4.0881232119015865">
        <ele>332</ele>
      </trkpt>
      <trkpt lat="57.08731737554835" lon="-4.0878876597367952">
        <ele>332</ele>
      </trkpt>
      <trkpt lat="57.08747472820905" lon="-4.0877045584589009">
        <ele>332</ele>
      </trkpt>
      <trkpt lat="57.08750986302511" lon="-4.0874818730049673">
        <ele>332</ele>
      </trkpt>
      <trkpt lat="57.08750986302511" lon="-4.0874818730049673">
        <ele>332</ele>
      </trkpt>
      <trkpt lat="57.08754243753577" lon="-4.0872754148388362">
        <ele>333</ele>
      </trkpt>
      <trkpt lat="57.08759307496811" lon="-4.0871222968886416">
        <ele>333</ele>
      </trkpt>
      <trkpt lat="57.08759307496811" lon="-4.0871222968886416">
        <ele>333</ele>
      </trkpt>
      <trkpt lat="57.08768340762326" lon="-4.0868491481456903">
        <ele>333</ele>
      </trkpt>
      <trkpt lat="57.08768340762326" lon="-4.0868491481456903">
        <ele>333</ele>
      </trkpt>
      <trkpt lat="57.08776282614432" lon="-4.0866090016653391">
        <ele>333</ele>
      </trkpt>
      <trkpt lat="57.08776282614432" lon="-4.0866090016653391">
        <ele>333</ele>
      </trkpt>
      <trkpt lat="57.08782281136754" lon="-4.0864276177760859">
        <ele>334</ele>
      </trkpt>
      <trkpt lat="57.08803429316092" lon="-4.0858451152925603">
        <ele>333</ele>
      </trkpt>
      <trkpt lat="57.08803429316092" lon="-4.0858451152925603">
        <ele>333</ele>
      </trkpt>
      <trkpt lat="57.08804662300957" lon="-4.0858111541304893">
        <ele>333</ele>
      </trkpt>
      <trkpt lat="57.08804662300957" lon="-4.0858111541304893">
        <ele>333</ele>
      </trkpt>
      <trkpt lat="57.08820331871067" lon="-4.0853795536906388">
        <ele>332</ele>
      </trkpt>
      <trkpt lat="57.0887392714095" lon="-4.0842933435056299">
        <ele>330</ele>
      </trkpt>
      <trkpt lat="57.08904253290101" lon="-4.0836200648483727">
        <ele>330</ele>
      </trkpt>
      <trkpt lat="57.08921514400153" lon="-4.0830154491703254">
        <ele>331</ele>
      </trkpt>
      <trkpt lat="57.08930860194545" lon="-4.0825977493801293">
        <ele>334</ele>
      </trkpt>
      <trkpt lat="57.08939824527943" lon="-4.0822820904062596">
        <ele>334</ele>
      </trkpt>
      <trkpt lat="57.08945451077628" lon="-4.0820818233835627">
        <ele>334</ele>
      </trkpt>
      <trkpt lat="57.08953843219531" lon="-4.0816355140186946">
        <ele>335</ele>
      </trkpt>
      <trkpt lat="57.08955273698265" lon="-4.081297921037577">
        <ele>337</ele>
      </trkpt>
      <trkpt lat="57.08976254053023" lon="-4.0807982071333244">
        <ele>336</ele>
      </trkpt>
      <trkpt lat="57.08993229067328" lon="-4.0804978065992783">
        <ele>334</ele>
      </trkpt>
      <trkpt lat="57.09001907304978" lon="-4.0802078962426123">
        <ele>334</ele>
      </trkpt>
      <trkpt lat="57.09023745946978" lon="-4.0800000000000036">
        <ele>332</ele>
      </trkpt>
      <trkpt lat="57.09023745946978" lon="-4.079999999999993">
        <ele>332</ele>
      </trkpt>
      <trkpt lat="57.09029753957658" lon="-4.0799437345031402">
        <ele>332</ele>
      </trkpt>
      <trkpt lat="57.090826816708" lon="-4.0792265878313874">
        <ele>326</ele>
      </trkpt>
      <trkpt lat="57.09088785046729" lon="-4.0790015258439754">
        <ele>328</ele>
      </trkpt>
      <trkpt lat="57.09104806408545" lon="-4.0786906351325509">
        <ele>329</ele>
      </trkpt>
      <trkpt lat="57.09113580011444" lon="-4.0781861529658521">
        <ele>331</ele>
      </trkpt>
      <trkpt lat="57.0914180812512" lon="-4.0772582490940232">
        <ele>329</ele>
      </trkpt>
      <trkpt lat="57.09188441731833" lon="-4.0758468434102548">
        <ele>330</ele>
      </trkpt>
      <trkpt lat="57.0921218767881" lon="-4.0753375929811106">
        <ele>331</ele>
      </trkpt>
      <trkpt lat="57.09232500476826" lon="-4.0747205798207062">
        <ele>332</ele>
      </trkpt>
      <trkpt lat="57.09247949647149" lon="-4.0743238603852685">
        <ele>332</ele>
      </trkpt>
      <trkpt lat="57.09265592218196" lon="-4.0737631127217178">
        <ele>335</ele>
      </trkpt>
      <trkpt lat="57.09269435985066" lon="-4.0736693921908547">
        <ele>335</ele>
      </trkpt>
      <trkpt lat="57.09269435985066" lon="-4.0736693921908547">
        <ele>335</ele>
      </trkpt>
      <trkpt lat="57.09261991390927" lon="-4.0736255826002212">
        <ele>337</ele>
      </trkpt>
      <trkpt lat="57.09261991390927" lon="-4.0736255826002212">
        <ele>337</ele>
      </trkpt>
      <trkpt lat="57.09302535257698" lon="-4.0728828796157099">
        <ele>335</ele>
      </trkpt>
      <trkpt lat="57.09302535257698" lon="-4.0728828796157099">
        <ele>335</ele>
      </trkpt>
      <trkpt lat="57.09317757009346" lon="-4.0725357619683322">
        <ele>333</ele>
      </trkpt>
      <trkpt lat="57.09346366584017" lon="-4.0717757009345723">
        <ele>330</ele>
      </trkpt>
      <trkpt lat="57.09372878123212" lon="-4.0713608621018436">
        <ele>329</ele>
      </trkpt>
      <trkpt lat="57.09385561701316" lon="-4.0709612817089385">
        <ele>330</ele>
      </trkpt>
      <trkpt lat="57.09415601754721" lon="-4.0703738317756937">
        <ele>330</ele>
      </trkpt>
      <trkpt lat="57.0941827198169" lon="-4.0702231546824272">
        <ele>331</ele>
      </trkpt>
      <trkpt lat="57.09414934197979" lon="-4.0700648483692472">
        <ele>333</ele>
      </trkpt>
      <trkpt lat="57.09405397673088" lon="-4.0699837879076792">
        <ele>336</ele>
      </trkpt>
      <trkpt lat="57.09392523364486" lon="-4.0697129506007945">
        <ele>340</ele>
      </trkpt>
      <trkpt lat="57.0939652870494" lon="-4.0693076482929555">
        <ele>341</ele>
      </trkpt>
      <trkpt lat="57.09401583063132" lon="-4.0690635132557631">
        <ele>341</ele>
      </trkpt>
      <trkpt lat="57.09416364676712" lon="-4.0686591646004127">
        <ele>338</ele>
      </trkpt>
      <trkpt lat="57.09425138279611" lon="-4.0682061796681221">
        <ele>337</ele>
      </trkpt>
      <trkpt lat="57.0943829868396" lon="-4.0676778561891975">
        <ele>336</ele>
      </trkpt>
      <trkpt lat="57.0943562845699" lon="-4.067435628456983">
        <ele>337</ele>
      </trkpt>
      <trkpt lat="57.09437726492467" lon="-4.0672506198741107">
        <ele>338</ele>
      </trkpt>
      <trkpt lat="57.09432958230021" lon="-4.0672105664695719">
        <ele>338</ele>
      </trkpt>
      <trkpt lat="57.09432958230021" lon="-4.0672105664695719">
        <ele>338</ele>
      </trkpt>
      <trkpt lat="57.09427999237079" lon="-4.0672534808315781">
        <ele>339</ele>
      </trkpt>
      <trkpt lat="57.09423326339882" lon="-4.0670093457943857">
        <ele>340</ele>
      </trkpt>
      <trkpt lat="57.09412550066756" lon="-4.0666259774937945">
        <ele>343</ele>
      </trkpt>
      <trkpt lat="57.09411024222774" lon="-4.0664476444783455">
        <ele>343</ele>
      </trkpt>
      <trkpt lat="57.09400724775892" lon="-4.0661472439443003">
        <ele>344</ele>
      </trkpt>
      <trkpt lat="57.09387755102041" lon="-4.0660165935533019">
        <ele>345</ele>
      </trkpt>
      <trkpt lat="57.09378790768644" lon="-4.0659469769216026">
        <ele>346</ele>
      </trkpt>
      <trkpt lat="57.09363913789815" lon="-4.0660194545107693">
        <ele>348</ele>
      </trkpt>
      <trkpt lat="57.0935132557696" lon="-4.0659708182338283">
        <ele>350</ele>
      </trkpt>
      <trkpt lat="57.09344936105283" lon="-4.0658935723822172">
        <ele>350</ele>
      </trkpt>
      <trkpt lat="57.09340549303834" lon="-4.0657409879839719">
        <ele>349</ele>
      </trkpt>
      <trkpt lat="57.09345031470532" lon="-4.0654768262445096">
        <ele>346</ele>
      </trkpt>
      <trkpt lat="57.0934264733931" lon="-4.0652574861720323">
        <ele>344</ele>
      </trkpt>
      <trkpt lat="57.09335971771887" lon="-4.0650324241846203">
        <ele>342</ele>
      </trkpt>
      <trkpt lat="57.09302880030517" lon="-4.0647921037573838">
        <ele>340</ele>
      </trkpt>
      <trkpt lat="57.09278847987794" lon="-4.0646681289338096">
        <ele>338</ele>
      </trkpt>
      <trkpt lat="57.09251764257105" lon="-4.064669082586299">
        <ele>338</ele>
      </trkpt>
      <trkpt lat="57.0923307266832" lon="-4.0645775319473518">
        <ele>337</ele>
      </trkpt>
      <trkpt lat="57.09219053976732" lon="-4.0643190921228234">
        <ele>332</ele>
      </trkpt>
      <trkpt lat="57.09213713522793" lon="-4.0642885752431743">
        <ele>331</ele>
      </trkpt>
      <trkpt lat="57.0921304596605" lon="-4.0642160976540085">
        <ele>329</ele>
      </trkpt>
      <trkpt lat="57.09207133320619" lon="-4.0641655540720896">
        <ele>328</ele>
      </trkpt>
      <trkpt lat="57.09175567423231" lon="-4.0640301354186468">
        <ele>326</ele>
      </trkpt>
      <trkpt lat="57.09163646767119" lon="-4.0639128361624959">
        <ele>325</ele>
      </trkpt>
      <trkpt lat="57.09137802784666" lon="-4.0638537097081757">
        <ele>324</ele>
      </trkpt>
      <trkpt lat="57.0912521457181" lon="-4.0635628456990203">
        <ele>320</ele>
      </trkpt>
      <trkpt lat="57.09108621018501" lon="-4.0632653061224424">
        <ele>315</ele>
      </trkpt>
      <trkpt lat="57.09105378600039" lon="-4.0631260728590437">
        <ele>312</ele>
      </trkpt>
      <trkpt lat="57.09106522983026" lon="-4.0629916078580894">
        <ele>310</ele>
      </trkpt>
      <trkpt lat="57.09103662025558" lon="-4.0629029181766096">
        <ele>309</ele>
      </trkpt>
      <trkpt lat="57.09072477589167" lon="-4.0627045584588908">
        <ele>306</ele>
      </trkpt>
      <trkpt lat="57.0903652489033" lon="-4.0625443448407328">
        <ele>304</ele>
      </trkpt>
      <trkpt lat="57.09018119397292" lon="-4.0623641045203058">
        <ele>303</ele>
      </trkpt>
      <trkpt lat="57.09003433148961" lon="-4.0620007629219845">
        <ele>300</ele>
      </trkpt>
      <trkpt lat="57.08998950982262" lon="-4.061547777989694">
        <ele>298</ele>
      </trkpt>
      <trkpt lat="57.08997901964524" lon="-4.0612130459660429">
        <ele>297</ele>
      </trkpt>
      <trkpt lat="57.08997901964524" lon="-4.0612130459660429">
        <ele>297</ele>
      </trkpt>
      <trkpt lat="57.09008773602899" lon="-4.0609012016021291">
        <ele>297</ele>
      </trkpt>
      <trkpt lat="57.09017833301545" lon="-4.0605054358191808">
        <ele>297</ele>
      </trkpt>
      <trkpt lat="57.09012111386611" lon="-4.0603976730879197">
        <ele>297</ele>
      </trkpt>
      <trkpt lat="57.09002479496472" lon="-4.0602689300019001">
        <ele>297</ele>
      </trkpt>
      <trkpt lat="57.0899218004959" lon="-4.0599999999999934">
        <ele>297</ele>
      </trkpt>
      <trkpt lat="57.0899218004959" lon="-4.0599999999999827">
        <ele>297</ele>
      </trkpt>
      <trkpt lat="57.08986744230403" lon="-4.0598588594316061">
        <ele>296</ele>
      </trkpt>
      <trkpt lat="57.08944497425139" lon="-4.0591693686820349">
        <ele>290</ele>
      </trkpt>
      <trkpt lat="57.08929429715812" lon="-4.0588518024031872">
        <ele>288</ele>
      </trkpt>
      <trkpt lat="57.08902441350372" lon="-4.0586467671180451">
        <ele>287</ele>
      </trkpt>
      <trkpt lat="57.08888518024033" lon="-4.0582891474346576">
        <ele>285</ele>
      </trkpt>
      <trkpt lat="57.08862292580584" lon="-4.0578228113675205">
        <ele>283</ele>
      </trkpt>
      <trkpt lat="57.08838165172612" lon="-4.0573612435628288">
        <ele>280</ele>
      </trkpt>
      <trkpt lat="57.0881213045966" lon="-4.0569673850848584">
        <ele>278</ele>
      </trkpt>
      <trkpt lat="57.08810164916522" lon="-4.0569448586354078">
        <ele>277</ele>
      </trkpt>
      <trkpt lat="57.08810164916522" lon="-4.0569448586354078">
        <ele>277</ele>
      </trkpt>
      <trkpt lat="57.08803642952508" lon="-4.0568701125309765">
        <ele>277</ele>
      </trkpt>
      <trkpt lat="57.08791531565898" lon="-4.0568510394811961">
        <ele>277</ele>
      </trkpt>
      <trkpt lat="57.08738889948503" lon="-4.0569778752622376">
        <ele>278</ele>
      </trkpt>
      <trkpt lat="57.0872267785619" lon="-4.0569425901201432">
        <ele>278</ele>
      </trkpt>
      <trkpt lat="57.0872267785619" lon="-4.0569425901201432">
        <ele>278</ele>
      </trkpt>
      <trkpt lat="57.08722010299447" lon="-4.0568081251191899">
        <ele>277</ele>
      </trkpt>
      <trkpt lat="57.08722010299447" lon="-4.0568081251191899">
        <ele>277</ele>
      </trkpt>
      <trkpt lat="57.08715811558268" lon="-4.0562321190158137">
        <ele>274</ele>
      </trkpt>
      <trkpt lat="57.08710757200077" lon="-4.0555369063513087">
        <ele>271</ele>
      </trkpt>
      <trkpt lat="57.08710757200077" lon="-4.0555369063513087">
        <ele>271</ele>
      </trkpt>
      <trkpt lat="57.08685008582873" lon="-4.055610337592964">
        <ele>270</ele>
      </trkpt>
      <trkpt lat="57.0866440968911" lon="-4.055705702841867">
        <ele>270</ele>
      </trkpt>
      <trkpt lat="57.08632905455507" lon="-4.0558796324648805">
        <ele>269</ele>
      </trkpt>
      <trkpt lat="57.08632905455507" lon="-4.0558796324648805">
        <ele>269</ele>
      </trkpt>
      <trkpt lat="57.08631381724313" lon="-4.0558880447308496">
        <ele>269</ele>
      </trkpt>
      <trkpt lat="57.08631381724313" lon="-4.0558880447308496">
        <ele>269</ele>
      </trkpt>
      <trkpt lat="57.08623776898775" lon="-4.0559300297051752">
        <ele>269</ele>
      </trkpt>
      <trkpt lat="57.08623776898775" lon="-4.0559300297051752">
        <ele>269</ele>
      </trkpt>
      <trkpt lat="57.08618634369636" lon="-4.0559584207514607">
        <ele>269</ele>
      </trkpt>
      <trkpt lat="57.08618634369636" lon="-4.0559584207514607">
        <ele>269</ele>
      </trkpt>
      <trkpt lat="57.08612244897959" lon="-4.0558811748998496">
        <ele>268</ele>
      </trkpt>
      <trkpt lat="57.08605855426283" lon="-4.0558039290482375">
        <ele>267</ele>
      </trkpt>
      <trkpt lat="57.08603662025558" lon="-4.0557028418844006">
        <ele>268</ele>
      </trkpt>
      <trkpt lat="57.08605378600038" lon="-4.0555988937630953">
        <ele>268</ele>
      </trkpt>
      <trkpt lat="57.08605378600038" lon="-4.0555988937630953">
        <ele>268</ele>
      </trkpt>
      <trkpt lat="57.08605950791532" lon="-4.0555311844363739">
        <ele>268</ele>
      </trkpt>
      <trkpt lat="57.08606522983025" lon="-4.055462521457164">
        <ele>268</ele>
      </trkpt>
      <trkpt lat="57.08606522983025" lon="-4.055462521457164">
        <ele>268</ele>
      </trkpt>
      <trkpt lat="57.08602136181576" lon="-4.0554377264924488">
        <ele>268</ele>
      </trkpt>
      <trkpt lat="57.08601277894336" lon="-4.0553900438679973">
        <ele>269</ele>
      </trkpt>
      <trkpt lat="57.08601277894336" lon="-4.0553900438679973">
        <ele>269</ele>
      </trkpt>
      <trkpt lat="57.0860261300782" lon="-4.0552212473774389">
        <ele>269</ele>
      </trkpt>
      <trkpt lat="57.0860261300782" lon="-4.0552212473774389">
        <ele>269</ele>
      </trkpt>
      <trkpt lat="57.08600324241846" lon="-4.055188823192811">
        <ele>269</ele>
      </trkpt>
      <trkpt lat="57.08600133511349" lon="-4.0550276559221645">
        <ele>270</ele>
      </trkpt>
      <trkpt lat="57.08600133511349" lon="-4.0550276559221645">
        <ele>270</ele>
      </trkpt>
      <trkpt lat="57.08589357238223" lon="-4.0549771123402465">
        <ele>270</ele>
      </trkpt>
      <trkpt lat="57.08557791340836" lon="-4.0547472820903891">
        <ele>270</ele>
      </trkpt>
      <trkpt lat="57.08515371520261" lon="-4.0543720563604255">
        <ele>268</ele>
      </trkpt>
      <trkpt lat="57.08515371520261" lon="-4.0543720563604255">
        <ele>268</ele>
      </trkpt>
      <trkpt lat="57.0849914171276" lon="-4.0542284951363552">
        <ele>267</ele>
      </trkpt>
      <trkpt lat="57.08488556170132" lon="-4.054106427617759">
        <ele>267</ele>
      </trkpt>
      <trkpt lat="57.08422944878887" lon="-4.0531041388517854">
        <ele>268</ele>
      </trkpt>
      <trkpt lat="57.08410642761778" lon="-4.0529401106236715">
        <ele>268</ele>
      </trkpt>
      <trkpt lat="57.08387373641045" lon="-4.0526730879267427">
        <ele>267</ele>
      </trkpt>
      <trkpt lat="57.08369540339501" lon="-4.0524842647339137">
        <ele>267</ele>
      </trkpt>
      <trkpt lat="57.08360194545108" lon="-4.0524060652298131">
        <ele>266</ele>
      </trkpt>
      <trkpt lat="57.08349609002479" lon="-4.0523488460804709">
        <ele>266</ele>
      </trkpt>
      <trkpt lat="57.08309078771696" lon="-4.0522468052641445">
        <ele>261</ele>
      </trkpt>
      <trkpt lat="57.08287526225444" lon="-4.0522115201220501">
        <ele>258</ele>
      </trkpt>
      <trkpt lat="57.08267785618921" lon="-4.052195308029737">
        <ele>255</ele>
      </trkpt>
      <trkpt lat="57.08266088440244" lon="-4.0521971937838224">
        <ele>255</ele>
      </trkpt>
      <trkpt lat="57.08266088440244" lon="-4.0521971937838224">
        <ele>255</ele>
      </trkpt>
      <trkpt lat="57.08249761586878" lon="-4.0522153347320069">
        <ele>252</ele>
      </trkpt>
      <trkpt lat="57.0820694259012" lon="-4.0523326339881578">
        <ele>247</ele>
      </trkpt>
      <trkpt lat="57.08181289338165" lon="-4.0523841312225652">
        <ele>245</ele>
      </trkpt>
      <trkpt lat="57.08164981880603" lon="-4.0523869921800326">
        <ele>243</ele>
      </trkpt>
      <trkpt lat="57.08156017547206" lon="-4.0523717337402081">
        <ele>243</ele>
      </trkpt>
      <trkpt lat="57.08146385657067" lon="-4.0523354949456252">
        <ele>242</ele>
      </trkpt>
      <trkpt lat="57.08106046156781" lon="-4.0521094793057237">
        <ele>240</ele>
      </trkpt>
      <trkpt lat="57.08095746709899" lon="-4.0520331871066011">
        <ele>239</ele>
      </trkpt>
      <trkpt lat="57.08076101468625" lon="-4.0516278847987621">
        <ele>238</ele>
      </trkpt>
      <trkpt lat="57.08067232500477" lon="-4.0514886515353634">
        <ele>238</ele>
      </trkpt>
      <trkpt lat="57.08043409592183" lon="-4.0513019754430362">
        <ele>236</ele>
      </trkpt>
      <trkpt lat="57.08043409592183" lon="-4.0513019754430362">
        <ele>236</ele>
      </trkpt>
      <trkpt lat="57.08025367156208" lon="-4.0511605950791365">
        <ele>235</ele>
      </trkpt>
      <trkpt lat="57.08025367156208" lon="-4.0511605950791365">
        <ele>235</ele>
      </trkpt>
      <trkpt lat="57.08000000000001" lon="-4.0509717718863074">
        <ele>233</ele>
      </trkpt>
      <trkpt lat="57.07999999999999" lon="-4.0509717718863074">
        <ele>233</ele>
      </trkpt>
      <trkpt lat="57.07916650772458" lon="-4.0503576196833704">
        <ele>231</ele>
      </trkpt>
      <trkpt lat="57.07916650772458" lon="-4.0503576196833704">
        <ele>231</ele>
      </trkpt>
      <trkpt lat="57.07876692733167" lon="-4.0521066183482572">
        <ele>230</ele>
      </trkpt>
      <trkpt lat="57.0787469006294" lon="-4.0522191493419628">
        <ele>230</ele>
      </trkpt>
      <trkpt lat="57.0787469006294" lon="-4.0522191493419628">
        <ele>230</ele>
      </trkpt>
      <trkpt lat="57.0787297348846" lon="-4.052296395193574">
        <ele>230</ele>
      </trkpt>
      <trkpt lat="57.0787125691398" lon="-4.052373641045186">
        <ele>230</ele>
      </trkpt>
      <trkpt lat="57.0787125691398" lon="-4.052373641045186">
        <ele>230</ele>
      </trkpt>
      <trkpt lat="57.07866774747281" lon="-4.0525329010108546">
        <ele>229</ele>
      </trkpt>
      <trkpt lat="57.07859429087708" lon="-4.0527391445296663">
        <ele>229</ele>
      </trkpt>
      <trkpt lat="57.0785942907809" lon="-4.052739144444744">
        <ele>229</ele>
      </trkpt>
      <trkpt lat="57.07847892427998" lon="-4.0526311272172251">
        <ele>229</ele>
      </trkpt>
      <trkpt lat="57.07783044058744" lon="-4.0520989891283445">
        <ele>228</ele>
      </trkpt>
      <trkpt lat="57.07766259774937" lon="-4.0519454510776098">
        <ele>228</ele>
      </trkpt>
      <trkpt lat="57.07759741948779" lon="-4.0518899375853783">
        <ele>228</ele>
      </trkpt>
      <trkpt lat="57.07759741948779" lon="-4.0518899375853783">
        <ele>228</ele>
      </trkpt>
      <trkpt lat="57.07757447615766" lon="-4.0518703963403677">
        <ele>228</ele>
      </trkpt>
      <trkpt lat="57.07757447615766" lon="-4.0518703963403677">
        <ele>228</ele>
      </trkpt>
      <trkpt lat="57.07742989061307" lon="-4.0517472502436149">
        <ele>228</ele>
      </trkpt>
      <trkpt lat="57.07742990654205" lon="-4.0517461377074024">
        <ele>228</ele>
      </trkpt>
      <trkpt lat="57.07743086019454" lon="-4.0516793820331705">
        <ele>228</ele>
      </trkpt>
      <trkpt lat="57.07743276749952" lon="-4.0516126263589376">
        <ele>228</ele>
      </trkpt>
      <trkpt lat="57.07736410452031" lon="-4.0515096318901218">
        <ele>227</ele>
      </trkpt>
      <trkpt lat="57.07724394430669" lon="-4.0514018691588616">
        <ele>227</ele>
      </trkpt>
      <trkpt lat="57.07712378409307" lon="-4.0512931527751119">
        <ele>227</ele>
      </trkpt>
      <trkpt lat="57.07653347320236" lon="-4.0508239557505075">
        <ele>225</ele>
      </trkpt>
      <trkpt lat="57.07646481022315" lon="-4.0507514781613407">
        <ele>225</ele>
      </trkpt>
      <trkpt lat="57.07639710089643" lon="-4.050679000572174">
        <ele>225</ele>
      </trkpt>
      <trkpt lat="57.0763208086973" lon="-4.0506322716002119">
        <ele>225</ele>
      </trkpt>
      <trkpt lat="57.07624547015067" lon="-4.0505845889757603">
        <ele>225</ele>
      </trkpt>
      <trkpt lat="57.07617394621399" lon="-4.0505626549685125">
        <ele>224</ele>
      </trkpt>
      <trkpt lat="57.07617394621399" lon="-4.0505626549685125">
        <ele>224</ele>
      </trkpt>
      <trkpt lat="57.07605950791531" lon="-4.0504672897196095">
        <ele>224</ele>
      </trkpt>
      <trkpt lat="57.07594506961662" lon="-4.050370970818217">
        <ele>224</ele>
      </trkpt>
      <trkpt lat="57.07584779706274" lon="-4.0502803738317583">
        <ele>223</ele>
      </trkpt>
      <trkpt lat="57.07575147816135" lon="-4.0501888231928111">
        <ele>223</ele>
      </trkpt>
      <trkpt lat="57.07565897386991" lon="-4.0500934579439081">
        <ele>223</ele>
      </trkpt>
      <trkpt lat="57.07556646957848" lon="-4.0499971390425156">
        <ele>223</ele>
      </trkpt>
      <trkpt lat="57.075520694259" lon="-4.0499179858859264">
        <ele>223</ele>
      </trkpt>
      <trkpt lat="57.07547491893953" lon="-4.0498388327293364">
        <ele>223</ele>
      </trkpt>
      <trkpt lat="57.07541102422277" lon="-4.0498168987220886">
        <ele>223</ele>
      </trkpt>
      <trkpt lat="57.075347129506" lon="-4.0497940110623523">
        <ele>223</ele>
      </trkpt>
      <trkpt lat="57.07529944688155" lon="-4.0498245279420013">
        <ele>223</ele>
      </trkpt>
      <trkpt lat="57.07528351376853" lon="-4.0498985700554382">
        <ele>223</ele>
      </trkpt>
      <trkpt lat="57.07528351377063" lon="-4.0498985700098507">
        <ele>223</ele>
      </trkpt>
      <trkpt lat="57.07509155063894" lon="-4.0497301163455868">
        <ele>223</ele>
      </trkpt>
      <trkpt lat="57.07509155063894" lon="-4.0497301163455868">
        <ele>223</ele>
      </trkpt>
      <trkpt lat="57.07480926950219" lon="-4.0494831203509269">
        <ele>222</ele>
      </trkpt>
      <trkpt lat="57.07480926950219" lon="-4.0494831203509269">
        <ele>222</ele>
      </trkpt>
      <trkpt lat="57.07434388708754" lon="-4.0490768643905994">
        <ele>222</ele>
      </trkpt>
      <trkpt lat="57.07434388708754" lon="-4.0490768643905994">
        <ele>222</ele>
      </trkpt>
      <trkpt lat="57.07426568758344" lon="-4.0490053404539212">
        <ele>222</ele>
      </trkpt>
      <trkpt lat="57.07418844173183" lon="-4.0489328628647554">
        <ele>223</ele>
      </trkpt>
      <trkpt lat="57.07418844173183" lon="-4.0489328628647554">
        <ele>223</ele>
      </trkpt>
      <trkpt lat="57.07405874499332" lon="-4.0488384512683409">
        <ele>223</ele>
      </trkpt>
      <trkpt lat="57.07396051878695" lon="-4.0487573908067729">
        <ele>223</ele>
      </trkpt>
      <trkpt lat="57.07386706084302" lon="-4.0486973106999642">
        <ele>223</ele>
      </trkpt>
      <trkpt lat="57.0737493313748" lon="-4.0486413528663032">
        <ele>223</ele>
      </trkpt>
      <trkpt lat="57.0737493313748" lon="-4.0486413528663032">
        <ele>223</ele>
      </trkpt>
      <trkpt lat="57.0737114420652" lon="-4.0486234311899985">
        <ele>223</ele>
      </trkpt>
      <trkpt lat="57.0737114420652" lon="-4.0486234311899985">
        <ele>223</ele>
      </trkpt>
      <trkpt lat="57.07362864772077" lon="-4.0485905016211925">
        <ele>223</ele>
      </trkpt>
      <trkpt lat="57.07354472630173" lon="-4.0485571237840761">
        <ele>223</ele>
      </trkpt>
      <trkpt lat="57.07354472630173" lon="-4.0485571237840761">
        <ele>223</ele>
      </trkpt>
      <trkpt lat="57.07325290864009" lon="-4.0484932290673106">
        <ele>223</ele>
      </trkpt>
      <trkpt lat="57.07300305168796" lon="-4.0484636658401509">
        <ele>223</ele>
      </trkpt>
      <trkpt lat="57.07300305168796" lon="-4.0484636658401509">
        <ele>223</ele>
      </trkpt>
      <trkpt lat="57.07296395193591" lon="-4.0484493610528149">
        <ele>223</ele>
      </trkpt>
      <trkpt lat="57.07296395193591" lon="-4.0484493610528149">
        <ele>223</ele>
      </trkpt>
      <trkpt lat="57.07280755292771" lon="-4.048366393286269">
        <ele>223</ele>
      </trkpt>
      <trkpt lat="57.07265496852946" lon="-4.0482300209803377">
        <ele>223</ele>
      </trkpt>
      <trkpt lat="57.07254243753575" lon="-4.0480612244897785">
        <ele>224</ele>
      </trkpt>
      <trkpt lat="57.07244611863436" lon="-4.0478628647720596">
        <ele>224</ele>
      </trkpt>
      <trkpt lat="57.07244611863436" lon="-4.0478628647720596">
        <ele>224</ele>
      </trkpt>
      <trkpt lat="57.07207689171874" lon="-4.0469401491277033">
        <ele>227</ele>
      </trkpt>
      <trkpt lat="57.07207689172498" lon="-4.046940149143289">
        <ele>227</ele>
      </trkpt>
      <trkpt lat="57.07194545107762" lon="-4.0466116727064483">
        <ele>228</ele>
      </trkpt>
      <trkpt lat="57.07194545107762" lon="-4.0466116727064483">
        <ele>228</ele>
      </trkpt>
      <trkpt lat="57.07177188632462" lon="-4.0461682242990484">
        <ele>228</ele>
      </trkpt>
      <trkpt lat="57.07138565706656" lon="-4.0453213808887867">
        <ele>229</ele>
      </trkpt>
      <trkpt lat="57.07119683387373" lon="-4.0449723440778014">
        <ele>229</ele>
      </trkpt>
      <trkpt lat="57.07103471295059" lon="-4.0447282090406089">
        <ele>229</ele>
      </trkpt>
      <trkpt lat="57.07089738699217" lon="-4.0444602326911907">
        <ele>229</ele>
      </trkpt>
      <trkpt lat="57.07071333206179" lon="-4.0439586114819592">
        <ele>229</ele>
      </trkpt>
      <trkpt lat="57.07054167461376" lon="-4.0435456799542076">
        <ele>229</ele>
      </trkpt>
      <trkpt lat="57.07031470532137" lon="-4.0431527751287257">
        <ele>230</ele>
      </trkpt>
      <trkpt lat="57.07021266450505" lon="-4.0429906542055907">
        <ele>231</ele>
      </trkpt>
      <trkpt lat="57.07010299446881" lon="-4.0428619111195712">
        <ele>232</ele>
      </trkpt>
      <trkpt lat="57.0700343314896" lon="-4.0427598703032448">
        <ele>232</ele>
      </trkpt>
      <trkpt lat="57.07000381460995" lon="-4.0426702269692756">
        <ele>232</ele>
      </trkpt>
      <trkpt lat="57.07001144382986" lon="-4.0425634178905039">
        <ele>232</ele>
      </trkpt>
      <trkpt lat="57.07004482166698" lon="-4.0424537478542648">
        <ele>232</ele>
      </trkpt>
      <trkpt lat="57.0701554453557" lon="-4.0419330535952529">
        <ele>232</ele>
      </trkpt>
      <trkpt lat="57.0703213808888" lon="-4.0410967003623712">
        <ele>232</ele>
      </trkpt>
      <trkpt lat="57.07035380507342" lon="-4.0408821285523384">
        <ele>232</ele>
      </trkpt>
      <trkpt lat="57.07040148769788" lon="-4.0404501239748063">
        <ele>233</ele>
      </trkpt>
      <trkpt lat="57.0704339118825" lon="-4.040313751668875">
        <ele>233</ele>
      </trkpt>
      <trkpt lat="57.07051878695403" lon="-4.0401077627312434">
        <ele>232</ele>
      </trkpt>
      <trkpt lat="57.07051878695403" lon="-4.0401077627312434">
        <ele>232</ele>
      </trkpt>
      <trkpt lat="57.07053976730879" lon="-4.0399999999999832">
        <ele>233</ele>
      </trkpt>
      <trkpt lat="57.07053976730879" lon="-4.0400000000000009">
        <ele>233</ele>
      </trkpt>
      <trkpt lat="57.07055025748617" lon="-4.0399446881556376">
        <ele>233</ele>
      </trkpt>
      <trkpt lat="57.07067613961472" lon="-4.0396585924089274">
        <ele>232</ele>
      </trkpt>
      <trkpt lat="57.07067613961472" lon="-4.0396585924089274">
        <ele>232</ele>
      </trkpt>
      <trkpt lat="57.07070188823192" lon="-4.0394735838260551">
        <ele>233</ele>
      </trkpt>
      <trkpt lat="57.07116154873164" lon="-4.0386934960900263">
        <ele>231</ele>
      </trkpt>
      <trkpt lat="57.07122258249093" lon="-4.03864009155064">
        <ele>231</ele>
      </trkpt>
      <trkpt lat="57.07144382986839" lon="-4.0385428189967589">
        <ele>229</ele>
      </trkpt>
      <trkpt lat="57.07170131604042" lon="-4.0382262063703998">
        <ele>228</ele>
      </trkpt>
      <trkpt lat="57.0718863246233" lon="-4.0378561892046552">
        <ele>227</ele>
      </trkpt>
      <trkpt lat="57.07203509441159" lon="-4.0374270455845904">
        <ele>226</ele>
      </trkpt>
      <trkpt lat="57.07207991607857" lon="-4.0371962616822445">
        <ele>225</ele>
      </trkpt>
      <trkpt lat="57.07213236696547" lon="-4.0368691588785062">
        <ele>225</ele>
      </trkpt>
      <trkpt lat="57.07214857905778" lon="-4.0366679382033199">
        <ele>224</ele>
      </trkpt>
      <trkpt lat="57.07214953271027" lon="-4.0364562273507545">
        <ele>224</ele>
      </trkpt>
      <trkpt lat="57.0721209231356" lon="-4.0361586877741766">
        <ele>224</ele>
      </trkpt>
      <trkpt lat="57.07185390043868" lon="-4.0348817470913607">
        <ele>223</ele>
      </trkpt>
      <trkpt lat="57.07174041579248" lon="-4.0341493419797834">
        <ele>223</ele>
      </trkpt>
      <trkpt lat="57.07173660118252" lon="-4.0340606522983036">
        <ele>223</ele>
      </trkpt>
      <trkpt lat="57.07173660118252" lon="-4.0340606522983036">
        <ele>223</ele>
      </trkpt>
      <trkpt lat="57.07169368682052" lon="-4.0336782376502018">
        <ele>223</ele>
      </trkpt>
      <trkpt lat="57.07169368682052" lon="-4.0336782376502018">
        <ele>223</ele>
      </trkpt>
      <trkpt lat="57.07168796490558" lon="-4.0335924089261885">
        <ele>223</ele>
      </trkpt>
      <trkpt lat="57.07168224299065" lon="-4.0335056265496867">
        <ele>223</ele>
      </trkpt>
      <trkpt lat="57.07168224299065" lon="-4.0335056265496867">
        <ele>223</ele>
      </trkpt>
      <trkpt lat="57.07167175281327" lon="-4.0333749761586892">
        <ele>223</ele>
      </trkpt>
      <trkpt lat="57.07162025557886" lon="-4.032038909021554">
        <ele>225</ele>
      </trkpt>
      <trkpt lat="57.07160881174899" lon="-4.031914934197979">
        <ele>225</ele>
      </trkpt>
      <trkpt lat="57.07162979210375" lon="-4.0317461377074206">
        <ele>225</ele>
      </trkpt>
      <trkpt lat="57.07169082586305" lon="-4.0310595079153169">
        <ele>227</ele>
      </trkpt>
      <trkpt lat="57.07176330345222" lon="-4.0305960328056472">
        <ele>228</ele>
      </trkpt>
      <trkpt lat="57.07190825863055" lon="-4.0300000000000011">
        <ele>228</ele>
      </trkpt>
      <trkpt lat="57.07205416746137" lon="-4.029324814037766">
        <ele>228</ele>
      </trkpt>
      <trkpt lat="57.07212187678809" lon="-4.028919511729927">
        <ele>229</ele>
      </trkpt>
      <trkpt lat="57.07214953271027" lon="-4.0285895479687213">
        <ele>230</ele>
      </trkpt>
      <trkpt lat="57.07215430097272" lon="-4.0282757962998295">
        <ele>232</ele>
      </trkpt>
      <trkpt lat="57.07223345412931" lon="-4.0282519549876037">
        <ele>231</ele>
      </trkpt>
      <trkpt lat="57.07227541483883" lon="-4.0282300209803559">
        <ele>230</ele>
      </trkpt>
      <trkpt lat="57.07227064657638" lon="-4.0279486934960911">
        <ele>231</ele>
      </trkpt>
      <trkpt lat="57.07223917604424" lon="-4.0273955750524522">
        <ele>234</ele>
      </trkpt>
      <trkpt lat="57.07224585161167" lon="-4.0272029372496672">
        <ele>235</ele>
      </trkpt>
      <trkpt lat="57.07221533473201" lon="-4.027044630936488">
        <ele>236</ele>
      </trkpt>
      <trkpt lat="57.07215525462521" lon="-4.0261329391569722">
        <ele>240</ele>
      </trkpt>
      <trkpt lat="57.07216193019263" lon="-4.0257009345794401">
        <ele>242</ele>
      </trkpt>
      <trkpt lat="57.07222677856188" lon="-4.0252593934770182">
        <ele>243</ele>
      </trkpt>
      <trkpt lat="57.07234884608048" lon="-4.0242866679382043">
        <ele>244</ele>
      </trkpt>
      <trkpt lat="57.07265592218195" lon="-4.0235485409116931">
        <ele>242</ele>
      </trkpt>
      <trkpt lat="57.07301544917031" lon="-4.0231670799160799">
        <ele>242</ele>
      </trkpt>
      <trkpt lat="57.07311844363913" lon="-4.0230946023269132">
        <ele>242</ele>
      </trkpt>
      <trkpt lat="57.07316135800114" lon="-4.0230936486744238">
        <ele>242</ele>
      </trkpt>
      <trkpt lat="57.07316135800114" lon="-4.0230936486744238">
        <ele>242</ele>
      </trkpt>
      <trkpt lat="57.07320522601563" lon="-4.0230535952698849">
        <ele>243</ele>
      </trkpt>
      <trkpt lat="57.07328914743467" lon="-4.0228762159069245">
        <ele>243</ele>
      </trkpt>
      <trkpt lat="57.0733473202365" lon="-4.0226330345222214">
        <ele>243</ele>
      </trkpt>
      <trkpt lat="57.07335304215143" lon="-4.0225138279610917">
        <ele>242</ele>
      </trkpt>
      <trkpt lat="57.07333899530544" lon="-4.022436939961989">
        <ele>243</ele>
      </trkpt>
      <trkpt lat="57.07333899530544" lon="-4.022436939961989">
        <ele>243</ele>
      </trkpt>
      <trkpt lat="57.07333626684535" lon="-4.0224220052330804">
        <ele>243</ele>
      </trkpt>
      <trkpt lat="57.07333626684535" lon="-4.0224220052330804">
        <ele>243</ele>
      </trkpt>
      <trkpt lat="57.07333492275414" lon="-4.0224146481022327">
        <ele>243</ele>
      </trkpt>
      <trkpt lat="57.07333492275414" lon="-4.0224146481022327">
        <ele>243</ele>
      </trkpt>
      <trkpt lat="57.07331781989545" lon="-4.0222517637337489">
        <ele>244</ele>
      </trkpt>
      <trkpt lat="57.07331781989545" lon="-4.0222517637337489">
        <ele>244</ele>
      </trkpt>
      <trkpt lat="57.07331489605187" lon="-4.0222239176044257">
        <ele>244</ele>
      </trkpt>
      <trkpt lat="57.07331489605187" lon="-4.0222239176044257">
        <ele>244</ele>
      </trkpt>
      <trkpt lat="57.07328194498856" lon="-4.0220397992918979">
        <ele>246</ele>
      </trkpt>
      <trkpt lat="57.07328194498856" lon="-4.0220397992918979">
        <ele>246</ele>
      </trkpt>
      <trkpt lat="57.07322239176044" lon="-4.0217070379553705">
        <ele>248</ele>
      </trkpt>
      <trkpt lat="57.07318996757581" lon="-4.0216402822811377">
        <ele>248</ele>
      </trkpt>
      <trkpt lat="57.07318996757581" lon="-4.0216402822811377">
        <ele>248</ele>
      </trkpt>
      <trkpt lat="57.0731995041007" lon="-4.0215363341598334">
        <ele>248</ele>
      </trkpt>
      <trkpt lat="57.0732424184627" lon="-4.0215248903299647">
        <ele>248</ele>
      </trkpt>
      <trkpt lat="57.07338308965911" lon="-4.0218218628557141">
        <ele>246</ele>
      </trkpt>
      <trkpt lat="57.07338308965911" lon="-4.0218218628557141">
        <ele>246</ele>
      </trkpt>
      <trkpt lat="57.07345699027274" lon="-4.0219778752622553">
        <ele>244</ele>
      </trkpt>
      <trkpt lat="57.07345699027274" lon="-4.0219778752622553">
        <ele>244</ele>
      </trkpt>
      <trkpt lat="57.07352660690444" lon="-4.021837688346368">
        <ele>244</ele>
      </trkpt>
      <trkpt lat="57.07347415601754" lon="-4.0217776082395584">
        <ele>245</ele>
      </trkpt>
      <trkpt lat="57.07346846657173" lon="-4.0217694878487249">
        <ele>245</ele>
      </trkpt>
      <trkpt lat="57.07346846657173" lon="-4.0217694878487249">
        <ele>245</ele>
      </trkpt>
      <trkpt lat="57.07336925424374" lon="-4.0216278847987805">
        <ele>247</ele>
      </trkpt>
      <trkpt lat="57.07333428443262" lon="-4.0215365350880798">
        <ele>248</ele>
      </trkpt>
      <trkpt lat="57.07333428443262" lon="-4.0215365350880798">
        <ele>248</ele>
      </trkpt>
      <trkpt lat="57.07322251710049" lon="-4.0212445714449636">
        <ele>248</ele>
      </trkpt>
      <trkpt lat="57.07322251710049" lon="-4.0212445714449636">
        <ele>248</ele>
      </trkpt>
      <trkpt lat="57.0731823383559" lon="-4.0211396147243956">
        <ele>248</ele>
      </trkpt>
      <trkpt lat="57.07305211646989" lon="-4.0205955057950877">
        <ele>250</ele>
      </trkpt>
      <trkpt lat="57.07305184608603" lon="-4.0205943760443539">
        <ele>250</ele>
      </trkpt>
      <trkpt lat="57.07290959374404" lon="-4.0200000000000014">
        <ele>253</ele>
      </trkpt>
      <trkpt lat="57.07290959374404" lon="-4.0199999999999907">
        <ele>253</ele>
      </trkpt>
      <trkpt lat="57.07274365821094" lon="-4.0193086019454416">
        <ele>252</ele>
      </trkpt>
      <trkpt lat="57.07274079725347" lon="-4.01875834445927">
        <ele>251</ele>
      </trkpt>
      <trkpt lat="57.07258630555025" lon="-4.0181499141712669">
        <ele>252</ele>
      </trkpt>
      <trkpt lat="57.07242704558458" lon="-4.0178256723249959">
        <ele>252</ele>
      </trkpt>
      <trkpt lat="57.07233263398817" lon="-4.0176778561891959">
        <ele>253</ele>
      </trkpt>
      <trkpt lat="57.07215525462521" lon="-4.0170608430287915">
        <ele>253</ele>
      </trkpt>
      <trkpt lat="57.07181480068662" lon="-4.0161195880221152">
        <ele>253</ele>
      </trkpt>
      <trkpt lat="57.07154587068472" lon="-4.0153089834064373">
        <ele>253</ele>
      </trkpt>
      <trkpt lat="57.07151916841502" lon="-4.0151726111005059">
        <ele>253</ele>
      </trkpt>
      <trkpt lat="57.07151874263209" lon="-4.0151704385511069">
        <ele>253</ele>
      </trkpt>
      <trkpt lat="57.0716657212443" lon="-4.0150124125268656">
        <ele>253</ele>
      </trkpt>
      <trkpt lat="57.07166572146004" lon="-4.0150124122948547">
        <ele>253</ele>
      </trkpt>
      <trkpt lat="57.07152584398244" lon="-4.0145880221247285">
        <ele>253</ele>
      </trkpt>
      <trkpt lat="57.07149246614533" lon="-4.0140844936105191">
        <ele>254</ele>
      </trkpt>
      <trkpt lat="57.07149818806026" lon="-4.0136124356284482">
        <ele>254</ele>
      </trkpt>
      <trkpt lat="57.07156399008201" lon="-4.0130116345603568">
        <ele>255</ele>
      </trkpt>
      <trkpt lat="57.07173755483501" lon="-4.0122630173564664">
        <ele>255</ele>
      </trkpt>
      <trkpt lat="57.07180144955178" lon="-4.0119006294106336">
        <ele>254</ele>
      </trkpt>
      <trkpt lat="57.07183768834636" lon="-4.0115925996566757">
        <ele>254</ele>
      </trkpt>
      <trkpt lat="57.07180907877169" lon="-4.0114257104710953">
        <ele>254</ele>
      </trkpt>
      <trkpt lat="57.07166698455082" lon="-4.0109107381270173">
        <ele>255</ele>
      </trkpt>
      <trkpt lat="57.07146004196071" lon="-4.0103747854281808">
        <ele>255</ele>
      </trkpt>
      <trkpt lat="57.07139423993896" lon="-4.010095365248894">
        <ele>255</ele>
      </trkpt>
      <trkpt lat="57.07130745756245" lon="-4.0098569521266363">
        <ele>255</ele>
      </trkpt>
      <trkpt lat="57.07118920465382" lon="-4.0095031470532048">
        <ele>255</ele>
      </trkpt>
      <trkpt lat="57.07116345603662" lon="-4.0092952508105952">
        <ele>255</ele>
      </trkpt>
      <trkpt lat="57.07115296585923" lon="-4.0078237650200172">
        <ele>257</ele>
      </trkpt>
      <trkpt lat="57.07113675376692" lon="-4.0073202365058078">
        <ele>258</ele>
      </trkpt>
      <trkpt lat="57.07091932099942" lon="-4.0062654968529374">
        <ele>259</ele>
      </trkpt>
      <trkpt lat="57.07088022124737" lon="-4.0059650963188922">
        <ele>259</ele>
      </trkpt>
      <trkpt lat="57.07086591646004" lon="-4.0056675567423143">
        <ele>259</ele>
      </trkpt>
      <trkpt lat="57.07076006103375" lon="-4.0052355521647822">
        <ele>260</ele>
      </trkpt>
      <trkpt lat="57.07066660308983" lon="-4.0047110432958135">
        <ele>260</ele>
      </trkpt>
      <trkpt lat="57.07062464238031" lon="-4.0044201792866589">
        <ele>261</ele>
      </trkpt>
      <trkpt lat="57.07061605950791" lon="-4.0041169177951463">
        <ele>261</ele>
      </trkpt>
      <trkpt lat="57.07061796681289" lon="-4.0038270074384803">
        <ele>261</ele>
      </trkpt>
      <trkpt lat="57.07064943734503" lon="-4.0034970436772745">
        <ele>261</ele>
      </trkpt>
      <trkpt lat="57.07065420560747" lon="-4.0032824718672426">
        <ele>261</ele>
      </trkpt>
      <trkpt lat="57.07063608621018" lon="-4.0031012778943262">
        <ele>261</ele>
      </trkpt>
      <trkpt lat="57.07056551592599" lon="-4.002818996757572">
        <ele>261</ele>
      </trkpt>
      <trkpt lat="57.07053118443638" lon="-4.0025214571809942">
        <ele>261</ele>
      </trkpt>
      <trkpt lat="57.07052832347892" lon="-4.002139996185381">
        <ele>261</ele>
      </trkpt>
      <trkpt lat="57.07056551592599" lon="-4.0019902727446031">
        <ele>260</ele>
      </trkpt>
      <trkpt lat="57.07062178142284" lon="-4.0018796490558746">
        <ele>260</ele>
      </trkpt>
      <trkpt lat="57.07069044440205" lon="-4.0017165744802501">
        <ele>259</ele>
      </trkpt>
      <trkpt lat="57.07070665649437" lon="-4.0015182147625312">
        <ele>259</ele>
      </trkpt>
      <trkpt lat="57.07072000762921" lon="-4.0012616822429816">
        <ele>258</ele>
      </trkpt>
      <trkpt lat="57.07071047110432" lon="-4.0007343124165464">
        <ele>258</ele>
      </trkpt>
      <trkpt lat="57.0706685103948" lon="-4.0004291436200559">
        <ele>258</ele>
      </trkpt>
      <trkpt lat="57.07061796681289" lon="-4.000149723440769">
        <ele>258</ele>
      </trkpt>
      <trkpt lat="57.07064466908258" lon="-3.9999999999999911">
        <ele>257</ele>
      </trkpt>
      <trkpt lat="57.07064466908258" lon="-4.0000000000000089">
        <ele>257</ele>
      </trkpt>
      <trkpt lat="57.07064943734503" lon="-3.9999704367728492">
        <ele>257</ele>
      </trkpt>
      <trkpt lat="57.0707209612817" lon="-3.9999084493610617">
        <ele>256</ele>
      </trkpt>
      <trkpt lat="57.0707734121686" lon="-3.9997100896433428">
        <ele>256</ele>
      </trkpt>
      <trkpt lat="57.07075052450886" lon="-3.9994983787907779">
        <ele>255</ele>
      </trkpt>
      <trkpt lat="57.07066374213236" lon="-3.9989347701697593">
        <ele>255</ele>
      </trkpt>
      <trkpt lat="57.07064657638756" lon="-3.9986429525081153">
        <ele>255</ele>
      </trkpt>
      <trkpt lat="57.0705817280183" lon="-3.9984455464428854">
        <ele>255</ele>
      </trkpt>
      <trkpt lat="57.07058154920392" lon="-3.998445002067287">
        <ele>255</ele>
      </trkpt>
      <trkpt lat="57.07054548922372" lon="-3.9984531756627977">
        <ele>255</ele>
      </trkpt>
      <trkpt lat="57.07054548922372" lon="-3.9984531756627977">
        <ele>255</ele>
      </trkpt>
      <trkpt lat="57.0705035285142" lon="-3.9980297539576668">
        <ele>258</ele>
      </trkpt>
      <trkpt lat="57.0705035285142" lon="-3.9980297539576668">
        <ele>258</ele>
      </trkpt>
      <trkpt lat="57.07049017737936" lon="-3.9977589166507816">
        <ele>261</ele>
      </trkpt>
      <trkpt lat="57.07049017737936" lon="-3.9977589166507816">
        <ele>261</ele>
      </trkpt>
      <trkpt lat="57.07049589929429" lon="-3.9976530612244989">
        <ele>262</ele>
      </trkpt>
      <trkpt lat="57.07049589929429" lon="-3.9976530612244989">
        <ele>262</ele>
      </trkpt>
      <trkpt lat="57.07033187106617" lon="-3.9975596032805738">
        <ele>262</ele>
      </trkpt>
      <trkpt lat="57.0701125309937" lon="-3.9973459851230304">
        <ele>262</ele>
      </trkpt>
      <trkpt lat="57.0701125309937" lon="-3.9973459851230304">
        <ele>262</ele>
      </trkpt>
      <trkpt lat="57.07000762921991" lon="-3.9967385084875162">
        <ele>267</ele>
      </trkpt>
      <trkpt lat="57.06988556170131" lon="-3.9960194545107854">
        <ele>274</ele>
      </trkpt>
      <trkpt lat="57.06986267404157" lon="-3.9950753385466427">
        <ele>277</ele>
      </trkpt>
      <trkpt lat="57.06988270074384" lon="-3.9944096891092977">
        <ele>279</ele>
      </trkpt>
      <trkpt lat="57.06983883272935" lon="-3.9942113293915789">
        <ele>279</ele>
      </trkpt>
      <trkpt lat="57.06983883272935" lon="-3.9942113293915789">
        <ele>279</ele>
      </trkpt>
      <trkpt lat="57.06987030326148" lon="-3.994094030135428">
        <ele>280</ele>
      </trkpt>
      <trkpt lat="57.06999999999999" lon="-3.9932948693496182">
        <ele>280</ele>
      </trkpt>
      <trkpt lat="57.07003147053213" lon="-3.9929191302689393">
        <ele>281</ele>
      </trkpt>
      <trkpt lat="57.07002288765973" lon="-3.9927312607285996">
        <ele>282</ele>
      </trkpt>
      <trkpt lat="57.06994659546061" lon="-3.9923421705130742">
        <ele>283</ele>
      </trkpt>
      <trkpt lat="57.06993133702078" lon="-3.9920894526034805">
        <ele>283</ele>
      </trkpt>
      <trkpt lat="57.06992942971581" lon="-3.9919073049780751">
        <ele>284</ele>
      </trkpt>
      <trkpt lat="57.06996280755292" lon="-3.9917051306503999">
        <ele>284</ele>
      </trkpt>
      <trkpt lat="57.07004577531946" lon="-3.9913894716765301">
        <ele>284</ele>
      </trkpt>
      <trkpt lat="57.07021075720007" lon="-3.9909517451840641">
        <ele>284</ele>
      </trkpt>
      <trkpt lat="57.07021075720007" lon="-3.9909517451840641">
        <ele>284</ele>
      </trkpt>
      <trkpt lat="57.0705035285142" lon="-3.9901859622353704">
        <ele>281</ele>
      </trkpt>
      <trkpt lat="57.07054072096128" lon="-3.9901010871638465">
        <ele>281</ele>
      </trkpt>
      <trkpt lat="57.07054072096128" lon="-3.9901010871638465">
        <ele>281</ele>
      </trkpt>
      <trkpt lat="57.07049399198931" lon="-3.990002860957476">
        <ele>281</ele>
      </trkpt>
      <trkpt lat="57.07013065039099" lon="-3.9895212664505144">
        <ele>281</ele>
      </trkpt>
      <trkpt lat="57.06967480450123" lon="-3.9888117489986739">
        <ele>281</ele>
      </trkpt>
      <trkpt lat="57.06948884226587" lon="-3.9884770169750232">
        <ele>281</ele>
      </trkpt>
      <trkpt lat="57.06938012588212" lon="-3.9882471867251663">
        <ele>281</ele>
      </trkpt>
      <trkpt lat="57.06938012588212" lon="-3.9882471867251663">
        <ele>281</ele>
      </trkpt>
      <trkpt lat="57.06921037573908" lon="-3.9878600038146192">
        <ele>282</ele>
      </trkpt>
      <trkpt lat="57.06902727446118" lon="-3.9874957085638085">
        <ele>282</ele>
      </trkpt>
      <trkpt lat="57.06880698073621" lon="-3.9870150677093359">
        <ele>283</ele>
      </trkpt>
      <trkpt lat="57.06868014495517" lon="-3.9866955941255098">
        <ele>283</ele>
      </trkpt>
      <trkpt lat="57.06841979782566" lon="-3.9859498378790859">
        <ele>284</ele>
      </trkpt>
      <trkpt lat="57.06834255197406" lon="-3.9857762731260817">
        <ele>284</ele>
      </trkpt>
      <trkpt lat="57.06824814037764" lon="-3.985638947167661">
        <ele>285</ele>
      </trkpt>
      <trkpt lat="57.06820522601564" lon="-3.9854243753576286">
        <ele>285</ele>
      </trkpt>
      <trkpt lat="57.0682166698455" lon="-3.9837726492466237">
        <ele>286</ele>
      </trkpt>
      <trkpt lat="57.06826530612244" lon="-3.983260537860013">
        <ele>286</ele>
      </trkpt>
      <trkpt lat="57.06830059126454" lon="-3.9827961090978539">
        <ele>286</ele>
      </trkpt>
      <trkpt lat="57.06836162502383" lon="-3.9824394430669554">
        <ele>286</ele>
      </trkpt>
      <trkpt lat="57.06841598321571" lon="-3.9819111195880312">
        <ele>286</ele>
      </trkpt>
      <trkpt lat="57.06853137516688" lon="-3.981304596605006">
        <ele>286</ele>
      </trkpt>
      <trkpt lat="57.06855044821666" lon="-3.9809717718863338">
        <ele>287</ele>
      </trkpt>
      <trkpt lat="57.06854281899675" lon="-3.9808516116727155">
        <ele>287</ele>
      </trkpt>
      <trkpt lat="57.06849132176234" lon="-3.9807467098989218">
        <ele>288</ele>
      </trkpt>
      <trkpt lat="57.06844173183291" lon="-3.9805645622735168">
        <ele>289</ele>
      </trkpt>
      <trkpt lat="57.06860099179858" lon="-3.9800724775891756">
        <ele>290</ele>
      </trkpt>
      <trkpt lat="57.06858382605378" lon="-3.9800000000000093">
        <ele>291</ele>
      </trkpt>
      <trkpt lat="57.06858382605378" lon="-3.9799999999999986">
        <ele>291</ele>
      </trkpt>
      <trkpt lat="57.06856189204653" lon="-3.9799046347510956">
        <ele>291</ele>
      </trkpt>
      <trkpt lat="57.06840072477588" lon="-3.9796576387564362">
        <ele>293</ele>
      </trkpt>
      <trkpt lat="57.06834064466908" lon="-3.9795288956704167">
        <ele>294</ele>
      </trkpt>
      <trkpt lat="57.068303452222" lon="-3.9793496090024782">
        <ele>295</ele>
      </trkpt>
      <trkpt lat="57.06824051115773" lon="-3.9792017928666783">
        <ele>296</ele>
      </trkpt>
      <trkpt lat="57.06809746328437" lon="-3.9790625596032796">
        <ele>297</ele>
      </trkpt>
      <trkpt lat="57.06798779324814" lon="-3.9789118825100123">
        <ele>299</ele>
      </trkpt>
      <trkpt lat="57.06792866679381" lon="-3.9786925424375346">
        <ele>300</ele>
      </trkpt>
      <trkpt lat="57.06780564562273" lon="-3.9779467861911106">
        <ele>302</ele>
      </trkpt>
      <trkpt lat="57.06757962998283" lon="-3.9773164218958601">
        <ele>303</ele>
      </trkpt>
      <trkpt lat="57.06679382033187" lon="-3.97563990082014">
        <ele>300</ele>
      </trkpt>
      <trkpt lat="57.06628361625023" lon="-3.9750019073049767">
        <ele>301</ele>
      </trkpt>
      <trkpt lat="57.06581441922562" lon="-3.9745203127980151">
        <ele>302</ele>
      </trkpt>
      <trkpt lat="57.06558077436581" lon="-3.9739929429715799">
        <ele>303</ele>
      </trkpt>
      <trkpt lat="57.06538718291054" lon="-3.9733921419034894">
        <ele>304</ele>
      </trkpt>
      <trkpt lat="57.06526797634941" lon="-3.9731584970436762">
        <ele>305</ele>
      </trkpt>
      <trkpt lat="57.06511348464619" lon="-3.9729897005531174">
        <ele>305</ele>
      </trkpt>
      <trkpt lat="57.06494945641808" lon="-3.9728447453747844">
        <ele>306</ele>
      </trkpt>
      <trkpt lat="57.06479687201983" lon="-3.9727007438489403">
        <ele>306</ele>
      </trkpt>
      <trkpt lat="57.06479687201983" lon="-3.9727007438489403">
        <ele>306</ele>
      </trkpt>
      <trkpt lat="57.06430764829295" lon="-3.9722868586687001">
        <ele>308</ele>
      </trkpt>
      <trkpt lat="57.06414171275986" lon="-3.9721666984550819">
        <ele>309</ele>
      </trkpt>
      <trkpt lat="57.06338928094602" lon="-3.9715258439824517">
        <ele>322</ele>
      </trkpt>
      <trkpt lat="57.0630164028228" lon="-3.970757200076291">
        <ele>325</ele>
      </trkpt>
      <trkpt lat="57.0629296204463" lon="-3.9699265687583432">
        <ele>328</ele>
      </trkpt>
      <trkpt lat="57.06279992370779" lon="-3.9691331298874677">
        <ele>334</ele>
      </trkpt>
      <trkpt lat="57.06273602899103" lon="-3.9685027655922172">
        <ele>339</ele>
      </trkpt>
      <trkpt lat="57.06282090406255" lon="-3.9675424375357609">
        <ele>344</ele>
      </trkpt>
      <trkpt lat="57.06300591264542" lon="-3.966908258630554">
        <ele>346</ele>
      </trkpt>
      <trkpt lat="57.06316517261109" lon="-3.9655950791531556">
        <ele>351</ele>
      </trkpt>
      <trkpt lat="57.06316612626358" lon="-3.9651192065611278">
        <ele>352</ele>
      </trkpt>
      <trkpt lat="57.06308315849704" lon="-3.9643066946404719">
        <ele>354</ele>
      </trkpt>
      <trkpt lat="57.06304024413503" lon="-3.9633969101659345">
        <ele>356</ele>
      </trkpt>
      <trkpt lat="57.06299446881555" lon="-3.9615744802593924">
        <ele>359</ele>
      </trkpt>
      <trkpt lat="57.06287526225443" lon="-3.9599999999999991">
        <ele>362</ele>
      </trkpt>
      <trkpt lat="57.06287526225443" lon="-3.9599999999999884">
        <ele>362</ele>
      </trkpt>
      <trkpt lat="57.06286095746709" lon="-3.959802593934759">
        <ele>362</ele>
      </trkpt>
      <trkpt lat="57.06276177760823" lon="-3.9592075147816024">
        <ele>362</ele>
      </trkpt>
      <trkpt lat="57.06244993324432" lon="-3.9579305740987869">
        <ele>364</ele>
      </trkpt>
      <trkpt lat="57.06230879267594" lon="-3.9562397482357317">
        <ele>364</ele>
      </trkpt>
      <trkpt lat="57.06194068281518" lon="-3.9534960900247835">
        <ele>360</ele>
      </trkpt>
      <trkpt lat="57.06186534426854" lon="-3.950795346175842">
        <ele>356</ele>
      </trkpt>
      <trkpt lat="57.06167938203318" lon="-3.9494001525843867">
        <ele>354</ele>
      </trkpt>
      <trkpt lat="57.06158306313178" lon="-3.9487230593171736">
        <ele>351</ele>
      </trkpt>
      <trkpt lat="57.06161548731642" lon="-3.9459822620636924">
        <ele>343</ele>
      </trkpt>
      <trkpt lat="57.06160881174899" lon="-3.9456847224871141">
        <ele>342</ele>
      </trkpt>
      <trkpt lat="57.06151726111005" lon="-3.9453948121304485">
        <ele>340</ele>
      </trkpt>
      <trkpt lat="57.06131127217241" lon="-3.9452279229448677">
        <ele>337</ele>
      </trkpt>
      <trkpt lat="57.06103471295059" lon="-3.945332824718661">
        <ele>334</ele>
      </trkpt>
      <trkpt lat="57.06103471295059" lon="-3.945332824718661">
        <ele>334</ele>
      </trkpt>
      <trkpt lat="57.06093362578676" lon="-3.9452794201792751">
        <ele>332</ele>
      </trkpt>
      <trkpt lat="57.06075910738127" lon="-3.9451563990081899">
        <ele>330</ele>
      </trkpt>
      <trkpt lat="57.06061796681288" lon="-3.9447863818424453">
        <ele>329</ele>
      </trkpt>
      <trkpt lat="57.06061661868156" lon="-3.9447828474959614">
        <ele>329</ele>
      </trkpt>
      <trkpt lat="57.06054548922372" lon="-3.9442475681861415">
        <ele>327</ele>
      </trkpt>
      <trkpt lat="57.060530850634" lon="-3.9437093847406723">
        <ele>326</ele>
      </trkpt>
      <trkpt lat="57.060530850634" lon="-3.9437093847406723">
        <ele>326</ele>
      </trkpt>
      <trkpt lat="57.06052933835719" lon="-3.9436537863283627">
        <ele>326</ele>
      </trkpt>
      <trkpt lat="57.06052933835719" lon="-3.9436537863283627">
        <ele>326</ele>
      </trkpt>
      <trkpt lat="57.06052927713141" lon="-3.943651535380496">
        <ele>326</ele>
      </trkpt>
      <trkpt lat="57.06057600610337" lon="-3.9425872592027353">
        <ele>323</ele>
      </trkpt>
      <trkpt lat="57.06049876025175" lon="-3.9417776082395459">
        <ele>321</ele>
      </trkpt>
      <trkpt lat="57.06047587259202" lon="-3.9408029753957545">
        <ele>318</ele>
      </trkpt>
      <trkpt lat="57.06047587259202" lon="-3.9408029753957545">
        <ele>318</ele>
      </trkpt>
      <trkpt lat="57.06042437535761" lon="-3.9408144192256227">
        <ele>318</ele>
      </trkpt>
      <trkpt lat="57.06042437535761" lon="-3.9408144192256227">
        <ele>318</ele>
      </trkpt>
      <trkpt lat="57.06030326149151" lon="-3.9408554262826514">
        <ele>317</ele>
      </trkpt>
      <trkpt lat="57.06030326149151" lon="-3.9408554262826514">
        <ele>317</ele>
      </trkpt>
      <trkpt lat="57.06027846652679" lon="-3.9408754529849208">
        <ele>317</ele>
      </trkpt>
      <trkpt lat="57.06022887659736" lon="-3.9410041960709403">
        <ele>317</ele>
      </trkpt>
      <trkpt lat="57.06019359145527" lon="-3.9411710852565212">
        <ele>318</ele>
      </trkpt>
      <trkpt lat="57.06010013351134" lon="-3.9415248903299522">
        <ele>318</ele>
      </trkpt>
      <trkpt lat="57.06007438489414" lon="-3.9418176616440856">
        <ele>318</ele>
      </trkpt>
      <trkpt lat="57.0600257486172" lon="-3.9420045775319359">
        <ele>318</ele>
      </trkpt>
      <trkpt lat="57.06" lon="-3.9420713332061683">
        <ele>318</ele>
      </trkpt>
      <trkpt lat="57.06000000000001" lon="-3.9420713332061683">
        <ele>318</ele>
      </trkpt>
      <trkpt lat="57.0599742513828" lon="-3.9421380888804007">
        <ele>318</ele>
      </trkpt>
      <trkpt lat="57.0599742513828" lon="-3.9421380888804007">
        <ele>318</ele>
      </trkpt>
      <trkpt lat="57.05969101659356" lon="-3.9421838641998743">
        <ele>317</ele>
      </trkpt>
      <trkpt lat="57.05946976921611" lon="-3.9421905397672976">
        <ele>317</ele>
      </trkpt>
      <trkpt lat="57.05931813847035" lon="-3.9420703795536793">
        <ele>316</ele>
      </trkpt>
      <trkpt lat="57.05931813847035" lon="-3.9420703795536793">
        <ele>316</ele>
      </trkpt>
      <trkpt lat="57.0593148849694" lon="-3.9420653079198491">
        <ele>316</ele>
      </trkpt>
      <trkpt lat="57.0593148849694" lon="-3.9420653079198491">
        <ele>316</ele>
      </trkpt>
      <trkpt lat="57.05918844173184" lon="-3.9418682052260041">
        <ele>316</ele>
      </trkpt>
      <trkpt lat="57.05893000190731" lon="-3.941224489795907">
        <ele>315</ele>
      </trkpt>
      <trkpt lat="57.05872210566471" lon="-3.9408592408926073">
        <ele>315</ele>
      </trkpt>
      <trkpt lat="57.05863913789816" lon="-3.9406179668128822">
        <ele>314</ele>
      </trkpt>
      <trkpt lat="57.05858954796873" lon="-3.9401192065611177">
        <ele>314</ele>
      </trkpt>
      <trkpt lat="57.0586181575434" lon="-3.9399999999999888">
        <ele>313</ele>
      </trkpt>
      <trkpt lat="57.0586181575434" lon="-3.9400000000000066">
        <ele>313</ele>
      </trkpt>
      <trkpt lat="57.05868872782759" lon="-3.9397024604234283">
        <ele>313</ele>
      </trkpt>
      <trkpt lat="57.05867251573527" lon="-3.939485981308418">
        <ele>313</ele>
      </trkpt>
      <trkpt lat="57.05854663360672" lon="-3.9389071142475749">
        <ele>312</ele>
      </trkpt>
      <trkpt lat="57.05833969101661" lon="-3.9381232119015901">
        <ele>312</ele>
      </trkpt>
      <trkpt lat="57.05811558268168" lon="-3.9375119206561195">
        <ele>311</ele>
      </trkpt>
      <trkpt lat="57.05790482548161" lon="-3.9371790959374473">
        <ele>312</ele>
      </trkpt>
      <trkpt lat="57.05752050352852" lon="-3.9372115201220743">
        <ele>312</ele>
      </trkpt>
      <trkpt lat="57.05724732884192" lon="-3.9371397189204598">
        <ele>313</ele>
      </trkpt>
      <trkpt lat="57.05724732884192" lon="-3.9371397189204598">
        <ele>313</ele>
      </trkpt>
      <trkpt lat="57.05723906420353" lon="-3.9371375466439029">
        <ele>313</ele>
      </trkpt>
      <trkpt lat="57.05723906420353" lon="-3.9371375466439029">
        <ele>313</ele>
      </trkpt>
      <trkpt lat="57.05720484455465" lon="-3.9371285523555284">
        <ele>313</ele>
      </trkpt>
      <trkpt lat="57.05720484455465" lon="-3.9371285523555284">
        <ele>313</ele>
      </trkpt>
      <trkpt lat="57.05713808888042" lon="-3.9371619301926448">
        <ele>313</ele>
      </trkpt>
      <trkpt lat="57.05707228685868" lon="-3.9371943543772718">
        <ele>313</ele>
      </trkpt>
      <trkpt lat="57.05698836543964" lon="-3.9372153347320307">
        <ele>313</ele>
      </trkpt>
      <trkpt lat="57.05690444402061" lon="-3.9372363150867891">
        <ele>314</ele>
      </trkpt>
      <trkpt lat="57.05684531756629" lon="-3.9372792294487957">
        <ele>314</ele>
      </trkpt>
      <trkpt lat="57.05679095937442" lon="-3.937287812321197">
        <ele>314</ele>
      </trkpt>
      <trkpt lat="57.05679095937442" lon="-3.937287812321197">
        <ele>314</ele>
      </trkpt>
      <trkpt lat="57.0567747472821" lon="-3.9371895861148265">
        <ele>314</ele>
      </trkpt>
      <trkpt lat="57.0567747472821" lon="-3.9371895861148265">
        <ele>314</ele>
      </trkpt>
      <trkpt lat="57.05676807171468" lon="-3.9371104329582369">
        <ele>314</ele>
      </trkpt>
      <trkpt lat="57.05676234979975" lon="-3.9370312798016469">
        <ele>314</ele>
      </trkpt>
      <trkpt lat="57.05676234979975" lon="-3.9370312798016469">
        <ele>314</ele>
      </trkpt>
      <trkpt lat="57.05678619111197" lon="-3.9369778752622611">
        <ele>314</ele>
      </trkpt>
      <trkpt lat="57.05678619111197" lon="-3.9369778752622611">
        <ele>314</ele>
      </trkpt>
      <trkpt lat="57.05674518405494" lon="-3.9369006294106494">
        <ele>314</ele>
      </trkpt>
      <trkpt lat="57.05666507724586" lon="-3.9366917795155514">
        <ele>314</ele>
      </trkpt>
      <trkpt lat="57.05659736791914" lon="-3.9366517261110121">
        <ele>314</ele>
      </trkpt>
      <trkpt lat="57.05655488923151" lon="-3.9366352495291412">
        <ele>314</ele>
      </trkpt>
      <trkpt lat="57.05655488923151" lon="-3.9366352495291412">
        <ele>314</ele>
      </trkpt>
      <trkpt lat="57.05644001525845" lon="-3.936590692351714">
        <ele>315</ele>
      </trkpt>
      <trkpt lat="57.05621590692353" lon="-3.936559221819576">
        <ele>315</ele>
      </trkpt>
      <trkpt lat="57.05605664695786" lon="-3.9364810223154749">
        <ele>316</ele>
      </trkpt>
      <trkpt lat="57.05580392904827" lon="-3.9363150867823835">
        <ele>316</ele>
      </trkpt>
      <trkpt lat="57.05540816326532" lon="-3.936187297348853">
        <ele>317</ele>
      </trkpt>
      <trkpt lat="57.05523459851231" lon="-3.936185390043875">
        <ele>318</ele>
      </trkpt>
      <trkpt lat="57.05513255769598" lon="-3.9360928857524384">
        <ele>318</ele>
      </trkpt>
      <trkpt lat="57.05481308411216" lon="-3.9355302307839093">
        <ele>319</ele>
      </trkpt>
      <trkpt lat="57.05479401106238" lon="-3.9353938584779775">
        <ele>319</ele>
      </trkpt>
      <trkpt lat="57.05479115010491" lon="-3.9350600801068158">
        <ele>319</ele>
      </trkpt>
      <trkpt lat="57.05471581155828" lon="-3.9346986458134725">
        <ele>320</ele>
      </trkpt>
      <trkpt lat="57.05458802212475" lon="-3.9343238603852826">
        <ele>321</ele>
      </trkpt>
      <trkpt lat="57.05451268357812" lon="-3.9340110623688798">
        <ele>322</ele>
      </trkpt>
      <trkpt lat="57.05447453747855" lon="-3.933534236124363">
        <ele>324</ele>
      </trkpt>
      <trkpt lat="57.05437345031471" lon="-3.9330364295250879">
        <ele>327</ele>
      </trkpt>
      <trkpt lat="57.05430383368302" lon="-3.9327732214381146">
        <ele>328</ele>
      </trkpt>
      <trkpt lat="57.0542275414839" lon="-3.9326425710471171">
        <ele>329</ele>
      </trkpt>
      <trkpt lat="57.05412645432006" lon="-3.9324089261873043">
        <ele>331</ele>
      </trkpt>
      <trkpt lat="57.05406065229831" lon="-3.9323145145908898">
        <ele>331</ele>
      </trkpt>
      <trkpt lat="57.0539748235743" lon="-3.9322458516116794">
        <ele>332</ele>
      </trkpt>
      <trkpt lat="57.05370589357239" lon="-3.9316536334159902">
        <ele>337</ele>
      </trkpt>
      <trkpt lat="57.05370567631727" lon="-3.9316531540577704">
        <ele>337</ele>
      </trkpt>
      <trkpt lat="57.05343600991799" lon="-3.9316002288766043">
        <ele>339</ele>
      </trkpt>
      <trkpt lat="57.05324909403015" lon="-3.931530612244905">
        <ele>341</ele>
      </trkpt>
      <trkpt lat="57.0530097272554" lon="-3.9312836162502451">
        <ele>344</ele>
      </trkpt>
      <trkpt lat="57.05287621590693" lon="-3.9309517451840619">
        <ele>347</ele>
      </trkpt>
      <trkpt lat="57.0525576959756" lon="-3.9306351325577027">
        <ele>351</ele>
      </trkpt>
      <trkpt lat="57.05234503147054" lon="-3.9306790005721983">
        <ele>353</ele>
      </trkpt>
      <trkpt lat="57.05234503147054" lon="-3.9306790005721983">
        <ele>353</ele>
      </trkpt>
      <trkpt lat="57.05176902536716" lon="-3.9307400343314964">
        <ele>357</ele>
      </trkpt>
      <trkpt lat="57.05145432004579" lon="-3.930530230783909">
        <ele>360</ele>
      </trkpt>
      <trkpt lat="57.05099561319856" lon="-3.9302918176616508">
        <ele>364</ele>
      </trkpt>
      <trkpt lat="57.05039862674042" lon="-3.9296786191112028">
        <ele>369</ele>
      </trkpt>
      <trkpt lat="57.04970436772841" lon="-3.9291951172992632">
        <ele>372</ele>
      </trkpt>
      <trkpt lat="57.04943353042152" lon="-3.928618157543398">
        <ele>374</ele>
      </trkpt>
      <trkpt lat="57.04905588403587" lon="-3.9282567232500547">
        <ele>376</ele>
      </trkpt>
      <trkpt lat="57.04895384321954" lon="-3.9280183101277961">
        <ele>376</ele>
      </trkpt>
      <trkpt lat="57.04874213236697" lon="-3.9275929811176877">
        <ele>378</ele>
      </trkpt>
      <trkpt lat="57.04859717718865" lon="-3.9273183292008462">
        <ele>379</ele>
      </trkpt>
      <trkpt lat="57.04840453938586" lon="-3.9270808697310766">
        <ele>380</ele>
      </trkpt>
      <trkpt lat="57.04830631317949" lon="-3.9267842838069877">
        <ele>381</ele>
      </trkpt>
      <trkpt lat="57.04809078771697" lon="-3.9265897386992248">
        <ele>382</ele>
      </trkpt>
      <trkpt lat="57.04801544917034" lon="-3.9263799351516377">
        <ele>383</ele>
      </trkpt>
      <trkpt lat="57.04772553881367" lon="-3.9259908449361123">
        <ele>386</ele>
      </trkpt>
      <trkpt lat="57.04725061987413" lon="-3.9256589738699286">
        <ele>389</ele>
      </trkpt>
      <trkpt lat="57.04716002288767" lon="-3.9254205607476704">
        <ele>390</ele>
      </trkpt>
      <trkpt lat="57.04695594125502" lon="-3.9250591264543271">
        <ele>392</ele>
      </trkpt>
      <trkpt lat="57.04668891855809" lon="-3.924222773221445">
        <ele>397</ele>
      </trkpt>
      <trkpt lat="57.04655540720962" lon="-3.9240558840358641">
        <ele>398</ele>
      </trkpt>
      <trkpt lat="57.04637135227924" lon="-3.9235361434293412">
        <ele>402</ele>
      </trkpt>
      <trkpt lat="57.04619397291628" lon="-3.9233415983215782">
        <ele>404</ele>
      </trkpt>
      <trkpt lat="57.04609574670991" lon="-3.9230888804119846">
        <ele>406</ele>
      </trkpt>
      <trkpt lat="57.04602899103568" lon="-3.9229811176807239">
        <ele>407</ele>
      </trkpt>
      <trkpt lat="57.04599370589359" lon="-3.9227570093458013">
        <ele>409</ele>
      </trkpt>
      <trkpt lat="57.04566851039483" lon="-3.9217175281327554">
        <ele>418</ele>
      </trkpt>
      <trkpt lat="57.04537383177571" lon="-3.9213208086973177">
        <ele>424</ele>
      </trkpt>
      <trkpt lat="57.04527179095938" lon="-3.9208945260347199">
        <ele>429</ele>
      </trkpt>
      <trkpt lat="57.04503242418464" lon="-3.9202384131222652">
        <ele>439</ele>
      </trkpt>
      <trkpt lat="57.04498188060272" lon="-3.920000000000007">
        <ele>442</ele>
      </trkpt>
      <trkpt lat="57.04498188060272" lon="-3.9199999999999964">
        <ele>442</ele>
      </trkpt>
      <trkpt lat="57.04488651535382" lon="-3.9195527369826402">
        <ele>449</ele>
      </trkpt>
      <trkpt lat="57.04487507152395" lon="-3.9193429334350527">
        <ele>452</ele>
      </trkpt>
      <trkpt lat="57.04482357428954" lon="-3.9192208659164565">
        <ele>454</ele>
      </trkpt>
      <trkpt lat="57.04466717528134" lon="-3.9191913026892964">
        <ele>455</ele>
      </trkpt>
      <trkpt lat="57.04447453747856" lon="-3.9193362578676294">
        <ele>455</ele>
      </trkpt>
      <trkpt lat="57.04431718481786" lon="-3.919350562654965">
        <ele>456</ele>
      </trkpt>
      <trkpt lat="57.04403108907115" lon="-3.919170322334538">
        <ele>460</ele>
      </trkpt>
      <trkpt lat="57.04389376311273" lon="-3.9191340835399546">
        <ele>462</ele>
      </trkpt>
      <trkpt lat="57.04377169559414" lon="-3.9192418462712153">
        <ele>461</ele>
      </trkpt>
      <trkpt lat="57.04364199885563" lon="-3.919429715811555">
        <ele>460</ele>
      </trkpt>
      <trkpt lat="57.04352851420943" lon="-3.9194802593934734">
        <ele>460</ele>
      </trkpt>
      <trkpt lat="57.04319473583827" lon="-3.9194440205988905">
        <ele>464</ele>
      </trkpt>
      <trkpt lat="57.04303356856762" lon="-3.9193000190730465">
        <ele>467</ele>
      </trkpt>
      <trkpt lat="57.04290768643907" lon="-3.9192418462712153">
        <ele>468</ele>
      </trkpt>
      <trkpt lat="57.04226015639902" lon="-3.9192132366965442">
        <ele>473</ele>
      </trkpt>
      <trkpt lat="57.04204463093649" lon="-3.9191054739652835">
        <ele>476</ele>
      </trkpt>
      <trkpt lat="57.04176521075721" lon="-3.9190110623688694">
        <ele>478</ele>
      </trkpt>
      <trkpt lat="57.04154205607477" lon="-3.9187879076864358">
        <ele>480</ele>
      </trkpt>
      <trkpt lat="57.04108621018502" lon="-3.9181165363341566">
        <ele>485</ele>
      </trkpt>
      <trkpt lat="57.04094411596415" lon="-3.9178056456227317">
        <ele>486</ele>
      </trkpt>
      <trkpt lat="57.04094411596415" lon="-3.9178056456227317">
        <ele>486</ele>
      </trkpt>
      <trkpt lat="57.04080297539578" lon="-3.9176587831394207">
        <ele>487</ele>
      </trkpt>
      <trkpt lat="57.04037669273318" lon="-3.9169635704749157">
        <ele>487</ele>
      </trkpt>
      <trkpt lat="57.04024890329965" lon="-3.9166784283806946">
        <ele>486</ele>
      </trkpt>
      <trkpt lat="57.04009250429145" lon="-3.9162540530230752">
        <ele>485</ele>
      </trkpt>
      <trkpt lat="57.04000000000001" lon="-3.9160957467098956">
        <ele>485</ele>
      </trkpt>
      <trkpt lat="57.04" lon="-3.9160957467098956">
        <ele>485</ele>
      </trkpt>
      <trkpt lat="57.03985885943163" lon="-3.9158544726301701">
        <ele>485</ele>
      </trkpt>
      <trkpt lat="57.03964619492657" lon="-3.9154663360671336">
        <ele>485</ele>
      </trkpt>
      <trkpt lat="57.03948788861339" lon="-3.9150715239366742">
        <ele>484</ele>
      </trkpt>
      <trkpt lat="57.03930764829296" lon="-3.9148245279420144">
        <ele>483</ele>
      </trkpt>
      <trkpt lat="57.03911119588022" lon="-3.91461186343696">
        <ele>482</ele>
      </trkpt>
      <trkpt lat="57.03885847797063" lon="-3.9141817661644063">
        <ele>479</ele>
      </trkpt>
      <trkpt lat="57.03866488651536" lon="-3.9139509822620604">
        <ele>477</ele>
      </trkpt>
      <trkpt lat="57.03838737364104" lon="-3.9137345031470496">
        <ele>475</ele>
      </trkpt>
      <trkpt lat="57.03803642952509" lon="-3.9133969101659321">
        <ele>471</ele>
      </trkpt>
      <trkpt lat="57.03777322143811" lon="-3.9132147625405267">
        <ele>470</ele>
      </trkpt>
      <trkpt lat="57.03743848941446" lon="-3.9131222582490905">
        <ele>469</ele>
      </trkpt>
      <trkpt lat="57.03723250047683" lon="-3.9129649055884004">
        <ele>468</ele>
      </trkpt>
      <trkpt lat="57.03686534426855" lon="-3.9125720007629186">
        <ele>465</ele>
      </trkpt>
      <trkpt lat="57.03650390997521" lon="-3.9122506198741145">
        <ele>463</ele>
      </trkpt>
      <trkpt lat="57.0360871638375" lon="-3.9116288384512647">
        <ele>461</ele>
      </trkpt>
      <trkpt lat="57.03596128170895" lon="-3.9115105855426249">
        <ele>462</ele>
      </trkpt>
      <trkpt lat="57.03585447263018" lon="-3.911489605187866">
        <ele>462</ele>
      </trkpt>
      <trkpt lat="57.03569044440206" lon="-3.9114981880602673">
        <ele>464</ele>
      </trkpt>
      <trkpt lat="57.03548064085447" lon="-3.9112187678809809">
        <ele>465</ele>
      </trkpt>
      <trkpt lat="57.03509059698646" lon="-3.9106408544726268">
        <ele>466</ele>
      </trkpt>
      <trkpt lat="57.0346004196071" lon="-3.9098493229067293">
        <ele>470</ele>
      </trkpt>
      <trkpt lat="57.03448884226588" lon="-3.9097110432958195">
        <ele>471</ele>
      </trkpt>
      <trkpt lat="57.0342265878314" lon="-3.9090987983978605">
        <ele>471</ele>
      </trkpt>
      <trkpt lat="57.03410738127027" lon="-3.9089099752050318">
        <ele>471</ele>
      </trkpt>
      <trkpt lat="57.03378695403395" lon="-3.9084226587831359">
        <ele>469</ele>
      </trkpt>
      <trkpt lat="57.03360289910357" lon="-3.9082471867251538">
        <ele>469</ele>
      </trkpt>
      <trkpt lat="57.03331775700935" lon="-3.908110814419222">
        <ele>469</ele>
      </trkpt>
      <trkpt lat="57.03284093076483" lon="-3.9077379362960105">
        <ele>470</ele>
      </trkpt>
      <trkpt lat="57.03258725920275" lon="-3.9074918939538397">
        <ele>468</ele>
      </trkpt>
      <trkpt lat="57.03203890902155" lon="-3.9070846843410227">
        <ele>460</ele>
      </trkpt>
      <trkpt lat="57.03178142284951" lon="-3.9070856379935117">
        <ele>459</ele>
      </trkpt>
      <trkpt lat="57.03135609383941" lon="-3.906867251573523">
        <ele>452</ele>
      </trkpt>
      <trkpt lat="57.03107285905016" lon="-3.9066641235933592">
        <ele>446</ele>
      </trkpt>
      <trkpt lat="57.0308783139424" lon="-3.9065992752241048">
        <ele>443</ele>
      </trkpt>
      <trkpt lat="57.03055597940111" lon="-3.9065964142666378">
        <ele>442</ele>
      </trkpt>
      <trkpt lat="57.03008010680908" lon="-3.9063303452221976">
        <ele>436</ele>
      </trkpt>
      <trkpt lat="57.02980831584971" lon="-3.906251192065608">
        <ele>434</ele>
      </trkpt>
      <trkpt lat="57.02954510776273" lon="-3.9060671371352247">
        <ele>431</ele>
      </trkpt>
      <trkpt lat="57.02922468052642" lon="-3.9059050162120887">
        <ele>429</ele>
      </trkpt>
      <trkpt lat="57.02895098226207" lon="-3.9057161930192605">
        <ele>425</ele>
      </trkpt>
      <trkpt lat="57.02865439633798" lon="-3.9055683768834601">
        <ele>422</ele>
      </trkpt>
      <trkpt lat="57.02830249856952" lon="-3.9052613007819916">
        <ele>416</ele>
      </trkpt>
      <trkpt lat="57.02806217814229" lon="-3.9050619874117838">
        <ele>411</ele>
      </trkpt>
      <trkpt lat="57.0278523745947" lon="-3.9047444211329356">
        <ele>406</ele>
      </trkpt>
      <trkpt lat="57.02731928285333" lon="-3.9041598321571587">
        <ele>395</ele>
      </trkpt>
      <trkpt lat="57.02699790196453" lon="-3.9038727827579596">
        <ele>389</ele>
      </trkpt>
      <trkpt lat="57.0268519931337" lon="-3.9037879076864357">
        <ele>388</ele>
      </trkpt>
      <trkpt lat="57.0267041769979" lon="-3.9037802784665234">
        <ele>387</ele>
      </trkpt>
      <trkpt lat="57.02632843791722" lon="-3.9038880411977841">
        <ele>386</ele>
      </trkpt>
      <trkpt lat="57.02610528323479" lon="-3.9038699218004926">
        <ele>385</ele>
      </trkpt>
      <trkpt lat="57.02581823383559" lon="-3.9038785046728939">
        <ele>383</ele>
      </trkpt>
      <trkpt lat="57.02565897386992" lon="-3.9038451268357774">
        <ele>382</ele>
      </trkpt>
      <trkpt lat="57.02528228113675" lon="-3.9036296013732561">
        <ele>378</ele>
      </trkpt>
      <trkpt lat="57.02514114056838" lon="-3.9035227922944844">
        <ele>376</ele>
      </trkpt>
      <trkpt lat="57.02501716574481" lon="-3.9034579439252304">
        <ele>375</ele>
      </trkpt>
      <trkpt lat="57.02456990272745" lon="-3.9034588975777194">
        <ele>373</ele>
      </trkpt>
      <trkpt lat="57.02442494754911" lon="-3.9034121686057568">
        <ele>372</ele>
      </trkpt>
      <trkpt lat="57.02427427045585" lon="-3.9032414648102196">
        <ele>369</ele>
      </trkpt>
      <trkpt lat="57.0242084684341" lon="-3.903050734312413">
        <ele>367</ele>
      </trkpt>
      <trkpt lat="57.0242084684341" lon="-3.903050734312413">
        <ele>367</ele>
      </trkpt>
      <trkpt lat="57.02398436009918" lon="-3.9031365630364263">
        <ele>367</ele>
      </trkpt>
      <trkpt lat="57.02357905779134" lon="-3.9032195308029718">
        <ele>367</ele>
      </trkpt>
      <trkpt lat="57.02339023459852" lon="-3.9030755292771282">
        <ele>366</ele>
      </trkpt>
      <trkpt lat="57.02303261491512" lon="-3.902502384131219">
        <ele>361</ele>
      </trkpt>
      <trkpt lat="57.02272839977113" lon="-3.9021028037383143">
        <ele>360</ele>
      </trkpt>
      <trkpt lat="57.02248520110642" lon="-3.9018818697400945">
        <ele>360</ele>
      </trkpt>
      <trkpt lat="57.02248521838642" lon="-3.9018815563608586">
        <ele>360</ele>
      </trkpt>
      <trkpt lat="57.02249856952127" lon="-3.9016383749761552">
        <ele>359</ele>
      </trkpt>
      <trkpt lat="57.02160785809651" lon="-3.900641808125116">
        <ele>357</ele>
      </trkpt>
      <trkpt lat="57.02146481022316" lon="-3.9004253290101052">
        <ele>356</ele>
      </trkpt>
      <trkpt lat="57.02126645050544" lon="-3.9002355521647876">
        <ele>355</ele>
      </trkpt>
      <trkpt lat="57.02125023841312" lon="-3.9002441350371893">
        <ele>355</ele>
      </trkpt>
      <trkpt lat="57.02124070188823" lon="-3.9002641617394587">
        <ele>355</ele>
      </trkpt>
      <trkpt lat="57.02098703032615" lon="-3.9004873164218923">
        <ele>355</ele>
      </trkpt>
      <trkpt lat="57.02089166507724" lon="-3.900594125500664">
        <ele>355</ele>
      </trkpt>
      <trkpt lat="57.02082490940302" lon="-3.9007133320617933">
        <ele>355</ele>
      </trkpt>
      <trkpt lat="57.02067518596223" lon="-3.9009488842265845">
        <ele>355</ele>
      </trkpt>
      <trkpt lat="57.02050925042914" lon="-3.9010690444402027">
        <ele>355</ele>
      </trkpt>
      <trkpt lat="57.0202517642571" lon="-3.9013522792294455">
        <ele>355</ele>
      </trkpt>
      <trkpt lat="57.02008296776655" lon="-3.9014533663932829">
        <ele>355</ele>
      </trkpt>
      <trkpt lat="57.02" lon="-3.901545870684719">
        <ele>355</ele>
      </trkpt>
      <trkpt lat="57.01999999999999" lon="-3.901545870684719">
        <ele>355</ele>
      </trkpt>
      <trkpt lat="57.01995708563798" lon="-3.9015935533091706">
        <ele>355</ele>
      </trkpt>
      <trkpt lat="57.01989032996375" lon="-3.901625977493798">
        <ele>355</ele>
      </trkpt>
      <trkpt lat="57.01982452794201" lon="-3.9016574480259361">
        <ele>355</ele>
      </trkpt>
      <trkpt lat="57.01982452794201" lon="-3.9016574480259361">
        <ele>355</ele>
      </trkpt>
      <trkpt lat="57.01976730879267" lon="-3.9017833301544882">
        <ele>355</ele>
      </trkpt>
      <trkpt lat="57.01969006294105" lon="-3.9018357810413851">
        <ele>355</ele>
      </trkpt>
      <trkpt lat="57.01948407400342" lon="-3.9018529467861875">
        <ele>355</ele>
      </trkpt>
      <trkpt lat="57.01937535761967" lon="-3.9018920465382378">
        <ele>355</ele>
      </trkpt>
      <trkpt lat="57.01903013541865" lon="-3.9021895861148161">
        <ele>354</ele>
      </trkpt>
      <trkpt lat="57.01883082204844" lon="-3.9022983024985662">
        <ele>354</ele>
      </trkpt>
      <trkpt lat="57.01857047491893" lon="-3.902386992180046">
        <ele>354</ele>
      </trkpt>
      <trkpt lat="57.01834064466907" lon="-3.9024146481022282">
        <ele>354</ele>
      </trkpt>
      <trkpt lat="57.01756151058553" lon="-3.9023497997329737">
        <ele>356</ele>
      </trkpt>
      <trkpt lat="57.01692923898531" lon="-3.9023278657257263">
        <ele>358</ele>
      </trkpt>
      <trkpt lat="57.01576387564371" lon="-3.9024575624642348">
        <ele>360</ele>
      </trkpt>
      <trkpt lat="57.01565802021742" lon="-3.9024842647339275">
        <ele>360</ele>
      </trkpt>
      <trkpt lat="57.01550925042913" lon="-3.9026044249475458">
        <ele>360</ele>
      </trkpt>
      <trkpt lat="57.01535285142094" lon="-3.9026568758344427">
        <ele>360</ele>
      </trkpt>
      <trkpt lat="57.01472153347319" lon="-3.9026826244516464">
        <ele>361</ele>
      </trkpt>
      <trkpt lat="57.01445355712377" lon="-3.902725538813653">
        <ele>361</ele>
      </trkpt>
      <trkpt lat="57.01412168605759" lon="-3.9026997901964489">
        <ele>361</ele>
      </trkpt>
      <trkpt lat="57.01377741750905" lon="-3.9026206370398593">
        <ele>362</ele>
      </trkpt>
      <trkpt lat="57.0133730688537" lon="-3.9025996566851004">
        <ele>362</ele>
      </trkpt>
      <trkpt lat="57.01317852374594" lon="-3.9025357619683354">
        <ele>362</ele>
      </trkpt>
      <trkpt lat="57.01275796299827" lon="-3.9023021171085222">
        <ele>363</ele>
      </trkpt>
      <trkpt lat="57.01269979019644" lon="-3.9022773221438074">
        <ele>363</ele>
      </trkpt>
      <trkpt lat="57.01250524508868" lon="-3.9023192828533246">
        <ele>363</ele>
      </trkpt>
      <trkpt lat="57.01242227732214" lon="-3.9023030707610111">
        <ele>363</ele>
      </trkpt>
      <trkpt lat="57.01218291054739" lon="-3.9021523936677442">
        <ele>363</ele>
      </trkpt>
      <trkpt lat="57.01196547777989" lon="-3.9019397291626898">
        <ele>363</ele>
      </trkpt>
      <trkpt lat="57.01177474728208" lon="-3.9017003623879423">
        <ele>364</ele>
      </trkpt>
      <trkpt lat="57.01151726111004" lon="-3.9014495517833265">
        <ele>364</ele>
      </trkpt>
      <trkpt lat="57.01128075529276" lon="-3.9012845699027241">
        <ele>365</ele>
      </trkpt>
      <trkpt lat="57.01091455273697" lon="-3.9011138661071869">
        <ele>366</ele>
      </trkpt>
      <trkpt lat="57.01060652298302" lon="-3.9010175472057949">
        <ele>367</ele>
      </trkpt>
      <trkpt lat="57.01040625596032" lon="-3.9008621018500822">
        <ele>367</ele>
      </trkpt>
      <trkpt lat="57.01011729925614" lon="-3.9005807743658178">
        <ele>369</ele>
      </trkpt>
      <trkpt lat="57.0097987793248" lon="-3.900334732023647">
        <ele>369</ele>
      </trkpt>
      <trkpt lat="57.00949265687583" lon="-3.9002479496471452">
        <ele>368</ele>
      </trkpt>
      <trkpt lat="57.00898722105664" lon="-3.9001707037955335">
        <ele>366</ele>
      </trkpt>
      <trkpt lat="57.0084951363723" lon="-3.9001802403204238">
        <ele>366</ele>
      </trkpt>
      <trkpt lat="57.00792866679381" lon="-3.9001306503909943">
        <ele>369</ele>
      </trkpt>
      <trkpt lat="57.00779610909784" lon="-3.9001583063131759">
        <ele>369</ele>
      </trkpt>
      <trkpt lat="57.00740606522982" lon="-3.9003738317756977">
        <ele>370</ele>
      </trkpt>
      <trkpt lat="57.00701411405683" lon="-3.900413885180237">
        <ele>370</ele>
      </trkpt>
      <trkpt lat="57.00673374022505" lon="-3.900526416173943">
        <ele>370</ele>
      </trkpt>
      <trkpt lat="57.00631699408734" lon="-3.9008086973106968">
        <ele>368</ele>
      </trkpt>
      <trkpt lat="57.00631699408734" lon="-3.9008086973106968">
        <ele>368</ele>
      </trkpt>
      <trkpt lat="57.00613580011443" lon="-3.9008363532328785">
        <ele>368</ele>
      </trkpt>
      <trkpt lat="57.00603757390806" lon="-3.9008439824527907">
        <ele>368</ele>
      </trkpt>
      <trkpt lat="57.00578294869349" lon="-3.90093362578676">
        <ele>368</ele>
      </trkpt>
      <trkpt lat="57.00551497234407" lon="-3.9009708182338323">
        <ele>368</ele>
      </trkpt>
      <trkpt lat="57.00539481213045" lon="-3.9010452031279765">
        <ele>368</ele>
      </trkpt>
      <trkpt lat="57.00530707610146" lon="-3.9009116917795121">
        <ele>368</ele>
      </trkpt>
      <trkpt lat="57.00483692542436" lon="-3.9005969864581314">
        <ele>370</ele>
      </trkpt>
      <trkpt lat="57.00449742513827" lon="-3.9004567995422432">
        <ele>370</ele>
      </trkpt>
      <trkpt lat="57.00431623116535" lon="-3.9002517642571015">
        <ele>370</ele>
      </trkpt>
      <trkpt lat="57.00413599084493" lon="-3.9001516307457527">
        <ele>370</ele>
      </trkpt>
      <trkpt lat="57.0040511157734" lon="-3.9000257486172005">
        <ele>371</ele>
      </trkpt>
      <trkpt lat="57.00402727446118" lon="-3.8999999999999968">
        <ele>371</ele>
      </trkpt>
      <trkpt lat="57.00402727446118" lon="-3.8999999999999861">
        <ele>371</ele>
      </trkpt>
      <trkpt lat="57.00384512683577" lon="-3.8998016402822673">
        <ele>373</ele>
      </trkpt>
      <trkpt lat="57.00372592027464" lon="-3.899727255388123">
        <ele>374</ele>
      </trkpt>
      <trkpt lat="57.00341598321571" lon="-3.8996728971962482">
        <ele>374</ele>
      </trkpt>
      <trkpt lat="57.00313274842647" lon="-3.8995145908830686">
        <ele>376</ele>
      </trkpt>
      <trkpt lat="57.00268071714666" lon="-3.8993190921228167">
        <ele>377</ele>
      </trkpt>
      <trkpt lat="57.0024508868968" lon="-3.899147434674791">
        <ele>377</ele>
      </trkpt>
      <trkpt lat="57.00209422086591" lon="-3.8987860003814472">
        <ele>379</ele>
      </trkpt>
      <trkpt lat="57.00170417699789" lon="-3.8982967766545733">
        <ele>380</ele>
      </trkpt>
      <trkpt lat="57.00153347320236" lon="-3.8980164028227979">
        <ele>382</ele>
      </trkpt>
      <trkpt lat="57.00133892809459" lon="-3.8975061987411652">
        <ele>385</ele>
      </trkpt>
      <trkpt lat="57.00113961472439" lon="-3.8970837306885233">
        <ele>389</ele>
      </trkpt>
      <trkpt lat="57.00109383940491" lon="-3.897013160404335">
        <ele>389</ele>
      </trkpt>
      <trkpt lat="57.00081537287812" lon="-3.8967299256150922">
        <ele>386</ele>
      </trkpt>
      <trkpt lat="57.000520694259" lon="-3.8963436963570337">
        <ele>390</ele>
      </trkpt>
      <trkpt lat="57.000520694259" lon="-3.8963436963570337">
        <ele>390</ele>
      </trkpt>
      <trkpt lat="57.00027083730688" lon="-3.8961796681289202">
        <ele>389</ele>
      </trkpt>
      <trkpt lat="57.0001907304978" lon="-3.8960757200076155">
        <ele>389</ele>
      </trkpt>
      <trkpt lat="56.99999999999999" lon="-3.8957505245088555">
        <ele>391</ele>
      </trkpt>
      <trkpt lat="57.00000000000001" lon="-3.8957505245088555">
        <ele>391</ele>
      </trkpt>
      <trkpt lat="56.99989795918368" lon="-3.8955769597558514">
        <ele>392</ele>
      </trkpt>
      <trkpt lat="56.99955273698265" lon="-3.8951573526606769">
        <ele>394</ele>
      </trkpt>
      <trkpt lat="56.99925710471106" lon="-3.8947482357428815">
        <ele>392</ele>
      </trkpt>
      <trkpt lat="56.99905874499333" lon="-3.8943410261300646">
        <ele>396</ele>
      </trkpt>
      <trkpt lat="56.9987659736792" lon="-3.8938861338927957">
        <ele>401</ele>
      </trkpt>
      <trkpt lat="56.99870207896244" lon="-3.8938222391760307">
        <ele>401</ele>
      </trkpt>
      <trkpt lat="56.99857619683388" lon="-3.893778371161535">
        <ele>399</ele>
      </trkpt>
      <trkpt lat="56.99847701697502" lon="-3.8937049399198798">
        <ele>398</ele>
      </trkpt>
      <trkpt lat="56.99818519931338" lon="-3.8934341026129942">
        <ele>397</ele>
      </trkpt>
      <trkpt lat="56.99792675948885" lon="-3.8933139423993759">
        <ele>395</ele>
      </trkpt>
      <trkpt lat="56.99769979019646" lon="-3.8932433721151876">
        <ele>392</ele>
      </trkpt>
      <trkpt lat="56.99762445164983" lon="-3.8932662597749244">
        <ele>390</ele>
      </trkpt>
      <trkpt lat="56.99748617203892" lon="-3.8933826053785863">
        <ele>386</ele>
      </trkpt>
      <trkpt lat="56.9974270455846" lon="-3.893374976158674">
        <ele>385</ele>
      </trkpt>
      <trkpt lat="56.99694068281519" lon="-3.8931041388517889">
        <ele>387</ele>
      </trkpt>
      <trkpt lat="56.99655922181958" lon="-3.8929429715811423">
        <ele>385</ele>
      </trkpt>
      <trkpt lat="56.99642094220867" lon="-3.8928275796299694">
        <ele>385</ele>
      </trkpt>
      <trkpt lat="56.99609288575244" lon="-3.8924556551592464">
        <ele>385</ele>
      </trkpt>
      <trkpt lat="56.99603185199314" lon="-3.8923621972153213">
        <ele>385</ele>
      </trkpt>
      <trkpt lat="56.99590596986459" lon="-3.8921924470722731">
        <ele>386</ele>
      </trkpt>
      <trkpt lat="56.99590596986459" lon="-3.8921924470722731">
        <ele>386</ele>
      </trkpt>
      <trkpt lat="56.99575338546634" lon="-3.8920846843410124">
        <ele>385</ele>
      </trkpt>
      <trkpt lat="56.99554644287623" lon="-3.8921018500858149">
        <ele>384</ele>
      </trkpt>
      <trkpt lat="56.99539290482549" lon="-3.89209708182337">
        <ele>383</ele>
      </trkpt>
      <trkpt lat="56.9952708373069" lon="-3.8920017165744665">
        <ele>382</ele>
      </trkpt>
      <trkpt lat="56.99515639900821" lon="-3.8918577150486224">
        <ele>382</ele>
      </trkpt>
      <trkpt lat="56.99494468815565" lon="-3.8915058172801693">
        <ele>382</ele>
      </trkpt>
      <trkpt lat="56.99459469769217" lon="-3.8910251764256967">
        <ele>387</ele>
      </trkpt>
      <trkpt lat="56.99435056265498" lon="-3.8905702841884282">
        <ele>391</ele>
      </trkpt>
      <trkpt lat="56.99422086591647" lon="-3.8903719244707093">
        <ele>393</ele>
      </trkpt>
      <trkpt lat="56.99393477016976" lon="-3.8898302498569386">
        <ele>398</ele>
      </trkpt>
      <trkpt lat="56.9937573908068" lon="-3.8893038336829924">
        <ele>399</ele>
      </trkpt>
      <trkpt lat="56.9937049399199" lon="-3.8891951172992427">
        <ele>399</ele>
      </trkpt>
      <trkpt lat="56.99331775700936" lon="-3.8886477207705377">
        <ele>397</ele>
      </trkpt>
      <trkpt lat="56.99312511920657" lon="-3.8881785237459332">
        <ele>397</ele>
      </trkpt>
      <trkpt lat="56.99304978065994" lon="-3.8880421514400014">
        <ele>398</ele>
      </trkpt>
      <trkpt lat="56.99281899675759" lon="-3.8877417509059562">
        <ele>398</ele>
      </trkpt>
      <trkpt lat="56.99275319473585" lon="-3.8876149151249146">
        <ele>397</ele>
      </trkpt>
      <trkpt lat="56.99246805264163" lon="-3.8869521266450371">
        <ele>397</ele>
      </trkpt>
      <trkpt lat="56.99240034331491" lon="-3.8866526797634804">
        <ele>399</ele>
      </trkpt>
      <trkpt lat="56.9923831775701" lon="-3.8865391951172854">
        <ele>400</ele>
      </trkpt>
      <trkpt lat="56.9923831775701" lon="-3.8865391951172854">
        <ele>400</ele>
      </trkpt>
      <trkpt lat="56.9923660118253" lon="-3.8864228495136235">
        <ele>400</ele>
      </trkpt>
      <trkpt lat="56.99229925615107" lon="-3.8861596414266506">
        <ele>401</ele>
      </trkpt>
      <trkpt lat="56.99218672515736" lon="-3.8858268167079779">
        <ele>402</ele>
      </trkpt>
      <trkpt lat="56.99172420370018" lon="-3.8841970246042208">
        <ele>407</ele>
      </trkpt>
      <trkpt lat="56.9915487316422" lon="-3.8836296013732459">
        <ele>410</ele>
      </trkpt>
      <trkpt lat="56.99139042532902" lon="-3.8832090406255824">
        <ele>411</ele>
      </trkpt>
      <trkpt lat="56.99120446309366" lon="-3.8828294869349471">
        <ele>412</ele>
      </trkpt>
      <trkpt lat="56.99110337592982" lon="-3.8824709135990707">
        <ele>413</ele>
      </trkpt>
      <trkpt lat="56.99097367919131" lon="-3.8816803356856626">
        <ele>419</ele>
      </trkpt>
      <trkpt lat="56.99090883082206" lon="-3.8814323860385138">
        <ele>421</ele>
      </trkpt>
      <trkpt lat="56.99070570284189" lon="-3.8809231356093701">
        <ele>424</ele>
      </trkpt>
      <trkpt lat="56.9902794201793" lon="-3.8801792866679246">
        <ele>419</ele>
      </trkpt>
      <trkpt lat="56.99022124737746" lon="-3.8799999999999866">
        <ele>418</ele>
      </trkpt>
      <trkpt lat="56.99022124737746" lon="-3.8800000000000043">
        <ele>418</ele>
      </trkpt>
      <trkpt lat="56.99014400152586" lon="-3.8797625405302352">
        <ele>418</ele>
      </trkpt>
      <trkpt lat="56.98992942971582" lon="-3.8797978256723296">
        <ele>411</ele>
      </trkpt>
      <trkpt lat="56.98977493801259" lon="-3.879784474537483">
        <ele>409</ele>
      </trkpt>
      <trkpt lat="56.98954987602519" lon="-3.8795422468052685">
        <ele>408</ele>
      </trkpt>
      <trkpt lat="56.98946309364868" lon="-3.879346748045017">
        <ele>408</ele>
      </trkpt>
      <trkpt lat="56.9893229067328" lon="-3.8792199122639754">
        <ele>406</ele>
      </trkpt>
      <trkpt lat="56.9891665077246" lon="-3.8790310890711472">
        <ele>404</ele>
      </trkpt>
      <trkpt lat="56.98905016212093" lon="-3.8786400915506434">
        <ele>407</ele>
      </trkpt>
      <trkpt lat="56.98887182910548" lon="-3.8783511348464663">
        <ele>407</ele>
      </trkpt>
      <trkpt lat="56.98880221247379" lon="-3.8778867060843076">
        <ele>409</ele>
      </trkpt>
      <trkpt lat="56.98869540339501" lon="-3.8775672325004815">
        <ele>408</ele>
      </trkpt>
      <trkpt lat="56.98864009155065" lon="-3.8770560747663598">
        <ele>409</ele>
      </trkpt>
      <trkpt lat="56.98862292580584" lon="-3.8766584016784331">
        <ele>411</ele>
      </trkpt>
      <trkpt lat="56.98848941445738" lon="-3.8763084112149579">
        <ele>409</ele>
      </trkpt>
      <trkpt lat="56.98836925424376" lon="-3.8761234026320852">
        <ele>406</ele>
      </trkpt>
      <trkpt lat="56.98834476610644" lon="-3.8761162931728608">
        <ele>405</ele>
      </trkpt>
      <trkpt lat="56.98834476610644" lon="-3.8761162931728608">
        <ele>405</ele>
      </trkpt>
      <trkpt lat="56.98833779893103" lon="-3.8760913288905523">
        <ele>405</ele>
      </trkpt>
      <trkpt lat="56.98833779893103" lon="-3.8760913288905523">
        <ele>405</ele>
      </trkpt>
      <trkpt lat="56.98835155251435" lon="-3.8760635612587668">
        <ele>406</ele>
      </trkpt>
      <trkpt lat="56.98834714518891" lon="-3.875978593207825">
        <ele>406</ele>
      </trkpt>
      <trkpt lat="56.98834714518891" lon="-3.8758949738574904">
        <ele>407</ele>
      </trkpt>
      <trkpt lat="56.98834641063461" lon="-3.8758046110150337">
        <ele>408</ele>
      </trkpt>
      <trkpt lat="56.98834126875492" lon="-3.8757169455701534">
        <ele>409</ele>
      </trkpt>
      <trkpt lat="56.98832878133264" lon="-3.8756238853264824">
        <ele>410</ele>
      </trkpt>
      <trkpt lat="56.98832437400863" lon="-3.8755389172755406">
        <ele>411</ele>
      </trkpt>
      <trkpt lat="56.98832437400863" lon="-3.8754094421627689">
        <ele>413</ele>
      </trkpt>
      <trkpt lat="56.98831996668279" lon="-3.8753865142815505">
        <ele>414</ele>
      </trkpt>
      <trkpt lat="56.98831996668279" lon="-3.875363586400332">
        <ele>414</ele>
      </trkpt>
      <trkpt lat="56.98832679096484" lon="-3.8753688073887194">
        <ele>414</ele>
      </trkpt>
      <trkpt lat="56.98832679096484" lon="-3.8753688073887194">
        <ele>414</ele>
      </trkpt>
      <trkpt lat="56.98832893950694" lon="-3.8753593459089326">
        <ele>414</ele>
      </trkpt>
      <trkpt lat="56.9883276117902" lon="-3.8752130781188181">
        <ele>416</ele>
      </trkpt>
      <trkpt lat="56.98831831775843" lon="-3.8751740733980706">
        <ele>417</ele>
      </trkpt>
      <trkpt lat="56.98828512478158" lon="-3.8750887505132279">
        <ele>418</ele>
      </trkpt>
      <trkpt lat="56.98827317531632" lon="-3.8750424324073403">
        <ele>418</ele>
      </trkpt>
      <trkpt lat="56.98826255356053" lon="-3.8749839252971152">
        <ele>419</ele>
      </trkpt>
      <trkpt lat="56.98825458724551" lon="-3.8749205425676929">
        <ele>420</ele>
      </trkpt>
      <trkpt lat="56.98824263778025" lon="-3.8748571598964783">
        <ele>421</ele>
      </trkpt>
      <trkpt lat="56.98823068830043" lon="-3.8748303441509644">
        <ele>421</ele>
      </trkpt>
      <trkpt lat="56.98818289042484" lon="-3.8747742748066822">
        <ele>421</ele>
      </trkpt>
      <trkpt lat="56.98817226867632" lon="-3.8747596480364019">
        <ele>421</ele>
      </trkpt>
      <trkpt lat="56.98815633604627" lon="-3.8747108921354676">
        <ele>421</ele>
      </trkpt>
      <trkpt lat="56.98813509253469" lon="-3.8746621361763256">
        <ele>421</ele>
      </trkpt>
      <trkpt lat="56.9881274744038" lon="-3.8746241700972104">
        <ele>422</ele>
      </trkpt>
      <trkpt lat="56.9881274744038" lon="-3.8746241700972104">
        <ele>422</ele>
      </trkpt>
      <trkpt lat="56.98812751347547" lon="-3.8746123609497776">
        <ele>422</ele>
      </trkpt>
      <trkpt lat="56.98809330390898" lon="-3.8745290396392411">
        <ele>422</ele>
      </trkpt>
      <trkpt lat="56.98809330390898" lon="-3.8745290396392411">
        <ele>422</ele>
      </trkpt>
      <trkpt lat="56.98808153760096" lon="-3.8745097593867741">
        <ele>422</ele>
      </trkpt>
      <trkpt lat="56.98796771025722" lon="-3.8743472069994369">
        <ele>421</ele>
      </trkpt>
      <trkpt lat="56.98782577740262" lon="-3.874189815012278">
        <ele>419</ele>
      </trkpt>
      <trkpt lat="56.98768524980464" lon="-3.8740401636108346">
        <ele>417</ele>
      </trkpt>
      <trkpt lat="56.9876234176691" lon="-3.8738776112380493">
        <ele>418</ele>
      </trkpt>
      <trkpt lat="56.98761077019212" lon="-3.8738363280948307">
        <ele>418</ele>
      </trkpt>
      <trkpt lat="56.98758969104442" lon="-3.8738053657228648">
        <ele>418</ele>
      </trkpt>
      <trkpt lat="56.98757944152166" lon="-3.8737774956765256">
        <ele>418</ele>
      </trkpt>
      <trkpt lat="56.98757944152166" lon="-3.8737774956765256">
        <ele>418</ele>
      </trkpt>
      <trkpt lat="56.98748140377647" lon="-3.8737612054167507">
        <ele>415</ele>
      </trkpt>
      <trkpt lat="56.98734436058621" lon="-3.8737526682999808">
        <ele>414</ele>
      </trkpt>
      <trkpt lat="56.98734436058621" lon="-3.8737526682999808">
        <ele>414</ele>
      </trkpt>
      <trkpt lat="56.98719053976732" lon="-3.8737430860194593">
        <ele>413</ele>
      </trkpt>
      <trkpt lat="56.98695403395003" lon="-3.8737888613389329">
        <ele>410</ele>
      </trkpt>
      <trkpt lat="56.98690825863056" lon="-3.8738470341407636">
        <ele>409</ele>
      </trkpt>
      <trkpt lat="56.98662788479879" lon="-3.8740349036811033">
        <ele>406</ele>
      </trkpt>
      <trkpt lat="56.98662788479879" lon="-3.8740349036811033">
        <ele>406</ele>
      </trkpt>
      <trkpt lat="56.98656240721366" lon="-3.87400025945617">
        <ele>406</ele>
      </trkpt>
      <trkpt lat="56.98656240721366" lon="-3.87400025945617">
        <ele>406</ele>
      </trkpt>
      <trkpt lat="56.98655295082615" lon="-3.8739952560765358">
        <ele>406</ele>
      </trkpt>
      <trkpt lat="56.98655295082615" lon="-3.8739952560765358">
        <ele>406</ele>
      </trkpt>
      <trkpt lat="56.98644764447836" lon="-3.8739395384321997">
        <ele>407</ele>
      </trkpt>
      <trkpt lat="56.98609860766737" lon="-3.8735800114438343">
        <ele>411</ele>
      </trkpt>
      <trkpt lat="56.98589547968721" lon="-3.8733034522220149">
        <ele>414</ele>
      </trkpt>
      <trkpt lat="56.98562368872783" lon="-3.8730020980354802">
        <ele>415</ele>
      </trkpt>
      <trkpt lat="56.98512588212856" lon="-3.8721991226397146">
        <ele>418</ele>
      </trkpt>
      <trkpt lat="56.98491321762351" lon="-3.8713646767118108">
        <ele>421</ele>
      </trkpt>
      <trkpt lat="56.98488937631128" lon="-3.8711748998664932">
        <ele>422</ele>
      </trkpt>
      <trkpt lat="56.98480164028229" lon="-3.8710137325958467">
        <ele>423</ele>
      </trkpt>
      <trkpt lat="56.98419893190922" lon="-3.8706065229830293">
        <ele>424</ele>
      </trkpt>
      <trkpt lat="56.98350658020218" lon="-3.8702813274842693">
        <ele>424</ele>
      </trkpt>
      <trkpt lat="56.98322620637041" lon="-3.8701878695403442">
        <ele>423</ele>
      </trkpt>
      <trkpt lat="56.98302117108526" lon="-3.8700267022696972">
        <ele>423</ele>
      </trkpt>
      <trkpt lat="56.98234407781806" lon="-3.8695298493229111">
        <ele>421</ele>
      </trkpt>
      <trkpt lat="56.98196929238986" lon="-3.8693028800305216">
        <ele>420</ele>
      </trkpt>
      <trkpt lat="56.9815744802594" lon="-3.8692008392141948">
        <ele>418</ele>
      </trkpt>
      <trkpt lat="56.98136372305932" lon="-3.8690987983978684">
        <ele>419</ele>
      </trkpt>
      <trkpt lat="56.98115391951174" lon="-3.8689023459851275">
        <ele>419</ele>
      </trkpt>
      <trkpt lat="56.98051592599658" lon="-3.8675481594507009">
        <ele>423</ele>
      </trkpt>
      <trkpt lat="56.98022410833493" lon="-3.866867251573531">
        <ele>425</ele>
      </trkpt>
      <trkpt lat="56.98002860957468" lon="-3.8661186343696401">
        <ele>426</ele>
      </trkpt>
      <trkpt lat="56.98000000000001" lon="-3.8660823955750572">
        <ele>426</ele>
      </trkpt>
      <trkpt lat="56.98" lon="-3.8660823955750572">
        <ele>426</ele>
      </trkpt>
      <trkpt lat="56.97966622162884" lon="-3.8656618348273932">
        <ele>427</ele>
      </trkpt>
      <trkpt lat="56.97957467098989" lon="-3.8652689300019119">
        <ele>428</ele>
      </trkpt>
      <trkpt lat="56.97955178333015" lon="-3.8647701697501478">
        <ele>430</ele>
      </trkpt>
      <trkpt lat="56.97947263017356" lon="-3.8638756437154345">
        <ele>433</ele>
      </trkpt>
      <trkpt lat="56.97946690825863" lon="-3.8624060652298349">
        <ele>439</ele>
      </trkpt>
      <trkpt lat="56.97938489414457" lon="-3.8617661644096937">
        <ele>437</ele>
      </trkpt>
      <trkpt lat="56.97917795155445" lon="-3.8608125119206607">
        <ele>430</ele>
      </trkpt>
      <trkpt lat="56.97914552736982" lon="-3.8600000000000048">
        <ele>433</ele>
      </trkpt>
      <trkpt lat="56.97914552736982" lon="-3.8599999999999941">
        <ele>433</ele>
      </trkpt>
      <trkpt lat="56.97913408353995" lon="-3.8597129506007954">
        <ele>435</ele>
      </trkpt>
      <trkpt lat="56.97920656112912" lon="-3.8591903490368051">
        <ele>442</ele>
      </trkpt>
      <trkpt lat="56.97918367346939" lon="-3.8586543963379687">
        <ele>444</ele>
      </trkpt>
      <trkpt lat="56.9790959374404" lon="-3.8580698073621917">
        <ele>446</ele>
      </trkpt>
      <trkpt lat="56.97897577722678" lon="-3.8577207705512055">
        <ele>446</ele>
      </trkpt>
      <trkpt lat="56.97895288956704" lon="-3.8573421705130593">
        <ele>448</ele>
      </trkpt>
      <trkpt lat="56.97871829105474" lon="-3.8567394621399904">
        <ele>445</ele>
      </trkpt>
      <trkpt lat="56.97851420942209" lon="-3.8560957467098933">
        <ele>443</ele>
      </trkpt>
      <trkpt lat="56.97823002098036" lon="-3.854990463475104">
        <ele>442</ele>
      </trkpt>
      <trkpt lat="56.97787430860195" lon="-3.8538765973679134">
        <ele>441</ele>
      </trkpt>
      <trkpt lat="56.97803738317757" lon="-3.8532948693496034">
        <ele>445</ele>
      </trkpt>
      <trkpt lat="56.97813084112149" lon="-3.8525233644859758">
        <ele>447</ele>
      </trkpt>
      <trkpt lat="56.97819473583826" lon="-3.8514552736982588">
        <ele>448</ele>
      </trkpt>
      <trkpt lat="56.97828056456228" lon="-3.8493276749952261">
        <ele>449</ele>
      </trkpt>
      <trkpt lat="56.97820713332062" lon="-3.8489824527941963">
        <ele>449</ele>
      </trkpt>
      <trkpt lat="56.97822053154984" lon="-3.8489465667881713">
        <ele>449</ele>
      </trkpt>
      <trkpt lat="56.97822048445546" lon="-3.8489462139996129">
        <ele>449</ele>
      </trkpt>
      <trkpt lat="56.97821476254053" lon="-3.8489032996376062">
        <ele>449</ele>
      </trkpt>
      <trkpt lat="56.97823669654777" lon="-3.8486477207705456">
        <ele>449</ele>
      </trkpt>
      <trkpt lat="56.97821285523555" lon="-3.8482347892427944">
        <ele>449</ele>
      </trkpt>
      <trkpt lat="56.97823955750524" lon="-3.848052641617389">
        <ele>448</ele>
      </trkpt>
      <trkpt lat="56.97824814037764" lon="-3.8479000572191437">
        <ele>448</ele>
      </trkpt>
      <trkpt lat="56.97844459279039" lon="-3.8472429906542001">
        <ele>451</ele>
      </trkpt>
      <trkpt lat="56.97846366584017" lon="-3.8471161548731585">
        <ele>452</ele>
      </trkpt>
      <trkpt lat="56.97839595651345" lon="-3.8469397291626874">
        <ele>450</ele>
      </trkpt>
      <trkpt lat="56.97835781041388" lon="-3.8466393286286422">
        <ele>450</ele>
      </trkpt>
      <trkpt lat="56.97837592981118" lon="-3.8463494182719762">
        <ele>450</ele>
      </trkpt>
      <trkpt lat="56.97844840740034" lon="-3.8460299446881501">
        <ele>453</ele>
      </trkpt>
      <trkpt lat="56.97859050162121" lon="-3.845514972344072">
        <ele>458</ele>
      </trkpt>
      <trkpt lat="56.97863246233072" lon="-3.8450886896814742">
        <ele>459</ele>
      </trkpt>
      <trkpt lat="56.97862960137326" lon="-3.8446814800686573">
        <ele>458</ele>
      </trkpt>
      <trkpt lat="56.97866488651535" lon="-3.8442332633988117">
        <ele>458</ele>
      </trkpt>
      <trkpt lat="56.97876597367919" lon="-3.843946213999613">
        <ele>460</ele>
      </trkpt>
      <trkpt lat="56.9788870875453" lon="-3.8436830059126397">
        <ele>462</ele>
      </trkpt>
      <trkpt lat="56.97912836162502" lon="-3.8432242990654149">
        <ele>464</ele>
      </trkpt>
      <trkpt lat="56.9793391188251" lon="-3.8429162693114574">
        <ele>467</ele>
      </trkpt>
      <trkpt lat="56.97937535761968" lon="-3.8427903871829048">
        <ele>466</ele>
      </trkpt>
      <trkpt lat="56.97944497425138" lon="-3.8426320808697252">
        <ele>467</ele>
      </trkpt>
      <trkpt lat="56.97939443066947" lon="-3.842589166507719">
        <ele>464</ele>
      </trkpt>
      <trkpt lat="56.9793829868396" lon="-3.8425538813656246">
        <ele>463</ele>
      </trkpt>
      <trkpt lat="56.97938012588213" lon="-3.8423879458325327">
        <ele>462</ele>
      </trkpt>
      <trkpt lat="56.97940587449933" lon="-3.8419483120350888">
        <ele>462</ele>
      </trkpt>
      <trkpt lat="56.97949074957086" lon="-3.8414972344077762">
        <ele>463</ele>
      </trkpt>
      <trkpt lat="56.97954033950028" lon="-3.841374213236691">
        <ele>465</ele>
      </trkpt>
      <trkpt lat="56.97952317375548" lon="-3.8411806217814171">
        <ele>464</ele>
      </trkpt>
      <trkpt lat="56.97953175662789" lon="-3.8408001144382928">
        <ele>463</ele>
      </trkpt>
      <trkpt lat="56.97949647148579" lon="-3.8404300972725482">
        <ele>462</ele>
      </trkpt>
      <trkpt lat="56.97949647148579" lon="-3.8401563990081957">
        <ele>463</ele>
      </trkpt>
      <trkpt lat="56.97950791531566" lon="-3.8399999999999945">
        <ele>463</ele>
      </trkpt>
      <trkpt lat="56.97950791531566" lon="-3.8399999999999839">
        <ele>463</ele>
      </trkpt>
      <trkpt lat="56.97952603471295" lon="-3.8397434674804343">
        <ele>465</ele>
      </trkpt>
      <trkpt lat="56.97958134655731" lon="-3.8394211329391412">
        <ele>468</ele>
      </trkpt>
      <trkpt lat="56.97955178333015" lon="-3.8390778180430893">
        <ele>469</ele>
      </trkpt>
      <trkpt lat="56.97956418081251" lon="-3.8389433530421355">
        <ele>469</ele>
      </trkpt>
      <trkpt lat="56.97956418081251" lon="-3.8387879076864233">
        <ele>470</ele>
      </trkpt>
      <trkpt lat="56.97961377074194" lon="-3.8383425519740446">
        <ele>471</ele>
      </trkpt>
      <trkpt lat="56.97956418081251" lon="-3.8380373831775541">
        <ele>470</ele>
      </trkpt>
      <trkpt lat="56.97955464428762" lon="-3.8378065992752082">
        <ele>470</ele>
      </trkpt>
      <trkpt lat="56.97951745184055" lon="-3.8376349418271825">
        <ele>470</ele>
      </trkpt>
      <trkpt lat="56.9794955178333" lon="-3.8374594697692004">
        <ele>469</ele>
      </trkpt>
      <trkpt lat="56.97951077627312" lon="-3.8372544344840582">
        <ele>471</ele>
      </trkpt>
      <trkpt lat="56.97952603471295" lon="-3.8368205226015482">
        <ele>473</ele>
      </trkpt>
      <trkpt lat="56.97958107401656" lon="-3.8366051101546472">
        <ele>475</ele>
      </trkpt>
      <trkpt lat="56.97958107407712" lon="-3.8366051107414099">
        <ele>475</ele>
      </trkpt>
      <trkpt lat="56.97957181003243" lon="-3.8365153538050576">
        <ele>475</ele>
      </trkpt>
      <trkpt lat="56.97938775510204" lon="-3.8360537860003654">
        <ele>471</ele>
      </trkpt>
      <trkpt lat="56.97937631127217" lon="-3.8353728781231959">
        <ele>471</ele>
      </trkpt>
      <trkpt lat="56.97935437726493" lon="-3.8350772458515956">
        <ele>470</ele>
      </trkpt>
      <trkpt lat="56.9792780850658" lon="-3.8347844745374626">
        <ele>468</ele>
      </trkpt>
      <trkpt lat="56.97929143620065" lon="-3.8344926568758186">
        <ele>469</ele>
      </trkpt>
      <trkpt lat="56.97927427045585" lon="-3.8341064276177601">
        <ele>470</ele>
      </trkpt>
      <trkpt lat="56.97925519740606" lon="-3.8339938966240541">
        <ele>470</ele>
      </trkpt>
      <trkpt lat="56.97920274651916" lon="-3.8340043868014337">
        <ele>469</ele>
      </trkpt>
      <trkpt lat="56.97912931527751" lon="-3.834192256341773">
        <ele>466</ele>
      </trkpt>
      <trkpt lat="56.97910165935533" lon="-3.8342170513064882">
        <ele>465</ele>
      </trkpt>
      <trkpt lat="56.97892427999237" lon="-3.8343248140377488">
        <ele>465</ele>
      </trkpt>
      <trkpt lat="56.97883177570093" lon="-3.8343248140377488">
        <ele>465</ele>
      </trkpt>
      <trkpt lat="56.97883177570093" lon="-3.8343248140377488">
        <ele>465</ele>
      </trkpt>
      <trkpt lat="56.97879744421133" lon="-3.8342427999236919">
        <ele>465</ele>
      </trkpt>
      <trkpt lat="56.978826053786" lon="-3.8339605187869381">
        <ele>466</ele>
      </trkpt>
      <trkpt lat="56.97888136563036" lon="-3.8337135227922787">
        <ele>468</ele>
      </trkpt>
      <trkpt lat="56.97885180240321" lon="-3.8334827388899324">
        <ele>469</ele>
      </trkpt>
      <trkpt lat="56.97887087545298" lon="-3.8332128552355362">
        <ele>471</ele>
      </trkpt>
      <trkpt lat="56.97887469006294" lon="-3.8330755292771155">
        <ele>472</ele>
      </trkpt>
      <trkpt lat="56.9788432195308" lon="-3.8329734884607891">
        <ele>473</ele>
      </trkpt>
      <trkpt lat="56.97880316612626" lon="-3.8328075529276973">
        <ele>473</ele>
      </trkpt>
      <trkpt lat="56.97871161548731" lon="-3.8323459851230051">
        <ele>475</ele>
      </trkpt>
      <trkpt lat="56.97864009155064" lon="-3.8318386419988397">
        <ele>477</ele>
      </trkpt>
      <trkpt lat="56.97859050162121" lon="-3.8315840167842681">
        <ele>478</ele>
      </trkpt>
      <trkpt lat="56.97856284569902" lon="-3.8314981880602548">
        <ele>477</ele>
      </trkpt>
      <trkpt lat="56.97848846080488" lon="-3.8309050162120766">
        <ele>478</ele>
      </trkpt>
      <trkpt lat="56.97849132176235" lon="-3.8306637421323511">
        <ele>479</ele>
      </trkpt>
      <trkpt lat="56.97843696357047" lon="-3.8302212473774397">
        <ele>479</ele>
      </trkpt>
      <trkpt lat="56.97843982452794" lon="-3.8297730307075941">
        <ele>481</ele>
      </trkpt>
      <trkpt lat="56.9784255197406" lon="-3.8296957848559825">
        <ele>481</ele>
      </trkpt>
      <trkpt lat="56.97842647339309" lon="-3.8291455273698105">
        <ele>485</ele>
      </trkpt>
      <trkpt lat="56.97831108144192" lon="-3.8286172038908863">
        <ele>481</ele>
      </trkpt>
      <trkpt lat="56.97830726683196" lon="-3.8284455464428602">
        <ele>481</ele>
      </trkpt>
      <trkpt lat="56.97818519931337" lon="-3.8280030516879489">
        <ele>481</ele>
      </trkpt>
      <trkpt lat="56.97810318519931" lon="-3.8273860385275444">
        <ele>483</ele>
      </trkpt>
      <trkpt lat="56.97788861338928" lon="-3.826412359336242">
        <ele>482</ele>
      </trkpt>
      <trkpt lat="56.97784951363723" lon="-3.8261148197596637">
        <ele>483</ele>
      </trkpt>
      <trkpt lat="56.97780946023269" lon="-3.8260375739080521">
        <ele>482</ele>
      </trkpt>
      <trkpt lat="56.97772839977112" lon="-3.8256236887278114">
        <ele>482</ele>
      </trkpt>
      <trkpt lat="56.97766545870684" lon="-3.8250047682624291">
        <ele>481</ele>
      </trkpt>
      <trkpt lat="56.977652107572" lon="-3.8246633606713556">
        <ele>482</ele>
      </trkpt>
      <trkpt lat="56.97767213427427" lon="-3.8245336639328471">
        <ele>483</ele>
      </trkpt>
      <trkpt lat="56.97766545870684" lon="-3.8244917032233294">
        <ele>483</ele>
      </trkpt>
      <trkpt lat="56.97766545870684" lon="-3.8244917032233294">
        <ele>483</ele>
      </trkpt>
      <trkpt lat="56.97766259774938" lon="-3.8244878886133735">
        <ele>483</ele>
      </trkpt>
      <trkpt lat="56.97766259774938" lon="-3.8244878886133735">
        <ele>483</ele>
      </trkpt>
      <trkpt lat="56.97774270455846" lon="-3.8242733168033411">
        <ele>486</ele>
      </trkpt>
      <trkpt lat="56.97772744611864" lon="-3.8240453938584622">
        <ele>487</ele>
      </trkpt>
      <trkpt lat="56.9777474728209" lon="-3.8238346366583857">
        <ele>488</ele>
      </trkpt>
      <trkpt lat="56.9777474728209" lon="-3.8238346366583857">
        <ele>488</ele>
      </trkpt>
      <trkpt lat="56.97777798970055" lon="-3.8235266069044282">
        <ele>489</ele>
      </trkpt>
      <trkpt lat="56.97767308792676" lon="-3.8232891474346591">
        <ele>486</ele>
      </trkpt>
      <trkpt lat="56.9776177760824" lon="-3.8228733549494405">
        <ele>486</ele>
      </trkpt>
      <trkpt lat="56.97761682242991" lon="-3.8222878123211741">
        <ele>489</ele>
      </trkpt>
      <trkpt lat="56.97753766927332" lon="-3.8214695784855839">
        <ele>490</ele>
      </trkpt>
      <trkpt lat="56.97756913980545" lon="-3.8209193209994119">
        <ele>492</ele>
      </trkpt>
      <trkpt lat="56.97752145718101" lon="-3.8199999999999843">
        <ele>493</ele>
      </trkpt>
      <trkpt lat="56.97752145718101" lon="-3.8200000000000021">
        <ele>493</ele>
      </trkpt>
      <trkpt lat="56.97751382796109" lon="-3.8198350181193996">
        <ele>493</ele>
      </trkpt>
      <trkpt lat="56.97738603852756" lon="-3.8191970246042364">
        <ele>493</ele>
      </trkpt>
      <trkpt lat="56.97724680526416" lon="-3.8189967575815396">
        <ele>492</ele>
      </trkpt>
      <trkpt lat="56.97707896242609" lon="-3.8185294678619135">
        <ele>491</ele>
      </trkpt>
      <trkpt lat="56.97703795536906" lon="-3.8181680335685697">
        <ele>492</ele>
      </trkpt>
      <trkpt lat="56.9769912263971" lon="-3.8179506008010704">
        <ele>492</ele>
      </trkpt>
      <trkpt lat="56.9769216097654" lon="-3.8177140949837902">
        <ele>492</ele>
      </trkpt>
      <trkpt lat="56.97686725157352" lon="-3.8174938012588235">
        <ele>491</ele>
      </trkpt>
      <trkpt lat="56.97681384703414" lon="-3.817042723631511">
        <ele>492</ele>
      </trkpt>
      <trkpt lat="56.97677474728209" lon="-3.8167728399771148">
        <ele>491</ele>
      </trkpt>
      <trkpt lat="56.97676234979973" lon="-3.8164238031661286">
        <ele>492</ele>
      </trkpt>
      <trkpt lat="56.9767737936296" lon="-3.8162769406828176">
        <ele>493</ele>
      </trkpt>
      <trkpt lat="56.9767737936296" lon="-3.8162769406828176">
        <ele>493</ele>
      </trkpt>
      <trkpt lat="56.97673374022506" lon="-3.8161367537669295">
        <ele>492</ele>
      </trkpt>
      <trkpt lat="56.9766955941255" lon="-3.8159641426664148">
        <ele>492</ele>
      </trkpt>
      <trkpt lat="56.97668415029563" lon="-3.8155197406065251">
        <ele>493</ele>
      </trkpt>
      <trkpt lat="56.97667175281327" lon="-3.8154024413503742">
        <ele>493</ele>
      </trkpt>
      <trkpt lat="56.97665363341599" lon="-3.815313751668894">
        <ele>493</ele>
      </trkpt>
      <trkpt lat="56.97656399008201" lon="-3.8145250810604638">
        <ele>495</ele>
      </trkpt>
      <trkpt lat="56.97653442685485" lon="-3.8141169177951579">
        <ele>496</ele>
      </trkpt>
      <trkpt lat="56.97652298302499" lon="-3.8140616059507937">
        <ele>496</ele>
      </trkpt>
      <trkpt lat="56.9765391951173" lon="-3.8138251001335135">
        <ele>497</ele>
      </trkpt>
      <trkpt lat="56.9765048636277" lon="-3.8135113484646217">
        <ele>498</ele>
      </trkpt>
      <trkpt lat="56.9765391951173" lon="-3.8130926950219362">
        <ele>499</ele>
      </trkpt>
      <trkpt lat="56.97662025557887" lon="-3.8126177760823978">
        <ele>500</ele>
      </trkpt>
      <trkpt lat="56.97658020217433" lon="-3.8122105664695809">
        <ele>500</ele>
      </trkpt>
      <trkpt lat="56.97664791150105" lon="-3.8116173946214023">
        <ele>500</ele>
      </trkpt>
      <trkpt lat="56.9766431432386" lon="-3.8113761205416767">
        <ele>501</ele>
      </trkpt>
      <trkpt lat="56.9766431432386" lon="-3.8113761205416767">
        <ele>501</ele>
      </trkpt>
      <trkpt lat="56.97657734121686" lon="-3.8110003814609978">
        <ele>501</ele>
      </trkpt>
      <trkpt lat="56.97655731451459" lon="-3.8101316040434887">
        <ele>502</ele>
      </trkpt>
      <trkpt lat="56.97638184245661" lon="-3.8095327102803762">
        <ele>503</ele>
      </trkpt>
      <trkpt lat="56.97627598703033" lon="-3.8089805454892258">
        <ele>504</ele>
      </trkpt>
      <trkpt lat="56.97599465954606" lon="-3.8080020980354781">
        <ele>504</ele>
      </trkpt>
      <trkpt lat="56.97582014114057" lon="-3.8075109670036262">
        <ele>504</ele>
      </trkpt>
      <trkpt lat="56.97574480259394" lon="-3.8070570284188463">
        <ele>506</ele>
      </trkpt>
      <trkpt lat="56.97550829677665" lon="-3.8061319855044844">
        <ele>507</ele>
      </trkpt>
      <trkpt lat="56.97527369826435" lon="-3.8053757390806813">
        <ele>507</ele>
      </trkpt>
      <trkpt lat="56.97516307457563" lon="-3.8048664886515375">
        <ele>507</ele>
      </trkpt>
      <trkpt lat="56.97509727255388" lon="-3.8045155445355734">
        <ele>507</ele>
      </trkpt>
      <trkpt lat="56.97508773602899" lon="-3.8041932099942803">
        <ele>508</ele>
      </trkpt>
      <trkpt lat="56.9750514972344" lon="-3.8038575243181407">
        <ele>508</ele>
      </trkpt>
      <trkpt lat="56.97504100705703" lon="-3.8034465000953674">
        <ele>509</ele>
      </trkpt>
      <trkpt lat="56.97499904634751" lon="-3.802733168033571">
        <ele>510</ele>
      </trkpt>
      <trkpt lat="56.97490082014114" lon="-3.8021466717528156">
        <ele>512</ele>
      </trkpt>
      <trkpt lat="56.97488079343887" lon="-3.8019521266450527">
        <ele>512</ele>
      </trkpt>
      <trkpt lat="56.97486839595651" lon="-3.8014428762159094">
        <ele>514</ele>
      </trkpt>
      <trkpt lat="56.97495899294297" lon="-3.8011958802212495">
        <ele>516</ele>
      </trkpt>
      <trkpt lat="56.97490844936105" lon="-3.8007228685866892">
        <ele>517</ele>
      </trkpt>
      <trkpt lat="56.97506008010681" lon="-3.8004138851802427">
        <ele>520</ele>
      </trkpt>
      <trkpt lat="56.97509822620637" lon="-3.8002565325195521">
        <ele>522</ele>
      </trkpt>
      <trkpt lat="56.97507915315659" lon="-3.8002069425901226">
        <ele>522</ele>
      </trkpt>
      <trkpt lat="56.97509917985886" lon="-3.8000000000000025">
        <ele>523</ele>
      </trkpt>
      <trkpt lat="56.97509917985886" lon="-3.7999999999999918">
        <ele>523</ele>
      </trkpt>
      <trkpt lat="56.97516879649056" lon="-3.7992609193209916">
        <ele>528</ele>
      </trkpt>
      <trkpt lat="56.97519454510776" lon="-3.7984045393858397">
        <ele>532</ele>
      </trkpt>
      <trkpt lat="56.97511729925615" lon="-3.7975395765782869">
        <ele>533</ele>
      </trkpt>
      <trkpt lat="56.97509345794393" lon="-3.7974718672515655">
        <ele>533</ele>
      </trkpt>
      <trkpt lat="56.97510585542628" lon="-3.7972582490940221">
        <ele>533</ele>
      </trkpt>
      <trkpt lat="56.97508964333397" lon="-3.7963017356475222">
        <ele>534</ele>
      </trkpt>
      <trkpt lat="56.97506866297921" lon="-3.7960299446881476">
        <ele>534</ele>
      </trkpt>
      <trkpt lat="56.97509155063894" lon="-3.795659927522403">
        <ele>535</ele>
      </trkpt>
      <trkpt lat="56.9749303833683" lon="-3.7944602326911996">
        <ele>532</ele>
      </trkpt>
      <trkpt lat="56.97496280755293" lon="-3.7943324432576691">
        <ele>533</ele>
      </trkpt>
      <trkpt lat="56.97493991989319" lon="-3.7941941636467593">
        <ele>532</ele>
      </trkpt>
      <trkpt lat="56.97494659546062" lon="-3.7941331298874612">
        <ele>532</ele>
      </trkpt>
      <trkpt lat="56.97507533854663" lon="-3.7937964905588326">
        <ele>533</ele>
      </trkpt>
      <trkpt lat="56.97516975014305" lon="-3.7934350562654888">
        <ele>534</ele>
      </trkpt>
      <trkpt lat="56.975173564753" lon="-3.7933234789242722">
        <ele>534</ele>
      </trkpt>
      <trkpt lat="56.97521266450505" lon="-3.7931909212282964">
        <ele>534</ele>
      </trkpt>
      <trkpt lat="56.97526702269693" lon="-3.793121304596597">
        <ele>535</ele>
      </trkpt>
      <trkpt lat="56.97527369826435" lon="-3.7930669464047222">
        <ele>535</ele>
      </trkpt>
      <trkpt lat="56.97525653251955" lon="-3.7930164028228033">
        <ele>534</ele>
      </trkpt>
      <trkpt lat="56.97550638947168" lon="-3.7923965287049319">
        <ele>537</ele>
      </trkpt>
      <trkpt lat="56.9754691970246" lon="-3.7922601563990002">
        <ele>536</ele>
      </trkpt>
      <trkpt lat="56.97546156780469" lon="-3.7921180621781345">
        <ele>536</ele>
      </trkpt>
      <trkpt lat="56.97551020408163" lon="-3.7915086782376424">
        <ele>537</ele>
      </trkpt>
      <trkpt lat="56.97559412550066" lon="-3.7911110051497157">
        <ele>538</ele>
      </trkpt>
      <trkpt lat="56.97573812702651" lon="-3.7906494373450235">
        <ele>540</ele>
      </trkpt>
      <trkpt lat="56.97581060461567" lon="-3.7905340453938505">
        <ele>541</ele>
      </trkpt>
      <trkpt lat="56.97588212855236" lon="-3.7903127980163949">
        <ele>542</ele>
      </trkpt>
      <trkpt lat="56.9758954796872" lon="-3.7901869158878423">
        <ele>542</ele>
      </trkpt>
      <trkpt lat="56.97587736028991" lon="-3.7900791531565816">
        <ele>542</ele>
      </trkpt>
      <trkpt lat="56.97591550638947" lon="-3.7898254815944989">
        <ele>543</ele>
      </trkpt>
      <trkpt lat="56.97598416936868" lon="-3.78959755864962">
        <ele>544</ele>
      </trkpt>
      <trkpt lat="56.97611005149723" lon="-3.7893820331870987">
        <ele>545</ele>
      </trkpt>
      <trkpt lat="56.97613580011443" lon="-3.7892885752431735">
        <ele>545</ele>
      </trkpt>
      <trkpt lat="56.97617585351897" lon="-3.7892313560938313">
        <ele>546</ele>
      </trkpt>
      <trkpt lat="56.97622639710089" lon="-3.7891073812702571">
        <ele>547</ele>
      </trkpt>
      <trkpt lat="56.97623021171085" lon="-3.7889519359145449">
        <ele>547</ele>
      </trkpt>
      <trkpt lat="56.97622067518596" lon="-3.7887821857714967">
        <ele>548</ele>
      </trkpt>
      <trkpt lat="56.97616059507915" lon="-3.7886648865153458">
        <ele>548</ele>
      </trkpt>
      <trkpt lat="56.97616059507915" lon="-3.7886648865153458">
        <ele>548</ele>
      </trkpt>
      <trkpt lat="56.97609479305741" lon="-3.7887726492466065">
        <ele>547</ele>
      </trkpt>
      <trkpt lat="56.97609479305741" lon="-3.7887726492466065">
        <ele>547</ele>
      </trkpt>
      <trkpt lat="56.97586305550257" lon="-3.7887411787144685">
        <ele>546</ele>
      </trkpt>
      <trkpt lat="56.97586973107" lon="-3.7888212855235475">
        <ele>545</ele>
      </trkpt>
      <trkpt lat="56.97571905397673" lon="-3.7890940301354106">
        <ele>543</ele>
      </trkpt>
      <trkpt lat="56.97558458897578" lon="-3.7891712759870222">
        <ele>542</ele>
      </trkpt>
      <trkpt lat="56.97547110432958" lon="-3.789306694640465">
        <ele>542</ele>
      </trkpt>
      <trkpt lat="56.97529277131413" lon="-3.7892427999236999">
        <ele>542</ele>
      </trkpt>
      <trkpt lat="56.97502384131222" lon="-3.7890015258439744">
        <ele>544</ele>
      </trkpt>
      <trkpt lat="56.97494182719817" lon="-3.7887917222963874">
        <ele>546</ele>
      </trkpt>
      <trkpt lat="56.97491226397101" lon="-3.7883625786763222">
        <ele>549</ele>
      </trkpt>
      <trkpt lat="56.97470818233835" lon="-3.7874184627121799">
        <ele>554</ele>
      </trkpt>
      <trkpt lat="56.97480164028228" lon="-3.7864848369254163">
        <ele>558</ele>
      </trkpt>
      <trkpt lat="56.97440396719436" lon="-3.7854663360671292">
        <ele>561</ele>
      </trkpt>
      <trkpt lat="56.97409403013542" lon="-3.7850905969864503">
        <ele>561</ele>
      </trkpt>
      <trkpt lat="56.97365534999047" lon="-3.7849618539004308">
        <ele>560</ele>
      </trkpt>
      <trkpt lat="56.97352660690444" lon="-3.7850801068090707">
        <ele>559</ele>
      </trkpt>
      <trkpt lat="56.97319664314324" lon="-3.7848436009917905">
        <ele>559</ele>
      </trkpt>
      <trkpt lat="56.97308220484455" lon="-3.7848807934388629">
        <ele>558</ele>
      </trkpt>
      <trkpt lat="56.97267022696929" lon="-3.7846967385084795">
        <ele>557</ele>
      </trkpt>
      <trkpt lat="56.97256151058554" lon="-3.7844840740034251">
        <ele>557</ele>
      </trkpt>
      <trkpt lat="56.97224012969674" lon="-3.7839032996376041">
        <ele>558</ele>
      </trkpt>
      <trkpt lat="56.9718605760061" lon="-3.7835599847415522">
        <ele>557</ele>
      </trkpt>
      <trkpt lat="56.97137802784665" lon="-3.7828676330345141">
        <ele>557</ele>
      </trkpt>
      <trkpt lat="56.97111768071714" lon="-3.7819187488079264">
        <ele>561</ele>
      </trkpt>
      <trkpt lat="56.97075815372878" lon="-3.781158687774167">
        <ele>563</ele>
      </trkpt>
      <trkpt lat="56.97062082777036" lon="-3.7811100514972265">
        <ele>562</ele>
      </trkpt>
      <trkpt lat="56.97045393858478" lon="-3.7809593744039591">
        <ele>562</ele>
      </trkpt>
      <trkpt lat="56.97033377837116" lon="-3.7804339118825019">
        <ele>563</ele>
      </trkpt>
      <trkpt lat="56.97033950028609" lon="-3.7799999999999923">
        <ele>565</ele>
      </trkpt>
      <trkpt lat="56.97033950028609" lon="-3.78000000000001">
        <ele>565</ele>
      </trkpt>
      <trkpt lat="56.97034522220103" lon="-3.7794936105283337">
        <ele>566</ele>
      </trkpt>
      <trkpt lat="56.97009441159641" lon="-3.7783740225062088">
        <ele>566</ele>
      </trkpt>
      <trkpt lat="56.96984836925424" lon="-3.7777837116154975">
        <ele>564</ele>
      </trkpt>
      <trkpt lat="56.96958516116727" lon="-3.7764037764638667">
        <ele>565</ele>
      </trkpt>
      <trkpt lat="56.96908258630555" lon="-3.7747263017356576">
        <ele>565</ele>
      </trkpt>
      <trkpt lat="56.96851230211711" lon="-3.7732490940301457">
        <ele>565</ele>
      </trkpt>
      <trkpt lat="56.96819378218577" lon="-3.7726826244516602">
        <ele>563</ele>
      </trkpt>
      <trkpt lat="56.96808506580202" lon="-3.7722353614343036">
        <ele>563</ele>
      </trkpt>
      <trkpt lat="56.96801449551783" lon="-3.7721218767881086">
        <ele>563</ele>
      </trkpt>
      <trkpt lat="56.96782376502003" lon="-3.7718548540911794">
        <ele>562</ele>
      </trkpt>
      <trkpt lat="56.96763303452222" lon="-3.7708401678428483">
        <ele>561</ele>
      </trkpt>
      <trkpt lat="56.96760728590502" lon="-3.7701220675186065">
        <ele>562</ele>
      </trkpt>
      <trkpt lat="56.9676778561892" lon="-3.7699141712759974">
        <ele>563</ele>
      </trkpt>
      <trkpt lat="56.96744897959184" lon="-3.769651916841513">
        <ele>562</ele>
      </trkpt>
      <trkpt lat="56.9672258249094" lon="-3.768003051687975">
        <ele>563</ele>
      </trkpt>
      <trkpt lat="56.96695021934007" lon="-3.7660556933053697">
        <ele>560</ele>
      </trkpt>
      <trkpt lat="56.96702078962426" lon="-3.7655912645432106">
        <ele>561</ele>
      </trkpt>
      <trkpt lat="56.96696547777989" lon="-3.7645174518405597">
        <ele>559</ele>
      </trkpt>
      <trkpt lat="56.96680144955178" lon="-3.7638298683959666">
        <ele>557</ele>
      </trkpt>
      <trkpt lat="56.9667566278848" lon="-3.7630335685676242">
        <ele>556</ele>
      </trkpt>
      <trkpt lat="56.96669464047301" lon="-3.762247758916661">
        <ele>556</ele>
      </trkpt>
      <trkpt lat="56.96661834827389" lon="-3.7615344268548645">
        <ele>556</ele>
      </trkpt>
      <trkpt lat="56.9665649437345" lon="-3.7611396147244047">
        <ele>556</ele>
      </trkpt>
      <trkpt lat="56.96647530040053" lon="-3.7606723250047787">
        <ele>555</ele>
      </trkpt>
      <trkpt lat="56.96633320617967" lon="-3.7600000000000104">
        <ele>555</ele>
      </trkpt>
      <trkpt lat="56.96633320617967" lon="-3.7599999999999998">
        <ele>555</ele>
      </trkpt>
      <trkpt lat="56.96626454320046" lon="-3.7597072286858668">
        <ele>554</ele>
      </trkpt>
      <trkpt lat="56.96620541674613" lon="-3.7595250810604615">
        <ele>553</ele>
      </trkpt>
      <trkpt lat="56.96616154873164" lon="-3.7592838069807364">
        <ele>553</ele>
      </trkpt>
      <trkpt lat="56.96608334922754" lon="-3.7589834064466907">
        <ele>552</ele>
      </trkpt>
      <trkpt lat="56.96607667366012" lon="-3.7588251001335116">
        <ele>552</ele>
      </trkpt>
      <trkpt lat="56.96606427617776" lon="-3.7587659736791914">
        <ele>552</ele>
      </trkpt>
      <trkpt lat="56.96605855426282" lon="-3.7586534426854854">
        <ele>552</ele>
      </trkpt>
      <trkpt lat="56.9660690444402" lon="-3.7585142094220867">
        <ele>552</ele>
      </trkpt>
      <trkpt lat="56.96609860766736" lon="-3.7583854663360672">
        <ele>552</ele>
      </trkpt>
      <trkpt lat="56.96611768071715" lon="-3.7581899675758152">
        <ele>553</ele>
      </trkpt>
      <trkpt lat="56.96616059507915" lon="-3.7563084112149534">
        <ele>552</ele>
      </trkpt>
      <trkpt lat="56.96615105855426" lon="-3.7558992942971581">
        <ele>551</ele>
      </trkpt>
      <trkpt lat="56.96615391951173" lon="-3.7554882700743848">
        <ele>551</ele>
      </trkpt>
      <trkpt lat="56.96611481975968" lon="-3.755142094220866">
        <ele>550</ele>
      </trkpt>
      <trkpt lat="56.96606618348274" lon="-3.7548207133320619">
        <ele>549</ele>
      </trkpt>
      <trkpt lat="56.96606427617776" lon="-3.7546280755292774">
        <ele>549</ele>
      </trkpt>
      <trkpt lat="56.96609670036239" lon="-3.7544239938966242">
        <ele>549</ele>
      </trkpt>
      <trkpt lat="56.96609383940492" lon="-3.7542733168033569">
        <ele>549</ele>
      </trkpt>
      <trkpt lat="56.96606046156781" lon="-3.7541607858096508">
        <ele>549</ele>
      </trkpt>
      <trkpt lat="56.96602803738318" lon="-3.7540987983978638">
        <ele>548</ele>
      </trkpt>
      <trkpt lat="56.96597272553881" lon="-3.7540501621209232">
        <ele>548</ele>
      </trkpt>
      <trkpt lat="56.9659212283044" lon="-3.7538403585733358">
        <ele>547</ele>
      </trkpt>
      <trkpt lat="56.96586687011253" lon="-3.7536782376502003">
        <ele>546</ele>
      </trkpt>
      <trkpt lat="56.96580679000572" lon="-3.7534369635704747">
        <ele>545</ele>
      </trkpt>
      <trkpt lat="56.96573335876406" lon="-3.7529830249856952">
        <ele>544</ele>
      </trkpt>
      <trkpt lat="56.96569998092695" lon="-3.752717909593744">
        <ele>544</ele>
      </trkpt>
      <trkpt lat="56.96559794011062" lon="-3.7523641045203129">
        <ele>542</ele>
      </trkpt>
      <trkpt lat="56.96558744993325" lon="-3.7522239176044248">
        <ele>542</ele>
      </trkpt>
      <trkpt lat="56.96557886706084" lon="-3.7518224299065421">
        <ele>541</ele>
      </trkpt>
      <trkpt lat="56.96558840358573" lon="-3.7514171275987032">
        <ele>540</ele>
      </trkpt>
      <trkpt lat="56.96557123784093" lon="-3.7512368872782758">
        <ele>540</ele>
      </trkpt>
      <trkpt lat="56.96556074766355" lon="-3.7509317184817852">
        <ele>539</ele>
      </trkpt>
      <trkpt lat="56.96558458897577" lon="-3.7506656494373449">
        <ele>538</ele>
      </trkpt>
      <trkpt lat="56.9656341789052" lon="-3.7504491703223346">
        <ele>538</ele>
      </trkpt>
      <trkpt lat="56.9656780469197" lon="-3.7502183864199887">
        <ele>538</ele>
      </trkpt>
      <trkpt lat="56.96567327865726" lon="-3.7501211138661072">
        <ele>538</ele>
      </trkpt>
      <trkpt lat="56.96561224489795" lon="-3.7499122639710092">
        <ele>537</ele>
      </trkpt>
      <trkpt lat="56.96559317184818" lon="-3.7498188060270836">
        <ele>537</ele>
      </trkpt>
      <trkpt lat="56.96557886706084" lon="-3.7496385657066567">
        <ele>536</ele>
      </trkpt>
      <trkpt lat="56.96549494564181" lon="-3.7490005721914934">
        <ele>534</ele>
      </trkpt>
      <trkpt lat="56.96541579248522" lon="-3.7486162502384133">
        <ele>533</ele>
      </trkpt>
      <trkpt lat="56.96534903681098" lon="-3.7481928285332824">
        <ele>532</ele>
      </trkpt>
      <trkpt lat="56.96525843982452" lon="-3.7474394430669462">
        <ele>530</ele>
      </trkpt>
      <trkpt lat="56.96529372496662" lon="-3.7473774556551591">
        <ele>530</ele>
      </trkpt>
      <trkpt lat="56.96535475872592" lon="-3.7473240511157733">
        <ele>531</ele>
      </trkpt>
      <trkpt lat="56.96538813656304" lon="-3.7471981689872211">
        <ele>531</ele>
      </trkpt>
      <trkpt lat="56.96539576578295" lon="-3.7470532138088881">
        <ele>531</ele>
      </trkpt>
      <trkpt lat="56.96536334159832" lon="-3.7468548540911693">
        <ele>530</ele>
      </trkpt>
      <trkpt lat="56.96529086400916" lon="-3.7462836162502384">
        <ele>529</ele>
      </trkpt>
      <trkpt lat="56.96533187106618" lon="-3.7460576006103374">
        <ele>529</ele>
      </trkpt>
      <trkpt lat="56.96537001716575" lon="-3.7457419416364677">
        <ele>529</ele>
      </trkpt>
      <trkpt lat="56.96529181766164" lon="-3.7451993133702079">
        <ele>527</ele>
      </trkpt>
      <trkpt lat="56.96529181766164" lon="-3.7447835208849893">
        <ele>526</ele>
      </trkpt>
      <trkpt lat="56.96532233454129" lon="-3.7446442876215906">
        <ele>526</ele>
      </trkpt>
      <trkpt lat="56.96541483883273" lon="-3.7444812130459662">
        <ele>527</ele>
      </trkpt>
      <trkpt lat="56.9654691970246" lon="-3.7444306694640472">
        <ele>527</ele>
      </trkpt>
      <trkpt lat="56.96543772649247" lon="-3.7443333969101658">
        <ele>527</ele>
      </trkpt>
      <trkpt lat="56.96544058744993" lon="-3.7438365439633796">
        <ele>525</ele>
      </trkpt>
      <trkpt lat="56.96549113103185" lon="-3.7435657066564945">
        <ele>525</ele>
      </trkpt>
      <trkpt lat="56.96553786000381" lon="-3.7431365630364297">
        <ele>524</ele>
      </trkpt>
      <trkpt lat="56.96561605950792" lon="-3.7427798970055313">
        <ele>524</ele>
      </trkpt>
      <trkpt lat="56.96567041769979" lon="-3.7425653251954989">
        <ele>524</ele>
      </trkpt>
      <trkpt lat="56.96578008773603" lon="-3.7420484455464429">
        <ele>523</ele>
      </trkpt>
      <trkpt lat="56.96590024794965" lon="-3.7412216288384514">
        <ele>522</ele>
      </trkpt>
      <trkpt lat="56.96590596986458" lon="-3.7409183673469388">
        <ele>521</ele>
      </trkpt>
      <trkpt lat="56.96586496280755" lon="-3.7405893572382225">
        <ele>520</ele>
      </trkpt>
      <trkpt lat="56.96588498950982" lon="-3.7401916841502958">
        <ele>521</ele>
      </trkpt>
      <trkpt lat="56.96587640663742" lon="-3.7400000000000002">
        <ele>521</ele>
      </trkpt>
      <trkpt lat="56.96587640663742" lon="-3.7399999999999896">
        <ele>521</ele>
      </trkpt>
      <trkpt lat="56.96586782376502" lon="-3.7397921037573805">
        <ele>520</ele>
      </trkpt>
      <trkpt lat="56.96591359908449" lon="-3.7395136372305831">
        <ele>521</ele>
      </trkpt>
      <trkpt lat="56.96596414266641" lon="-3.7392857142857041">
        <ele>521</ele>
      </trkpt>
      <trkpt lat="56.96605760061033" lon="-3.7390501621209129">
        <ele>522</ele>
      </trkpt>
      <trkpt lat="56.96605760061033" lon="-3.738999618538994">
        <ele>522</ele>
      </trkpt>
      <trkpt lat="56.96609193209994" lon="-3.738931909212273">
        <ele>523</ele>
      </trkpt>
      <trkpt lat="56.96600133511348" lon="-3.7387945832538523">
        <ele>522</ele>
      </trkpt>
      <trkpt lat="56.96593744039671" lon="-3.7385666603089733">
        <ele>521</ele>
      </trkpt>
      <trkpt lat="56.96593744039671" lon="-3.7380917413694346">
        <ele>521</ele>
      </trkpt>
      <trkpt lat="56.96584112149532" lon="-3.7373917604424847">
        <ele>521</ele>
      </trkpt>
      <trkpt lat="56.96574098798398" lon="-3.736831012778933">
        <ele>521</ele>
      </trkpt>
      <trkpt lat="56.96571237840931" lon="-3.7365859240892516">
        <ele>521</ele>
      </trkpt>
      <trkpt lat="56.96570570284188" lon="-3.736362769406818">
        <ele>521</ele>
      </trkpt>
      <trkpt lat="56.96571142475682" lon="-3.7362426091931997">
        <ele>521</ele>
      </trkpt>
      <trkpt lat="56.96579916078581" lon="-3.7360061033759195">
        <ele>522</ele>
      </trkpt>
      <trkpt lat="56.9657915315659" lon="-3.7359307648292859">
        <ele>522</ele>
      </trkpt>
      <trkpt lat="56.96576196833874" lon="-3.7358401678428277">
        <ele>522</ele>
      </trkpt>
      <trkpt lat="56.96575052450887" lon="-3.735700934579429">
        <ele>522</ele>
      </trkpt>
      <trkpt lat="56.96579343887088" lon="-3.7352937249666121">
        <ele>521</ele>
      </trkpt>
      <trkpt lat="56.96577818043105" lon="-3.7351611672706362">
        <ele>521</ele>
      </trkpt>
      <trkpt lat="56.96579629982834" lon="-3.7349990463475007">
        <ele>521</ele>
      </trkpt>
      <trkpt lat="56.96579534617585" lon="-3.7348312035094309">
        <ele>521</ele>
      </trkpt>
      <trkpt lat="56.96581346557314" lon="-3.7347310699980825">
        <ele>521</ele>
      </trkpt>
      <trkpt lat="56.96577722677856" lon="-3.7345079153156489">
        <ele>521</ele>
      </trkpt>
      <trkpt lat="56.96579248521839" lon="-3.7343906160594975">
        <ele>521</ele>
      </trkpt>
      <trkpt lat="56.96585065802022" lon="-3.7340883082204743">
        <ele>522</ele>
      </trkpt>
      <trkpt lat="56.96591646004196" lon="-3.7338107953461654">
        <ele>522</ele>
      </trkpt>
      <trkpt lat="56.96597844745374" lon="-3.7336296013732495">
        <ele>523</ele>
      </trkpt>
      <trkpt lat="56.96598416936868" lon="-3.7334970436772736">
        <ele>523</ele>
      </trkpt>
      <trkpt lat="56.96595937440397" lon="-3.7334045393858375">
        <ele>523</ele>
      </trkpt>
      <trkpt lat="56.96590978447453" lon="-3.7332986839595548">
        <ele>522</ele>
      </trkpt>
      <trkpt lat="56.96586973106999" lon="-3.7332319282853228">
        <ele>522</ele>
      </trkpt>
      <trkpt lat="56.96583826053786" lon="-3.7331508678237548">
        <ele>521</ele>
      </trkpt>
      <trkpt lat="56.96581537287812" lon="-3.7330488270074285">
        <ele>521</ele>
      </trkpt>
      <trkpt lat="56.96581060461568" lon="-3.7329286667938102">
        <ele>521</ele>
      </trkpt>
      <trkpt lat="56.96579725348083" lon="-3.7328800305168692">
        <ele>521</ele>
      </trkpt>
      <trkpt lat="56.96576482929621" lon="-3.7328294869349508">
        <ele>521</ele>
      </trkpt>
      <trkpt lat="56.96573621972153" lon="-3.7327512874308502">
        <ele>521</ele>
      </trkpt>
      <trkpt lat="56.96573240511157" lon="-3.7326254053022976">
        <ele>521</ele>
      </trkpt>
      <trkpt lat="56.96574957085638" lon="-3.7325042914361903">
        <ele>521</ele>
      </trkpt>
      <trkpt lat="56.96565802021743" lon="-3.7322782757962898">
        <ele>520</ele>
      </trkpt>
      <trkpt lat="56.96559603280564" lon="-3.7320045775319373">
        <ele>521</ele>
      </trkpt>
      <trkpt lat="56.96558458897577" lon="-3.731852946786181">
        <ele>521</ele>
      </trkpt>
      <trkpt lat="56.96560270837307" lon="-3.7317184817852271">
        <ele>521</ele>
      </trkpt>
      <trkpt lat="56.96560080106809" lon="-3.731625977493791">
        <ele>521</ele>
      </trkpt>
      <trkpt lat="56.96555025748617" lon="-3.7311930192637699">
        <ele>522</ele>
      </trkpt>
      <trkpt lat="56.9655302307839" lon="-3.7311110051497134">
        <ele>522</ele>
      </trkpt>
      <trkpt lat="56.96554453557124" lon="-3.7309259965668407">
        <ele>522</ele>
      </trkpt>
      <trkpt lat="56.96553213808888" lon="-3.7307934388708652">
        <ele>522</ele>
      </trkpt>
      <trkpt lat="56.96546156780469" lon="-3.7304062559603177">
        <ele>521</ele>
      </trkpt>
      <trkpt lat="56.9654434484074" lon="-3.7300839214190247">
        <ele>521</ele>
      </trkpt>
      <trkpt lat="56.96535285142094" lon="-3.7293086019454407">
        <ele>521</ele>
      </trkpt>
      <trkpt lat="56.965304215144" lon="-3.7286086210184908">
        <ele>521</ele>
      </trkpt>
      <trkpt lat="56.96524508868968" lon="-3.7281394239938863">
        <ele>520</ele>
      </trkpt>
      <trkpt lat="56.96522792294488" lon="-3.7279410642761674">
        <ele>519</ele>
      </trkpt>
      <trkpt lat="56.96524127407972" lon="-3.7277875262254332">
        <ele>519</ele>
      </trkpt>
      <trkpt lat="56.96527942017929" lon="-3.727697882891464">
        <ele>519</ele>
      </trkpt>
      <trkpt lat="56.96531756627885" lon="-3.7276530612244794">
        <ele>520</ele>
      </trkpt>
      <trkpt lat="56.96532614915125" lon="-3.7275948884226486">
        <ele>520</ele>
      </trkpt>
      <trkpt lat="56.96529086400916" lon="-3.7272620637039759">
        <ele>520</ele>
      </trkpt>
      <trkpt lat="56.96531851993134" lon="-3.7269092122830338">
        <ele>520</ele>
      </trkpt>
      <trkpt lat="56.96532805645623" lon="-3.7266831966431329">
        <ele>521</ele>
      </trkpt>
      <trkpt lat="56.9653652489033" lon="-3.7263827961090876">
        <ele>521</ele>
      </trkpt>
      <trkpt lat="56.96542246805264" lon="-3.7262283044058644">
        <ele>522</ele>
      </trkpt>
      <trkpt lat="56.96543486553499" lon="-3.726080488270064">
        <ele>522</ele>
      </trkpt>
      <trkpt lat="56.96537192447072" lon="-3.7253366393286185">
        <ele>522</ele>
      </trkpt>
      <trkpt lat="56.96536810986076" lon="-3.7248874690062839">
        <ele>523</ele>
      </trkpt>
      <trkpt lat="56.96532328819378" lon="-3.7246137707419313">
        <ele>522</ele>
      </trkpt>
      <trkpt lat="56.96530898340644" lon="-3.7241026130078096">
        <ele>523</ele>
      </trkpt>
      <trkpt lat="56.96529372496662" lon="-3.7238527560556829">
        <ele>523</ele>
      </trkpt>
      <trkpt lat="56.96524032042723" lon="-3.7231241655540619">
        <ele>523</ele>
      </trkpt>
      <trkpt lat="56.96519740606523" lon="-3.7226540148769685">
        <ele>523</ele>
      </trkpt>
      <trkpt lat="56.96519645241274" lon="-3.7224299065420459">
        <ele>523</ele>
      </trkpt>
      <trkpt lat="56.96517451840549" lon="-3.7218014495517733">
        <ele>523</ele>
      </trkpt>
      <trkpt lat="56.96514972344077" lon="-3.71999999999999">
        <ele>525</ele>
      </trkpt>
      <trkpt lat="56.96514972344077" lon="-3.7200000000000077">
        <ele>525</ele>
      </trkpt>
      <trkpt lat="56.96513446500095" lon="-3.719506961663178">
        <ele>525</ele>
      </trkpt>
      <trkpt lat="56.96511157734122" lon="-3.7191846271218849">
        <ele>524</ele>
      </trkpt>
      <trkpt lat="56.96513446500095" lon="-3.7188308220484534">
        <ele>525</ele>
      </trkpt>
      <trkpt lat="56.96512874308602" lon="-3.7186620255578946">
        <ele>525</ele>
      </trkpt>
      <trkpt lat="56.96510108716384" lon="-3.7184932290673358">
        <ele>524</ele>
      </trkpt>
      <trkpt lat="56.96500286095747" lon="-3.7181365630364374">
        <ele>523</ele>
      </trkpt>
      <trkpt lat="56.96492275414839" lon="-3.7177093267213506">
        <ele>521</ele>
      </trkpt>
      <trkpt lat="56.96479877932482" lon="-3.7167518596223617">
        <ele>519</ele>
      </trkpt>
      <trkpt lat="56.96466431432386" lon="-3.7164352469960025">
        <ele>516</ele>
      </trkpt>
      <trkpt lat="56.96460137325958" lon="-3.7162635895479768">
        <ele>515</ele>
      </trkpt>
      <trkpt lat="56.96459469769216" lon="-3.7161892046538321">
        <ele>515</ele>
      </trkpt>
      <trkpt lat="56.96467957276369" lon="-3.7155826816708073">
        <ele>515</ele>
      </trkpt>
      <trkpt lat="56.96468624833111" lon="-3.7154243753576277">
        <ele>515</ele>
      </trkpt>
      <trkpt lat="56.96466526797635" lon="-3.7151687964905666">
        <ele>514</ele>
      </trkpt>
      <trkpt lat="56.96466526797635" lon="-3.7151687964905666">
        <ele>514</ele>
      </trkpt>
      <trkpt lat="56.96479591836734" lon="-3.7149065420560827">
        <ele>515</ele>
      </trkpt>
      <trkpt lat="56.96490844936105" lon="-3.714622353614351">
        <ele>515</ele>
      </trkpt>
      <trkpt lat="56.96498760251764" lon="-3.7143410261300862">
        <ele>515</ele>
      </trkpt>
      <trkpt lat="56.96522887659737" lon="-3.7134665267976428">
        <ele>515</ele>
      </trkpt>
      <trkpt lat="56.96545870684722" lon="-3.7125462521457262">
        <ele>515</ele>
      </trkpt>
      <trkpt lat="56.96596032805645" lon="-3.7109717718863324">
        <ele>516</ele>
      </trkpt>
      <trkpt lat="56.9670083921419" lon="-3.7086868205226096">
        <ele>522</ele>
      </trkpt>
      <trkpt lat="56.96708849895098" lon="-3.7083539958039369">
        <ele>522</ele>
      </trkpt>
      <trkpt lat="56.96712092313561" lon="-3.7080297539576659">
        <ele>522</ele>
      </trkpt>
      <trkpt lat="56.9671037573908" lon="-3.7077102803738398">
        <ele>521</ele>
      </trkpt>
      <trkpt lat="56.96693114629029" lon="-3.7061386610719134">
        <ele>517</ele>
      </trkpt>
      <trkpt lat="56.96685485409117" lon="-3.7057037955369143">
        <ele>515</ele>
      </trkpt>
      <trkpt lat="56.96682529086401" lon="-3.7053957657829568">
        <ele>514</ele>
      </trkpt>
      <trkpt lat="56.96682242990654" lon="-3.7052136181575515">
        <ele>514</ele>
      </trkpt>
      <trkpt lat="56.96685008582872" lon="-3.7049532710280455">
        <ele>513</ele>
      </trkpt>
      <trkpt lat="56.96703318710662" lon="-3.7036791913026974">
        <ele>512</ele>
      </trkpt>
      <trkpt lat="56.96705130650391" lon="-3.7033978638184326">
        <ele>511</ele>
      </trkpt>
      <trkpt lat="56.9670522601564" lon="-3.7032204844554726">
        <ele>511</ele>
      </trkpt>
      <trkpt lat="56.96706370398627" lon="-3.7031022315468323">
        <ele>511</ele>
      </trkpt>
      <trkpt lat="56.96709898912836" lon="-3.7030221247377537">
        <ele>511</ele>
      </trkpt>
      <trkpt lat="56.96732881937822" lon="-3.702834255197414">
        <ele>511</ele>
      </trkpt>
      <trkpt lat="56.96744707228686" lon="-3.7026788098417018">
        <ele>511</ele>
      </trkpt>
      <trkpt lat="56.96752336448598" lon="-3.7024661453366474">
        <ele>511</ele>
      </trkpt>
      <trkpt lat="56.96757104711043" lon="-3.7022277322143888">
        <ele>511</ele>
      </trkpt>
      <trkpt lat="56.96758916650772" lon="-3.7021342742704637">
        <ele>511</ele>
      </trkpt>
      <trkpt lat="56.96759298111768" lon="-3.7020751478161436">
        <ele>511</ele>
      </trkpt>
      <trkpt lat="56.96764543200457" lon="-3.7018338737364185">
        <ele>512</ele>
      </trkpt>
      <trkpt lat="56.96764924661453" lon="-3.7016593553309254">
        <ele>512</ele>
      </trkpt>
      <trkpt lat="56.96761777608239" lon="-3.7014552736982722">
        <ele>511</ele>
      </trkpt>
      <trkpt lat="56.96755197406065" lon="-3.7012407018882398">
        <ele>510</ele>
      </trkpt>
      <trkpt lat="56.9674518405493" lon="-3.7010852565325276">
        <ele>509</ele>
      </trkpt>
      <trkpt lat="56.96723059317185" lon="-3.7006666030898421">
        <ele>507</ele>
      </trkpt>
      <trkpt lat="56.96708182338356" lon="-3.7002889567041848">
        <ele>506</ele>
      </trkpt>
      <trkpt lat="56.96705130650391" lon="-3.7001440015258518">
        <ele>505</ele>
      </trkpt>
      <trkpt lat="56.96704176997902" lon="-3.7000000000000082">
        <ele>505</ele>
      </trkpt>
      <trkpt lat="56.96704176997902" lon="-3.6999999999999975">
        <ele>505</ele>
      </trkpt>
      <trkpt lat="56.96712569139805" lon="-3.6982471867251552">
        <ele>504</ele>
      </trkpt>
      <trkpt lat="56.96716193019264" lon="-3.6972096128170873">
        <ele>506</ele>
      </trkpt>
      <trkpt lat="56.96730116345604" lon="-3.6942189586114798">
        <ele>505</ele>
      </trkpt>
      <trkpt lat="56.96747949647148" lon="-3.6907962998283401">
        <ele>498</ele>
      </trkpt>
      <trkpt lat="56.96760061033759" lon="-3.6889881747091335">
        <ele>497</ele>
      </trkpt>
      <trkpt lat="56.96769311462903" lon="-3.6880068662979189">
        <ele>498</ele>
      </trkpt>
      <trkpt lat="56.96771504863628" lon="-3.6875262254434462">
        <ele>498</ele>
      </trkpt>
      <trkpt lat="56.96771504863628" lon="-3.6871562082777012">
        <ele>498</ele>
      </trkpt>
      <trkpt lat="56.96768834636659" lon="-3.6862712187678786">
        <ele>498</ele>
      </trkpt>
      <trkpt lat="56.9676778561892" lon="-3.684348655349988">
        <ele>494</ele>
      </trkpt>
      <trkpt lat="56.96763303452222" lon="-3.6819454510776248">
        <ele>493</ele>
      </trkpt>
      <trkpt lat="56.96760251764257" lon="-3.6814485981308387">
        <ele>493</ele>
      </trkpt>
      <trkpt lat="56.9675739080679" lon="-3.6811272172420346">
        <ele>493</ele>
      </trkpt>
      <trkpt lat="56.96750619874118" lon="-3.6807114247568165">
        <ele>493</ele>
      </trkpt>
      <trkpt lat="56.96741274079725" lon="-3.6799999999999979">
        <ele>492</ele>
      </trkpt>
      <trkpt lat="56.96741274079725" lon="-3.6799999999999873">
        <ele>492</ele>
      </trkpt>
      <trkpt lat="56.96738699218005" lon="-3.6797291626931021">
        <ele>492</ele>
      </trkpt>
      <trkpt lat="56.96738106683399" lon="-3.6795881888349262">
        <ele>492</ele>
      </trkpt>
      <trkpt lat="56.96738106683399" lon="-3.6795881888349262">
        <ele>492</ele>
      </trkpt>
      <trkpt lat="56.96736410452031" lon="-3.6791846271218644">
        <ele>492</ele>
      </trkpt>
      <trkpt lat="56.96737078008773" lon="-3.6790291817661518">
        <ele>491</ele>
      </trkpt>
      <trkpt lat="56.9673650581728" lon="-3.6789357238222267">
        <ele>491</ele>
      </trkpt>
      <trkpt lat="56.96732691207324" lon="-3.6787125691397931">
        <ele>491</ele>
      </trkpt>
      <trkpt lat="56.96732309746329" lon="-3.6785390043867889">
        <ele>491</ele>
      </trkpt>
      <trkpt lat="56.96732309746329" lon="-3.6785390043867889">
        <ele>491</ele>
      </trkpt>
      <trkpt lat="56.96734789242799" lon="-3.6784264733930829">
        <ele>491</ele>
      </trkpt>
      <trkpt lat="56.9674089261873" lon="-3.6783024985695087">
        <ele>491</ele>
      </trkpt>
      <trkpt lat="56.96742704558459" lon="-3.6782166698454959">
        <ele>491</ele>
      </trkpt>
      <trkpt lat="56.96751573526607" lon="-3.6766803356856634">
        <ele>489</ele>
      </trkpt>
      <trkpt lat="56.9675395765783" lon="-3.6760146862483185">
        <ele>489</ele>
      </trkpt>
      <trkpt lat="56.96753766927331" lon="-3.6751964524127283">
        <ele>489</ele>
      </trkpt>
      <trkpt lat="56.96750238413122" lon="-3.6742656875834321">
        <ele>488</ele>
      </trkpt>
      <trkpt lat="56.96747091359909" lon="-3.6736620255578742">
        <ele>488</ele>
      </trkpt>
      <trkpt lat="56.96742227732214" lon="-3.6732891474346623">
        <ele>488</ele>
      </trkpt>
      <trkpt lat="56.96735456799542" lon="-3.6729782567232374">
        <ele>488</ele>
      </trkpt>
      <trkpt lat="56.96724108334923" lon="-3.6726454320045652">
        <ele>487</ele>
      </trkpt>
      <trkpt lat="56.96719435437726" lon="-3.6724766355140064">
        <ele>487</ele>
      </trkpt>
      <trkpt lat="56.96717909593744" lon="-3.6723583826053661">
        <ele>486</ele>
      </trkpt>
      <trkpt lat="56.96716574480259" lon="-3.6721743276749828">
        <ele>486</ele>
      </trkpt>
      <trkpt lat="56.96718481785237" lon="-3.6710146862483186">
        <ele>486</ele>
      </trkpt>
      <trkpt lat="56.96715430097272" lon="-3.6692685485408991">
        <ele>485</ele>
      </trkpt>
      <trkpt lat="56.96713808888041" lon="-3.6690167842837944">
        <ele>485</ele>
      </trkpt>
      <trkpt lat="56.96701983597177" lon="-3.6678800305168671">
        <ele>484</ele>
      </trkpt>
      <trkpt lat="56.9669740606523" lon="-3.6675710471104206">
        <ele>483</ele>
      </trkpt>
      <trkpt lat="56.96689490749571" lon="-3.6671152012206627">
        <ele>481</ele>
      </trkpt>
      <trkpt lat="56.96662883845126" lon="-3.6658191874880668">
        <ele>477</ele>
      </trkpt>
      <trkpt lat="56.9664609956132" lon="-3.6651144382986716">
        <ele>478</ele>
      </trkpt>
      <trkpt lat="56.96617013160404" lon="-3.6640549303833558">
        <ele>478</ele>
      </trkpt>
      <trkpt lat="56.96596700362388" lon="-3.6634541293152649">
        <ele>480</ele>
      </trkpt>
      <trkpt lat="56.96584112149532" lon="-3.6631995041006933">
        <ele>479</ele>
      </trkpt>
      <trkpt lat="56.96572382223918" lon="-3.6630116345603536">
        <ele>479</ele>
      </trkpt>
      <trkpt lat="56.96557886706084" lon="-3.6627989700552992">
        <ele>478</ele>
      </trkpt>
      <trkpt lat="56.96547110432958" lon="-3.6626730879267471">
        <ele>477</ele>
      </trkpt>
      <trkpt lat="56.96500190730498" lon="-3.6621848178523622">
        <ele>471</ele>
      </trkpt>
      <trkpt lat="56.96472820904062" lon="-3.6618767880984042">
        <ele>469</ele>
      </trkpt>
      <trkpt lat="56.96465382414648" lon="-3.6617747472820779">
        <ele>469</ele>
      </trkpt>
      <trkpt lat="56.96450886896815" lon="-3.6615039099751927">
        <ele>468</ele>
      </trkpt>
      <trkpt lat="56.96430097272554" lon="-3.6610671371352153">
        <ele>466</ele>
      </trkpt>
      <trkpt lat="56.9640349036811" lon="-3.6603805073431115">
        <ele>465</ele>
      </trkpt>
      <trkpt lat="56.96394716765211" lon="-3.6600982262063577">
        <ele>466</ele>
      </trkpt>
      <trkpt lat="56.96392618729735" lon="-3.6599999999999877">
        <ele>466</ele>
      </trkpt>
      <trkpt lat="56.96392618729735" lon="-3.6600000000000055">
        <ele>466</ele>
      </trkpt>
      <trkpt lat="56.96389757772268" lon="-3.659870303261497">
        <ele>466</ele>
      </trkpt>
      <trkpt lat="56.96384608048827" lon="-3.6595327102803794">
        <ele>466</ele>
      </trkpt>
      <trkpt lat="56.9637907686439" lon="-3.6592351707038011">
        <ele>466</ele>
      </trkpt>
      <trkpt lat="56.96372115201221" lon="-3.6589128361625081">
        <ele>466</ele>
      </trkpt>
      <trkpt lat="56.96369635704749" lon="-3.6587278275796358">
        <ele>466</ele>
      </trkpt>
      <trkpt lat="56.96368014495518" lon="-3.658446500095371">
        <ele>466</ele>
      </trkpt>
      <trkpt lat="56.96365821094793" lon="-3.6582395575052509">
        <ele>466</ele>
      </trkpt>
      <trkpt lat="56.96348941445737" lon="-3.6574938012588269">
        <ele>460</ele>
      </trkpt>
      <trkpt lat="56.96339881747091" lon="-3.6571724203700229">
        <ele>459</ele>
      </trkpt>
      <trkpt lat="56.9633654396338" lon="-3.6570322334541352">
        <ele>459</ele>
      </trkpt>
      <trkpt lat="56.96336353232882" lon="-3.6568529467861968">
        <ele>458</ele>
      </trkpt>
      <trkpt lat="56.96326435246996" lon="-3.656246423803172">
        <ele>459</ele>
      </trkpt>
      <trkpt lat="56.96325100133511" lon="-3.6560375739080735">
        <ele>459</ele>
      </trkpt>
      <trkpt lat="56.96329200839214" lon="-3.6554606141522088">
        <ele>458</ele>
      </trkpt>
      <trkpt lat="56.96329391569712" lon="-3.6552355521647968">
        <ele>458</ele>
      </trkpt>
      <trkpt lat="56.96326149151249" lon="-3.6547425138279666">
        <ele>457</ele>
      </trkpt>
      <trkpt lat="56.96324814037764" lon="-3.6543181384703471">
        <ele>456</ele>
      </trkpt>
      <trkpt lat="56.9632347892428" lon="-3.6540854472630229">
        <ele>455</ele>
      </trkpt>
      <trkpt lat="56.96321285523555" lon="-3.6528132748426532">
        <ele>456</ele>
      </trkpt>
      <trkpt lat="56.96317661644097" lon="-3.6524489795918424">
        <ele>456</ele>
      </trkpt>
      <trkpt lat="56.96317089452604" lon="-3.652237268739277">
        <ele>456</ele>
      </trkpt>
      <trkpt lat="56.96318710661835" lon="-3.6519387755102097">
        <ele>456</ele>
      </trkpt>
      <trkpt lat="56.96318996757581" lon="-3.6517089452603528">
        <ele>457</ele>
      </trkpt>
      <trkpt lat="56.96316326530612" lon="-3.6514724394430726">
        <ele>457</ele>
      </trkpt>
      <trkpt lat="56.96311653633416" lon="-3.6511615487316478">
        <ele>457</ele>
      </trkpt>
      <trkpt lat="56.96298397863819" lon="-3.6507457562464296">
        <ele>457</ele>
      </trkpt>
      <trkpt lat="56.96294011062368" lon="-3.6505092504291494">
        <ele>456</ele>
      </trkpt>
      <trkpt lat="56.96291913026893" lon="-3.6502498569521324">
        <ele>455</ele>
      </trkpt>
      <trkpt lat="56.96292199122639" lon="-3.6499170322334598">
        <ele>455</ele>
      </trkpt>
      <trkpt lat="56.96288289147434" lon="-3.6496566851039538">
        <ele>454</ele>
      </trkpt>
      <trkpt lat="56.96278085065802" lon="-3.6486181575433969">
        <ele>452</ele>
      </trkpt>
      <trkpt lat="56.96272649246615" lon="-3.6482214381079592">
        <ele>450</ele>
      </trkpt>
      <trkpt lat="56.96259870303261" lon="-3.6476044249475548">
        <ele>447</ele>
      </trkpt>
      <trkpt lat="56.96254529849323" lon="-3.647287812321196">
        <ele>445</ele>
      </trkpt>
      <trkpt lat="56.9625042914362" lon="-3.6469235170703853">
        <ele>445</ele>
      </trkpt>
      <trkpt lat="56.96242990654206" lon="-3.6463465573145202">
        <ele>444</ele>
      </trkpt>
      <trkpt lat="56.96240129696739" lon="-3.645930764829302">
        <ele>443</ele>
      </trkpt>
      <trkpt lat="56.96239748235742" lon="-3.6456303642952563">
        <ele>442</ele>
      </trkpt>
      <trkpt lat="56.96241178714477" lon="-3.64497615868778">
        <ele>442</ele>
      </trkpt>
      <trkpt lat="56.96239557505245" lon="-3.6444239938966296">
        <ele>442</ele>
      </trkpt>
      <trkpt lat="56.96236982643524" lon="-3.6441102422277378">
        <ele>442</ele>
      </trkpt>
      <trkpt lat="56.96233263398818" lon="-3.6439032996376177">
        <ele>442</ele>
      </trkpt>
      <trkpt lat="56.96232595842075" lon="-3.6438174709136049">
        <ele>442</ele>
      </trkpt>
      <trkpt lat="56.96237554835018" lon="-3.6432328819378275">
        <ele>441</ele>
      </trkpt>
      <trkpt lat="56.96237840930765" lon="-3.6427770360480696">
        <ele>440</ele>
      </trkpt>
      <trkpt lat="56.96234598512302" lon="-3.6421571619301982">
        <ele>439</ele>
      </trkpt>
      <trkpt lat="56.96225729544154" lon="-3.641419988556176">
        <ele>438</ele>
      </trkpt>
      <trkpt lat="56.96226873927141" lon="-3.6410871638375033">
        <ele>438</ele>
      </trkpt>
      <trkpt lat="56.96226683196643" lon="-3.6409879839786439">
        <ele>438</ele>
      </trkpt>
      <trkpt lat="56.96224966622163" lon="-3.6408668701125366">
        <ele>438</ele>
      </trkpt>
      <trkpt lat="56.96221152012207" lon="-3.6407381270265171">
        <ele>438</ele>
      </trkpt>
      <trkpt lat="56.96202651153919" lon="-3.6400000000000059">
        <ele>438</ele>
      </trkpt>
      <trkpt lat="56.96202651153919" lon="-3.6399999999999952">
        <ele>438</ele>
      </trkpt>
      <trkpt lat="56.96191016593554" lon="-3.639555597940106">
        <ele>437</ele>
      </trkpt>
      <trkpt lat="56.9618872782758" lon="-3.6394135037192403">
        <ele>437</ele>
      </trkpt>
      <trkpt lat="56.96188251001335" lon="-3.6393114629029135">
        <ele>437</ele>
      </trkpt>
      <trkpt lat="56.96189395384322" lon="-3.6392017928666749">
        <ele>437</ele>
      </trkpt>
      <trkpt lat="56.9619473583826" lon="-3.6389414457371689">
        <ele>436</ele>
      </trkpt>
      <trkpt lat="56.96210661834827" lon="-3.6383454129315234">
        <ele>435</ele>
      </trkpt>
      <trkpt lat="56.96213141331299" lon="-3.6381604043486506">
        <ele>435</ele>
      </trkpt>
      <trkpt lat="56.96215144001525" lon="-3.6379429715811513">
        <ele>434</ele>
      </trkpt>
      <trkpt lat="56.96214094983788" lon="-3.637790387182906">
        <ele>434</ele>
      </trkpt>
      <trkpt lat="56.96210185008583" lon="-3.6376091932099897">
        <ele>434</ele>
      </trkpt>
      <trkpt lat="56.96208849895098" lon="-3.6374880793438824">
        <ele>433</ele>
      </trkpt>
      <trkpt lat="56.9621047110433" lon="-3.6372763684913174">
        <ele>433</ele>
      </trkpt>
      <trkpt lat="56.96209708182338" lon="-3.6372153347320193">
        <ele>433</ele>
      </trkpt>
      <trkpt lat="56.96209708182338" lon="-3.6372153347320193">
        <ele>433</ele>
      </trkpt>
      <trkpt lat="56.9622782757963" lon="-3.6369483120350901">
        <ele>433</ele>
      </trkpt>
      <trkpt lat="56.96230497806599" lon="-3.6368825100133466">
        <ele>433</ele>
      </trkpt>
      <trkpt lat="56.96231451459088" lon="-3.636806217814224">
        <ele>433</ele>
      </trkpt>
      <trkpt lat="56.96229353423612" lon="-3.636175853518973">
        <ele>431</ele>
      </trkpt>
      <trkpt lat="56.96233835590311" lon="-3.6354253290101042">
        <ele>430</ele>
      </trkpt>
      <trkpt lat="56.962347892428" lon="-3.6349208468434058">
        <ele>429</ele>
      </trkpt>
      <trkpt lat="56.96235742895289" lon="-3.6347625405302262">
        <ele>429</ele>
      </trkpt>
      <trkpt lat="56.96243562845699" lon="-3.6345632271600183">
        <ele>429</ele>
      </trkpt>
      <trkpt lat="56.96353614342933" lon="-3.6333339691016548">
        <ele>428</ele>
      </trkpt>
      <trkpt lat="56.96505340453938" lon="-3.6322906732786526">
        <ele>426</ele>
      </trkpt>
      <trkpt lat="56.96767308792676" lon="-3.630740987983974">
        <ele>423</ele>
      </trkpt>
      <trkpt lat="56.96812607285905" lon="-3.6304358191874835">
        <ele>422</ele>
      </trkpt>
      <trkpt lat="56.96862960137326" lon="-3.6301440015258395">
        <ele>421</ele>
      </trkpt>
      <trkpt lat="56.97034999046348" lon="-3.6289385847797018">
        <ele>419</ele>
      </trkpt>
      <trkpt lat="56.97056646957849" lon="-3.6286677474728162">
        <ele>419</ele>
      </trkpt>
      <trkpt lat="56.97072668319665" lon="-3.628398817470909">
        <ele>418</ele>
      </trkpt>
      <trkpt lat="56.97122639710089" lon="-3.6276263589547924">
        <ele>418</ele>
      </trkpt>
      <trkpt lat="56.97157924852183" lon="-3.6272582490940257">
        <ele>418</ele>
      </trkpt>
      <trkpt lat="56.97202746519168" lon="-3.6269435437726445">
        <ele>418</ele>
      </trkpt>
      <trkpt lat="56.97246900629411" lon="-3.6265401487697839">
        <ele>417</ele>
      </trkpt>
      <trkpt lat="56.97269025367156" lon="-3.6262492847606285">
        <ele>417</ele>
      </trkpt>
      <trkpt lat="56.97299637612054" lon="-3.6257276368491276">
        <ele>417</ele>
      </trkpt>
      <trkpt lat="56.9734779706275" lon="-3.6248455082967723">
        <ele>417</ele>
      </trkpt>
      <trkpt lat="56.97415315658974" lon="-3.6235571237840887">
        <ele>417</ele>
      </trkpt>
      <trkpt lat="56.97485123021171" lon="-3.6220532138088837">
        <ele>415</ele>
      </trkpt>
      <trkpt lat="56.9751821476254" lon="-3.6211949265687537">
        <ele>414</ele>
      </trkpt>
      <trkpt lat="56.97549494564181" lon="-3.6203251954987556">
        <ele>412</ele>
      </trkpt>
      <trkpt lat="56.97559698645814" lon="-3.6199999999999957">
        <ele>411</ele>
      </trkpt>
      <trkpt lat="56.97559698645814" lon="-3.619999999999985">
        <ele>411</ele>
      </trkpt>
      <trkpt lat="56.97568853709708" lon="-3.619708182338341">
        <ele>412</ele>
      </trkpt>
      <trkpt lat="56.97587449933244" lon="-3.6190167842837924">
        <ele>413</ele>
      </trkpt>
      <trkpt lat="56.97605664695785" lon="-3.618206179668114">
        <ele>411</ele>
      </trkpt>
      <trkpt lat="56.97620541674614" lon="-3.6174842647339163">
        <ele>410</ele>
      </trkpt>
      <trkpt lat="56.97628266259775" lon="-3.6170522601563841">
        <ele>409</ele>
      </trkpt>
      <trkpt lat="56.97634655731451" lon="-3.6165620827770213">
        <ele>408</ele>
      </trkpt>
      <trkpt lat="56.97640663742132" lon="-3.6157753194735691">
        <ele>407</ele>
      </trkpt>
      <trkpt lat="56.97643143238604" lon="-3.6156809078771546">
        <ele>407</ele>
      </trkpt>
      <trkpt lat="56.97647053213809" lon="-3.6155988937630981">
        <ele>406</ele>
      </trkpt>
      <trkpt lat="56.97651821476254" lon="-3.6155473965286902">
        <ele>406</ele>
      </trkpt>
      <trkpt lat="56.97658401678428" lon="-3.6155254625214424">
        <ele>406</ele>
      </trkpt>
      <trkpt lat="56.97663360671371" lon="-3.6155359526988216">
        <ele>406</ele>
      </trkpt>
      <trkpt lat="56.97671085256533" lon="-3.615568376883449">
        <ele>406</ele>
      </trkpt>
      <trkpt lat="56.97671085256533" lon="-3.615568376883449">
        <ele>406</ele>
      </trkpt>
      <trkpt lat="56.97683005912646" lon="-3.6156227350753238">
        <ele>406</ele>
      </trkpt>
      <trkpt lat="56.97695021934007" lon="-3.6156770932671987">
        <ele>406</ele>
      </trkpt>
      <trkpt lat="56.97695021934007" lon="-3.6156770932671987">
        <ele>406</ele>
      </trkpt>
      <trkpt lat="56.97701125309937" lon="-3.6157085637993367">
        <ele>405</ele>
      </trkpt>
      <trkpt lat="56.97709040625596" lon="-3.6157276368491176">
        <ele>405</ele>
      </trkpt>
      <trkpt lat="56.97717718863246" lon="-3.6157171466717379">
        <ele>405</ele>
      </trkpt>
      <trkpt lat="56.97726206370398" lon="-3.6156675567423084">
        <ele>405</ele>
      </trkpt>
      <trkpt lat="56.97732309746328" lon="-3.6156046156780319">
        <ele>405</ele>
      </trkpt>
      <trkpt lat="56.97738985313752" lon="-3.6155025748617056">
        <ele>405</ele>
      </trkpt>
      <trkpt lat="56.9774432576769" lon="-3.6153738317756861">
        <ele>405</ele>
      </trkpt>
      <trkpt lat="56.97747854281899" lon="-3.6152174327674849">
        <ele>404</ele>
      </trkpt>
      <trkpt lat="56.97749380125882" lon="-3.615051497234393">
        <ele>404</ele>
      </trkpt>
      <trkpt lat="56.97749666221629" lon="-3.614875071523922">
        <ele>404</ele>
      </trkpt>
      <trkpt lat="56.97748521838642" lon="-3.6143677283997562">
        <ele>404</ele>
      </trkpt>
      <trkpt lat="56.97746328437917" lon="-3.6139357238222245">
        <ele>403</ele>
      </trkpt>
      <trkpt lat="56.97734217051306" lon="-3.6127293534235978">
        <ele>404</ele>
      </trkpt>
      <trkpt lat="56.97731451459088" lon="-3.6124012969673704">
        <ele>404</ele>
      </trkpt>
      <trkpt lat="56.97728971962616" lon="-3.6114896051878547">
        <ele>404</ele>
      </trkpt>
      <trkpt lat="56.97716669845508" lon="-3.6105264161739314">
        <ele>404</ele>
      </trkpt>
      <trkpt lat="56.97715239366774" lon="-3.610280373831761">
        <ele>404</ele>
      </trkpt>
      <trkpt lat="56.9771476254053" lon="-3.6097854281899528">
        <ele>404</ele>
      </trkpt>
      <trkpt lat="56.97716955941255" lon="-3.609617585351883">
        <ele>403</ele>
      </trkpt>
      <trkpt lat="56.97747472820904" lon="-3.6078409307648145">
        <ele>400</ele>
      </trkpt>
      <trkpt lat="56.9775910738127" lon="-3.607276368491307">
        <ele>400</ele>
      </trkpt>
      <trkpt lat="56.97766545870684" lon="-3.606982643524685">
        <ele>399</ele>
      </trkpt>
      <trkpt lat="56.97773698264352" lon="-3.6067795155445208">
        <ele>399</ele>
      </trkpt>
      <trkpt lat="56.9778523745947" lon="-3.6065201220675038">
        <ele>399</ele>
      </trkpt>
      <trkpt lat="56.97826530612245" lon="-3.6057524318138321">
        <ele>398</ele>
      </trkpt>
      <trkpt lat="56.97904253290101" lon="-3.6043915697119822">
        <ele>397</ele>
      </trkpt>
      <trkpt lat="56.97935437726493" lon="-3.6039023459851083">
        <ele>397</ele>
      </trkpt>
      <trkpt lat="56.98" lon="-3.6029210375738931">
        <ele>396</ele>
      </trkpt>
      <trkpt lat="56.98000000000001" lon="-3.6029210375738931">
        <ele>396</ele>
      </trkpt>
      <trkpt lat="56.98037573908069" lon="-3.6023431241655395">
        <ele>396</ele>
      </trkpt>
      <trkpt lat="56.98073717337403" lon="-3.6017709326721197">
        <ele>395</ele>
      </trkpt>
      <trkpt lat="56.98091073812704" lon="-3.6014829296204316">
        <ele>395</ele>
      </trkpt>
      <trkpt lat="56.98104901773794" lon="-3.6012302117108379">
        <ele>395</ele>
      </trkpt>
      <trkpt lat="56.98133892809461" lon="-3.6006446690825715">
        <ele>394</ele>
      </trkpt>
      <trkpt lat="56.9814438298684" lon="-3.6004053023078244">
        <ele>394</ele>
      </trkpt>
      <trkpt lat="56.98156303642953" lon="-3.6000886896814652">
        <ele>393</ele>
      </trkpt>
      <trkpt lat="56.98158878504674" lon="-3.5999999999999854">
        <ele>393</ele>
      </trkpt>
      <trkpt lat="56.98158878504674" lon="-3.6000000000000032">
        <ele>393</ele>
      </trkpt>
      <trkpt lat="56.98162216288385" lon="-3.599844554644291">
        <ele>393</ele>
      </trkpt>
      <trkpt lat="56.98174327674996" lon="-3.5991073812702687">
        <ele>394</ele>
      </trkpt>
      <trkpt lat="56.98179000572193" lon="-3.5988708754529886">
        <ele>394</ele>
      </trkpt>
      <trkpt lat="56.98186725157353" lon="-3.5981975967957309">
        <ele>393</ele>
      </trkpt>
      <trkpt lat="56.98190158306314" lon="-3.5980097272553917">
        <ele>393</ele>
      </trkpt>
      <trkpt lat="56.98195498760253" lon="-3.597789433530425">
        <ele>393</ele>
      </trkpt>
      <trkpt lat="56.98202078962427" lon="-3.5975863055502608">
        <ele>393</ele>
      </trkpt>
      <trkpt lat="56.98220675185963" lon="-3.5970999427808539">
        <ele>393</ele>
      </trkpt>
      <trkpt lat="56.98261205416747" lon="-3.596139614724398">
        <ele>393</ele>
      </trkpt>
      <trkpt lat="56.983131794774" lon="-3.5949542246805297">
        <ele>393</ele>
      </trkpt>
      <trkpt lat="56.98341693686822" lon="-3.5944497425138313">
        <ele>393</ele>
      </trkpt>
      <trkpt lat="56.98368014495519" lon="-3.594008201411409">
        <ele>393</ele>
      </trkpt>
      <trkpt lat="56.98395288956705" lon="-3.5936429525081093">
        <ele>392</ele>
      </trkpt>
      <trkpt lat="56.98481308411216" lon="-3.5925720007629254">
        <ele>392</ele>
      </trkpt>
      <trkpt lat="56.98566564943735" lon="-3.5915267976349452">
        <ele>395</ele>
      </trkpt>
      <trkpt lat="56.98576959755866" lon="-3.5913436963570509">
        <ele>396</ele>
      </trkpt>
      <trkpt lat="56.98581632653062" lon="-3.5912044630936522">
        <ele>396</ele>
      </trkpt>
      <trkpt lat="56.98584493610529" lon="-3.5910232691207358">
        <ele>396</ele>
      </trkpt>
      <trkpt lat="56.98592599656686" lon="-3.5895460614152239">
        <ele>398</ele>
      </trkpt>
      <trkpt lat="56.98594411596415" lon="-3.5883120350944151">
        <ele>398</ele>
      </trkpt>
      <trkpt lat="56.98599370589358" lon="-3.5878371161548768">
        <ele>399</ele>
      </trkpt>
      <trkpt lat="56.98602517642572" lon="-3.587298302498573">
        <ele>400</ele>
      </trkpt>
      <trkpt lat="56.98622639710091" lon="-3.5861453366393321">
        <ele>402</ele>
      </trkpt>
      <trkpt lat="56.98622639710091" lon="-3.5861453366393321">
        <ele>402</ele>
      </trkpt>
      <trkpt lat="56.98623784093078" lon="-3.5860423421705163">
        <ele>402</ele>
      </trkpt>
      <trkpt lat="56.98623784093078" lon="-3.5860423421705163">
        <ele>402</ele>
      </trkpt>
      <trkpt lat="56.98624356284571" lon="-3.5858840358573372">
        <ele>402</ele>
      </trkpt>
      <trkpt lat="56.98620732405112" lon="-3.5850390997520538">
        <ele>401</ele>
      </trkpt>
      <trkpt lat="56.98625023841313" lon="-3.5837497615868812">
        <ele>401</ele>
      </trkpt>
      <trkpt lat="56.98633034522221" lon="-3.5819521266450538">
        <ele>398</ele>
      </trkpt>
      <trkpt lat="56.98635514018692" lon="-3.5817108525653287">
        <ele>398</ele>
      </trkpt>
      <trkpt lat="56.98635227922946" lon="-3.581574480259397">
        <ele>398</ele>
      </trkpt>
      <trkpt lat="56.98635227922946" lon="-3.581574480259397">
        <ele>398</ele>
      </trkpt>
      <trkpt lat="56.98634465000954" lon="-3.5814562273507566">
        <ele>398</ele>
      </trkpt>
      <trkpt lat="56.98634465000954" lon="-3.5814562273507566">
        <ele>398</ele>
      </trkpt>
      <trkpt lat="56.98622639710091" lon="-3.5807390806790038">
        <ele>395</ele>
      </trkpt>
      <trkpt lat="56.98624356284571" lon="-3.5800000000000036">
        <ele>397</ele>
      </trkpt>
      <trkpt lat="56.98624356284571" lon="-3.579999999999993">
        <ele>397</ele>
      </trkpt>
      <trkpt lat="56.98623688727829" lon="-3.57945069616631">
        <ele>397</ele>
      </trkpt>
      <trkpt lat="56.9862530993706" lon="-3.578058363532322">
        <ele>400</ele>
      </trkpt>
      <trkpt lat="56.98622067518597" lon="-3.576925424375351">
        <ele>399</ele>
      </trkpt>
      <trkpt lat="56.98612530993707" lon="-3.5762530993705823">
        <ele>396</ele>
      </trkpt>
      <trkpt lat="56.98599847415603" lon="-3.5750162120923066">
        <ele>394</ele>
      </trkpt>
      <trkpt lat="56.98588880411979" lon="-3.5741579248521771">
        <ele>392</ele>
      </trkpt>
      <trkpt lat="56.98579629982835" lon="-3.5732929620446243">
        <ele>390</ele>
      </trkpt>
      <trkpt lat="56.98577627312608" lon="-3.5724098798397796">
        <ele>390</ele>
      </trkpt>
      <trkpt lat="56.98584493610529" lon="-3.5716021361815686">
        <ele>386</ele>
      </trkpt>
      <trkpt lat="56.98602326912074" lon="-3.5709307648292894">
        <ele>391</ele>
      </trkpt>
      <trkpt lat="56.9863055502575" lon="-3.5697654014876909">
        <ele>394</ele>
      </trkpt>
      <trkpt lat="56.98657352660691" lon="-3.5680984169368615">
        <ele>389</ele>
      </trkpt>
      <trkpt lat="56.98672325004769" lon="-3.5669616631699341">
        <ele>386</ele>
      </trkpt>
      <trkpt lat="56.98702746519169" lon="-3.5656065229830181">
        <ele>389</ele>
      </trkpt>
      <trkpt lat="56.98724871256915" lon="-3.5639996185389977">
        <ele>386</ele>
      </trkpt>
      <trkpt lat="56.9873660118253" lon="-3.563265306122442">
        <ele>384</ele>
      </trkpt>
      <trkpt lat="56.98741178714477" lon="-3.5626406637421257">
        <ele>382</ele>
      </trkpt>
      <trkpt lat="56.9875653251955" lon="-3.5612826625977427">
        <ele>382</ele>
      </trkpt>
      <trkpt lat="56.98759107381271" lon="-3.5608039290482481">
        <ele>381</ele>
      </trkpt>
      <trkpt lat="56.98772363150869" lon="-3.5599999999999934">
        <ele>381</ele>
      </trkpt>
      <trkpt lat="56.98772363150869" lon="-3.5599999999999827">
        <ele>381</ele>
      </trkpt>
      <trkpt lat="56.98780373831777" lon="-3.5595155445355542">
        <ele>381</ele>
      </trkpt>
      <trkpt lat="56.98826816707992" lon="-3.5577961090978278">
        <ele>379</ele>
      </trkpt>
      <trkpt lat="56.98840263208088" lon="-3.5572410833492105">
        <ele>378</ele>
      </trkpt>
      <trkpt lat="56.9886706084303" lon="-3.5565573145145737">
        <ele>380</ele>
      </trkpt>
      <trkpt lat="56.98897577722678" lon="-3.5551678428380526">
        <ele>382</ele>
      </trkpt>
      <trkpt lat="56.98906446690827" lon="-3.5544688155635917">
        <ele>382</ele>
      </trkpt>
      <trkpt lat="56.98910165935534" lon="-3.5538422658782971">
        <ele>382</ele>
      </trkpt>
      <trkpt lat="56.98910642761778" lon="-3.5534016784283637">
        <ele>383</ele>
      </trkpt>
      <trkpt lat="56.98908449361054" lon="-3.5530612244897788">
        <ele>384</ele>
      </trkpt>
      <trkpt lat="56.988870875453" lon="-3.5519912263970839">
        <ele>383</ele>
      </trkpt>
      <trkpt lat="56.988870875453" lon="-3.5516631699408565">
        <ele>383</ele>
      </trkpt>
      <trkpt lat="56.98892714094985" lon="-3.5510757200076122">
        <ele>383</ele>
      </trkpt>
      <trkpt lat="56.98892046538242" lon="-3.5508258630554854">
        <ele>383</ele>
      </trkpt>
      <trkpt lat="56.9888270074385" lon="-3.5495803929048084">
        <ele>380</ele>
      </trkpt>
      <trkpt lat="56.98883749761588" lon="-3.5492895288956534">
        <ele>379</ele>
      </trkpt>
      <trkpt lat="56.98901964524129" lon="-3.5482576769025198">
        <ele>381</ele>
      </trkpt>
      <trkpt lat="56.98906255960329" lon="-3.5478333015449">
        <ele>381</ele>
      </trkpt>
      <trkpt lat="56.98906454448275" lon="-3.5475211792494044">
        <ele>380</ele>
      </trkpt>
      <trkpt lat="56.98906454448275" lon="-3.5475211792494044">
        <ele>380</ele>
      </trkpt>
      <trkpt lat="56.98906539923541" lon="-3.5473867693934906">
        <ele>381</ele>
      </trkpt>
      <trkpt lat="56.98906539923541" lon="-3.5473867693934906">
        <ele>381</ele>
      </trkpt>
      <trkpt lat="56.98906637421324" lon="-3.547233454129298">
        <ele>381</ele>
      </trkpt>
      <trkpt lat="56.989044440206" lon="-3.546941636467654">
        <ele>381</ele>
      </trkpt>
      <trkpt lat="56.98904268936691" lon="-3.5468193695378138">
        <ele>381</ele>
      </trkpt>
      <trkpt lat="56.98904268936691" lon="-3.5468193695378138">
        <ele>381</ele>
      </trkpt>
      <trkpt lat="56.98903871829106" lon="-3.5465420560747494">
        <ele>381</ele>
      </trkpt>
      <trkpt lat="56.98903871829106" lon="-3.5465420560747494">
        <ele>381</ele>
      </trkpt>
      <trkpt lat="56.98906065229831" lon="-3.5464838832729182">
        <ele>382</ele>
      </trkpt>
      <trkpt lat="56.98906542056076" lon="-3.5464037764638396">
        <ele>382</ele>
      </trkpt>
      <trkpt lat="56.98906446690827" lon="-3.5457810413885009">
        <ele>382</ele>
      </trkpt>
      <trkpt lat="56.989087640839" lon="-3.5450320001433204">
        <ele>383</ele>
      </trkpt>
      <trkpt lat="56.98908764083946" lon="-3.5450320000787476">
        <ele>383</ele>
      </trkpt>
      <trkpt lat="56.98909495851546" lon="-3.5450211590772738">
        <ele>383</ele>
      </trkpt>
      <trkpt lat="56.98909495851546" lon="-3.5450211590772738">
        <ele>383</ele>
      </trkpt>
      <trkpt lat="56.98908764083946" lon="-3.5450320000787476">
        <ele>383</ele>
      </trkpt>
      <trkpt lat="56.989087640839" lon="-3.5450320001433204">
        <ele>383</ele>
      </trkpt>
      <trkpt lat="56.98909403013543" lon="-3.54482548159449">
        <ele>382</ele>
      </trkpt>
      <trkpt lat="56.98917862468792" lon="-3.5436139944712273">
        <ele>380</ele>
      </trkpt>
      <trkpt lat="56.98917862468792" lon="-3.5436139944712273">
        <ele>380</ele>
      </trkpt>
      <trkpt lat="56.98919797825673" lon="-3.5433368300591095">
        <ele>380</ele>
      </trkpt>
      <trkpt lat="56.98919797825673" lon="-3.5433368300591095">
        <ele>380</ele>
      </trkpt>
      <trkpt lat="56.9892908437057" lon="-3.5425029757152058">
        <ele>379</ele>
      </trkpt>
      <trkpt lat="56.9892908437057" lon="-3.5425029757152058">
        <ele>379</ele>
      </trkpt>
      <trkpt lat="56.98933530421515" lon="-3.5421037573907896">
        <ele>379</ele>
      </trkpt>
      <trkpt lat="56.98933530421515" lon="-3.5421037573907896">
        <ele>379</ele>
      </trkpt>
      <trkpt lat="56.98939016435658" lon="-3.5413949066160484">
        <ele>378</ele>
      </trkpt>
      <trkpt lat="56.98939016435658" lon="-3.5413949066160484">
        <ele>378</ele>
      </trkpt>
      <trkpt lat="56.98940778180432" lon="-3.5411672706465591">
        <ele>378</ele>
      </trkpt>
      <trkpt lat="56.98950410070571" lon="-3.5406065229830079">
        <ele>377</ele>
      </trkpt>
      <trkpt lat="56.98955559794012" lon="-3.5399999999999832">
        <ele>377</ele>
      </trkpt>
      <trkpt lat="56.98955559794012" lon="-3.5400000000000009">
        <ele>377</ele>
      </trkpt>
      <trkpt lat="56.98970820492969" lon="-3.5381977114531016">
        <ele>373</ele>
      </trkpt>
      <trkpt lat="56.98970820492969" lon="-3.5381977114531016">
        <ele>373</ele>
      </trkpt>
      <trkpt lat="56.98974632843792" lon="-3.5377474728209051">
        <ele>372</ele>
      </trkpt>
      <trkpt lat="56.98987316421897" lon="-3.5368519931337032">
        <ele>370</ele>
      </trkpt>
      <trkpt lat="56.99005346965591" lon="-3.5358559564077159">
        <ele>370</ele>
      </trkpt>
      <trkpt lat="56.99005346965591" lon="-3.5358559564077159">
        <ele>370</ele>
      </trkpt>
      <trkpt lat="56.99012969673852" lon="-3.5354348655350001">
        <ele>370</ele>
      </trkpt>
      <trkpt lat="56.99017928666795" lon="-3.5350781995041016">
        <ele>369</ele>
      </trkpt>
      <trkpt lat="56.9901487697883" lon="-3.5348178523745957">
        <ele>369</ele>
      </trkpt>
      <trkpt lat="56.99013306108614" lon="-3.534603494043095">
        <ele>368</ele>
      </trkpt>
      <trkpt lat="56.99013306108614" lon="-3.534603494043095">
        <ele>368</ele>
      </trkpt>
      <trkpt lat="56.99012647393413" lon="-3.5345136068646257">
        <ele>368</ele>
      </trkpt>
      <trkpt lat="56.99012647393413" lon="-3.5345136068646257">
        <ele>368</ele>
      </trkpt>
      <trkpt lat="56.99010299446883" lon="-3.5341932099942794">
        <ele>367</ele>
      </trkpt>
      <trkpt lat="56.99009155063896" lon="-3.5337936296013743">
        <ele>367</ele>
      </trkpt>
      <trkpt lat="56.99011634560367" lon="-3.5334121686057611">
        <ele>367</ele>
      </trkpt>
      <trkpt lat="56.9901831012779" lon="-3.5331117680717159">
        <ele>368</ele>
      </trkpt>
      <trkpt lat="56.99025462521458" lon="-3.5329115010490191">
        <ele>368</ele>
      </trkpt>
      <trkpt lat="56.99037573908069" lon="-3.5326349418271992">
        <ele>368</ele>
      </trkpt>
      <trkpt lat="56.99043772649247" lon="-3.532396528704941">
        <ele>368</ele>
      </trkpt>
      <trkpt lat="56.99043772649247" lon="-3.532396528704941">
        <ele>368</ele>
      </trkpt>
      <trkpt lat="56.99047396528706" lon="-3.5317957276368501">
        <ele>366</ele>
      </trkpt>
      <trkpt lat="56.99047396528706" lon="-3.5317957276368501">
        <ele>366</ele>
      </trkpt>
      <trkpt lat="56.99049494564181" lon="-3.5316240701888244">
        <ele>366</ele>
      </trkpt>
      <trkpt lat="56.9905483501812" lon="-3.5314295250810614">
        <ele>365</ele>
      </trkpt>
      <trkpt lat="56.99088880411979" lon="-3.530456799542248">
        <ele>364</ele>
      </trkpt>
      <trkpt lat="56.99110432958231" lon="-3.5297806599275234">
        <ele>366</ele>
      </trkpt>
      <trkpt lat="56.99116917795156" lon="-3.529534617585353">
        <ele>366</ele>
      </trkpt>
      <trkpt lat="56.99124547015069" lon="-3.5290778180431062">
        <ele>367</ele>
      </trkpt>
      <trkpt lat="56.99134941827199" lon="-3.528177570093459">
        <ele>367</ele>
      </trkpt>
      <trkpt lat="56.9914266641236" lon="-3.5270856379935163">
        <ele>368</ele>
      </trkpt>
      <trkpt lat="56.99148197596796" lon="-3.5257171466717541">
        <ele>368</ele>
      </trkpt>
      <trkpt lat="56.99151249284762" lon="-3.5253747854281912">
        <ele>369</ele>
      </trkpt>
      <trkpt lat="56.99162407018883" lon="-3.5243019263780289">
        <ele>368</ele>
      </trkpt>
      <trkpt lat="56.99167175281328" lon="-3.5235609383940503">
        <ele>367</ele>
      </trkpt>
      <trkpt lat="56.99170417699791" lon="-3.5226435246996006">
        <ele>365</ele>
      </trkpt>
      <trkpt lat="56.99172897196262" lon="-3.5213351134846471">
        <ele>366</ele>
      </trkpt>
      <trkpt lat="56.99169464047302" lon="-3.520401487697884">
        <ele>366</ele>
      </trkpt>
      <trkpt lat="56.9916950338132" lon="-3.5203462889593302">
        <ele>367</ele>
      </trkpt>
      <trkpt lat="56.9916950338132" lon="-3.5203462889593302">
        <ele>367</ele>
      </trkpt>
      <trkpt lat="56.99169602861398" lon="-3.5202066852495402">
        <ele>367</ele>
      </trkpt>
      <trkpt lat="56.99169602861398" lon="-3.5202066852495402">
        <ele>367</ele>
      </trkpt>
      <trkpt lat="56.99169750143049" lon="-3.5200000000000014">
        <ele>367</ele>
      </trkpt>
      <trkpt lat="56.99169750143049" lon="-3.5199999999999907">
        <ele>367</ele>
      </trkpt>
      <trkpt lat="56.99170036238795" lon="-3.5194812130459567">
        <ele>367</ele>
      </trkpt>
      <trkpt lat="56.99175090596987" lon="-3.5184655731451366">
        <ele>368</ele>
      </trkpt>
      <trkpt lat="56.99175090596987" lon="-3.5178209040625505">
        <ele>367</ele>
      </trkpt>
      <trkpt lat="56.99176557406929" lon="-3.5170629201143542">
        <ele>366</ele>
      </trkpt>
      <trkpt lat="56.99176557406929" lon="-3.5170629201143542">
        <ele>366</ele>
      </trkpt>
      <trkpt lat="56.99178619111197" lon="-3.5159975205035194">
        <ele>366</ele>
      </trkpt>
      <trkpt lat="56.99194415452166" lon="-3.5131246187248917">
        <ele>364</ele>
      </trkpt>
      <trkpt lat="56.99194415452166" lon="-3.5131246187248917">
        <ele>364</ele>
      </trkpt>
      <trkpt lat="56.99194926568759" lon="-3.5130316612626267">
        <ele>364</ele>
      </trkpt>
      <trkpt lat="56.99214190349038" lon="-3.5118424566088025">
        <ele>363</ele>
      </trkpt>
      <trkpt lat="56.99229179294652" lon="-3.5100920148907968">
        <ele>364</ele>
      </trkpt>
      <trkpt lat="56.99229179294652" lon="-3.5100920148907968">
        <ele>364</ele>
      </trkpt>
      <trkpt lat="56.99233454129316" lon="-3.509592790387174">
        <ele>364</ele>
      </trkpt>
      <trkpt lat="56.99220579820715" lon="-3.5085838260537767">
        <ele>360</ele>
      </trkpt>
      <trkpt lat="56.99216574480261" lon="-3.5081356093839315">
        <ele>359</ele>
      </trkpt>
      <trkpt lat="56.99210280373833" lon="-3.5073879458325297">
        <ele>358</ele>
      </trkpt>
      <trkpt lat="56.99208182338356" lon="-3.5067270646576296">
        <ele>357</ele>
      </trkpt>
      <trkpt lat="56.99209892580716" lon="-3.5063656741590914">
        <ele>357</ele>
      </trkpt>
      <trkpt lat="56.99209892580716" lon="-3.5063656741590914">
        <ele>357</ele>
      </trkpt>
      <trkpt lat="56.99216193019264" lon="-3.505034331489596">
        <ele>358</ele>
      </trkpt>
      <trkpt lat="56.9921142475682" lon="-3.5041302689299929">
        <ele>357</ele>
      </trkpt>
      <trkpt lat="56.99217699237528" lon="-3.5035338886762197">
        <ele>359</ele>
      </trkpt>
      <trkpt lat="56.99217699237528" lon="-3.5035338886762197">
        <ele>359</ele>
      </trkpt>
      <trkpt lat="56.99221247377456" lon="-3.5031966431432293">
        <ele>360</ele>
      </trkpt>
      <trkpt lat="56.99224836018576" lon="-3.5025024469922292">
        <ele>362</ele>
      </trkpt>
      <trkpt lat="56.99224836018576" lon="-3.5025024469922292">
        <ele>362</ele>
      </trkpt>
      <trkpt lat="56.99227064657639" lon="-3.5020713332061706">
        <ele>363</ele>
      </trkpt>
      <trkpt lat="56.99233358764067" lon="-3.501249284760624">
        <ele>364</ele>
      </trkpt>
      <trkpt lat="56.9924527942018" lon="-3.5006837688346275">
        <ele>365</ele>
      </trkpt>
      <trkpt lat="56.9924623307267" lon="-3.5004863627693976">
        <ele>365</ele>
      </trkpt>
      <trkpt lat="56.99241846271219" lon="-3.4999999999999911">
        <ele>362</ele>
      </trkpt>
      <trkpt lat="56.99241846271219" lon="-3.5000000000000089">
        <ele>362</ele>
      </trkpt>
      <trkpt lat="56.99235647530041" lon="-3.4996414266641325">
        <ele>362</ele>
      </trkpt>
      <trkpt lat="56.99235170703796" lon="-3.498781232119025">
        <ele>365</ele>
      </trkpt>
      <trkpt lat="56.99232595842076" lon="-3.498556170131613">
        <ele>365</ele>
      </trkpt>
      <trkpt lat="56.99221533473203" lon="-3.4982424184627212">
        <ele>365</ele>
      </trkpt>
      <trkpt lat="56.99211234026322" lon="-3.4979963761205508">
        <ele>363</ele>
      </trkpt>
      <trkpt lat="56.99205607476637" lon="-3.4978094602327001">
        <ele>362</ele>
      </trkpt>
      <trkpt lat="56.99202365058174" lon="-3.4975948884226677">
        <ele>360</ele>
      </trkpt>
      <trkpt lat="56.9920179286668" lon="-3.4972916269311556">
        <ele>359</ele>
      </trkpt>
      <trkpt lat="56.99239938966242" lon="-3.4950638947167745">
        <ele>359</ele>
      </trkpt>
      <trkpt lat="56.99243944306696" lon="-3.4936677474728302">
        <ele>360</ele>
      </trkpt>
      <trkpt lat="56.99235266069045" lon="-3.4929849322906823">
        <ele>358</ele>
      </trkpt>
      <trkpt lat="56.99229162693116" lon="-3.4926416173946304">
        <ele>356</ele>
      </trkpt>
      <trkpt lat="56.99227446118635" lon="-3.4923421705130742">
        <ele>355</ele>
      </trkpt>
      <trkpt lat="56.99229544154111" lon="-3.4920818233835682">
        <ele>355</ele>
      </trkpt>
      <trkpt lat="56.99247472820905" lon="-3.4913971008964424">
        <ele>357</ele>
      </trkpt>
      <trkpt lat="56.9925920274652" lon="-3.489760633225262">
        <ele>355</ele>
      </trkpt>
      <trkpt lat="56.99294583253863" lon="-3.4884102613007912">
        <ele>358</ele>
      </trkpt>
      <trkpt lat="56.99307680306444" lon="-3.487201902282945">
        <ele>356</ele>
      </trkpt>
      <trkpt lat="56.99307680306444" lon="-3.487201902282945">
        <ele>356</ele>
      </trkpt>
      <trkpt lat="56.99310604615679" lon="-3.48693209994279">
        <ele>355</ele>
      </trkpt>
      <trkpt lat="56.99312734180159" lon="-3.4866609353990152">
        <ele>354</ele>
      </trkpt>
      <trkpt lat="56.99312734180159" lon="-3.4866609353990152">
        <ele>354</ele>
      </trkpt>
      <trkpt lat="56.99316382060132" lon="-3.4861964386823319">
        <ele>352</ele>
      </trkpt>
      <trkpt lat="56.99316382058177" lon="-3.4861964388925339">
        <ele>352</ele>
      </trkpt>
      <trkpt lat="56.99315709116167" lon="-3.4861575484522036">
        <ele>352</ele>
      </trkpt>
      <trkpt lat="56.99315709116167" lon="-3.4861575484522036">
        <ele>352</ele>
      </trkpt>
      <trkpt lat="56.99316382058177" lon="-3.4861964388925339">
        <ele>352</ele>
      </trkpt>
      <trkpt lat="56.99316382060132" lon="-3.4861964386823319">
        <ele>352</ele>
      </trkpt>
      <trkpt lat="56.99323478924281" lon="-3.4852927713141422">
        <ele>352</ele>
      </trkpt>
      <trkpt lat="56.99339881747093" lon="-3.4833921419034994">
        <ele>348</ele>
      </trkpt>
      <trkpt lat="56.99345412931529" lon="-3.482486172038918">
        <ele>349</ele>
      </trkpt>
      <trkpt lat="56.99351048509379" lon="-3.4820662432171292">
        <ele>350</ele>
      </trkpt>
      <trkpt lat="56.99351048509379" lon="-3.4820662432171292">
        <ele>350</ele>
      </trkpt>
      <trkpt lat="56.99359145527371" lon="-3.4814629029181856">
        <ele>352</ele>
      </trkpt>
      <trkpt lat="56.99361529658594" lon="-3.4811939729162784">
        <ele>352</ele>
      </trkpt>
      <trkpt lat="56.9935752431814" lon="-3.480771504863637">
        <ele>350</ele>
      </trkpt>
      <trkpt lat="56.99357583740492" lon="-3.4807234321807852">
        <ele>350</ele>
      </trkpt>
      <trkpt lat="56.99357583740492" lon="-3.4807234321807852">
        <ele>350</ele>
      </trkpt>
      <trkpt lat="56.99358477970628" lon="-3.4800000000000093">
        <ele>351</ele>
      </trkpt>
      <trkpt lat="56.99358477970628" lon="-3.4799999999999986">
        <ele>351</ele>
      </trkpt>
      <trkpt lat="56.99359336257869" lon="-3.4796671752813264">
        <ele>351</ele>
      </trkpt>
      <trkpt lat="56.99357739687558" lon="-3.47934882883759">
        <ele>350</ele>
      </trkpt>
      <trkpt lat="56.99357739687558" lon="-3.47934882883759">
        <ele>350</ele>
      </trkpt>
      <trkpt lat="56.99356189204655" lon="-3.4790396719435428">
        <ele>350</ele>
      </trkpt>
      <trkpt lat="56.99360047243808" lon="-3.4783422571735563">
        <ele>350</ele>
      </trkpt>
      <trkpt lat="56.99360047243808" lon="-3.4783422571735563">
        <ele>350</ele>
      </trkpt>
      <trkpt lat="56.99361148197598" lon="-3.4781432386038516">
        <ele>350</ele>
      </trkpt>
      <trkpt lat="56.99375072510898" lon="-3.4760316781817595">
        <ele>350</ele>
      </trkpt>
      <trkpt lat="56.99375072510898" lon="-3.4760316781817595">
        <ele>350</ele>
      </trkpt>
      <trkpt lat="56.9936262621864" lon="-3.4759247059514755">
        <ele>348</ele>
      </trkpt>
      <trkpt lat="56.9936262621864" lon="-3.4759247059514755">
        <ele>348</ele>
      </trkpt>
      <trkpt lat="56.99398531125244" lon="-3.4739896745534415">
        <ele>352</ele>
      </trkpt>
      <trkpt lat="56.99398531125244" lon="-3.4739896745534415">
        <ele>352</ele>
      </trkpt>
      <trkpt lat="56.99414552736984" lon="-3.4732567232500466">
        <ele>355</ele>
      </trkpt>
      <trkpt lat="56.99421895861149" lon="-3.4726940682815171">
        <ele>356</ele>
      </trkpt>
      <trkpt lat="56.99445927903873" lon="-3.4703309174136932">
        <ele>357</ele>
      </trkpt>
      <trkpt lat="56.99467098989129" lon="-3.4687526225443439">
        <ele>355</ele>
      </trkpt>
      <trkpt lat="56.99492370780089" lon="-3.4671790959374391">
        <ele>350</ele>
      </trkpt>
      <trkpt lat="56.99507343124166" lon="-3.4667842838069798">
        <ele>351</ele>
      </trkpt>
      <trkpt lat="56.99515333025051" lon="-3.4665262100084022">
        <ele>351</ele>
      </trkpt>
      <trkpt lat="56.99515333025051" lon="-3.4665262100084022">
        <ele>351</ele>
      </trkpt>
      <trkpt lat="56.99516879649057" lon="-3.4664762540530218">
        <ele>351</ele>
      </trkpt>
      <trkpt lat="56.99521743276751" lon="-3.4662550066755662">
        <ele>351</ele>
      </trkpt>
      <trkpt lat="56.99525939347703" lon="-3.4659603280564553">
        <ele>350</ele>
      </trkpt>
      <trkpt lat="56.9953404539386" lon="-3.4652622544344829">
        <ele>347</ele>
      </trkpt>
      <trkpt lat="56.99543200457754" lon="-3.4647758916650759">
        <ele>347</ele>
      </trkpt>
      <trkpt lat="56.99565706656495" lon="-3.4641941636467659">
        <ele>347</ele>
      </trkpt>
      <trkpt lat="56.99590965125845" lon="-3.4636327682149868">
        <ele>346</ele>
      </trkpt>
      <trkpt lat="56.99590965125845" lon="-3.4636327682149868">
        <ele>346</ele>
      </trkpt>
      <trkpt lat="56.99593553309175" lon="-3.4635752431813835">
        <ele>346</ele>
      </trkpt>
      <trkpt lat="56.99614004095935" lon="-3.4632062709447462">
        <ele>346</ele>
      </trkpt>
      <trkpt lat="56.99614004095935" lon="-3.4632062709447462">
        <ele>346</ele>
      </trkpt>
      <trkpt lat="56.99620827770362" lon="-3.4630831584970427">
        <ele>347</ele>
      </trkpt>
      <trkpt lat="56.99630078199505" lon="-3.4629019645241264">
        <ele>347</ele>
      </trkpt>
      <trkpt lat="56.99652584398246" lon="-3.4625185962235352">
        <ele>345</ele>
      </trkpt>
      <trkpt lat="56.99674136944498" lon="-3.4621190158306301">
        <ele>344</ele>
      </trkpt>
      <trkpt lat="56.99720484455465" lon="-3.4611901583063118">
        <ele>339</ele>
      </trkpt>
      <trkpt lat="56.99746900629412" lon="-3.4608172801831003">
        <ele>336</ele>
      </trkpt>
      <trkpt lat="56.99793534236125" lon="-3.4599999999999991">
        <ele>337</ele>
      </trkpt>
      <trkpt lat="56.99793534236125" lon="-3.4599999999999884">
        <ele>337</ele>
      </trkpt>
      <trkpt lat="56.99837783711617" lon="-3.4592246805264049">
        <ele>336</ele>
      </trkpt>
      <trkpt lat="56.99857190028099" lon="-3.4589545851514902">
        <ele>337</ele>
      </trkpt>
      <trkpt lat="56.99857190028099" lon="-3.4589545851514902">
        <ele>337</ele>
      </trkpt>
      <trkpt lat="56.99965573145147" lon="-3.4574461186343584">
        <ele>334</ele>
      </trkpt>
      <trkpt lat="56.99989891283617" lon="-3.4571867251573414">
        <ele>334</ele>
      </trkpt>
      <trkpt lat="57.00000000000001" lon="-3.4570894526034599">
        <ele>334</ele>
      </trkpt>
      <trkpt lat="56.99999999999999" lon="-3.4570894526034599">
        <ele>334</ele>
      </trkpt>
      <trkpt lat="57.00031756627884" lon="-3.4567919130268816">
        <ele>333</ele>
      </trkpt>
      <trkpt lat="57.00058077436582" lon="-3.456599275224097">
        <ele>332</ele>
      </trkpt>
      <trkpt lat="57.00079153156589" lon="-3.4565020026702156">
        <ele>333</ele>
      </trkpt>
      <trkpt lat="57.00097749380125" lon="-3.4563799351516193">
        <ele>334</ele>
      </trkpt>
      <trkpt lat="57.00113961472439" lon="-3.4562016021361703">
        <ele>334</ele>
      </trkpt>
      <trkpt lat="57.00146671752812" lon="-3.4557095174518291">
        <ele>334</ele>
      </trkpt>
      <trkpt lat="57.00176902536715" lon="-3.4551077627312492">
        <ele>335</ele>
      </trkpt>
      <trkpt lat="57.00188702315813" lon="-3.4548530912399178">
        <ele>336</ele>
      </trkpt>
      <trkpt lat="57.00188702315813" lon="-3.4548530912399178">
        <ele>336</ele>
      </trkpt>
      <trkpt lat="57.0020059384472" lon="-3.4545964395368847">
        <ele>338</ele>
      </trkpt>
      <trkpt lat="57.0020059384472" lon="-3.4545964395368847">
        <ele>338</ele>
      </trkpt>
      <trkpt lat="57.00193221211671" lon="-3.4547555611134824">
        <ele>337</ele>
      </trkpt>
      <trkpt lat="57.00193305359526" lon="-3.4547453747854169">
        <ele>337</ele>
      </trkpt>
      <trkpt lat="57.00195117299256" lon="-3.4545260347129392">
        <ele>337</ele>
      </trkpt>
      <trkpt lat="57.00196378280796" lon="-3.4544209529178844">
        <ele>337</ele>
      </trkpt>
      <trkpt lat="57.00196378280796" lon="-3.4544209529178844">
        <ele>337</ele>
      </trkpt>
      <trkpt lat="57.0019912263971" lon="-3.4541922563417775">
        <ele>337</ele>
      </trkpt>
      <trkpt lat="57.00201220675185" lon="-3.4540902155254511">
        <ele>336</ele>
      </trkpt>
      <trkpt lat="57.00210852565324" lon="-3.4539004386801335">
        <ele>337</ele>
      </trkpt>
      <trkpt lat="57.00222296395193" lon="-3.4537030326149036">
        <ele>337</ele>
      </trkpt>
      <trkpt lat="57.00230283527821" lon="-3.4535872640633274">
        <ele>336</ele>
      </trkpt>
      <trkpt lat="57.00230283527821" lon="-3.4535872640633274">
        <ele>336</ele>
      </trkpt>
      <trkpt lat="57.00230783902345" lon="-3.4535800114438184">
        <ele>336</ele>
      </trkpt>
      <trkpt lat="57.00237936296013" lon="-3.4533101277894223">
        <ele>335</ele>
      </trkpt>
      <trkpt lat="57.00238889948502" lon="-3.45322334541292">
        <ele>335</ele>
      </trkpt>
      <trkpt lat="57.00242513827961" lon="-3.4530860194544992">
        <ele>335</ele>
      </trkpt>
      <trkpt lat="57.00247282090405" lon="-3.4529458325386115">
        <ele>335</ele>
      </trkpt>
      <trkpt lat="57.00259679572763" lon="-3.4528695403394889">
        <ele>335</ele>
      </trkpt>
      <trkpt lat="57.00278371161548" lon="-3.4528828914743355">
        <ele>335</ele>
      </trkpt>
      <trkpt lat="57.00283616250238" lon="-3.4528609574670877">
        <ele>335</ele>
      </trkpt>
      <trkpt lat="57.00295241981795" lon="-3.4527519099075175">
        <ele>335</ele>
      </trkpt>
      <trkpt lat="57.00295241981795" lon="-3.4527519099075175">
        <ele>335</ele>
      </trkpt>
      <trkpt lat="57.00295918367346" lon="-3.4527455655159147">
        <ele>334</ele>
      </trkpt>
      <trkpt lat="57.0031213045966" lon="-3.4528466526797521">
        <ele>335</ele>
      </trkpt>
      <trkpt lat="57.00317184817852" lon="-3.452931527751276">
        <ele>335</ele>
      </trkpt>
      <trkpt lat="57.00321476254052" lon="-3.4530221247377342">
        <ele>336</ele>
      </trkpt>
      <trkpt lat="57.00326721342742" lon="-3.4530011443829753">
        <ele>336</ele>
      </trkpt>
      <trkpt lat="57.00332538622925" lon="-3.4529658592408814">
        <ele>335</ele>
      </trkpt>
      <trkpt lat="57.00351134846461" lon="-3.4527684531756515">
        <ele>336</ele>
      </trkpt>
      <trkpt lat="57.00369158878504" lon="-3.4526177760823842">
        <ele>337</ele>
      </trkpt>
      <trkpt lat="57.00373404191191" lon="-3.4525684354552078">
        <ele>338</ele>
      </trkpt>
      <trkpt lat="57.00373404191191" lon="-3.4525684354552078">
        <ele>338</ele>
      </trkpt>
      <trkpt lat="57.0043734503147" lon="-3.4518252908639977">
        <ele>340</ele>
      </trkpt>
      <trkpt lat="57.00453271028037" lon="-3.4515706656494261">
        <ele>341</ele>
      </trkpt>
      <trkpt lat="57.00469959946594" lon="-3.4511806217814116">
        <ele>341</ele>
      </trkpt>
      <trkpt lat="57.00483978638184" lon="-3.4507705512111273">
        <ele>341</ele>
      </trkpt>
      <trkpt lat="57.00483978638184" lon="-3.4507705512111273">
        <ele>341</ele>
      </trkpt>
      <trkpt lat="57.0049904634751" lon="-3.4499322906732672">
        <ele>339</ele>
      </trkpt>
      <trkpt lat="57.00520026702269" lon="-3.4493829868395842">
        <ele>340</ele>
      </trkpt>
      <trkpt lat="57.00536143429333" lon="-3.4489605187869428">
        <ele>341</ele>
      </trkpt>
      <trkpt lat="57.00561415220293" lon="-3.4475033377837003">
        <ele>335</ele>
      </trkpt>
      <trkpt lat="57.00582872401296" lon="-3.4463551401869044">
        <ele>335</ele>
      </trkpt>
      <trkpt lat="57.006086210185" lon="-3.4446795727636736">
        <ele>335</ele>
      </trkpt>
      <trkpt lat="57.00632271600228" lon="-3.44379553690634">
        <ele>335</ele>
      </trkpt>
      <trkpt lat="57.00653442685484" lon="-3.442583444592779">
        <ele>331</ele>
      </trkpt>
      <trkpt lat="57.0067728399771" lon="-3.4422296395193479">
        <ele>334</ele>
      </trkpt>
      <trkpt lat="57.00702460423421" lon="-3.4410423421705016">
        <ele>333</ele>
      </trkpt>
      <trkpt lat="57.00730402441349" lon="-3.4399999999999888">
        <ele>331</ele>
      </trkpt>
      <trkpt lat="57.00730402441349" lon="-3.4400000000000066">
        <ele>331</ele>
      </trkpt>
      <trkpt lat="57.00732881937821" lon="-3.4399055884035925">
        <ele>331</ele>
      </trkpt>
      <trkpt lat="57.00760919320999" lon="-3.4391026130078268">
        <ele>331</ele>
      </trkpt>
      <trkpt lat="57.00794869349608" lon="-3.4382014114056907">
        <ele>332</ele>
      </trkpt>
      <trkpt lat="57.00809937058935" lon="-3.4378323478924346">
        <ele>332</ele>
      </trkpt>
      <trkpt lat="57.00836734693877" lon="-3.4374442113293986">
        <ele>332</ele>
      </trkpt>
      <trkpt lat="57.00842170513064" lon="-3.4372353614343001">
        <ele>332</ele>
      </trkpt>
      <trkpt lat="57.00854663360671" lon="-3.4364829296204533">
        <ele>330</ele>
      </trkpt>
      <trkpt lat="57.00863913789814" lon="-3.4359746328437986">
        <ele>330</ele>
      </trkpt>
      <trkpt lat="57.00898817470912" lon="-3.4343791722296464">
        <ele>330</ele>
      </trkpt>
      <trkpt lat="57.00911024222772" lon="-3.4339109288575314">
        <ele>330</ele>
      </trkpt>
      <trkpt lat="57.00912645432004" lon="-3.4337001716574549">
        <ele>330</ele>
      </trkpt>
      <trkpt lat="57.00914457371733" lon="-3.4333072668319731">
        <ele>329</ele>
      </trkpt>
      <trkpt lat="57.00929238985313" lon="-3.4329305740988052">
        <ele>331</ele>
      </trkpt>
      <trkpt lat="57.00935246995994" lon="-3.4326578294869416">
        <ele>331</ele>
      </trkpt>
      <trkpt lat="57.00950505435819" lon="-3.4318329200839282">
        <ele>332</ele>
      </trkpt>
      <trkpt lat="57.00969864581346" lon="-3.4312788479878003">
        <ele>334</ele>
      </trkpt>
      <trkpt lat="57.0098083158497" lon="-3.4305063894716832">
        <ele>333</ele>
      </trkpt>
      <trkpt lat="57.00980450123974" lon="-3.4299017737936364">
        <ele>332</ele>
      </trkpt>
      <trkpt lat="57.00981403776463" lon="-3.4294821666984618">
        <ele>331</ele>
      </trkpt>
      <trkpt lat="57.00991798588593" lon="-3.4289681480068732">
        <ele>330</ele>
      </trkpt>
      <trkpt lat="57.01003719244707" lon="-3.4285342361243631">
        <ele>330</ele>
      </trkpt>
      <trkpt lat="57.01005435819187" lon="-3.4280993705893641">
        <ele>329</ele>
      </trkpt>
      <trkpt lat="57.01007343124164" lon="-3.4263971008964402">
        <ele>329</ele>
      </trkpt>
      <trkpt lat="57.01004482166697" lon="-3.4260938394049276">
        <ele>328</ele>
      </trkpt>
      <trkpt lat="57.01010776273125" lon="-3.4247310699980997">
        <ele>330</ele>
      </trkpt>
      <trkpt lat="57.01019359145526" lon="-3.4237955369063582">
        <ele>332</ele>
      </trkpt>
      <trkpt lat="57.01031851993132" lon="-3.4228199504100774">
        <ele>335</ele>
      </trkpt>
      <trkpt lat="57.01033187106617" lon="-3.4224499332443328">
        <ele>336</ele>
      </trkpt>
      <trkpt lat="57.01030230783901" lon="-3.4215592218195758">
        <ele>335</ele>
      </trkpt>
      <trkpt lat="57.01021838641998" lon="-3.420000000000007">
        <ele>334</ele>
      </trkpt>
      <trkpt lat="57.01021838641998" lon="-3.4199999999999964">
        <ele>334</ele>
      </trkpt>
      <trkpt lat="57.01018977684531" lon="-3.4194735838260502">
        <ele>333</ele>
      </trkpt>
      <trkpt lat="57.01020408163264" lon="-3.4189557505245056">
        <ele>332</ele>
      </trkpt>
      <trkpt lat="57.01022792294487" lon="-3.4186582109479273">
        <ele>333</ele>
      </trkpt>
      <trkpt lat="57.01036048064085" lon="-3.4179629982834223">
        <ele>335</ele>
      </trkpt>
      <trkpt lat="57.01037383177569" lon="-3.4176921609765367">
        <ele>334</ele>
      </trkpt>
      <trkpt lat="57.01034808315849" lon="-3.4172201029944653">
        <ele>332</ele>
      </trkpt>
      <trkpt lat="57.0104424947549" lon="-3.4166250238413087">
        <ele>333</ele>
      </trkpt>
      <trkpt lat="57.0107638756437" lon="-3.4152679763494147">
        <ele>327</ele>
      </trkpt>
      <trkpt lat="57.0108516116727" lon="-3.4149532710280339">
        <ele>326</ele>
      </trkpt>
      <trkpt lat="57.01100514972343" lon="-3.4146986458134623">
        <ele>331</ele>
      </trkpt>
      <trkpt lat="57.01116154873164" lon="-3.4144068281518183">
        <ele>335</ele>
      </trkpt>
      <trkpt lat="57.01156303642951" lon="-3.4127894335304183">
        <ele>338</ele>
      </trkpt>
      <trkpt lat="57.01176711806217" lon="-3.4115878313942365">
        <ele>331</ele>
      </trkpt>
      <trkpt lat="57.01201220675185" lon="-3.4106656494373415">
        <ele>330</ele>
      </trkpt>
      <trkpt lat="57.01272553881365" lon="-3.4097530040053372">
        <ele>336</ele>
      </trkpt>
      <trkpt lat="57.01340263208086" lon="-3.4086162502384099">
        <ele>336</ele>
      </trkpt>
      <trkpt lat="57.01410165935532" lon="-3.4076177760823922">
        <ele>334</ele>
      </trkpt>
      <trkpt lat="57.01410165935532" lon="-3.4076177760823922">
        <ele>334</ele>
      </trkpt>
      <trkpt lat="57.01413885180239" lon="-3.4075643715430064">
        <ele>333</ele>
      </trkpt>
      <trkpt lat="57.01413885180239" lon="-3.4075643715430064">
        <ele>333</ele>
      </trkpt>
      <trkpt lat="57.01499713904252" lon="-3.4055693305359491">
        <ele>329</ele>
      </trkpt>
      <trkpt lat="57.01533759298111" lon="-3.4050009536524857">
        <ele>332</ele>
      </trkpt>
      <trkpt lat="57.01533759298111" lon="-3.4050009536524857">
        <ele>332</ele>
      </trkpt>
      <trkpt lat="57.01534808315849" lon="-3.4049828342551942">
        <ele>332</ele>
      </trkpt>
      <trkpt lat="57.01534808315849" lon="-3.4049828342551942">
        <ele>332</ele>
      </trkpt>
      <trkpt lat="57.01538909021551" lon="-3.4049141712759838">
        <ele>332</ele>
      </trkpt>
      <trkpt lat="57.01605855426282" lon="-3.4040635132557662">
        <ele>333</ele>
      </trkpt>
      <trkpt lat="57.01605855426282" lon="-3.4040635132557662">
        <ele>333</ele>
      </trkpt>
      <trkpt lat="57.01614438298683" lon="-3.4039547968720165">
        <ele>333</ele>
      </trkpt>
      <trkpt lat="57.01614438298683" lon="-3.4039547968720165">
        <ele>333</ele>
      </trkpt>
      <trkpt lat="57.01650486362769" lon="-3.4034979973297697">
        <ele>336</ele>
      </trkpt>
      <trkpt lat="57.01663815975825" lon="-3.4031984445709016">
        <ele>336</ele>
      </trkpt>
      <trkpt lat="57.01663837497615" lon="-3.4031985504482134">
        <ele>336</ele>
      </trkpt>
      <trkpt lat="57.01694259012015" lon="-3.4033482738889913">
        <ele>341</ele>
      </trkpt>
      <trkpt lat="57.01722868586686" lon="-3.4032405111577306">
        <ele>344</ele>
      </trkpt>
      <trkpt lat="57.01761968338737" lon="-3.4027045584588942">
        <ele>346</ele>
      </trkpt>
      <trkpt lat="57.01786572572954" lon="-3.4019645241274046">
        <ele>345</ele>
      </trkpt>
      <trkpt lat="57.01813942399389" lon="-3.4011806217814193">
        <ele>347</ele>
      </trkpt>
      <trkpt lat="57.01862483311081" lon="-3.4007629219912232">
        <ele>357</ele>
      </trkpt>
      <trkpt lat="57.01896910165934" lon="-3.4002260156398973">
        <ele>361</ele>
      </trkpt>
      <trkpt lat="57.01900152584398" lon="-3.3999999999999968">
        <ele>359</ele>
      </trkpt>
      <trkpt lat="57.01900152584398" lon="-3.3999999999999861">
        <ele>359</ele>
      </trkpt>
      <trkpt lat="57.0190511157734" lon="-3.3996576387564237">
        <ele>358</ele>
      </trkpt>
      <trkpt lat="57.01961186343696" lon="-3.3987993515162938">
        <ele>366</ele>
      </trkpt>
      <trkpt lat="57.01982166698454" lon="-3.3981556360861966">
        <ele>366</ele>
      </trkpt>
      <trkpt lat="57.01999999999999" lon="-3.3968701125309799">
        <ele>362</ele>
      </trkpt>
      <trkpt lat="57.02" lon="-3.3968701125309799">
        <ele>362</ele>
      </trkpt>
      <trkpt lat="57.02005531184437" lon="-3.3964705321380753">
        <ele>361</ele>
      </trkpt>
      <trkpt lat="57.02014876978829" lon="-3.3963417890520557">
        <ele>363</ele>
      </trkpt>
      <trkpt lat="57.02028895670418" lon="-3.3961062368872645">
        <ele>365</ele>
      </trkpt>
      <trkpt lat="57.02032996376121" lon="-3.3956236887278139">
        <ele>364</ele>
      </trkpt>
      <trkpt lat="57.02031851993134" lon="-3.3952260156398872">
        <ele>362</ele>
      </trkpt>
      <trkpt lat="57.02042914362006" lon="-3.3946576387564233">
        <ele>363</ele>
      </trkpt>
      <trkpt lat="57.02041200836447" lon="-3.3944649829096769">
        <ele>362</ele>
      </trkpt>
      <trkpt lat="57.02041200839638" lon="-3.3944649832685045">
        <ele>362</ele>
      </trkpt>
      <trkpt lat="57.02061605950792" lon="-3.3943467480449989">
        <ele>366</ele>
      </trkpt>
      <trkpt lat="57.02115296585924" lon="-3.3942714094983653">
        <ele>373</ele>
      </trkpt>
      <trkpt lat="57.02150390997521" lon="-3.3939814991416992">
        <ele>376</ele>
      </trkpt>
      <trkpt lat="57.02192447072287" lon="-3.393423612435615">
        <ele>375</ele>
      </trkpt>
      <trkpt lat="57.02215239366775" lon="-3.3924260919320863">
        <ele>372</ele>
      </trkpt>
      <trkpt lat="57.02250238413122" lon="-3.3918786954033813">
        <ele>373</ele>
      </trkpt>
      <trkpt lat="57.02281232119016" lon="-3.3911920656112775">
        <ele>372</ele>
      </trkpt>
      <trkpt lat="57.02303356856761" lon="-3.3904625214571675">
        <ele>371</ele>
      </trkpt>
      <trkpt lat="57.02329105473965" lon="-3.3900982262063568">
        <ele>369</ele>
      </trkpt>
      <trkpt lat="57.02347510967004" lon="-3.3899179858859294">
        <ele>368</ele>
      </trkpt>
      <trkpt lat="57.02370303261492" lon="-3.3898397863818288">
        <ele>367</ele>
      </trkpt>
      <trkpt lat="57.02354854091169" lon="-3.3883063131794637">
        <ele>360</ele>
      </trkpt>
      <trkpt lat="57.02354854091169" lon="-3.3883063131794637">
        <ele>360</ele>
      </trkpt>
      <trkpt lat="57.02353805073432" lon="-3.3882424184626987">
        <ele>360</ele>
      </trkpt>
      <trkpt lat="57.02352851420942" lon="-3.3881775700934442">
        <ele>359</ele>
      </trkpt>
      <trkpt lat="57.02352851420942" lon="-3.3881775700934442">
        <ele>359</ele>
      </trkpt>
      <trkpt lat="57.02342742704558" lon="-3.3877264924661317">
        <ele>357</ele>
      </trkpt>
      <trkpt lat="57.02318806027084" lon="-3.3867242037001581">
        <ele>356</ele>
      </trkpt>
      <trkpt lat="57.02320904062559" lon="-3.3861071905397537">
        <ele>358</ele>
      </trkpt>
      <trkpt lat="57.02304501239748" lon="-3.3852164791149968">
        <ele>358</ele>
      </trkpt>
      <trkpt lat="57.02306694640473" lon="-3.3845727636848997">
        <ele>357</ele>
      </trkpt>
      <trkpt lat="57.02292627221001" lon="-3.3837457127146244">
        <ele>356</ele>
      </trkpt>
      <trkpt lat="57.02292627225094" lon="-3.3837457128783299">
        <ele>356</ele>
      </trkpt>
      <trkpt lat="57.02277036048064" lon="-3.3833597177188497">
        <ele>355</ele>
      </trkpt>
      <trkpt lat="57.02277036048064" lon="-3.3833597177188497">
        <ele>355</ele>
      </trkpt>
      <trkpt lat="57.02302784665268" lon="-3.3829267594888286">
        <ele>358</ele>
      </trkpt>
      <trkpt lat="57.02308601945451" lon="-3.3826721342742569">
        <ele>359</ele>
      </trkpt>
      <trkpt lat="57.02320522601564" lon="-3.3824938012588075">
        <ele>360</ele>
      </trkpt>
      <trkpt lat="57.02340167842839" lon="-3.3824403967194216">
        <ele>362</ele>
      </trkpt>
      <trkpt lat="57.02379172229639" lon="-3.3819759679572625">
        <ele>366</ele>
      </trkpt>
      <trkpt lat="57.0239652870494" lon="-3.3820684722486991">
        <ele>367</ele>
      </trkpt>
      <trkpt lat="57.02406253407981" lon="-3.3822468891794846">
        <ele>368</ele>
      </trkpt>
      <trkpt lat="57.02406255960328" lon="-3.3822468052641481">
        <ele>368</ele>
      </trkpt>
      <trkpt lat="57.02427522410834" lon="-3.3815468243371978">
        <ele>371</ele>
      </trkpt>
      <trkpt lat="57.02453461758535" lon="-3.3813322525271654">
        <ele>373</ele>
      </trkpt>
      <trkpt lat="57.02477779897006" lon="-3.3804100705702704">
        <ele>375</ele>
      </trkpt>
      <trkpt lat="57.02518500858287" lon="-3.3799999999999866">
        <ele>379</ele>
      </trkpt>
      <trkpt lat="57.02518500858287" lon="-3.3800000000000043">
        <ele>379</ele>
      </trkpt>
      <trkpt lat="57.02522124737746" lon="-3.3799637612054214">
        <ele>379</ele>
      </trkpt>
      <trkpt lat="57.02525843982453" lon="-3.3791741369445019">
        <ele>380</ele>
      </trkpt>
      <trkpt lat="57.02556933053595" lon="-3.3787917222963997">
        <ele>384</ele>
      </trkpt>
      <trkpt lat="57.02583349227542" lon="-3.37810127789434">
        <ele>387</ele>
      </trkpt>
      <trkpt lat="57.026043295823" lon="-3.3779210375739126">
        <ele>391</ele>
      </trkpt>
      <trkpt lat="57.02613198550448" lon="-3.3775805836353276">
        <ele>393</ele>
      </trkpt>
      <trkpt lat="57.02613198550448" lon="-3.3775805836353276">
        <ele>393</ele>
      </trkpt>
      <trkpt lat="57.02627598703032" lon="-3.3775786763303497">
        <ele>396</ele>
      </trkpt>
      <trkpt lat="57.02642094220866" lon="-3.3774947549113148">
        <ele>398</ele>
      </trkpt>
      <trkpt lat="57.02653728781232" lon="-3.3773164218958658">
        <ele>401</ele>
      </trkpt>
      <trkpt lat="57.0266870112531" lon="-3.3769044440206035">
        <ele>404</ele>
      </trkpt>
      <trkpt lat="57.02681003242419" lon="-3.376453366393291">
        <ele>407</ele>
      </trkpt>
      <trkpt lat="57.02713999618539" lon="-3.3756599275224155">
        <ele>415</ele>
      </trkpt>
      <trkpt lat="57.02737078008774" lon="-3.375013351134851">
        <ele>420</ele>
      </trkpt>
      <trkpt lat="57.02750619874118" lon="-3.374350562654973">
        <ele>423</ele>
      </trkpt>
      <trkpt lat="57.02766736601183" lon="-3.3739300019073095">
        <ele>428</ele>
      </trkpt>
      <trkpt lat="57.02797158115582" lon="-3.3732757962998328">
        <ele>434</ele>
      </trkpt>
      <trkpt lat="57.02836830059127" lon="-3.372152393667752">
        <ele>442</ele>
      </trkpt>
      <trkpt lat="57.02859526988365" lon="-3.3715487316421942">
        <ele>447</ele>
      </trkpt>
      <trkpt lat="57.02872592027465" lon="-3.3710432958230068">
        <ele>448</ele>
      </trkpt>
      <trkpt lat="57.02890997520504" lon="-3.3698149914171323">
        <ele>446</ele>
      </trkpt>
      <trkpt lat="57.02907209612817" lon="-3.3688136563036477">
        <ele>443</ele>
      </trkpt>
      <trkpt lat="57.02946404730116" lon="-3.3669568949075002">
        <ele>439</ele>
      </trkpt>
      <trkpt lat="57.02963284379172" lon="-3.3663198550448263">
        <ele>438</ele>
      </trkpt>
      <trkpt lat="57.03068090787717" lon="-3.36348559984742">
        <ele>439</ele>
      </trkpt>
      <trkpt lat="57.03111481975968" lon="-3.3622649246614578">
        <ele>441</ele>
      </trkpt>
      <trkpt lat="57.03197596795728" lon="-3.3600000000000048">
        <ele>450</ele>
      </trkpt>
      <trkpt lat="57.03197596795728" lon="-3.3599999999999941">
        <ele>450</ele>
      </trkpt>
      <trkpt lat="57.03316326530612" lon="-3.3567814228495081">
        <ele>475</ele>
      </trkpt>
      <trkpt lat="57.03337879076864" lon="-3.3563675376692674">
        <ele>478</ele>
      </trkpt>
      <trkpt lat="57.03372019835972" lon="-3.3560623688727769">
        <ele>481</ele>
      </trkpt>
      <trkpt lat="57.03409021552547" lon="-3.3555979401106182">
        <ele>487</ele>
      </trkpt>
      <trkpt lat="57.0348092695022" lon="-3.354845508296771">
        <ele>495</ele>
      </trkpt>
      <trkpt lat="57.03501430478734" lon="-3.3547062750333723">
        <ele>496</ele>
      </trkpt>
      <trkpt lat="57.03523555216479" lon="-3.3546070951745128">
        <ele>498</ele>
      </trkpt>
      <trkpt lat="57.03531756627885" lon="-3.3544993324432522">
        <ele>499</ele>
      </trkpt>
      <trkpt lat="57.03531756627885" lon="-3.3544993324432522">
        <ele>499</ele>
      </trkpt>
      <trkpt lat="57.03480068662979" lon="-3.3545412931527694">
        <ele>499</ele>
      </trkpt>
      <trkpt lat="57.03439538432195" lon="-3.3546843410261245">
        <ele>499</ele>
      </trkpt>
      <trkpt lat="57.03340740034331" lon="-3.3548846080488213">
        <ele>497</ele>
      </trkpt>
      <trkpt lat="57.03310127789434" lon="-3.3548836543963323">
        <ele>496</ele>
      </trkpt>
      <trkpt lat="57.03211520122068" lon="-3.3547501430478675">
        <ele>492</ele>
      </trkpt>
      <trkpt lat="57.03187488079344" lon="-3.3546585924089207">
        <ele>490</ele>
      </trkpt>
      <trkpt lat="57.03148483692542" lon="-3.3544354377264867">
        <ele>488</ele>
      </trkpt>
      <trkpt lat="57.03117585351898" lon="-3.3542065611291187">
        <ele>485</ele>
      </trkpt>
      <trkpt lat="57.03107572000763" lon="-3.3541054739652814">
        <ele>485</ele>
      </trkpt>
      <trkpt lat="57.03097081823384" lon="-3.3539538432195251">
        <ele>485</ele>
      </trkpt>
      <trkpt lat="57.0308525653252" lon="-3.3537287812321135">
        <ele>485</ele>
      </trkpt>
      <trkpt lat="57.03076006103376" lon="-3.3536048064085389">
        <ele>485</ele>
      </trkpt>
      <trkpt lat="57.03076006103376" lon="-3.3536048064085389">
        <ele>485</ele>
      </trkpt>
      <trkpt lat="57.03091836734694" lon="-3.353631508678232">
        <ele>487</ele>
      </trkpt>
      <trkpt lat="57.03103662025558" lon="-3.3535380507343069">
        <ele>490</ele>
      </trkpt>
      <trkpt lat="57.03115391951173" lon="-3.3528857524318081">
        <ele>498</ele>
      </trkpt>
      <trkpt lat="57.03144955178333" lon="-3.3524804501239691">
        <ele>506</ele>
      </trkpt>
      <trkpt lat="57.03124260919321" lon="-3.3517938203318653">
        <ele>509</ele>
      </trkpt>
      <trkpt lat="57.03046347510967" lon="-3.3492752241083292">
        <ele>520</ele>
      </trkpt>
      <trkpt lat="57.0302345985123" lon="-3.3484503147053157">
        <ele>525</ele>
      </trkpt>
      <trkpt lat="57.03014018691589" lon="-3.34779515544535">
        <ele>528</ele>
      </trkpt>
      <trkpt lat="57.02986362769407" lon="-3.346808125119201">
        <ele>530</ele>
      </trkpt>
      <trkpt lat="57.02975967957276" lon="-3.3457991607858037">
        <ele>527</ele>
      </trkpt>
      <trkpt lat="57.0297739843601" lon="-3.3448817470913541">
        <ele>521</ele>
      </trkpt>
      <trkpt lat="57.02988842265879" lon="-3.3442008392141847">
        <ele>518</ele>
      </trkpt>
      <trkpt lat="57.03002765592218" lon="-3.3437182910547341">
        <ele>515</ele>
      </trkpt>
      <trkpt lat="57.03002765592218" lon="-3.3432567232500419">
        <ele>513</ele>
      </trkpt>
      <trkpt lat="57.02991703223346" lon="-3.3419521266450447">
        <ele>509</ele>
      </trkpt>
      <trkpt lat="57.03001907304978" lon="-3.3401602136181521">
        <ele>510</ele>
      </trkpt>
      <trkpt lat="57.03003242418463" lon="-3.3399999999999945">
        <ele>510</ele>
      </trkpt>
      <trkpt lat="57.03003242418463" lon="-3.3399999999999839">
        <ele>510</ele>
      </trkpt>
      <trkpt lat="57.03014209422086" lon="-3.3386486744230242">
        <ele>509</ele>
      </trkpt>
      <trkpt lat="57.03019073049781" lon="-3.336937821857699">
        <ele>507</ele>
      </trkpt>
      <trkpt lat="57.03010967003624" lon="-3.3361491512492689">
        <ele>503</ele>
      </trkpt>
      <trkpt lat="57.02967766545871" lon="-3.3356980736219564">
        <ele>491</ele>
      </trkpt>
      <trkpt lat="57.02893667747473" lon="-3.3339490749570699">
        <ele>474</ele>
      </trkpt>
      <trkpt lat="57.02879649055884" lon="-3.3335313751668734">
        <ele>471</ele>
      </trkpt>
      <trkpt lat="57.0281823383559" lon="-3.3326187297348686">
        <ele>456</ele>
      </trkpt>
      <trkpt lat="57.02757486172039" lon="-3.3319969483120193">
        <ele>443</ele>
      </trkpt>
      <trkpt lat="57.02686248331108" lon="-3.3314390616059351">
        <ele>429</ele>
      </trkpt>
      <trkpt lat="57.02625119206562" lon="-3.3309717718863086">
        <ele>416</ele>
      </trkpt>
      <trkpt lat="57.02625119206562" lon="-3.3309717718863086">
        <ele>416</ele>
      </trkpt>
      <trkpt lat="57.026000381461" lon="-3.3307524318138313">
        <ele>411</ele>
      </trkpt>
      <trkpt lat="57.02569044440206" lon="-3.3307734121685897">
        <ele>405</ele>
      </trkpt>
      <trkpt lat="57.02548064085448" lon="-3.330859240892603">
        <ele>402</ele>
      </trkpt>
      <trkpt lat="57.02521457181003" lon="-3.3306608811748841">
        <ele>398</ele>
      </trkpt>
      <trkpt lat="57.02498378790769" lon="-3.3308382605378442">
        <ele>395</ele>
      </trkpt>
      <trkpt lat="57.0248350181194" lon="-3.3307095174518246">
        <ele>394</ele>
      </trkpt>
      <trkpt lat="57.02468338737364" lon="-3.3303118443638979">
        <ele>391</ele>
      </trkpt>
      <trkpt lat="57.02449647148579" lon="-3.3296843410261143">
        <ele>385</ele>
      </trkpt>
      <trkpt lat="57.02421037573908" lon="-3.3293143238603693">
        <ele>378</ele>
      </trkpt>
      <trkpt lat="57.02356761396148" lon="-3.3285313751668735">
        <ele>372</ele>
      </trkpt>
      <trkpt lat="57.02351516307458" lon="-3.3278552355521489">
        <ele>367</ele>
      </trkpt>
      <trkpt lat="57.02341884417319" lon="-3.3277484264733772">
        <ele>365</ele>
      </trkpt>
      <trkpt lat="57.02335494945642" lon="-3.327286858668685">
        <ele>362</ele>
      </trkpt>
      <trkpt lat="57.02333683005913" lon="-3.3270932672134115">
        <ele>361</ele>
      </trkpt>
      <trkpt lat="57.02326435246996" lon="-3.3270026702269533">
        <ele>360</ele>
      </trkpt>
      <trkpt lat="57.02311558268167" lon="-3.3266860576005945">
        <ele>358</ele>
      </trkpt>
      <trkpt lat="57.02314991417128" lon="-3.3262464238031502">
        <ele>356</ele>
      </trkpt>
      <trkpt lat="57.0232529086401" lon="-3.3259727255387976">
        <ele>356</ele>
      </trkpt>
      <trkpt lat="57.0233396910166" lon="-3.3254253290100926">
        <ele>354</ele>
      </trkpt>
      <trkpt lat="57.02327293534236" lon="-3.3253290101087005">
        <ele>353</ele>
      </trkpt>
      <trkpt lat="57.0231955173419" lon="-3.3253170455086285">
        <ele>352</ele>
      </trkpt>
      <trkpt lat="57.02319568949075" lon="-3.3253166126263429">
        <ele>352</ele>
      </trkpt>
      <trkpt lat="57.02333110814419" lon="-3.3249761586877584">
        <ele>353</ele>
      </trkpt>
      <trkpt lat="57.02332920083921" lon="-3.3247587259202587">
        <ele>351</ele>
      </trkpt>
      <trkpt lat="57.02329391569712" lon="-3.3244936105283074">
        <ele>350</ele>
      </trkpt>
      <trkpt lat="57.02338928094603" lon="-3.3243648674422883">
        <ele>351</ele>
      </trkpt>
      <trkpt lat="57.02354663360671" lon="-3.3240167842837911">
        <ele>352</ele>
      </trkpt>
      <trkpt lat="57.02354854091169" lon="-3.3237459469769055">
        <ele>351</ele>
      </trkpt>
      <trkpt lat="57.0235742895289" lon="-3.323549494564165">
        <ele>351</ele>
      </trkpt>
      <trkpt lat="57.02366297921038" lon="-3.3234484074003272">
        <ele>352</ele>
      </trkpt>
      <trkpt lat="57.02376215906924" lon="-3.3230249856951968">
        <ele>352</ele>
      </trkpt>
      <trkpt lat="57.02383368300591" lon="-3.3226168224298904">
        <ele>352</ele>
      </trkpt>
      <trkpt lat="57.02383368300591" lon="-3.3222716002288606">
        <ele>350</ele>
      </trkpt>
      <trkpt lat="57.02376406637421" lon="-3.3219616631699251">
        <ele>348</ele>
      </trkpt>
      <trkpt lat="57.02385370970818" lon="-3.3216641235933468">
        <ele>348</ele>
      </trkpt>
      <trkpt lat="57.02392809460233" lon="-3.3211729925614946">
        <ele>348</ele>
      </trkpt>
      <trkpt lat="57.02400247949647" lon="-3.3208449361052672">
        <ele>348</ele>
      </trkpt>
      <trkpt lat="57.02407114247568" lon="-3.3204815945069459">
        <ele>348</ele>
      </trkpt>
      <trkpt lat="57.02425996566851" lon="-3.3199999999999843">
        <ele>351</ele>
      </trkpt>
      <trkpt lat="57.02425996566851" lon="-3.3200000000000021">
        <ele>351</ele>
      </trkpt>
      <trkpt lat="57.02431718481785" lon="-3.3198540911691801">
        <ele>352</ele>
      </trkpt>
      <trkpt lat="57.02447263017356" lon="-3.3193076482929644">
        <ele>354</ele>
      </trkpt>
      <trkpt lat="57.02460804882701" lon="-3.318949074957088">
        <ele>356</ele>
      </trkpt>
      <trkpt lat="57.02470627503338" lon="-3.3182920083921443">
        <ele>354</ele>
      </trkpt>
      <trkpt lat="57.02484264733931" lon="-3.3178113675376717">
        <ele>355</ele>
      </trkpt>
      <trkpt lat="57.02492942971581" lon="-3.3168834636658424">
        <ele>352</ele>
      </trkpt>
      <trkpt lat="57.02503719244707" lon="-3.3163694449742538">
        <ele>352</ele>
      </trkpt>
      <trkpt lat="57.02508010680908" lon="-3.3157352660690469">
        <ele>351</ele>
      </trkpt>
      <trkpt lat="57.02521361815754" lon="-3.314584207514784">
        <ele>350</ele>
      </trkpt>
      <trkpt lat="57.02532328819378" lon="-3.3139652870494016">
        <ele>350</ele>
      </trkpt>
      <trkpt lat="57.02532328819378" lon="-3.3139652870494016">
        <ele>350</ele>
      </trkpt>
      <trkpt lat="57.02593267213427" lon="-3.3114190349036834">
        <ele>346</ele>
      </trkpt>
      <trkpt lat="57.02616250238413" lon="-3.310511157734124">
        <ele>346</ele>
      </trkpt>
      <trkpt lat="57.02638851802404" lon="-3.3094583253862315">
        <ele>346</ele>
      </trkpt>
      <trkpt lat="57.02656399008202" lon="-3.3087316421895885">
        <ele>345</ele>
      </trkpt>
      <trkpt lat="57.02715048636277" lon="-3.3061710852565347">
        <ele>340</ele>
      </trkpt>
      <trkpt lat="57.02738985313752" lon="-3.3036934960900273">
        <ele>330</ele>
      </trkpt>
      <trkpt lat="57.02809841693687" lon="-3.3000000000000025">
        <ele>327</ele>
      </trkpt>
      <trkpt lat="57.02809841693687" lon="-3.2999999999999918">
        <ele>327</ele>
      </trkpt>
      <trkpt lat="57.02854091169178" lon="-3.2977036048064008">
        <ele>323</ele>
      </trkpt>
      <trkpt lat="57.02835781041389" lon="-3.2968548540911611">
        <ele>321</ele>
      </trkpt>
      <trkpt lat="57.02797253480832" lon="-3.2957819950409992">
        <ele>326</ele>
      </trkpt>
      <trkpt lat="57.02771028037383" lon="-3.2947196261682161">
        <ele>334</ele>
      </trkpt>
      <trkpt lat="57.02770265115392" lon="-3.2941932099942703">
        <ele>336</ele>
      </trkpt>
      <trkpt lat="57.02770265115392" lon="-3.2941932099942703">
        <ele>336</ele>
      </trkpt>
      <trkpt lat="57.02838928094602" lon="-3.2913904253290021">
        <ele>332</ele>
      </trkpt>
      <trkpt lat="57.02833492275415" lon="-3.288836543963372">
        <ele>333</ele>
      </trkpt>
      <trkpt lat="57.02827007438489" lon="-3.2861653633415902">
        <ele>327</ele>
      </trkpt>
      <trkpt lat="57.02790673278658" lon="-3.2856408544726223">
        <ele>329</ele>
      </trkpt>
      <trkpt lat="57.02769216097654" lon="-3.2841693686820443">
        <ele>314</ele>
      </trkpt>
      <trkpt lat="57.02734884608049" lon="-3.2837297348846">
        <ele>313</ele>
      </trkpt>
      <trkpt lat="57.02714381079534" lon="-3.2832042723631427">
        <ele>309</ele>
      </trkpt>
      <trkpt lat="57.02703604806408" lon="-3.2824632843791641">
        <ele>305</ele>
      </trkpt>
      <trkpt lat="57.0270093457944" lon="-3.2819197024604154">
        <ele>306</ele>
      </trkpt>
      <trkpt lat="57.02703604806408" lon="-3.2813713522792214">
        <ele>306</ele>
      </trkpt>
      <trkpt lat="57.0269826435247" lon="-3.2805864962807472">
        <ele>306</ele>
      </trkpt>
      <trkpt lat="57.02701506770933" lon="-3.2799999999999923">
        <ele>305</ele>
      </trkpt>
      <trkpt lat="57.02701506770933" lon="-3.28000000000001">
        <ele>305</ele>
      </trkpt>
      <trkpt lat="57.02704653824146" lon="-3.2796595460614255">
        <ele>305</ele>
      </trkpt>
      <trkpt lat="57.02701125309937" lon="-3.2790759107381371">
        <ele>304</ele>
      </trkpt>
      <trkpt lat="57.02712569139806" lon="-3.2786124356284674">
        <ele>303</ele>
      </trkpt>
      <trkpt lat="57.02744135037192" lon="-3.2781680335685777">
        <ele>303</ele>
      </trkpt>
      <trkpt lat="57.02768071714667" lon="-3.2782824718672616">
        <ele>304</ele>
      </trkpt>
      <trkpt lat="57.02773316803357" lon="-3.2770942208659268">
        <ele>304</ele>
      </trkpt>
      <trkpt lat="57.02781327484265" lon="-3.2762759870303362">
        <ele>305</ele>
      </trkpt>
      <trkpt lat="57.02782376502003" lon="-3.2751363723059419">
        <ele>304</ele>
      </trkpt>
      <trkpt lat="57.02829773030707" lon="-3.2736791913026995">
        <ele>304</ele>
      </trkpt>
      <trkpt lat="57.02839786381843" lon="-3.2722582490940404">
        <ele>302</ele>
      </trkpt>
      <trkpt lat="57.02843219530803" lon="-3.2701468624833212">
        <ele>300</ele>
      </trkpt>
      <trkpt lat="57.02833015449171" lon="-3.2692265878314046">
        <ele>298</ele>
      </trkpt>
      <trkpt lat="57.02833015449171" lon="-3.2692265878314046">
        <ele>298</ele>
      </trkpt>
      <trkpt lat="57.02829486934961" lon="-3.2684112149532814">
        <ele>298</ele>
      </trkpt>
      <trkpt lat="57.02866870112531" lon="-3.2665658973870024">
        <ele>301</ele>
      </trkpt>
      <trkpt lat="57.02868586687011" lon="-3.2657495708563902">
        <ele>298</ele>
      </trkpt>
      <trkpt lat="57.02865630364295" lon="-3.2653805073431346">
        <ele>296</ele>
      </trkpt>
      <trkpt lat="57.02844936105284" lon="-3.2646433339691119">
        <ele>291</ele>
      </trkpt>
      <trkpt lat="57.02844936105284" lon="-3.2646433339691119">
        <ele>291</ele>
      </trkpt>
      <trkpt lat="57.02891474346748" lon="-3.2641417127598804">
        <ele>294</ele>
      </trkpt>
      <trkpt lat="57.02926854854091" lon="-3.2635809650963292">
        <ele>296</ele>
      </trkpt>
      <trkpt lat="57.02926854854091" lon="-3.2635809650963292">
        <ele>296</ele>
      </trkpt>
      <trkpt lat="57.02923135609384" lon="-3.2635390043868115">
        <ele>295</ele>
      </trkpt>
      <trkpt lat="57.02920942208659" lon="-3.2633683005912748">
        <ele>294</ele>
      </trkpt>
      <trkpt lat="57.02933244325768" lon="-3.2630583635323389">
        <ele>295</ele>
      </trkpt>
      <trkpt lat="57.0296519168415" lon="-3.2625767690253773">
        <ele>297</ele>
      </trkpt>
      <trkpt lat="57.02979877932481" lon="-3.26242609193211">
        <ele>299</ele>
      </trkpt>
      <trkpt lat="57.02979877932481" lon="-3.26242609193211">
        <ele>299</ele>
      </trkpt>
      <trkpt lat="57.02997615868777" lon="-3.261876788098427">
        <ele>297</ele>
      </trkpt>
      <trkpt lat="57.03048159450697" lon="-3.2600000000000104">
        <ele>304</ele>
      </trkpt>
      <trkpt lat="57.03048159450697" lon="-3.2599999999999998">
        <ele>304</ele>
      </trkpt>
      <trkpt lat="57.03199218004959" lon="-3.2543887087545298">
        <ele>303</ele>
      </trkpt>
      <trkpt lat="57.03257104711044" lon="-3.2526282662597747">
        <ele>297</ele>
      </trkpt>
      <trkpt lat="57.03325863055503" lon="-3.2509574670989889">
        <ele>295</ele>
      </trkpt>
      <trkpt lat="57.03483311081442" lon="-3.2485809650963189">
        <ele>289</ele>
      </trkpt>
      <trkpt lat="57.03541007057029" lon="-3.2472935342361242">
        <ele>286</ele>
      </trkpt>
      <trkpt lat="57.03573621972154" lon="-3.2468071714667177">
        <ele>286</ele>
      </trkpt>
      <trkpt lat="57.03651344650009" lon="-3.2460995613198551">
        <ele>286</ele>
      </trkpt>
      <trkpt lat="57.03813847034141" lon="-3.2440625596032806">
        <ele>286</ele>
      </trkpt>
      <trkpt lat="57.03839786381842" lon="-3.2436496280755294">
        <ele>287</ele>
      </trkpt>
      <trkpt lat="57.03910165935533" lon="-3.2421066183482741">
        <ele>284</ele>
      </trkpt>
      <trkpt lat="57.03957085637994" lon="-3.2412454701506772">
        <ele>285</ele>
      </trkpt>
      <trkpt lat="57.04" lon="-3.2406885370970819">
        <ele>285</ele>
      </trkpt>
      <trkpt lat="57.04000000000001" lon="-3.2406885370970819">
        <ele>285</ele>
      </trkpt>
      <trkpt lat="57.04017928666795" lon="-3.2404625214571809">
        <ele>286</ele>
      </trkpt>
      <trkpt lat="57.04041960709519" lon="-3.2400000000000002">
        <ele>287</ele>
      </trkpt>
      <trkpt lat="57.04041960709519" lon="-3.2399999999999896">
        <ele>287</ele>
      </trkpt>
      <trkpt lat="57.04060938394051" lon="-3.2394564180812409">
        <ele>286</ele>
      </trkpt>
      <trkpt lat="57.04083063131796" lon="-3.2386486744230298">
        <ele>285</ele>
      </trkpt>
      <trkpt lat="57.04108144192257" lon="-3.2379115010490076">
        <ele>286</ele>
      </trkpt>
      <trkpt lat="57.04159355330918" lon="-3.2366927331680233">
        <ele>287</ele>
      </trkpt>
      <trkpt lat="57.04167366011826" lon="-3.2364295250810504">
        <ele>287</ele>
      </trkpt>
      <trkpt lat="57.04178809841695" lon="-3.2359431623116435">
        <ele>288</ele>
      </trkpt>
      <trkpt lat="57.04178809841695" lon="-3.2359431623116435">
        <ele>288</ele>
      </trkpt>
      <trkpt lat="57.04189586114821" lon="-3.2357877169559308">
        <ele>289</ele>
      </trkpt>
      <trkpt lat="57.04195403395004" lon="-3.2356923517070277">
        <ele>289</ele>
      </trkpt>
      <trkpt lat="57.04206561129126" lon="-3.235555025748607">
        <ele>290</ele>
      </trkpt>
      <trkpt lat="57.04215334732024" lon="-3.2355006675567322">
        <ele>291</ele>
      </trkpt>
      <trkpt lat="57.0422534808316" lon="-3.2354634751096598">
        <ele>291</ele>
      </trkpt>
      <trkpt lat="57.04244325767691" lon="-3.2354453557123684">
        <ele>293</ele>
      </trkpt>
      <trkpt lat="57.04247377371439" lon="-3.2354531568046556">
        <ele>293</ele>
      </trkpt>
      <trkpt lat="57.04247377455656" lon="-3.2354529849322806">
        <ele>293</ele>
      </trkpt>
      <trkpt lat="57.04247472820905" lon="-3.2352269692923796">
        <ele>293</ele>
      </trkpt>
      <trkpt lat="57.04274938012589" lon="-3.2342237268739171">
        <ele>295</ele>
      </trkpt>
      <trkpt lat="57.04292103757392" lon="-3.2332958230020878">
        <ele>295</ele>
      </trkpt>
      <trkpt lat="57.04304978065994" lon="-3.2320675185962133">
        <ele>293</ele>
      </trkpt>
      <trkpt lat="57.04304501239749" lon="-3.2318863246232969">
        <ele>292</ele>
      </trkpt>
      <trkpt lat="57.04301735647531" lon="-3.231803356856751">
        <ele>292</ele>
      </trkpt>
      <trkpt lat="57.0429486934961" lon="-3.2317509059698541">
        <ele>291</ele>
      </trkpt>
      <trkpt lat="57.04280755292773" lon="-3.23162693114628">
        <ele>290</ele>
      </trkpt>
      <trkpt lat="57.04280755292773" lon="-3.23162693114628">
        <ele>290</ele>
      </trkpt>
      <trkpt lat="57.04295060080108" lon="-3.2308220484455363">
        <ele>289</ele>
      </trkpt>
      <trkpt lat="57.0430364295251" lon="-3.2300629410642658">
        <ele>288</ele>
      </trkpt>
      <trkpt lat="57.04332061796683" lon="-3.2273269120732304">
        <ele>286</ele>
      </trkpt>
      <trkpt lat="57.04332157161932" lon="-3.2263284379172128">
        <ele>288</ele>
      </trkpt>
      <trkpt lat="57.04329010108717" lon="-3.2257114247568084">
        <ele>289</ele>
      </trkpt>
      <trkpt lat="57.04263684913219" lon="-3.2215906923516968">
        <ele>285</ele>
      </trkpt>
      <trkpt lat="57.04233454129317" lon="-3.220032424184617">
        <ele>285</ele>
      </trkpt>
      <trkpt lat="57.04232214381081" lon="-3.21999999999999">
        <ele>285</ele>
      </trkpt>
      <trkpt lat="57.04232214381081" lon="-3.2200000000000077">
        <ele>285</ele>
      </trkpt>
      <trkpt lat="57.04199122639712" lon="-3.2191874880793518">
        <ele>287</ele>
      </trkpt>
      <trkpt lat="57.04076101468626" lon="-3.2166612626359035">
        <ele>284</ele>
      </trkpt>
      <trkpt lat="57.04038891616202" lon="-3.2157499629112536">
        <ele>283</ele>
      </trkpt>
      <trkpt lat="57.04038891618981" lon="-3.2157499629792885">
        <ele>283</ele>
      </trkpt>
      <trkpt lat="57.04024222773223" lon="-3.2160804882700824">
        <ele>280</ele>
      </trkpt>
      <trkpt lat="57.04024222773223" lon="-3.2160804882700824">
        <ele>280</ele>
      </trkpt>
      <trkpt lat="57.04012016021363" lon="-3.2159889376311352">
        <ele>279</ele>
      </trkpt>
      <trkpt lat="57.04000000000001" lon="-3.2164009155063975">
        <ele>277</ele>
      </trkpt>
      <trkpt lat="57.04" lon="-3.2164009155063975">
        <ele>277</ele>
      </trkpt>
      <trkpt lat="57.03995517833302" lon="-3.2165554072096207">
        <ele>277</ele>
      </trkpt>
      <trkpt lat="57.03995517833302" lon="-3.2165554072096207">
        <ele>277</ele>
      </trkpt>
      <trkpt lat="57.03988365439634" lon="-3.216562082777044">
        <ele>276</ele>
      </trkpt>
      <trkpt lat="57.03981308411215" lon="-3.2165687583444673">
        <ele>276</ele>
      </trkpt>
      <trkpt lat="57.03978924279993" lon="-3.2165477779897085">
        <ele>276</ele>
      </trkpt>
      <trkpt lat="57.03978924279993" lon="-3.2165477779897085">
        <ele>276</ele>
      </trkpt>
      <trkpt lat="57.03967987540067" lon="-3.2168804161625544">
        <ele>276</ele>
      </trkpt>
      <trkpt lat="57.03967957276369" lon="-3.2168796490558922">
        <ele>276</ele>
      </trkpt>
      <trkpt lat="57.03963856570666" lon="-3.2167757009345874">
        <ele>275</ele>
      </trkpt>
      <trkpt lat="57.03959088308221" lon="-3.2167022696929317">
        <ele>275</ele>
      </trkpt>
      <trkpt lat="57.03958516116727" lon="-3.2166460041960789">
        <ele>275</ele>
      </trkpt>
      <trkpt lat="57.03971568314056" lon="-3.2162126977466965">
        <ele>276</ele>
      </trkpt>
      <trkpt lat="57.03971568307848" lon="-3.2162126980377281">
        <ele>276</ele>
      </trkpt>
      <trkpt lat="57.03971126729686" lon="-3.2163870869383331">
        <ele>275</ele>
      </trkpt>
      <trkpt lat="57.03945212023321" lon="-3.2176078956182499">
        <ele>278</ele>
      </trkpt>
      <trkpt lat="57.03945212023321" lon="-3.2176078956182499">
        <ele>278</ele>
      </trkpt>
      <trkpt lat="57.03932576769026" lon="-3.2180259393477098">
        <ele>280</ele>
      </trkpt>
      <trkpt lat="57.03932576769026" lon="-3.2180259393477098">
        <ele>280</ele>
      </trkpt>
      <trkpt lat="57.03907591073813" lon="-3.218954796872028">
        <ele>284</ele>
      </trkpt>
      <trkpt lat="57.03899961853901" lon="-3.2190310890711507">
        <ele>285</ele>
      </trkpt>
      <trkpt lat="57.03892618729735" lon="-3.2189938966240783">
        <ele>285</ele>
      </trkpt>
      <trkpt lat="57.03851802403204" lon="-3.218068853709716">
        <ele>281</ele>
      </trkpt>
      <trkpt lat="57.0382519549876" lon="-3.2176053786000463">
        <ele>278</ele>
      </trkpt>
      <trkpt lat="57.03781041388518" lon="-3.217081823383567">
        <ele>277</ele>
      </trkpt>
      <trkpt lat="57.03579343887088" lon="-3.2155588403585811">
        <ele>278</ele>
      </trkpt>
      <trkpt lat="57.03550257486172" lon="-3.2154930383368381">
        <ele>278</ele>
      </trkpt>
      <trkpt lat="57.03484455464429" lon="-3.2154224680526498">
        <ele>279</ele>
      </trkpt>
      <trkpt lat="57.0345918367347" lon="-3.2152298302498648">
        <ele>279</ele>
      </trkpt>
      <trkpt lat="57.03432099942781" lon="-3.2149008201411484">
        <ele>279</ele>
      </trkpt>
      <trkpt lat="57.03415029563227" lon="-3.2145241274079805">
        <ele>279</ele>
      </trkpt>
      <trkpt lat="57.03399241268646" lon="-3.2141301647743323">
        <ele>279</ele>
      </trkpt>
      <trkpt lat="57.03399241268646" lon="-3.2141301647743323">
        <ele>279</ele>
      </trkpt>
      <trkpt lat="57.03372441323121" lon="-3.2139064326642788">
        <ele>280</ele>
      </trkpt>
      <trkpt lat="57.03372441323121" lon="-3.2139064326642788">
        <ele>280</ele>
      </trkpt>
      <trkpt lat="57.03376535430565" lon="-3.2134359977965259">
        <ele>277</ele>
      </trkpt>
      <trkpt lat="57.03376535430565" lon="-3.2134359977965259">
        <ele>277</ele>
      </trkpt>
      <trkpt lat="57.03354377264925" lon="-3.2127283997711316">
        <ele>276</ele>
      </trkpt>
      <trkpt lat="57.03341026130078" lon="-3.2125195498760331">
        <ele>277</ele>
      </trkpt>
      <trkpt lat="57.03322429906542" lon="-3.2124203700171736">
        <ele>280</ele>
      </trkpt>
      <trkpt lat="57.03317184817853" lon="-3.2115592218195768">
        <ele>283</ele>
      </trkpt>
      <trkpt lat="57.03316040434866" lon="-3.2110576006103457">
        <ele>282</ele>
      </trkpt>
      <trkpt lat="57.03326244516499" lon="-3.2089662407018964">
        <ele>284</ele>
      </trkpt>
      <trkpt lat="57.033521838642" lon="-3.2060165935533171">
        <ele>286</ele>
      </trkpt>
      <trkpt lat="57.03358597759252" lon="-3.2055737394179808">
        <ele>287</ele>
      </trkpt>
      <trkpt lat="57.03358597759252" lon="-3.2055737394179808">
        <ele>287</ele>
      </trkpt>
      <trkpt lat="57.03410165935533" lon="-3.2020131604043565">
        <ele>282</ele>
      </trkpt>
      <trkpt lat="57.03423612435628" lon="-3.201364676711814">
        <ele>284</ele>
      </trkpt>
      <trkpt lat="57.03461186343696" lon="-3.200151630745764">
        <ele>286</ele>
      </trkpt>
      <trkpt lat="57.03465287049399" lon="-3.2000000000000082">
        <ele>286</ele>
      </trkpt>
      <trkpt lat="57.03465287049399" lon="-3.1999999999999975">
        <ele>286</ele>
      </trkpt>
      <trkpt lat="57.03475967957277" lon="-3.1996090024794941">
        <ele>287</ele>
      </trkpt>
      <trkpt lat="57.03513255769597" lon="-3.1980059126454297">
        <ele>287</ele>
      </trkpt>
      <trkpt lat="57.03523173755484" lon="-3.197460423421703">
        <ele>286</ele>
      </trkpt>
      <trkpt lat="57.03535475872592" lon="-3.1966316994087332">
        <ele>285</ele>
      </trkpt>
      <trkpt lat="57.03535475872592" lon="-3.1966316994087332">
        <ele>285</ele>
      </trkpt>
      <trkpt lat="57.03588403585734" lon="-3.195473965287047">
        <ele>278</ele>
      </trkpt>
      <trkpt lat="57.03671466717528" lon="-3.1935895479687177">
        <ele>276</ele>
      </trkpt>
      <trkpt lat="57.03698645813466" lon="-3.1931022315468223">
        <ele>276</ele>
      </trkpt>
      <trkpt lat="57.03750238413122" lon="-3.1920980354758703">
        <ele>274</ele>
      </trkpt>
      <trkpt lat="57.03814991417128" lon="-3.1908001144382965">
        <ele>271</ele>
      </trkpt>
      <trkpt lat="57.0391655540721" lon="-3.1883539958039266">
        <ele>267</ele>
      </trkpt>
      <trkpt lat="57.03963856570666" lon="-3.1858859431623094">
        <ele>270</ele>
      </trkpt>
      <trkpt lat="57.04" lon="-3.1850333778371138">
        <ele>269</ele>
      </trkpt>
      <trkpt lat="57.04000000000001" lon="-3.1850333778371138">
        <ele>269</ele>
      </trkpt>
      <trkpt lat="57.04051974060653" lon="-3.1838050734312393">
        <ele>269</ele>
      </trkpt>
      <trkpt lat="57.04088117489988" lon="-3.182924852183862">
        <ele>268</ele>
      </trkpt>
      <trkpt lat="57.04125977493803" lon="-3.1818519931336997">
        <ele>269</ele>
      </trkpt>
      <trkpt lat="57.0418014495518" lon="-3.1799999999999979">
        <ele>270</ele>
      </trkpt>
      <trkpt lat="57.0418014495518" lon="-3.1799999999999873">
        <ele>270</ele>
      </trkpt>
      <trkpt lat="57.04236315086784" lon="-3.1780755292771188">
        <ele>266</ele>
      </trkpt>
      <trkpt lat="57.04278943353043" lon="-3.1765191684150169">
        <ele>262</ele>
      </trkpt>
      <trkpt lat="57.04278943353043" lon="-3.1765191684150169">
        <ele>262</ele>
      </trkpt>
      <trkpt lat="57.04250905969866" lon="-3.1760413885180117">
        <ele>262</ele>
      </trkpt>
      <trkpt lat="57.04240987983979" lon="-3.1757247758916525">
        <ele>261</ele>
      </trkpt>
      <trkpt lat="57.04236887278277" lon="-3.1753919511729802">
        <ele>261</ele>
      </trkpt>
      <trkpt lat="57.04238031661264" lon="-3.1751239748235616">
        <ele>261</ele>
      </trkpt>
      <trkpt lat="57.04256437154302" lon="-3.1740082014113931">
        <ele>261</ele>
      </trkpt>
      <trkpt lat="57.04256437154302" lon="-3.1739490749570733">
        <ele>261</ele>
      </trkpt>
      <trkpt lat="57.04253576196835" lon="-3.1738899485027532">
        <ele>261</ele>
      </trkpt>
      <trkpt lat="57.04242418462713" lon="-3.1737640663742006">
        <ele>261</ele>
      </trkpt>
      <trkpt lat="57.04242352858542" lon="-3.1737633268346013">
        <ele>261</ele>
      </trkpt>
      <trkpt lat="57.04318996757583" lon="-3.1708764066374089">
        <ele>259</ele>
      </trkpt>
      <trkpt lat="57.04396337974443" lon="-3.1655931718481658">
        <ele>257</ele>
      </trkpt>
      <trkpt lat="57.0440091550639" lon="-3.1623450314705197">
        <ele>259</ele>
      </trkpt>
      <trkpt lat="57.04432099942782" lon="-3.1599999999999877">
        <ele>266</ele>
      </trkpt>
      <trkpt lat="57.04432099942782" lon="-3.1600000000000055">
        <ele>266</ele>
      </trkpt>
      <trkpt lat="57.04474632843793" lon="-3.1567995422468109">
        <ele>274</ele>
      </trkpt>
      <trkpt lat="57.04514114056839" lon="-3.1546414266641292">
        <ele>274</ele>
      </trkpt>
      <trkpt lat="57.04560461567806" lon="-3.1526177760824012">
        <ele>273</ele>
      </trkpt>
      <trkpt lat="57.046525640806" lon="-3.1510447790293994">
        <ele>274</ele>
      </trkpt>
      <trkpt lat="57.046525640806" lon="-3.1510447790293994">
        <ele>274</ele>
      </trkpt>
      <trkpt lat="57.04681131930747" lon="-3.1505568754670787">
        <ele>275</ele>
      </trkpt>
      <trkpt lat="57.04681131930747" lon="-3.1505568754670787">
        <ele>275</ele>
      </trkpt>
      <trkpt lat="57.04751764257106" lon="-3.1493505626549743">
        <ele>278</ele>
      </trkpt>
      <trkpt lat="57.04863055502576" lon="-3.1481670799160844">
        <ele>272</ele>
      </trkpt>
      <trkpt lat="57.04880221247379" lon="-3.1477980164028283">
        <ele>273</ele>
      </trkpt>
      <trkpt lat="57.0495660881175" lon="-3.1448741178714532">
        <ele>276</ele>
      </trkpt>
      <trkpt lat="57.05054262826627" lon="-3.1423784093076539">
        <ele>271</ele>
      </trkpt>
      <trkpt lat="57.05063322525273" lon="-3.1417413694449801">
        <ele>271</ele>
      </trkpt>
      <trkpt lat="57.05049780659929" lon="-3.1400000000000059">
        <ele>268</ele>
      </trkpt>
      <trkpt lat="57.05049780659929" lon="-3.1399999999999952">
        <ele>268</ele>
      </trkpt>
      <trkpt lat="57.05040434865536" lon="-3.1387907686439016">
        <ele>270</ele>
      </trkpt>
      <trkpt lat="57.0500963189014" lon="-3.1350600801068045">
        <ele>271</ele>
      </trkpt>
      <trkpt lat="57.05012206751861" lon="-3.1339176044249428">
        <ele>269</ele>
      </trkpt>
      <trkpt lat="57.05009751246037" lon="-3.133649863345505">
        <ele>268</ele>
      </trkpt>
      <trkpt lat="57.05009751246037" lon="-3.133649863345505">
        <ele>268</ele>
      </trkpt>
      <trkpt lat="57.04999332443259" lon="-3.1325138279610862">
        <ele>262</ele>
      </trkpt>
      <trkpt lat="57.0493658210948" lon="-3.1302431813846989">
        <ele>264</ele>
      </trkpt>
      <trkpt lat="57.04888994850278" lon="-3.1286219721533426">
        <ele>263</ele>
      </trkpt>
      <trkpt lat="57.0486353232882" lon="-3.1268291054739605">
        <ele>264</ele>
      </trkpt>
      <trkpt lat="57.04858773795745" lon="-3.1226735133577206">
        <ele>263</ele>
      </trkpt>
      <trkpt lat="57.04858773795745" lon="-3.1226735133577206">
        <ele>263</ele>
      </trkpt>
      <trkpt lat="57.04855712378411" lon="-3.1199999999999957">
        <ele>258</ele>
      </trkpt>
      <trkpt lat="57.04855712378411" lon="-3.119999999999985">
        <ele>258</ele>
      </trkpt>
      <trkpt lat="57.04855330917415" lon="-3.1197339309555452">
        <ele>258</ele>
      </trkpt>
      <trkpt lat="57.04825863055504" lon="-3.117799923707786">
        <ele>255</ele>
      </trkpt>
      <trkpt lat="57.04794487888614" lon="-3.1142304024413354">
        <ele>253</ele>
      </trkpt>
      <trkpt lat="57.04788670608431" lon="-3.1133854663360525">
        <ele>251</ele>
      </trkpt>
      <trkpt lat="57.04783425519742" lon="-3.1130936486744081">
        <ele>252</ele>
      </trkpt>
      <trkpt lat="57.04783425519742" lon="-3.1130936486744081">
        <ele>252</ele>
      </trkpt>
      <trkpt lat="57.04776654587069" lon="-3.1130116345603516">
        <ele>253</ele>
      </trkpt>
      <trkpt lat="57.04769883654397" lon="-3.1129296204462946">
        <ele>254</ele>
      </trkpt>
      <trkpt lat="57.04769883654397" lon="-3.1129296204462946">
        <ele>254</ele>
      </trkpt>
      <trkpt lat="57.04765020026704" lon="-3.1128027846652531">
        <ele>255</ele>
      </trkpt>
      <trkpt lat="57.04762159069237" lon="-3.112675948884212">
        <ele>256</ele>
      </trkpt>
      <trkpt lat="57.04798016402824" lon="-3.1105893572382075">
        <ele>248</ele>
      </trkpt>
      <trkpt lat="57.04799637612055" lon="-3.1098569521266302">
        <ele>246</ele>
      </trkpt>
      <trkpt lat="57.04782185771506" lon="-3.1085666603089686">
        <ele>247</ele>
      </trkpt>
      <trkpt lat="57.04768262445166" lon="-3.1070017165744654">
        <ele>244</ele>
      </trkpt>
      <trkpt lat="57.04733644859814" lon="-3.1052880030516734">
        <ele>238</ele>
      </trkpt>
      <trkpt lat="57.04719340072479" lon="-3.104187488079329">
        <ele>238</ele>
      </trkpt>
      <trkpt lat="57.04717718863247" lon="-3.1038899485027507">
        <ele>238</ele>
      </trkpt>
      <trkpt lat="57.04717718863247" lon="-3.1038899485027507">
        <ele>238</ele>
      </trkpt>
      <trkpt lat="57.04719008115056" lon="-3.1030740362866047">
        <ele>237</ele>
      </trkpt>
      <trkpt lat="57.04719008115056" lon="-3.1030740362866047">
        <ele>237</ele>
      </trkpt>
      <trkpt lat="57.04719721533474" lon="-3.1026225443448259">
        <ele>237</ele>
      </trkpt>
      <trkpt lat="57.04713427427047" lon="-3.1020770551210992">
        <ele>236</ele>
      </trkpt>
      <trkpt lat="57.04694068281519" lon="-3.1014590883082058">
        <ele>235</ele>
      </trkpt>
      <trkpt lat="57.04682770737069" lon="-3.1010017199764435">
        <ele>235</ele>
      </trkpt>
      <trkpt lat="57.04682770737069" lon="-3.1010017199764435">
        <ele>235</ele>
      </trkpt>
      <trkpt lat="57.04673327782672" lon="-3.1005615271299494">
        <ele>235</ele>
      </trkpt>
      <trkpt lat="57.04673327782672" lon="-3.1005615271299494">
        <ele>235</ele>
      </trkpt>
      <trkpt lat="57.04663932862866" lon="-3.0999999999999854">
        <ele>234</ele>
      </trkpt>
      <trkpt lat="57.04663932862866" lon="-3.1000000000000032">
        <ele>234</ele>
      </trkpt>
      <trkpt lat="57.0465487316422" lon="-3.0994573717337435">
        <ele>234</ele>
      </trkpt>
      <trkpt lat="57.04652116931943" lon="-3.0989999544622822">
        <ele>234</ele>
      </trkpt>
      <trkpt lat="57.04652116931943" lon="-3.0989999544622822">
        <ele>234</ele>
      </trkpt>
      <trkpt lat="57.04650785153818" lon="-3.0987789359648432">
        <ele>234</ele>
      </trkpt>
      <trkpt lat="57.04650785153818" lon="-3.0987789359648432">
        <ele>234</ele>
      </trkpt>
      <trkpt lat="57.04645908830823" lon="-3.097969673850852">
        <ele>234</ele>
      </trkpt>
      <trkpt lat="57.04639137898151" lon="-3.0975777226778596">
        <ele>234</ele>
      </trkpt>
      <trkpt lat="57.04597081823385" lon="-3.0942695021934044">
        <ele>247</ele>
      </trkpt>
      <trkpt lat="57.04584970436774" lon="-3.0938460804882735">
        <ele>248</ele>
      </trkpt>
      <trkpt lat="57.04566946404731" lon="-3.0934426854854125">
        <ele>250</ele>
      </trkpt>
      <trkpt lat="57.04532328819379" lon="-3.0928647720770583">
        <ele>251</ele>
      </trkpt>
      <trkpt lat="57.04482951535312" lon="-3.0920186547093493">
        <ele>253</ele>
      </trkpt>
      <trkpt lat="57.04482951535312" lon="-3.0920186547093493">
        <ele>253</ele>
      </trkpt>
      <trkpt lat="57.04474728209042" lon="-3.0918777417509093">
        <ele>253</ele>
      </trkpt>
      <trkpt lat="57.04452636816247" lon="-3.0916490078609078">
        <ele>252</ele>
      </trkpt>
      <trkpt lat="57.04452636816247" lon="-3.0916490078609078">
        <ele>252</ele>
      </trkpt>
      <trkpt lat="57.04431623116538" lon="-3.0914314323860421">
        <ele>252</ele>
      </trkpt>
      <trkpt lat="57.04354281899677" lon="-3.0903786000381497">
        <ele>257</ele>
      </trkpt>
      <trkpt lat="57.04327484264735" lon="-3.0898426473393128">
        <ele>260</ele>
      </trkpt>
      <trkpt lat="57.04299256151059" lon="-3.089122639710093">
        <ele>264</ele>
      </trkpt>
      <trkpt lat="57.0425610035284" lon="-3.0885611552289975">
        <ele>265</ele>
      </trkpt>
      <trkpt lat="57.0425610035284" lon="-3.0885611552289975">
        <ele>265</ele>
      </trkpt>
      <trkpt lat="57.04248670626024" lon="-3.0884644897407494">
        <ele>265</ele>
      </trkpt>
      <trkpt lat="57.04248670626024" lon="-3.0884644897407494">
        <ele>265</ele>
      </trkpt>
      <trkpt lat="57.0420961281709" lon="-3.0879563227160056">
        <ele>266</ele>
      </trkpt>
      <trkpt lat="57.04163932862866" lon="-3.0864810223154717">
        <ele>270</ele>
      </trkpt>
      <trkpt lat="57.04162951256697" lon="-3.0863875114119725">
        <ele>270</ele>
      </trkpt>
      <trkpt lat="57.04162951256697" lon="-3.0863875114119725">
        <ele>270</ele>
      </trkpt>
      <trkpt lat="57.04158497043679" lon="-3.0859631890139267">
        <ele>273</ele>
      </trkpt>
      <trkpt lat="57.04164314323862" lon="-3.0854682433721186">
        <ele>276</ele>
      </trkpt>
      <trkpt lat="57.04163646767119" lon="-3.0851659355330954">
        <ele>277</ele>
      </trkpt>
      <trkpt lat="57.04154292608841" lon="-3.0848239517502982">
        <ele>278</ele>
      </trkpt>
      <trkpt lat="57.04154292608841" lon="-3.0848239517502982">
        <ele>278</ele>
      </trkpt>
      <trkpt lat="57.04125577169227" lon="-3.0837741283058087">
        <ele>281</ele>
      </trkpt>
      <trkpt lat="57.04125577169227" lon="-3.0837741283058087">
        <ele>281</ele>
      </trkpt>
      <trkpt lat="57.04113198550449" lon="-3.0833215716193054">
        <ele>282</ele>
      </trkpt>
      <trkpt lat="57.04112530993707" lon="-3.0825185962235397">
        <ele>282</ele>
      </trkpt>
      <trkpt lat="57.0410099179859" lon="-3.0820598893763145">
        <ele>281</ele>
      </trkpt>
      <trkpt lat="57.04074957085639" lon="-3.0814476444783554">
        <ele>279</ele>
      </trkpt>
      <trkpt lat="57.04061817225942" lon="-3.0807849764710262">
        <ele>276</ele>
      </trkpt>
      <trkpt lat="57.04061817225942" lon="-3.0807849764710262">
        <ele>276</ele>
      </trkpt>
      <trkpt lat="57.04046252145719" lon="-3.0800000000000036">
        <ele>277</ele>
      </trkpt>
      <trkpt lat="57.04046252145719" lon="-3.079999999999993">
        <ele>277</ele>
      </trkpt>
      <trkpt lat="57.04040625596034" lon="-3.0797167652107502">
        <ele>277</ele>
      </trkpt>
      <trkpt lat="57.0401883922782" lon="-3.0779273036848127">
        <ele>275</ele>
      </trkpt>
      <trkpt lat="57.0401883922782" lon="-3.0779273036848127">
        <ele>275</ele>
      </trkpt>
      <trkpt lat="57.0401831012779" lon="-3.0778838451268289">
        <ele>274</ele>
      </trkpt>
      <trkpt lat="57.04001525843984" lon="-3.0766345603661955">
        <ele>270</ele>
      </trkpt>
      <trkpt lat="57.04000000000001" lon="-3.0764238031661195">
        <ele>269</ele>
      </trkpt>
      <trkpt lat="57.04" lon="-3.0764238031661195">
        <ele>269</ele>
      </trkpt>
      <trkpt lat="57.03988556170132" lon="-3.0748016402822742">
        <ele>264</ele>
      </trkpt>
      <trkpt lat="57.03991001301132" lon="-3.0746117351079176">
        <ele>263</ele>
      </trkpt>
      <trkpt lat="57.03991001301132" lon="-3.0746117351079176">
        <ele>263</ele>
      </trkpt>
      <trkpt lat="57.03991001299768" lon="-3.0746117352138715">
        <ele>263</ele>
      </trkpt>
      <trkpt lat="57.03991001299768" lon="-3.0746117352138715">
        <ele>263</ele>
      </trkpt>
      <trkpt lat="57.04" lon="-3.0739128361624957">
        <ele>262</ele>
      </trkpt>
      <trkpt lat="57.04000000000001" lon="-3.0739128361624957">
        <ele>262</ele>
      </trkpt>
      <trkpt lat="57.04041674613772" lon="-3.0706790005721847">
        <ele>249</ele>
      </trkpt>
      <trkpt lat="57.04067518596224" lon="-3.0695603662025488">
        <ele>244</ele>
      </trkpt>
      <trkpt lat="57.04073049780661" lon="-3.0690129696738442">
        <ele>242</ele>
      </trkpt>
      <trkpt lat="57.04087736028992" lon="-3.0685113484646127">
        <ele>241</ele>
      </trkpt>
      <trkpt lat="57.04088117489988" lon="-3.0683005912645362">
        <ele>240</ele>
      </trkpt>
      <trkpt lat="57.04079820713334" lon="-3.0677636849132108">
        <ele>237</ele>
      </trkpt>
      <trkpt lat="57.04070761014687" lon="-3.0669073049780593">
        <ele>231</ele>
      </trkpt>
      <trkpt lat="57.04061510585544" lon="-3.0662502384131156">
        <ele>226</ele>
      </trkpt>
      <trkpt lat="57.04061033759299" lon="-3.0661481975967888">
        <ele>225</ele>
      </trkpt>
      <trkpt lat="57.04063990082015" lon="-3.0657638756437087">
        <ele>223</ele>
      </trkpt>
      <trkpt lat="57.04073049780661" lon="-3.0655321380888734">
        <ele>222</ele>
      </trkpt>
      <trkpt lat="57.04115391951174" lon="-3.0649971390425259">
        <ele>223</ele>
      </trkpt>
      <trkpt lat="57.0417308792676" lon="-3.0631575433911813">
        <ele>220</ele>
      </trkpt>
      <trkpt lat="57.04173374022508" lon="-3.0629687201983531">
        <ele>218</ele>
      </trkpt>
      <trkpt lat="57.04146957848561" lon="-3.0599999999999934">
        <ele>209</ele>
      </trkpt>
      <trkpt lat="57.04146957848561" lon="-3.0599999999999827">
        <ele>209</ele>
      </trkpt>
      <trkpt lat="57.04125550823363" lon="-3.0576119194093345">
        <ele>209</ele>
      </trkpt>
      <trkpt lat="57.04125550823363" lon="-3.0576119194093345">
        <ele>209</ele>
      </trkpt>
      <trkpt lat="57.04033568567615" lon="-3.0473507533854494">
        <ele>203</ele>
      </trkpt>
      <trkpt lat="57.04022506198742" lon="-3.0467556742322928">
        <ele>203</ele>
      </trkpt>
      <trkpt lat="57.04011539195118" lon="-3.0463446500095195">
        <ele>203</ele>
      </trkpt>
      <trkpt lat="57.04000286095748" lon="-3.0461090978447283">
        <ele>204</ele>
      </trkpt>
      <trkpt lat="57.04000286095748" lon="-3.0461090978447283">
        <ele>204</ele>
      </trkpt>
      <trkpt lat="57.04000000000001" lon="-3.0461052832347724">
        <ele>204</ele>
      </trkpt>
      <trkpt lat="57.04" lon="-3.0461052832347724">
        <ele>204</ele>
      </trkpt>
      <trkpt lat="57.03971581155827" lon="-3.0457934388708585">
        <ele>207</ele>
      </trkpt>
      <trkpt lat="57.03971581155827" lon="-3.0457934388708585">
        <ele>207</ele>
      </trkpt>
      <trkpt lat="57.03965859240893" lon="-3.0455988937630956">
        <ele>208</ele>
      </trkpt>
      <trkpt lat="57.03968434102613" lon="-3.0453032614914957">
        <ele>209</ele>
      </trkpt>
      <trkpt lat="57.03968434102613" lon="-3.0453032614914957">
        <ele>209</ele>
      </trkpt>
      <trkpt lat="57.039695784856" lon="-3.0450581728018138">
        <ele>210</ele>
      </trkpt>
      <trkpt lat="57.03989509822621" lon="-3.0447768453175494">
        <ele>210</ele>
      </trkpt>
      <trkpt lat="57.04" lon="-3.0445584588975607">
        <ele>210</ele>
      </trkpt>
      <trkpt lat="57.04000000000001" lon="-3.0445584588975607">
        <ele>210</ele>
      </trkpt>
      <trkpt lat="57.04007629219913" lon="-3.0443991989318921">
        <ele>210</ele>
      </trkpt>
      <trkpt lat="57.04023745946978" lon="-3.0442037001716402">
        <ele>210</ele>
      </trkpt>
      <trkpt lat="57.04040530193087" lon="-3.0441107704474195">
        <ele>209</ele>
      </trkpt>
      <trkpt lat="57.04040530197771" lon="-3.0441107703746617">
        <ele>209</ele>
      </trkpt>
      <trkpt lat="57.04059412550068" lon="-3.0437707419416196">
        <ele>209</ele>
      </trkpt>
      <trkpt lat="57.04086691773623" lon="-3.0431317785898795">
        <ele>210</ele>
      </trkpt>
      <trkpt lat="57.04086691780643" lon="-3.0431317784254488">
        <ele>210</ele>
      </trkpt>
      <trkpt lat="57.0408710655274" lon="-3.0429644870130348">
        <ele>210</ele>
      </trkpt>
      <trkpt lat="57.0408710655274" lon="-3.0429644870130348">
        <ele>210</ele>
      </trkpt>
      <trkpt lat="57.04087545298494" lon="-3.0427875262254265">
        <ele>211</ele>
      </trkpt>
      <trkpt lat="57.04113007819952" lon="-3.0420579820713161">
        <ele>211</ele>
      </trkpt>
      <trkpt lat="57.04130459660501" lon="-3.0413847034140589">
        <ele>212</ele>
      </trkpt>
      <trkpt lat="57.04154777798971" lon="-3.0405388136562865">
        <ele>215</ele>
      </trkpt>
      <trkpt lat="57.04191970246043" lon="-3.0399999999999832">
        <ele>216</ele>
      </trkpt>
      <trkpt lat="57.04191970246043" lon="-3.0400000000000009">
        <ele>216</ele>
      </trkpt>
      <trkpt lat="57.04201220675187" lon="-3.0398645813465586">
        <ele>216</ele>
      </trkpt>
      <trkpt lat="57.04230402441352" lon="-3.0393152775128756">
        <ele>216</ele>
      </trkpt>
      <trkpt lat="57.04247758916652" lon="-3.0380793438870888">
        <ele>224</ele>
      </trkpt>
      <trkpt lat="57.0425594111167" lon="-3.0372313132871329">
        <ele>229</ele>
      </trkpt>
      <trkpt lat="57.04255941121424" lon="-3.0372313133223754">
        <ele>229</ele>
      </trkpt>
      <trkpt lat="57.04255960328057" lon="-3.0372315468243385">
        <ele>229</ele>
      </trkpt>
      <trkpt lat="57.04296681289339" lon="-3.0373412168605771">
        <ele>224</ele>
      </trkpt>
      <trkpt lat="57.04360194545109" lon="-3.0372391760442508">
        <ele>218</ele>
      </trkpt>
      <trkpt lat="57.04454033950029" lon="-3.0371924470722882">
        <ele>211</ele>
      </trkpt>
      <trkpt lat="57.04454056970269" lon="-3.0371924355929085">
        <ele>211</ele>
      </trkpt>
      <trkpt lat="57.0448798397864" lon="-3.0370837306885381">
        <ele>210</ele>
      </trkpt>
      <trkpt lat="57.04528418844174" lon="-3.036908258630556">
        <ele>209</ele>
      </trkpt>
      <trkpt lat="57.04537764638567" lon="-3.0368157543391199">
        <ele>209</ele>
      </trkpt>
      <trkpt lat="57.0455122743532" lon="-3.0366213466135266">
        <ele>209</ele>
      </trkpt>
      <trkpt lat="57.0455122743532" lon="-3.0366213466135266">
        <ele>209</ele>
      </trkpt>
      <trkpt lat="57.04557719699952" lon="-3.0366856991439133">
        <ele>208</ele>
      </trkpt>
      <trkpt lat="57.04557719699952" lon="-3.0366856991439133">
        <ele>208</ele>
      </trkpt>
      <trkpt lat="57.04559797267344" lon="-3.0364975950942124">
        <ele>209</ele>
      </trkpt>
      <trkpt lat="57.04559797267344" lon="-3.0364975950942124">
        <ele>209</ele>
      </trkpt>
      <trkpt lat="57.04589738699219" lon="-3.0360652298302511">
        <ele>210</ele>
      </trkpt>
      <trkpt lat="57.04661071905399" lon="-3.0350972725538825">
        <ele>207</ele>
      </trkpt>
      <trkpt lat="57.04661071905399" lon="-3.0350972725538825">
        <ele>207</ele>
      </trkpt>
      <trkpt lat="57.04683553827486" lon="-3.0358012615548127">
        <ele>201</ele>
      </trkpt>
      <trkpt lat="57.04683553828577" lon="-3.0358012615683982">
        <ele>201</ele>
      </trkpt>
      <trkpt lat="57.04683551767936" lon="-3.0358012865129931">
        <ele>201</ele>
      </trkpt>
      <trkpt lat="57.0468357810414" lon="-3.0358020217432777">
        <ele>201</ele>
      </trkpt>
      <trkpt lat="57.04732119015831" lon="-3.0371571619301938">
        <ele>200</ele>
      </trkpt>
      <trkpt lat="57.04732119015831" lon="-3.0371571619301938">
        <ele>200</ele>
      </trkpt>
      <trkpt lat="57.0474098798398" lon="-3.037426091932101">
        <ele>201</ele>
      </trkpt>
      <trkpt lat="57.04751954987604" lon="-3.0376454320045787">
        <ele>201</ele>
      </trkpt>
      <trkpt lat="57.04751954987604" lon="-3.0376454320045787">
        <ele>201</ele>
      </trkpt>
      <trkpt lat="57.04760876460679" lon="-3.0378343573167732">
        <ele>201</ele>
      </trkpt>
      <trkpt lat="57.04760876460679" lon="-3.0378343573167732">
        <ele>201</ele>
      </trkpt>
      <trkpt lat="57.04761682242992" lon="-3.0378514209422098">
        <ele>201</ele>
      </trkpt>
      <trkpt lat="57.04767283118775" lon="-3.0380142699355699">
        <ele>202</ele>
      </trkpt>
      <trkpt lat="57.04767283118775" lon="-3.0380142699355699">
        <ele>202</ele>
      </trkpt>
      <trkpt lat="57.04773030707612" lon="-3.0381813847034151">
        <ele>202</ele>
      </trkpt>
      <trkpt lat="57.04802498569522" lon="-3.0386868205226025">
        <ele>202</ele>
      </trkpt>
      <trkpt lat="57.04815862883486" lon="-3.0389037061044566">
        <ele>202</ele>
      </trkpt>
    </trkseg>
  </trk>
</gpx>