<?xml version="1.0" encoding="UTF-8" standalone="yes"?>
<gpx
 version="1.1"
 creator="Generated by MapOut iPhone App. See https://mapout.app"
 xmlns="http://www.topografix.com/GPX/1/1"
 xmlns:xsi="http://www.w3.org/2001/XMLSchema-instance"
 xmlns:gpxx="http://www.garmin.com/xmlschemas/GpxExtensions/v3"
 xmlns:mapout="https://mapout.app/xmlschemas/MapOutExtensions"
 xsi:schemaLocation="http://www.topografix.com/GPX/1/1 https://www.topografix.com/GPX/1/1/gpx.xsd http://www.garmin.com/xmlschemas/GpxExtensions/v3 https://www8.garmin.com/xmlschemas/GpxExtensionsv3.xsd https://mapout.app/xmlschemas/MapOutExtensions https://mapout.app/xmlschemas/MapOutExtensions.xsd">
  <metadata>
    <name>Bohuslän - April 2025 with Robb</name>
    <author><name>Chloé </name></author>
    <time>2025-04-14T19:35:54Z</time>
    <bounds minlat="57.87057982071334" minlon="11.81537573908068" maxlat="58.35377204828673" maxlon="12.12785809650963"/>
  </metadata>
  <wpt lat="58.29352389528265" lon="12.05454764759728">
    <ele>112</ele>
    <name>Waypoint</name>
    <sym>Camping</sym>
    <extensions>
      <mapout:extension>
        <mapout:color>05BB6E</mapout:color>
      </mapout:extension>
    </extensions>
  </wpt>
  <wpt lat="58.30734989023502" lon="11.84047540484559">
    <ele>29</ele>
    <name>Start bus</name>
    <sym>Ground Transportation</sym>
    <extensions>
      <mapout:extension>
        <mapout:color>05BB6E</mapout:color>
      </mapout:extension>
    </extensions>
  </wpt>
  <wpt lat="58.17824381774896" lon="12.01571275550548">
    <ele>136</ele>
    <name>Waypoint</name>
    <sym>Camping</sym>
    <extensions>
      <mapout:extension>
        <mapout:color>05BB6E</mapout:color>
      </mapout:extension>
    </extensions>
  </wpt>
  <wpt lat="58.31420154796368" lon="11.94198978333083">
    <ele>36</ele>
    <name>End bus</name>
    <sym>Ground Transportation</sym>
    <extensions>
      <mapout:extension>
        <mapout:color>05BB6E</mapout:color>
      </mapout:extension>
    </extensions>
  </wpt>
  <wpt lat="58.07611612421297" lon="12.03924355990866">
    <ele>128</ele>
    <name>Waypoint</name>
    <sym>Camping</sym>
    <extensions>
      <mapout:extension>
        <mapout:color>05BB6E</mapout:color>
      </mapout:extension>
    </extensions>
  </wpt>
  <wpt lat="57.93626667383631" lon="11.99985774365407">
    <ele>54</ele>
    <name>Romesjöns badplats</name>
    <sym>Camping</sym>
    <extensions>
      <mapout:extension>
        <mapout:color>05BB6E</mapout:color>
      </mapout:extension>
    </extensions>
  </wpt>
  <trk>
    <name>National Hiking Route 9</name>
    <extensions>
      <gpxx:TrackExtension>
        <gpxx:DisplayColor>DarkCyan</gpxx:DisplayColor>
      </gpxx:TrackExtension>
      <mapout:extension>
        <mapout:color>05BB6E</mapout:color>
      </mapout:extension>
    </extensions>
    <trkseg>
      <trkpt lat="58.35377204828673" lon="11.92337079357015">
        <ele>9</ele>
      </trkpt>
      <trkpt lat="58.35376311272172" lon="11.92338928094603">
        <ele>9</ele>
      </trkpt>
      <trkpt lat="58.35373259584207" lon="11.92343028800306">
        <ele>9</ele>
      </trkpt>
      <trkpt lat="58.35369349609002" lon="11.92346271218769">
        <ele>9</ele>
      </trkpt>
      <trkpt lat="58.35362960137326" lon="11.92348655349991">
        <ele>9</ele>
      </trkpt>
      <trkpt lat="58.35356189204654" lon="11.9234875071524">
        <ele>9</ele>
      </trkpt>
      <trkpt lat="58.35348941445736" lon="11.92346652679764">
        <ele>9</ele>
      </trkpt>
      <trkpt lat="58.35348941445736" lon="11.92346652679764">
        <ele>9</ele>
      </trkpt>
      <trkpt lat="58.35331564567663" lon="11.92514713358111">
        <ele>9</ele>
      </trkpt>
      <trkpt lat="58.35331489605187" lon="11.92514686248332">
        <ele>9</ele>
      </trkpt>
      <trkpt lat="58.35328617454796" lon="11.92513647632332">
        <ele>9</ele>
      </trkpt>
      <trkpt lat="58.3532862864772" lon="11.92513541865345">
        <ele>9</ele>
      </trkpt>
      <trkpt lat="58.35328616627658" lon="11.92513647344762">
        <ele>9</ele>
      </trkpt>
      <trkpt lat="58.35328616627573" lon="11.92513647333195">
        <ele>9</ele>
      </trkpt>
      <trkpt lat="58.3528428380698" lon="11.92497615868778">
        <ele>10</ele>
      </trkpt>
      <trkpt lat="58.3528428380698" lon="11.92497615868778">
        <ele>10</ele>
      </trkpt>
      <trkpt lat="58.35280234840974" lon="11.92496051495548">
        <ele>10</ele>
      </trkpt>
      <trkpt lat="58.35280234841019" lon="11.92496051503438">
        <ele>10</ele>
      </trkpt>
      <trkpt lat="58.35280178223996" lon="11.92486075583975">
        <ele>10</ele>
      </trkpt>
      <trkpt lat="58.35279992370779" lon="11.92486076673661">
        <ele>10</ele>
      </trkpt>
      <trkpt lat="58.35268444590251" lon="11.92486143423837">
        <ele>11</ele>
      </trkpt>
      <trkpt lat="58.35268444590024" lon="11.92486143420495">
        <ele>11</ele>
      </trkpt>
      <trkpt lat="58.35268554530752" lon="11.92497325963063">
        <ele>10</ele>
      </trkpt>
      <trkpt lat="58.35268554530752" lon="11.92497325963063">
        <ele>10</ele>
      </trkpt>
      <trkpt lat="58.35268739271409" lon="11.92516116727065">
        <ele>10</ele>
      </trkpt>
      <trkpt lat="58.35268739271409" lon="11.92516116727065">
        <ele>10</ele>
      </trkpt>
      <trkpt lat="58.35269597558649" lon="11.9265401487698">
        <ele>7</ele>
      </trkpt>
      <trkpt lat="58.35269597558649" lon="11.9265401487698">
        <ele>7</ele>
      </trkpt>
      <trkpt lat="58.35273672569123" lon="11.92654351654705">
        <ele>7</ele>
      </trkpt>
      <trkpt lat="58.3527367257026" lon="11.92654351666619">
        <ele>7</ele>
      </trkpt>
      <trkpt lat="58.35273793629601" lon="11.92687201983598">
        <ele>7</ele>
      </trkpt>
      <trkpt lat="58.35272923394147" lon="11.92718926021486">
        <ele>6</ele>
      </trkpt>
      <trkpt lat="58.35272923394147" lon="11.92718926021486">
        <ele>6</ele>
      </trkpt>
      <trkpt lat="58.35272744611863" lon="11.92725443448408">
        <ele>6</ele>
      </trkpt>
      <trkpt lat="58.35264638565706" lon="11.92871543009728">
        <ele>5</ele>
      </trkpt>
      <trkpt lat="58.35264638565706" lon="11.92871543009728">
        <ele>5</ele>
      </trkpt>
      <trkpt lat="58.35258916650772" lon="11.92873641045204">
        <ele>5</ele>
      </trkpt>
      <trkpt lat="58.35258916650772" lon="11.92873641045204">
        <ele>5</ele>
      </trkpt>
      <trkpt lat="58.35251859622353" lon="11.92875262254435">
        <ele>5</ele>
      </trkpt>
      <trkpt lat="58.35193019263779" lon="11.92857047491895">
        <ele>3</ele>
      </trkpt>
      <trkpt lat="58.35193019263779" lon="11.92857047491895">
        <ele>3</ele>
      </trkpt>
      <trkpt lat="58.3517737936296" lon="11.92852279229449">
        <ele>3</ele>
      </trkpt>
      <trkpt lat="58.35165935533091" lon="11.92850276559222">
        <ele>3</ele>
      </trkpt>
      <trkpt lat="58.3515992752241" lon="11.92850085828725">
        <ele>3</ele>
      </trkpt>
      <trkpt lat="58.35153728781231" lon="11.92851993133703">
        <ele>3</ele>
      </trkpt>
      <trkpt lat="58.35120608530465" lon="11.92868553259086">
        <ele>2</ele>
      </trkpt>
      <trkpt lat="58.35120608530465" lon="11.92868553259086">
        <ele>2</ele>
      </trkpt>
      <trkpt lat="58.35115201220675" lon="11.92871256913981">
        <ele>2</ele>
      </trkpt>
      <trkpt lat="58.35115201220675" lon="11.92871256913981">
        <ele>2</ele>
      </trkpt>
      <trkpt lat="58.35107858096509" lon="11.92830345222202">
        <ele>2</ele>
      </trkpt>
      <trkpt lat="58.35098989128361" lon="11.92793057409881">
        <ele>2</ele>
      </trkpt>
      <trkpt lat="58.35090120160213" lon="11.92761205416747">
        <ele>2</ele>
      </trkpt>
      <trkpt lat="58.35085637993514" lon="11.92747282090407">
        <ele>2</ele>
      </trkpt>
      <trkpt lat="58.35079248521838" lon="11.92730402441351">
        <ele>3</ele>
      </trkpt>
      <trkpt lat="58.35069711996947" lon="11.92713236696548">
        <ele>3</ele>
      </trkpt>
      <trkpt lat="58.35061319855044" lon="11.92700553118444">
        <ele>3</ele>
      </trkpt>
      <trkpt lat="58.35030792032605" lon="11.92660246852881">
        <ele>3</ele>
      </trkpt>
      <trkpt lat="58.35030792029039" lon="11.92660246848169">
        <ele>3</ele>
      </trkpt>
      <trkpt lat="58.35020122067518" lon="11.92692637802785">
        <ele>2</ele>
      </trkpt>
      <trkpt lat="58.35012806463828" lon="11.92716558665646">
        <ele>2</ele>
      </trkpt>
      <trkpt lat="58.35012806463828" lon="11.92716558665646">
        <ele>2</ele>
      </trkpt>
      <trkpt lat="58.35008106046156" lon="11.92731928285333">
        <ele>2</ele>
      </trkpt>
      <trkpt lat="58.35004672897195" lon="11.92746042342171">
        <ele>2</ele>
      </trkpt>
      <trkpt lat="58.35001907304977" lon="11.92762921991227">
        <ele>2</ele>
      </trkpt>
      <trkpt lat="58.34998455188575" lon="11.92798347280973">
        <ele>2</ele>
      </trkpt>
      <trkpt lat="58.34998455188575" lon="11.92798347280973">
        <ele>2</ele>
      </trkpt>
      <trkpt lat="58.34997901964523" lon="11.92804024413504">
        <ele>2</ele>
      </trkpt>
      <trkpt lat="58.34995517833301" lon="11.92845031470533">
        <ele>2</ele>
      </trkpt>
      <trkpt lat="58.34995231737554" lon="11.92853709708183">
        <ele>2</ele>
      </trkpt>
      <trkpt lat="58.34997997329773" lon="11.92875071523937">
        <ele>1</ele>
      </trkpt>
      <trkpt lat="58.34995214487927" lon="11.92902964659646">
        <ele>1</ele>
      </trkpt>
      <trkpt lat="58.34995214487927" lon="11.92902964659646">
        <ele>1</ele>
      </trkpt>
      <trkpt lat="58.3499389662407" lon="11.92916173946215">
        <ele>1</ele>
      </trkpt>
      <trkpt lat="58.34981024206719" lon="11.93079165382466">
        <ele>2</ele>
      </trkpt>
      <trkpt lat="58.34981024206719" lon="11.93079165382466">
        <ele>2</ele>
      </trkpt>
      <trkpt lat="58.34985376105198" lon="11.9302406134379">
        <ele>1</ele>
      </trkpt>
      <trkpt lat="58.34985376105198" lon="11.9302406134379">
        <ele>1</ele>
      </trkpt>
      <trkpt lat="58.34980068662978" lon="11.93091264543201">
        <ele>2</ele>
      </trkpt>
      <trkpt lat="58.34978447453747" lon="11.930957467099">
        <ele>2</ele>
      </trkpt>
      <trkpt lat="58.34975491131031" lon="11.93100228876598">
        <ele>2</ele>
      </trkpt>
      <trkpt lat="58.34969483120351" lon="11.93106236887279">
        <ele>2</ele>
      </trkpt>
      <trkpt lat="58.3493381651726" lon="11.93125596032806">
        <ele>2</ele>
      </trkpt>
      <trkpt lat="58.3492599656685" lon="11.9313131794774">
        <ele>2</ele>
      </trkpt>
      <trkpt lat="58.34922754148388" lon="11.931392332634">
        <ele>3</ele>
      </trkpt>
      <trkpt lat="58.34921533428346" lon="11.93146275879022">
        <ele>3</ele>
      </trkpt>
      <trkpt lat="58.34921533429364" lon="11.93146275874122">
        <ele>3</ele>
      </trkpt>
      <trkpt lat="58.34913789814991" lon="11.93144001525845">
        <ele>3</ele>
      </trkpt>
      <trkpt lat="58.34913789814991" lon="11.93144001525845">
        <ele>3</ele>
      </trkpt>
      <trkpt lat="58.34912263971008" lon="11.931435246996">
        <ele>3</ele>
      </trkpt>
      <trkpt lat="58.3491035666603" lon="11.93149723440779">
        <ele>3</ele>
      </trkpt>
      <trkpt lat="58.34908449361053" lon="11.93155922181958">
        <ele>3</ele>
      </trkpt>
      <trkpt lat="58.34908449361053" lon="11.93155922181958">
        <ele>3</ele>
      </trkpt>
      <trkpt lat="58.34879267594888" lon="11.93149532710281">
        <ele>3</ele>
      </trkpt>
      <trkpt lat="58.34879267594888" lon="11.93149532710281">
        <ele>3</ele>
      </trkpt>
      <trkpt lat="58.34872878123211" lon="11.93148483692543">
        <ele>3</ele>
      </trkpt>
      <trkpt lat="58.34872878123211" lon="11.93148483692543">
        <ele>3</ele>
      </trkpt>
      <trkpt lat="58.34870589357238" lon="11.93091169177952">
        <ele>2</ele>
      </trkpt>
      <trkpt lat="58.34865439633797" lon="11.93033759298113">
        <ele>2</ele>
      </trkpt>
      <trkpt lat="58.34862865790687" lon="11.93013530499923">
        <ele>2</ele>
      </trkpt>
      <trkpt lat="58.34862865790687" lon="11.93013530499923">
        <ele>2</ele>
      </trkpt>
      <trkpt lat="58.34859336257867" lon="11.92985790577914">
        <ele>2</ele>
      </trkpt>
      <trkpt lat="58.3484598512302" lon="11.92915124928477">
        <ele>2</ele>
      </trkpt>
      <trkpt lat="58.34833587640663" lon="11.92869349609003">
        <ele>3</ele>
      </trkpt>
      <trkpt lat="58.34820236505816" lon="11.92834255197407">
        <ele>4</ele>
      </trkpt>
      <trkpt lat="58.34817089452603" lon="11.92823002098036">
        <ele>4</ele>
      </trkpt>
      <trkpt lat="58.3481470532138" lon="11.92789528895671">
        <ele>4</ele>
      </trkpt>
      <trkpt lat="58.34812798016402" lon="11.92786954033951">
        <ele>4</ele>
      </trkpt>
      <trkpt lat="58.34812798016402" lon="11.92786954033951">
        <ele>4</ele>
      </trkpt>
      <trkpt lat="58.34808601945451" lon="11.92743753576197">
        <ele>5</ele>
      </trkpt>
      <trkpt lat="58.34787430860194" lon="11.92607667366013">
        <ele>4</ele>
      </trkpt>
      <trkpt lat="58.34745946976921" lon="11.92352088498952">
        <ele>2</ele>
      </trkpt>
      <trkpt lat="58.34736696547778" lon="11.92331108144193">
        <ele>2</ele>
      </trkpt>
      <trkpt lat="58.34735647530039" lon="11.92326625977494">
        <ele>2</ele>
      </trkpt>
      <trkpt lat="58.34735647530039" lon="11.92320713332063">
        <ele>2</ele>
      </trkpt>
      <trkpt lat="58.34740225061987" lon="11.92311939729163">
        <ele>2</ele>
      </trkpt>
      <trkpt lat="58.34740225061987" lon="11.92303356856762">
        <ele>2</ele>
      </trkpt>
      <trkpt lat="58.34729067327865" lon="11.92242418462713">
        <ele>2</ele>
      </trkpt>
      <trkpt lat="58.34699504100705" lon="11.92061510585543">
        <ele>3</ele>
      </trkpt>
      <trkpt lat="58.34690062941063" lon="11.92000000000001">
        <ele>3</ele>
      </trkpt>
      <trkpt lat="58.34690062941063" lon="11.92">
        <ele>3</ele>
      </trkpt>
      <trkpt lat="58.34678523745946" lon="11.9192523364486">
        <ele>1</ele>
      </trkpt>
      <trkpt lat="58.34670799160785" lon="11.91911501049017">
        <ele>1</ele>
      </trkpt>
      <trkpt lat="58.34660976540148" lon="11.91907877169559">
        <ele>1</ele>
      </trkpt>
      <trkpt lat="58.34660976540148" lon="11.91907877169559">
        <ele>1</ele>
      </trkpt>
      <trkpt lat="58.34653538050734" lon="11.91862387945832">
        <ele>2</ele>
      </trkpt>
      <trkpt lat="58.34651630745756" lon="11.91857905779134">
        <ele>2</ele>
      </trkpt>
      <trkpt lat="58.34648388327293" lon="11.918564753004">
        <ele>2</ele>
      </trkpt>
      <trkpt lat="58.34648388327293" lon="11.918564753004">
        <ele>2</ele>
      </trkpt>
      <trkpt lat="58.34647434674804" lon="11.91845508296776">
        <ele>2</ele>
      </trkpt>
      <trkpt lat="58.34636276940682" lon="11.91780564562273">
        <ele>5</ele>
      </trkpt>
      <trkpt lat="58.34634274270455" lon="11.91761014686248">
        <ele>7</ele>
      </trkpt>
      <trkpt lat="58.34629219912264" lon="11.91741178714476">
        <ele>8</ele>
      </trkpt>
      <trkpt lat="58.3462426091932" lon="11.91727160022887">
        <ele>9</ele>
      </trkpt>
      <trkpt lat="58.34597844745374" lon="11.91667938203318">
        <ele>13</ele>
      </trkpt>
      <trkpt lat="58.34594316231165" lon="11.91656685103948">
        <ele>14</ele>
      </trkpt>
      <trkpt lat="58.34590692351706" lon="11.91635990844936">
        <ele>15</ele>
      </trkpt>
      <trkpt lat="58.3457219149342" lon="11.91602517642571">
        <ele>17</ele>
      </trkpt>
      <trkpt lat="58.34560270837306" lon="11.91577818043105">
        <ele>19</ele>
      </trkpt>
      <trkpt lat="58.34560270837306" lon="11.91577818043105">
        <ele>19</ele>
      </trkpt>
      <trkpt lat="58.34552069425901" lon="11.91593457943925">
        <ele>20</ele>
      </trkpt>
      <trkpt lat="58.34552069425901" lon="11.91629315277513">
        <ele>19</ele>
      </trkpt>
      <trkpt lat="58.34554072096127" lon="11.91650295632271">
        <ele>19</ele>
      </trkpt>
      <trkpt lat="58.345477779897" lon="11.91690635132557">
        <ele>17</ele>
      </trkpt>
      <trkpt lat="58.34536048064085" lon="11.91728781232119">
        <ele>15</ele>
      </trkpt>
      <trkpt lat="58.3452860957467" lon="11.91737745565516">
        <ele>15</ele>
      </trkpt>
      <trkpt lat="58.3451640282281" lon="11.91734693877551">
        <ele>17</ele>
      </trkpt>
      <trkpt lat="58.34497234407781" lon="11.91683864199885">
        <ele>24</ele>
      </trkpt>
      <trkpt lat="58.34487411787144" lon="11.91683196643143">
        <ele>25</ele>
      </trkpt>
      <trkpt lat="58.34463856570665" lon="11.91685390043868">
        <ele>26</ele>
      </trkpt>
      <trkpt lat="58.34463856570665" lon="11.91650295632271">
        <ele>29</ele>
      </trkpt>
      <trkpt lat="58.34451745184055" lon="11.91624165554072">
        <ele>30</ele>
      </trkpt>
      <trkpt lat="58.34442685485408" lon="11.91609956131985">
        <ele>32</ele>
      </trkpt>
      <trkpt lat="58.34439538432195" lon="11.91600991798588">
        <ele>32</ele>
      </trkpt>
      <trkpt lat="58.34438394049208" lon="11.91574861720389">
        <ele>33</ele>
      </trkpt>
      <trkpt lat="58.34441159641426" lon="11.91535189776845">
        <ele>32</ele>
      </trkpt>
      <trkpt lat="58.34441159641426" lon="11.91480002575877">
        <ele>28</ele>
      </trkpt>
      <trkpt lat="58.34441159642154" lon="11.91480002522582">
        <ele>28</ele>
      </trkpt>
      <trkpt lat="58.34424184627121" lon="11.91479591836734">
        <ele>30</ele>
      </trkpt>
      <trkpt lat="58.343999618539" lon="11.91488746900629">
        <ele>32</ele>
      </trkpt>
      <trkpt lat="58.34379649055884" lon="11.91502670226969">
        <ele>32</ele>
      </trkpt>
      <trkpt lat="58.34360766736601" lon="11.91514495517833">
        <ele>30</ele>
      </trkpt>
      <trkpt lat="58.34344745374785" lon="11.91520884989509">
        <ele>28</ele>
      </trkpt>
      <trkpt lat="58.34327007438489" lon="11.91532233454129">
        <ele>24</ele>
      </trkpt>
      <trkpt lat="58.34306980736219" lon="11.91551497234407">
        <ele>19</ele>
      </trkpt>
      <trkpt lat="58.34306980736219" lon="11.91551497234407">
        <ele>19</ele>
      </trkpt>
      <trkpt lat="58.34302117108525" lon="11.91542342170513">
        <ele>19</ele>
      </trkpt>
      <trkpt lat="58.34296204463093" lon="11.91534903681098">
        <ele>19</ele>
      </trkpt>
      <trkpt lat="58.34290101087164" lon="11.91529944688155">
        <ele>18</ele>
      </trkpt>
      <trkpt lat="58.34283616250238" lon="11.91526988365439">
        <ele>18</ele>
      </trkpt>
      <trkpt lat="58.34277226778561" lon="11.91524127407972">
        <ele>17</ele>
      </trkpt>
      <trkpt lat="58.34270837306885" lon="11.91522315468243">
        <ele>16</ele>
      </trkpt>
      <trkpt lat="58.34261396147243" lon="11.91522315468243">
        <ele>14</ele>
      </trkpt>
      <trkpt lat="58.34251954987602" lon="11.91522315468243">
        <ele>12</ele>
      </trkpt>
      <trkpt lat="58.34251954987602" lon="11.91522315468243">
        <ele>12</ele>
      </trkpt>
      <trkpt lat="58.34247568186152" lon="11.91503242418462">
        <ele>12</ele>
      </trkpt>
      <trkpt lat="58.34245851611672" lon="11.91484836925424">
        <ele>12</ele>
      </trkpt>
      <trkpt lat="58.34238317757008" lon="11.9132862864772">
        <ele>7</ele>
      </trkpt>
      <trkpt lat="58.34237650200267" lon="11.91220198359717">
        <ele>5</ele>
      </trkpt>
      <trkpt lat="58.34237650200267" lon="11.91220198359717">
        <ele>5</ele>
      </trkpt>
      <trkpt lat="58.34233908981874" lon="11.91220619668095">
        <ele>5</ele>
      </trkpt>
      <trkpt lat="58.34233908981874" lon="11.91220619668095">
        <ele>5</ele>
      </trkpt>
      <trkpt lat="58.34250626164948" lon="11.91187998743655">
        <ele>4</ele>
      </trkpt>
      <trkpt lat="58.34250626164948" lon="11.91187998743655">
        <ele>4</ele>
      </trkpt>
      <trkpt lat="58.3426082395575" lon="11.91162693114629">
        <ele>4</ele>
      </trkpt>
      <trkpt lat="58.34263971008964" lon="11.91153442685485">
        <ele>4</ele>
      </trkpt>
      <trkpt lat="58.34267213427427" lon="11.91144192256341">
        <ele>4</ele>
      </trkpt>
      <trkpt lat="58.34268453175662" lon="11.91137993515163">
        <ele>4</ele>
      </trkpt>
      <trkpt lat="58.34269692923898" lon="11.91131794773984">
        <ele>4</ele>
      </trkpt>
      <trkpt lat="58.3427036048064" lon="11.91125405302308">
        <ele>4</ele>
      </trkpt>
      <trkpt lat="58.34271028037383" lon="11.91119015830631">
        <ele>4</ele>
      </trkpt>
      <trkpt lat="58.34271028037383" lon="11.91107285905016">
        <ele>4</ele>
      </trkpt>
      <trkpt lat="58.3427036048064" lon="11.91095555979401">
        <ele>4</ele>
      </trkpt>
      <trkpt lat="58.34268930001907" lon="11.91084112149532">
        <ele>5</ele>
      </trkpt>
      <trkpt lat="58.34266641235933" lon="11.91073526606904">
        <ele>4</ele>
      </trkpt>
      <trkpt lat="58.34264161739461" lon="11.91063608621018">
        <ele>4</ele>
      </trkpt>
      <trkpt lat="58.34261777608239" lon="11.91053690635132">
        <ele>4</ele>
      </trkpt>
      <trkpt lat="58.34259012016021" lon="11.91044917032233">
        <ele>4</ele>
      </trkpt>
      <trkpt lat="58.34256246423803" lon="11.91036238794583">
        <ele>4</ele>
      </trkpt>
      <trkpt lat="58.34245088689681" lon="11.91008487507152">
        <ele>4</ele>
      </trkpt>
      <trkpt lat="58.34239652870493" lon="11.90998378790768">
        <ele>4</ele>
      </trkpt>
      <trkpt lat="58.3423383559031" lon="11.90989605187869">
        <ele>4</ele>
      </trkpt>
      <trkpt lat="58.34223822239176" lon="11.90977589166507">
        <ele>5</ele>
      </trkpt>
      <trkpt lat="58.34213904253289" lon="11.90965668510395">
        <ele>5</ele>
      </trkpt>
      <trkpt lat="58.34174232309746" lon="11.9092523364486">
        <ele>6</ele>
      </trkpt>
      <trkpt lat="58.34170131604043" lon="11.90916936868205">
        <ele>6</ele>
      </trkpt>
      <trkpt lat="58.3416603089834" lon="11.9090864009155">
        <ele>6</ele>
      </trkpt>
      <trkpt lat="58.34163265306122" lon="11.90901869158878">
        <ele>6</ele>
      </trkpt>
      <trkpt lat="58.34160595079153" lon="11.90895193591455">
        <ele>6</ele>
      </trkpt>
      <trkpt lat="58.34158115582681" lon="11.90887850467289">
        <ele>6</ele>
      </trkpt>
      <trkpt lat="58.34155636086209" lon="11.90880507343124">
        <ele>5</ele>
      </trkpt>
      <trkpt lat="58.34154110242227" lon="11.9087211520122">
        <ele>5</ele>
      </trkpt>
      <trkpt lat="58.34154110242227" lon="11.9087211520122">
        <ele>5</ele>
      </trkpt>
      <trkpt lat="58.34146957848559" lon="11.90873831775701">
        <ele>6</ele>
      </trkpt>
      <trkpt lat="58.34110146862483" lon="11.90833587640663">
        <ele>6</ele>
      </trkpt>
      <trkpt lat="58.34110146862483" lon="11.90833587640663">
        <ele>6</ele>
      </trkpt>
      <trkpt lat="58.34101087163837" lon="11.90828819378218">
        <ele>6</ele>
      </trkpt>
      <trkpt lat="58.34101087163837" lon="11.90828819378218">
        <ele>6</ele>
      </trkpt>
      <trkpt lat="58.34089929429715" lon="11.90823574289529">
        <ele>6</ele>
      </trkpt>
      <trkpt lat="58.34082967766545" lon="11.90818424566088">
        <ele>6</ele>
      </trkpt>
      <trkpt lat="58.34078390234598" lon="11.90816421895861">
        <ele>6</ele>
      </trkpt>
      <trkpt lat="58.34072763684912" lon="11.9081651726111">
        <ele>6</ele>
      </trkpt>
      <trkpt lat="58.34064848369254" lon="11.90822525271791">
        <ele>7</ele>
      </trkpt>
      <trkpt lat="58.34056551592599" lon="11.90830154491703">
        <ele>8</ele>
      </trkpt>
      <trkpt lat="58.3404520312798" lon="11.90842075147816">
        <ele>9</ele>
      </trkpt>
      <trkpt lat="58.34038909021552" lon="11.90847987793248">
        <ele>10</ele>
      </trkpt>
      <trkpt lat="58.34032614915125" lon="11.90853995803929">
        <ele>11</ele>
      </trkpt>
      <trkpt lat="58.34027083730688" lon="11.90856570665649">
        <ele>11</ele>
      </trkpt>
      <trkpt lat="58.34019740606522" lon="11.90853518977684">
        <ele>12</ele>
      </trkpt>
      <trkpt lat="58.34014018691588" lon="11.90843696357047">
        <ele>11</ele>
      </trkpt>
      <trkpt lat="58.34008392141903" lon="11.9083387373641">
        <ele>11</ele>
      </trkpt>
      <trkpt lat="58.34005817280183" lon="11.90824146481022">
        <ele>10</ele>
      </trkpt>
      <trkpt lat="58.34004482166698" lon="11.90812035094411">
        <ele>9</ele>
      </trkpt>
      <trkpt lat="58.34005435819187" lon="11.9080431050925">
        <ele>9</ele>
      </trkpt>
      <trkpt lat="58.34006484836925" lon="11.90796681289338">
        <ele>8</ele>
      </trkpt>
      <trkpt lat="58.34008582872401" lon="11.90789910356666">
        <ele>8</ele>
      </trkpt>
      <trkpt lat="58.34010680907877" lon="11.90783139423993">
        <ele>7</ele>
      </trkpt>
      <trkpt lat="58.34010204081632" lon="11.90775033377837">
        <ele>6</ele>
      </trkpt>
      <trkpt lat="58.34007152393667" lon="11.90769597558649">
        <ele>6</ele>
      </trkpt>
      <trkpt lat="58.34" lon="11.9076254053023">
        <ele>6</ele>
      </trkpt>
      <trkpt lat="58.34000000000001" lon="11.9076254053023">
        <ele>6</ele>
      </trkpt>
      <trkpt lat="58.33990749570857" lon="11.90753385466336">
        <ele>6</ele>
      </trkpt>
      <trkpt lat="58.33985981308413" lon="11.90752908640091">
        <ele>6</ele>
      </trkpt>
      <trkpt lat="58.33979687201985" lon="11.90754815945069">
        <ele>6</ele>
      </trkpt>
      <trkpt lat="58.3396709898913" lon="11.90779420179286">
        <ele>9</ele>
      </trkpt>
      <trkpt lat="58.33962902918178" lon="11.90786191111958">
        <ele>10</ele>
      </trkpt>
      <trkpt lat="58.33957562464239" lon="11.90790101087163">
        <ele>11</ele>
      </trkpt>
      <trkpt lat="58.33946881556362" lon="11.90786191111958">
        <ele>11</ele>
      </trkpt>
      <trkpt lat="58.33936200648485" lon="11.90782281136753">
        <ele>12</ele>
      </trkpt>
      <trkpt lat="58.33930001907306" lon="11.90775700934579">
        <ele>12</ele>
      </trkpt>
      <trkpt lat="58.33926950219341" lon="11.90764829296204">
        <ele>11</ele>
      </trkpt>
      <trkpt lat="58.33923993896625" lon="11.90753957657829">
        <ele>10</ele>
      </trkpt>
      <trkpt lat="58.33921514400154" lon="11.90742227732214">
        <ele>9</ele>
      </trkpt>
      <trkpt lat="58.33919034903683" lon="11.90730593171848">
        <ele>9</ele>
      </trkpt>
      <trkpt lat="58.33917032233455" lon="11.90683768834636">
        <ele>6</ele>
      </trkpt>
      <trkpt lat="58.33915506389473" lon="11.90675662788479">
        <ele>5</ele>
      </trkpt>
      <trkpt lat="58.33913980545491" lon="11.90667556742323">
        <ele>5</ele>
      </trkpt>
      <trkpt lat="58.33911119588024" lon="11.90659259965668">
        <ele>5</ele>
      </trkpt>
      <trkpt lat="58.33890813897182" lon="11.90623066558561">
        <ele>6</ele>
      </trkpt>
      <trkpt lat="58.33890813897182" lon="11.90623066558561">
        <ele>6</ele>
      </trkpt>
      <trkpt lat="58.33885309078211" lon="11.9061492523755">
        <ele>5</ele>
      </trkpt>
      <trkpt lat="58.33885309078211" lon="11.9061492523755">
        <ele>5</ele>
      </trkpt>
      <trkpt lat="58.33880411977876" lon="11.90608907114247">
        <ele>5</ele>
      </trkpt>
      <trkpt lat="58.33873354949458" lon="11.90604234217051">
        <ele>5</ele>
      </trkpt>
      <trkpt lat="58.33867156208279" lon="11.90603566660309">
        <ele>6</ele>
      </trkpt>
      <trkpt lat="58.338609574671" lon="11.90602899103566">
        <ele>6</ele>
      </trkpt>
      <trkpt lat="58.3385485409117" lon="11.90598035475872">
        <ele>6</ele>
      </trkpt>
      <trkpt lat="58.3385485409117" lon="11.90598035475872">
        <ele>6</ele>
      </trkpt>
      <trkpt lat="58.33849895098228" lon="11.90593362578676">
        <ele>5</ele>
      </trkpt>
      <trkpt lat="58.33846652679765" lon="11.9059212283044">
        <ele>5</ele>
      </trkpt>
      <trkpt lat="58.33843314896053" lon="11.9059383940492">
        <ele>5</ele>
      </trkpt>
      <trkpt lat="58.33839977112341" lon="11.90598035475872">
        <ele>6</ele>
      </trkpt>
      <trkpt lat="58.33831966431433" lon="11.90602517642571">
        <ele>7</ele>
      </trkpt>
      <trkpt lat="58.33828533282473" lon="11.90610814419225">
        <ele>9</ele>
      </trkpt>
      <trkpt lat="58.33821476254055" lon="11.90615201220675">
        <ele>9</ele>
      </trkpt>
      <trkpt lat="58.33818043105094" lon="11.90614915124928">
        <ele>9</ele>
      </trkpt>
      <trkpt lat="58.33817280183103" lon="11.90616059507915">
        <ele>9</ele>
      </trkpt>
      <trkpt lat="58.33810795346177" lon="11.90615773412168">
        <ele>9</ele>
      </trkpt>
      <trkpt lat="58.33804310509252" lon="11.9061558268167">
        <ele>9</ele>
      </trkpt>
      <trkpt lat="58.33801163456038" lon="11.906216860576">
        <ele>10</ele>
      </trkpt>
      <trkpt lat="58.33797634941828" lon="11.90625500667556">
        <ele>11</ele>
      </trkpt>
      <trkpt lat="58.33794392523366" lon="11.90626358954797">
        <ele>11</ele>
      </trkpt>
      <trkpt lat="58.33790959374405" lon="11.90630936486744">
        <ele>11</ele>
      </trkpt>
      <trkpt lat="58.33787430860196" lon="11.90630459660499">
        <ele>11</ele>
      </trkpt>
      <trkpt lat="58.33785237459471" lon="11.90632748426473">
        <ele>11</ele>
      </trkpt>
      <trkpt lat="58.33782185771506" lon="11.90634465000953">
        <ele>12</ele>
      </trkpt>
      <trkpt lat="58.33779706275035" lon="11.90638184245661">
        <ele>12</ele>
      </trkpt>
      <trkpt lat="58.33776463856572" lon="11.90639519359145">
        <ele>12</ele>
      </trkpt>
      <trkpt lat="58.33771981689873" lon="11.90644096891092">
        <ele>13</ele>
      </trkpt>
      <trkpt lat="58.3376358954797" lon="11.90643047873355">
        <ele>13</ele>
      </trkpt>
      <trkpt lat="58.33757867633036" lon="11.90646099561319">
        <ele>13</ele>
      </trkpt>
      <trkpt lat="58.33751668891857" lon="11.90645622735075">
        <ele>13</ele>
      </trkpt>
      <trkpt lat="58.33748235742897" lon="11.90647243944306">
        <ele>13</ele>
      </trkpt>
      <trkpt lat="58.33742895288958" lon="11.90651726111005">
        <ele>13</ele>
      </trkpt>
      <trkpt lat="58.3373755483502" lon="11.90657448025939">
        <ele>13</ele>
      </trkpt>
      <trkpt lat="58.33735170703797" lon="11.906608811749">
        <ele>13</ele>
      </trkpt>
      <trkpt lat="58.33732405111579" lon="11.90667079916078">
        <ele>14</ele>
      </trkpt>
      <trkpt lat="58.33730020980356" lon="11.90678046919702">
        <ele>15</ele>
      </trkpt>
      <trkpt lat="58.33728590501622" lon="11.90680431050925">
        <ele>15</ele>
      </trkpt>
      <trkpt lat="58.33721152012208" lon="11.90684436391379">
        <ele>15</ele>
      </trkpt>
      <trkpt lat="58.3371924470723" lon="11.90687392714095">
        <ele>15</ele>
      </trkpt>
      <trkpt lat="58.33717432767501" lon="11.90691016593553">
        <ele>15</ele>
      </trkpt>
      <trkpt lat="58.33716193019265" lon="11.9070169750143">
        <ele>16</ele>
      </trkpt>
      <trkpt lat="58.33716193019265" lon="11.9070169750143">
        <ele>16</ele>
      </trkpt>
      <trkpt lat="58.33714667175283" lon="11.9070522601564">
        <ele>16</ele>
      </trkpt>
      <trkpt lat="58.33676997901966" lon="11.90752908640091">
        <ele>18</ele>
      </trkpt>
      <trkpt lat="58.3363484646195" lon="11.90804596604997">
        <ele>16</ele>
      </trkpt>
      <trkpt lat="58.3363484646195" lon="11.90804596604997">
        <ele>16</ele>
      </trkpt>
      <trkpt lat="58.3363580011444" lon="11.90816612626359">
        <ele>17</ele>
      </trkpt>
      <trkpt lat="58.33634465000955" lon="11.90823288193782">
        <ele>17</ele>
      </trkpt>
      <trkpt lat="58.33629601373261" lon="11.90832347892428">
        <ele>17</ele>
      </trkpt>
      <trkpt lat="58.33624260919322" lon="11.90836925424375">
        <ele>16</ele>
      </trkpt>
      <trkpt lat="58.33620637039864" lon="11.90843028800305">
        <ele>16</ele>
      </trkpt>
      <trkpt lat="58.33615582681672" lon="11.90848083158497">
        <ele>15</ele>
      </trkpt>
      <trkpt lat="58.33613007819952" lon="11.90859336257867">
        <ele>15</ele>
      </trkpt>
      <trkpt lat="58.33610432958231" lon="11.90870684722487">
        <ele>15</ele>
      </trkpt>
      <trkpt lat="58.33605187869541" lon="11.90878027846652">
        <ele>15</ele>
      </trkpt>
      <trkpt lat="58.33599179858861" lon="11.90883654396338">
        <ele>14</ele>
      </trkpt>
      <trkpt lat="58.33597177188634" lon="11.90891092885752">
        <ele>14</ele>
      </trkpt>
      <trkpt lat="58.33595269883656" lon="11.90902441350372">
        <ele>14</ele>
      </trkpt>
      <trkpt lat="58.33587545298494" lon="11.90930955559794">
        <ele>14</ele>
      </trkpt>
      <trkpt lat="58.33585924089263" lon="11.90956990272744">
        <ele>15</ele>
      </trkpt>
      <trkpt lat="58.33585065802023" lon="11.90963951935914">
        <ele>15</ele>
      </trkpt>
      <trkpt lat="58.33584302880032" lon="11.90971008964333">
        <ele>16</ele>
      </trkpt>
      <trkpt lat="58.33577245851613" lon="11.91003147053213">
        <ele>17</ele>
      </trkpt>
      <trkpt lat="58.33572000762923" lon="11.91033568567614">
        <ele>19</ele>
      </trkpt>
      <trkpt lat="58.33572000762923" lon="11.91033568567614">
        <ele>19</ele>
      </trkpt>
      <trkpt lat="58.33555311844365" lon="11.91067995422468">
        <ele>21</ele>
      </trkpt>
      <trkpt lat="58.33545966049973" lon="11.91084207514781">
        <ele>21</ele>
      </trkpt>
      <trkpt lat="58.33533950028611" lon="11.91097654014877">
        <ele>21</ele>
      </trkpt>
      <trkpt lat="58.3351487697883" lon="11.91114915124928">
        <ele>20</ele>
      </trkpt>
      <trkpt lat="58.33506008010682" lon="11.91126454320045">
        <ele>20</ele>
      </trkpt>
      <trkpt lat="58.33497329773032" lon="11.91139423993896">
        <ele>20</ele>
      </trkpt>
      <trkpt lat="58.33491035666604" lon="11.91146481022315">
        <ele>19</ele>
      </trkpt>
      <trkpt lat="58.33471485790579" lon="11.91162788479878">
        <ele>18</ele>
      </trkpt>
      <trkpt lat="58.3345927903872" lon="11.91170322334541">
        <ele>17</ele>
      </trkpt>
      <trkpt lat="58.3344449742514" lon="11.91175948884226">
        <ele>16</ele>
      </trkpt>
      <trkpt lat="58.33435437726494" lon="11.91177474728209">
        <ele>14</ele>
      </trkpt>
      <trkpt lat="58.3340272744612" lon="11.9117385084875">
        <ele>11</ele>
      </trkpt>
      <trkpt lat="58.33369540339501" lon="11.91169368682052">
        <ele>10</ele>
      </trkpt>
      <trkpt lat="58.33353232881939" lon="11.91156875834446">
        <ele>9</ele>
      </trkpt>
      <trkpt lat="58.33343410261302" lon="11.91141331298874">
        <ele>9</ele>
      </trkpt>
      <trkpt lat="58.33329105473967" lon="11.91108907114247">
        <ele>11</ele>
      </trkpt>
      <trkpt lat="58.33312416555408" lon="11.91075147816136">
        <ele>11</ele>
      </trkpt>
      <trkpt lat="58.33284093076484" lon="11.91045298493229">
        <ele>11</ele>
      </trkpt>
      <trkpt lat="58.33252908640092" lon="11.91010013351135">
        <ele>10</ele>
      </trkpt>
      <trkpt lat="58.33245088689683" lon="11.91007438489414">
        <ele>10</ele>
      </trkpt>
      <trkpt lat="58.33222105664697" lon="11.91005340453938">
        <ele>10</ele>
      </trkpt>
      <trkpt lat="58.33202365058174" lon="11.9098340644669">
        <ele>9</ele>
      </trkpt>
      <trkpt lat="58.33185199313372" lon="11.90969769216097">
        <ele>8</ele>
      </trkpt>
      <trkpt lat="58.33152870493993" lon="11.90941541102422">
        <ele>6</ele>
      </trkpt>
      <trkpt lat="58.33129792103759" lon="11.90927045584589">
        <ele>5</ele>
      </trkpt>
      <trkpt lat="58.33129792103759" lon="11.90927045584589">
        <ele>5</ele>
      </trkpt>
      <trkpt lat="58.33122353614344" lon="11.90920370017165">
        <ele>5</ele>
      </trkpt>
      <trkpt lat="58.33115010490179" lon="11.90913694449742">
        <ele>4</ele>
      </trkpt>
      <trkpt lat="58.33115010490179" lon="11.90913694449742">
        <ele>4</ele>
      </trkpt>
      <trkpt lat="58.33108525653253" lon="11.9090520694259">
        <ele>4</ele>
      </trkpt>
      <trkpt lat="58.3310013351135" lon="11.90891760442494">
        <ele>4</ele>
      </trkpt>
      <trkpt lat="58.33093744039673" lon="11.90877551020408">
        <ele>3</ele>
      </trkpt>
      <trkpt lat="58.33071810032425" lon="11.90826530612244">
        <ele>3</ele>
      </trkpt>
      <trkpt lat="58.3306885370971" lon="11.90817089452603">
        <ele>3</ele>
      </trkpt>
      <trkpt lat="58.33065897386994" lon="11.90802880030517">
        <ele>3</ele>
      </trkpt>
      <trkpt lat="58.33053690635134" lon="11.90671848178523">
        <ele>5</ele>
      </trkpt>
      <trkpt lat="58.3305311844364" lon="11.90641331298874">
        <ele>6</ele>
      </trkpt>
      <trkpt lat="58.33055693305361" lon="11.90602899103566">
        <ele>7</ele>
      </trkpt>
      <trkpt lat="58.33055693305361" lon="11.90602899103566">
        <ele>7</ele>
      </trkpt>
      <trkpt lat="58.33055562248401" lon="11.90602755363674">
        <ele>7</ele>
      </trkpt>
      <trkpt lat="58.33055562248401" lon="11.90602755363674">
        <ele>7</ele>
      </trkpt>
      <trkpt lat="58.3305807377453" lon="11.90592044164155">
        <ele>7</ele>
      </trkpt>
      <trkpt lat="58.3305807377453" lon="11.90592044164155">
        <ele>7</ele>
      </trkpt>
      <trkpt lat="58.33058077436583" lon="11.90592027465191">
        <ele>7</ele>
      </trkpt>
      <trkpt lat="58.33076101468626" lon="11.90528418844173">
        <ele>6</ele>
      </trkpt>
      <trkpt lat="58.33081537287813" lon="11.90523936677474">
        <ele>5</ele>
      </trkpt>
      <trkpt lat="58.3308535189777" lon="11.90519835971772">
        <ele>5</ele>
      </trkpt>
      <trkpt lat="58.33087449933245" lon="11.90516593553309">
        <ele>5</ele>
      </trkpt>
      <trkpt lat="58.33089071142477" lon="11.90510299446881">
        <ele>5</ele>
      </trkpt>
      <trkpt lat="58.33089357238224" lon="11.90503719244707">
        <ele>5</ele>
      </trkpt>
      <trkpt lat="58.33088880411979" lon="11.90497997329773">
        <ele>5</ele>
      </trkpt>
      <trkpt lat="58.33087354567996" lon="11.9049036810986">
        <ele>5</ele>
      </trkpt>
      <trkpt lat="58.33085924089263" lon="11.90482834255197">
        <ele>5</ele>
      </trkpt>
      <trkpt lat="58.33083063131796" lon="11.90472534808315">
        <ele>5</ele>
      </trkpt>
      <trkpt lat="58.33080202174329" lon="11.90462235361434">
        <ele>5</ele>
      </trkpt>
      <trkpt lat="58.33079439252338" lon="11.90456704176998">
        <ele>5</ele>
      </trkpt>
      <trkpt lat="58.33080202174329" lon="11.90450219340072">
        <ele>5</ele>
      </trkpt>
      <trkpt lat="58.33082014114058" lon="11.90441255006675">
        <ele>4</ele>
      </trkpt>
      <trkpt lat="58.33083921419036" lon="11.90432386038527">
        <ele>4</ele>
      </trkpt>
      <trkpt lat="58.33083921419036" lon="11.90421895861148">
        <ele>4</ele>
      </trkpt>
      <trkpt lat="58.33084016784285" lon="11.90411405683768">
        <ele>4</ele>
      </trkpt>
      <trkpt lat="58.33086400915508" lon="11.90401296967385">
        <ele>3</ele>
      </trkpt>
      <trkpt lat="58.33085924089263" lon="11.90391951172992">
        <ele>3</ele>
      </trkpt>
      <trkpt lat="58.33085542628267" lon="11.90382700743849">
        <ele>3</ele>
      </trkpt>
      <trkpt lat="58.33084207514783" lon="11.90375071523936">
        <ele>3</ele>
      </trkpt>
      <trkpt lat="58.33082014114058" lon="11.90369158878504">
        <ele>3</ele>
      </trkpt>
      <trkpt lat="58.33078199504102" lon="11.90362292580583">
        <ele>3</ele>
      </trkpt>
      <trkpt lat="58.33069330535954" lon="11.90353518977684">
        <ele>3</ele>
      </trkpt>
      <trkpt lat="58.33060461567806" lon="11.90344745374785">
        <ele>3</ele>
      </trkpt>
      <trkpt lat="58.33058458897579" lon="11.90341121495327">
        <ele>3</ele>
      </trkpt>
      <trkpt lat="58.33057219149343" lon="11.90336830059126">
        <ele>3</ele>
      </trkpt>
      <trkpt lat="58.33057219149343" lon="11.90336830059126">
        <ele>3</ele>
      </trkpt>
      <trkpt lat="58.33047777989702" lon="11.90342361243563">
        <ele>4</ele>
      </trkpt>
      <trkpt lat="58.33041293152776" lon="11.90345126835781">
        <ele>4</ele>
      </trkpt>
      <trkpt lat="58.330349036811" lon="11.90347892427999">
        <ele>5</ele>
      </trkpt>
      <trkpt lat="58.33026225443449" lon="11.90350276559221">
        <ele>5</ele>
      </trkpt>
      <trkpt lat="58.33018024032044" lon="11.90348846080488">
        <ele>6</ele>
      </trkpt>
      <trkpt lat="58.33018024032044" lon="11.90348846080488">
        <ele>6</ele>
      </trkpt>
      <trkpt lat="58.33010476109275" lon="11.90340594192008">
        <ele>6</ele>
      </trkpt>
      <trkpt lat="58.33010476109275" lon="11.90340594192008">
        <ele>6</ele>
      </trkpt>
      <trkpt lat="58.33006294106429" lon="11.90334541293152">
        <ele>6</ele>
      </trkpt>
      <trkpt lat="58.32999046347512" lon="11.90324146481022">
        <ele>6</ele>
      </trkpt>
      <trkpt lat="58.32992180049591" lon="11.9031565897387">
        <ele>7</ele>
      </trkpt>
      <trkpt lat="58.32992180049591" lon="11.9031565897387">
        <ele>7</ele>
      </trkpt>
      <trkpt lat="58.32987411787146" lon="11.90306217814228">
        <ele>7</ele>
      </trkpt>
      <trkpt lat="58.32982643524701" lon="11.90293534236124">
        <ele>8</ele>
      </trkpt>
      <trkpt lat="58.32979782567234" lon="11.90282662597749">
        <ele>8</ele>
      </trkpt>
      <trkpt lat="58.32977398436011" lon="11.9027036048064">
        <ele>8</ele>
      </trkpt>
      <trkpt lat="58.329740606523" lon="11.90249094030135">
        <ele>9</ele>
      </trkpt>
      <trkpt lat="58.32971962616823" lon="11.90231356093839">
        <ele>9</ele>
      </trkpt>
      <trkpt lat="58.32970341407592" lon="11.90209994278085">
        <ele>10</ele>
      </trkpt>
      <trkpt lat="58.32969959946597" lon="11.90183578104138">
        <ele>11</ele>
      </trkpt>
      <trkpt lat="58.32970173090897" lon="11.90179756731334">
        <ele>11</ele>
      </trkpt>
      <trkpt lat="58.32970173090897" lon="11.90179756731334">
        <ele>11</ele>
      </trkpt>
      <trkpt lat="58.32971186786852" lon="11.90161582610999">
        <ele>11</ele>
      </trkpt>
      <trkpt lat="58.32971186786852" lon="11.90161582610999">
        <ele>11</ele>
      </trkpt>
      <trkpt lat="58.32971295060081" lon="11.90159641426664">
        <ele>11</ele>
      </trkpt>
      <trkpt lat="58.32973893477903" lon="11.9013685113702">
        <ele>11</ele>
      </trkpt>
      <trkpt lat="58.32973774556553" lon="11.90136372305931">
        <ele>11</ele>
      </trkpt>
      <trkpt lat="58.32966336067138" lon="11.90106427617776">
        <ele>13</ele>
      </trkpt>
      <trkpt lat="58.32964905588405" lon="11.90093076482929">
        <ele>14</ele>
      </trkpt>
      <trkpt lat="58.32962902918178" lon="11.90050066755674">
        <ele>18</ele>
      </trkpt>
      <trkpt lat="58.32963475109671" lon="11.90034045393858">
        <ele>20</ele>
      </trkpt>
      <trkpt lat="58.32967194354379" lon="11.90019549876025">
        <ele>19</ele>
      </trkpt>
      <trkpt lat="58.32973393095557" lon="11.90005054358192">
        <ele>18</ele>
      </trkpt>
      <trkpt lat="58.32976254053024" lon="11.9">
        <ele>16</ele>
      </trkpt>
      <trkpt lat="58.32976254053024" lon="11.90000000000001">
        <ele>16</ele>
      </trkpt>
      <trkpt lat="58.32980926950221" lon="11.89991607858098">
        <ele>16</ele>
      </trkpt>
      <trkpt lat="58.32994754911311" lon="11.89973965287051">
        <ele>14</ele>
      </trkpt>
      <trkpt lat="58.33021552546253" lon="11.89948216669847">
        <ele>14</ele>
      </trkpt>
      <trkpt lat="58.33021552546253" lon="11.89948216669847">
        <ele>14</ele>
      </trkpt>
      <trkpt lat="58.33025462521459" lon="11.89914838832731">
        <ele>21</ele>
      </trkpt>
      <trkpt lat="58.33036715620829" lon="11.8988098416937">
        <ele>23</ele>
      </trkpt>
      <trkpt lat="58.33039862674043" lon="11.89852565325197">
        <ele>27</ele>
      </trkpt>
      <trkpt lat="58.33038718291056" lon="11.89830631317949">
        <ele>32</ele>
      </trkpt>
      <trkpt lat="58.3303309174137" lon="11.8981232119016">
        <ele>36</ele>
      </trkpt>
      <trkpt lat="58.33022124737747" lon="11.89795727636851">
        <ele>44</ele>
      </trkpt>
      <trkpt lat="58.33013923326341" lon="11.89759202746521">
        <ele>51</ele>
      </trkpt>
      <trkpt lat="58.33008010680909" lon="11.89692160976542">
        <ele>56</ele>
      </trkpt>
      <trkpt lat="58.33008943805481" lon="11.89656313440898">
        <ele>55</ele>
      </trkpt>
      <trkpt lat="58.33008943805481" lon="11.89656313440898">
        <ele>55</ele>
      </trkpt>
      <trkpt lat="58.33009155063896" lon="11.89648197596797">
        <ele>55</ele>
      </trkpt>
      <trkpt lat="58.3300886896815" lon="11.89621399961855">
        <ele>54</ele>
      </trkpt>
      <trkpt lat="58.33007533854665" lon="11.89616822429908">
        <ele>55</ele>
      </trkpt>
      <trkpt lat="58.33007533854665" lon="11.89616822429908">
        <ele>55</ele>
      </trkpt>
      <trkpt lat="58.33016498188061" lon="11.89591359908451">
        <ele>49</ele>
      </trkpt>
      <trkpt lat="58.3303051687965" lon="11.89565611291247">
        <ele>42</ele>
      </trkpt>
      <trkpt lat="58.33049221716286" lon="11.89546194505811">
        <ele>32</ele>
      </trkpt>
      <trkpt lat="58.33049221716286" lon="11.89546194505811">
        <ele>32</ele>
      </trkpt>
      <trkpt lat="58.3303051687965" lon="11.89565611291247">
        <ele>42</ele>
      </trkpt>
      <trkpt lat="58.33016498188061" lon="11.89591359908451">
        <ele>49</ele>
      </trkpt>
      <trkpt lat="58.33007533854665" lon="11.89616822429908">
        <ele>55</ele>
      </trkpt>
      <trkpt lat="58.33007533854665" lon="11.89616822429908">
        <ele>55</ele>
      </trkpt>
      <trkpt lat="58.33005245088691" lon="11.89608525653254">
        <ele>56</ele>
      </trkpt>
      <trkpt lat="58.33005245088691" lon="11.89608525653254">
        <ele>56</ele>
      </trkpt>
      <trkpt lat="58.32996471485792" lon="11.89594602326914">
        <ele>57</ele>
      </trkpt>
      <trkpt lat="58.32989414457373" lon="11.89563417890522">
        <ele>55</ele>
      </trkpt>
      <trkpt lat="58.32983501811941" lon="11.89516784283808">
        <ele>50</ele>
      </trkpt>
      <trkpt lat="58.32983215716195" lon="11.89477589166509">
        <ele>46</ele>
      </trkpt>
      <trkpt lat="58.32986648865155" lon="11.89447549113105">
        <ele>44</ele>
      </trkpt>
      <trkpt lat="58.3299227541484" lon="11.89414362006486">
        <ele>41</ele>
      </trkpt>
      <trkpt lat="58.33007152393669" lon="11.8934188441732">
        <ele>34</ele>
      </trkpt>
      <trkpt lat="58.33012492847607" lon="11.89307552927715">
        <ele>32</ele>
      </trkpt>
      <trkpt lat="58.33015836329719" lon="11.89294666590411">
        <ele>31</ele>
      </trkpt>
      <trkpt lat="58.33015836329719" lon="11.89294666590411">
        <ele>31</ele>
      </trkpt>
      <trkpt lat="58.33017070379555" lon="11.89289910356668">
        <ele>30</ele>
      </trkpt>
      <trkpt lat="58.33025748617205" lon="11.89279706275035">
        <ele>28</ele>
      </trkpt>
      <trkpt lat="58.33035952698838" lon="11.89260919321001">
        <ele>25</ele>
      </trkpt>
      <trkpt lat="58.33047491893955" lon="11.89227636849134">
        <ele>20</ele>
      </trkpt>
      <trkpt lat="58.33063799351518" lon="11.89192351707039">
        <ele>13</ele>
      </trkpt>
      <trkpt lat="58.33064031942734" lon="11.89191848400189">
        <ele>13</ele>
      </trkpt>
      <trkpt lat="58.33062361712405" lon="11.89177610902826">
        <ele>12</ele>
      </trkpt>
      <trkpt lat="58.33062361712405" lon="11.89177610902826">
        <ele>12</ele>
      </trkpt>
      <trkpt lat="58.33061937501498" lon="11.89173994813739">
        <ele>12</ele>
      </trkpt>
      <trkpt lat="58.33061937501498" lon="11.89173994813739">
        <ele>12</ele>
      </trkpt>
      <trkpt lat="58.33058172801832" lon="11.8914190349037">
        <ele>13</ele>
      </trkpt>
      <trkpt lat="58.33064657638758" lon="11.89099561319857">
        <ele>11</ele>
      </trkpt>
      <trkpt lat="58.33068281518216" lon="11.89059317184819">
        <ele>9</ele>
      </trkpt>
      <trkpt lat="58.33068281518216" lon="11.89015830631319">
        <ele>6</ele>
      </trkpt>
      <trkpt lat="58.33069711996949" lon="11.89000286095748">
        <ele>4</ele>
      </trkpt>
      <trkpt lat="58.33072763684915" lon="11.88978065992754">
        <ele>4</ele>
      </trkpt>
      <trkpt lat="58.33074003433151" lon="11.88959755864964">
        <ele>4</ele>
      </trkpt>
      <trkpt lat="58.33073621972154" lon="11.88947453747856">
        <ele>4</ele>
      </trkpt>
      <trkpt lat="58.33071333206181" lon="11.8892704558459">
        <ele>5</ele>
      </trkpt>
      <trkpt lat="58.33065420560749" lon="11.88907495708565">
        <ele>6</ele>
      </trkpt>
      <trkpt lat="58.33059889376312" lon="11.88886133892811">
        <ele>7</ele>
      </trkpt>
      <trkpt lat="58.33051211138662" lon="11.88859431623118">
        <ele>8</ele>
      </trkpt>
      <trkpt lat="58.33051211138662" lon="11.88859431623118">
        <ele>8</ele>
      </trkpt>
      <trkpt lat="58.33043486553501" lon="11.8885227922945">
        <ele>8</ele>
      </trkpt>
      <trkpt lat="58.33006484836927" lon="11.88545775319475">
        <ele>6</ele>
      </trkpt>
      <trkpt lat="58.33004577531948" lon="11.885349036811">
        <ele>6</ele>
      </trkpt>
      <trkpt lat="58.33002670226971" lon="11.88530040053406">
        <ele>6</ele>
      </trkpt>
      <trkpt lat="58.33002670226971" lon="11.88530040053406">
        <ele>6</ele>
      </trkpt>
      <trkpt lat="58.32999427808508" lon="11.88529086400917">
        <ele>7</ele>
      </trkpt>
      <trkpt lat="58.32995517833303" lon="11.88530135418655">
        <ele>7</ele>
      </trkpt>
      <trkpt lat="58.32990463475111" lon="11.88533759298113">
        <ele>7</ele>
      </trkpt>
      <trkpt lat="58.32988677814084" lon="11.88536660997282">
        <ele>7</ele>
      </trkpt>
      <trkpt lat="58.32988460804884" lon="11.88536429525083">
        <ele>7</ele>
      </trkpt>
      <trkpt lat="58.32985599847417" lon="11.88533377837118">
        <ele>8</ele>
      </trkpt>
      <trkpt lat="58.32979210375741" lon="11.8852965859241">
        <ele>8</ele>
      </trkpt>
      <trkpt lat="58.32972916269313" lon="11.88525939347703">
        <ele>9</ele>
      </trkpt>
      <trkpt lat="58.32963284379174" lon="11.88518977684533">
        <ele>10</ele>
      </trkpt>
      <trkpt lat="58.32961563218034" lon="11.88517721236902">
        <ele>10</ele>
      </trkpt>
      <trkpt lat="58.32961563218034" lon="11.88517721236902">
        <ele>10</ele>
      </trkpt>
      <trkpt lat="58.32959733824956" lon="11.88516385779954">
        <ele>10</ele>
      </trkpt>
      <trkpt lat="58.32959733824956" lon="11.88516385779954">
        <ele>10</ele>
      </trkpt>
      <trkpt lat="58.32953747854283" lon="11.88512016021363">
        <ele>10</ele>
      </trkpt>
      <trkpt lat="58.32953747854283" lon="11.88512016021363">
        <ele>10</ele>
      </trkpt>
      <trkpt lat="58.32947985105745" lon="11.884911396493">
        <ele>10</ele>
      </trkpt>
      <trkpt lat="58.32947985105745" lon="11.884911396493">
        <ele>10</ele>
      </trkpt>
      <trkpt lat="58.32943639137899" lon="11.88475395765784">
        <ele>10</ele>
      </trkpt>
      <trkpt lat="58.32939156971201" lon="11.88464524127409">
        <ele>9</ele>
      </trkpt>
      <trkpt lat="58.32936391378983" lon="11.88461663169942">
        <ele>10</ele>
      </trkpt>
      <trkpt lat="58.32933339691018" lon="11.88461567804693">
        <ele>10</ele>
      </trkpt>
      <trkpt lat="58.32925042914363" lon="11.88465954606143">
        <ele>10</ele>
      </trkpt>
      <trkpt lat="58.3291922563418" lon="11.88468052641619">
        <ele>11</ele>
      </trkpt>
      <trkpt lat="58.32917061533066" lon="11.88468510093887">
        <ele>11</ele>
      </trkpt>
      <trkpt lat="58.32917061533066" lon="11.88468510093887">
        <ele>11</ele>
      </trkpt>
      <trkpt lat="58.32904766453375" lon="11.88471944929012">
        <ele>11</ele>
      </trkpt>
      <trkpt lat="58.32904766453375" lon="11.88471944929012">
        <ele>11</ele>
      </trkpt>
      <trkpt lat="58.32899389662408" lon="11.88474728209042">
        <ele>12</ele>
      </trkpt>
      <trkpt lat="58.32892809460234" lon="11.88479687201985">
        <ele>12</ele>
      </trkpt>
      <trkpt lat="58.32862960137327" lon="11.88510680907879">
        <ele>15</ele>
      </trkpt>
      <trkpt lat="58.32818901392334" lon="11.88555025748619">
        <ele>21</ele>
      </trkpt>
      <trkpt lat="58.32809937058937" lon="11.88563703986269">
        <ele>22</ele>
      </trkpt>
      <trkpt lat="58.32770074384895" lon="11.88596795727638">
        <ele>24</ele>
      </trkpt>
      <trkpt lat="58.32741369444975" lon="11.88623211901585">
        <ele>27</ele>
      </trkpt>
      <trkpt lat="58.32732405111579" lon="11.88632557695977">
        <ele>27</ele>
      </trkpt>
      <trkpt lat="58.32723440778182" lon="11.8864190349037">
        <ele>28</ele>
      </trkpt>
      <trkpt lat="58.32717718863248" lon="11.88648388327295">
        <ele>28</ele>
      </trkpt>
      <trkpt lat="58.32711996948314" lon="11.8865487316422">
        <ele>29</ele>
      </trkpt>
      <trkpt lat="58.32704939919894" lon="11.88658592408928">
        <ele>29</ele>
      </trkpt>
      <trkpt lat="58.32697882891475" lon="11.88662311653635">
        <ele>29</ele>
      </trkpt>
      <trkpt lat="58.32691684150297" lon="11.88664695784857">
        <ele>29</ele>
      </trkpt>
      <trkpt lat="58.32691684150297" lon="11.88664695784857">
        <ele>29</ele>
      </trkpt>
      <trkpt lat="58.32667842838071" lon="11.88722582490942">
        <ele>37</ele>
      </trkpt>
      <trkpt lat="58.32644955178334" lon="11.88797730307077">
        <ele>51</ele>
      </trkpt>
      <trkpt lat="58.32644955178334" lon="11.88797730307077">
        <ele>51</ele>
      </trkpt>
      <trkpt lat="58.32641331298876" lon="11.88808983406448">
        <ele>53</ele>
      </trkpt>
      <trkpt lat="58.32632653061226" lon="11.88811653633418">
        <ele>54</ele>
      </trkpt>
      <trkpt lat="58.32609193209996" lon="11.88807362197217">
        <ele>56</ele>
      </trkpt>
      <trkpt lat="58.32598798397865" lon="11.8881489605188">
        <ele>58</ele>
      </trkpt>
      <trkpt lat="58.32586687011254" lon="11.88841693686822">
        <ele>61</ele>
      </trkpt>
      <trkpt lat="58.32577722677858" lon="11.8887926759489">
        <ele>65</ele>
      </trkpt>
      <trkpt lat="58.32566660308985" lon="11.8891922563418">
        <ele>70</ele>
      </trkpt>
      <trkpt lat="58.32566660308985" lon="11.8891922563418">
        <ele>70</ele>
      </trkpt>
      <trkpt lat="58.32548540911693" lon="11.8901668891856">
        <ele>76</ele>
      </trkpt>
      <trkpt lat="58.32548540911693" lon="11.8901668891856">
        <ele>76</ele>
      </trkpt>
      <trkpt lat="58.32532138088882" lon="11.89008487507154">
        <ele>77</ele>
      </trkpt>
      <trkpt lat="58.32518500858288" lon="11.89000476826246">
        <ele>78</ele>
      </trkpt>
      <trkpt lat="58.32515925996568" lon="11.88996185390045">
        <ele>78</ele>
      </trkpt>
      <trkpt lat="58.32510490177381" lon="11.88965287049401">
        <ele>77</ele>
      </trkpt>
      <trkpt lat="58.32507438489416" lon="11.88955082967768">
        <ele>77</ele>
      </trkpt>
      <trkpt lat="58.32497139042534" lon="11.88933625786765">
        <ele>78</ele>
      </trkpt>
      <trkpt lat="58.3249399198932" lon="11.88924661453368">
        <ele>79</ele>
      </trkpt>
      <trkpt lat="58.32486458134657" lon="11.88884608048829">
        <ele>82</ele>
      </trkpt>
      <trkpt lat="58.32479591836736" lon="11.88852183864201">
        <ele>85</ele>
      </trkpt>
      <trkpt lat="58.32477684531758" lon="11.88839500286097">
        <ele>86</ele>
      </trkpt>
      <trkpt lat="58.32471581155828" lon="11.88763017356477">
        <ele>88</ele>
      </trkpt>
      <trkpt lat="58.32471104329584" lon="11.88747568186155">
        <ele>88</ele>
      </trkpt>
      <trkpt lat="58.32476254053024" lon="11.88655636086212">
        <ele>88</ele>
      </trkpt>
      <trkpt lat="58.32478924279994" lon="11.88574670989893">
        <ele>91</ele>
      </trkpt>
      <trkpt lat="58.32478542818998" lon="11.88560938394051">
        <ele>91</ele>
      </trkpt>
      <trkpt lat="58.3247663551402" lon="11.8854014876979">
        <ele>92</ele>
      </trkpt>
      <trkpt lat="58.32470055311845" lon="11.88498092695023">
        <ele>94</ele>
      </trkpt>
      <trkpt lat="58.32461377074195" lon="11.88409784474539">
        <ele>95</ele>
      </trkpt>
      <trkpt lat="58.32457181003244" lon="11.88392046538243">
        <ele>96</ele>
      </trkpt>
      <trkpt lat="58.32445641808126" lon="11.88353328247188">
        <ele>98</ele>
      </trkpt>
      <trkpt lat="58.32443925233646" lon="11.88344268548542">
        <ele>98</ele>
      </trkpt>
      <trkpt lat="58.32444306694642" lon="11.88335399580394">
        <ele>98</ele>
      </trkpt>
      <trkpt lat="58.32448025939349" lon="11.88303929048256">
        <ele>98</ele>
      </trkpt>
      <trkpt lat="58.32447835208851" lon="11.88295346175855">
        <ele>98</ele>
      </trkpt>
      <trkpt lat="58.3244621399962" lon="11.88287240129698">
        <ele>98</ele>
      </trkpt>
      <trkpt lat="58.3243839404921" lon="11.88258916650774">
        <ele>99</ele>
      </trkpt>
      <trkpt lat="58.32438012588214" lon="11.88248903299639">
        <ele>99</ele>
      </trkpt>
      <trkpt lat="58.32441636467672" lon="11.8812016021362">
        <ele>97</ele>
      </trkpt>
      <trkpt lat="58.32439633797446" lon="11.88112149532712">
        <ele>97</ele>
      </trkpt>
      <trkpt lat="58.32436582109481" lon="11.88103662025559">
        <ele>97</ele>
      </trkpt>
      <trkpt lat="58.32415220293726" lon="11.88060747663553">
        <ele>101</ele>
      </trkpt>
      <trkpt lat="58.32412836162504" lon="11.88051115773414">
        <ele>101</ele>
      </trkpt>
      <trkpt lat="58.32412168605762" lon="11.88045012397484">
        <ele>101</ele>
      </trkpt>
      <trkpt lat="58.32413217623499" lon="11.88030993705895">
        <ele>101</ele>
      </trkpt>
      <trkpt lat="58.32415887850468" lon="11.88020503528516">
        <ele>101</ele>
      </trkpt>
      <trkpt lat="58.32422754148389" lon="11.88000000000001">
        <ele>99</ele>
      </trkpt>
      <trkpt lat="58.32422754148389" lon="11.88">
        <ele>99</ele>
      </trkpt>
      <trkpt lat="58.32425615105857" lon="11.8799132176235">
        <ele>98</ele>
      </trkpt>
      <trkpt lat="58.32428571428573" lon="11.879826435247">
        <ele>97</ele>
      </trkpt>
      <trkpt lat="58.32430001907306" lon="11.87972725538814">
        <ele>97</ele>
      </trkpt>
      <trkpt lat="58.32429525081061" lon="11.87966431432386">
        <ele>97</ele>
      </trkpt>
      <trkpt lat="58.32428285332826" lon="11.87961377074195">
        <ele>97</ele>
      </trkpt>
      <trkpt lat="58.32423803166127" lon="11.87953557123785">
        <ele>98</ele>
      </trkpt>
      <trkpt lat="58.32412359336259" lon="11.87942113293916">
        <ele>99</ele>
      </trkpt>
      <trkpt lat="58.32401010871639" lon="11.87930764829297">
        <ele>98</ele>
      </trkpt>
      <trkpt lat="58.32349513637232" lon="11.87883845126836">
        <ele>97</ele>
      </trkpt>
      <trkpt lat="58.32346843410262" lon="11.87876883463666">
        <ele>97</ele>
      </trkpt>
      <trkpt lat="58.32342361243564" lon="11.87868205226016">
        <ele>97</ele>
      </trkpt>
      <trkpt lat="58.32336925424377" lon="11.87862101850086">
        <ele>97</ele>
      </trkpt>
      <trkpt lat="58.3233492275415" lon="11.87858668701126">
        <ele>97</ele>
      </trkpt>
      <trkpt lat="58.32335494945643" lon="11.87851897768454">
        <ele>97</ele>
      </trkpt>
      <trkpt lat="58.32331470888944" lon="11.87848830249822">
        <ele>97</ele>
      </trkpt>
      <trkpt lat="58.32331470890399" lon="11.87848830253097">
        <ele>97</ele>
      </trkpt>
      <trkpt lat="58.3233492275415" lon="11.87834159832158">
        <ele>96</ele>
      </trkpt>
      <trkpt lat="58.3233492275415" lon="11.87834159832158">
        <ele>96</ele>
      </trkpt>
      <trkpt lat="58.32327579629984" lon="11.87827484264734">
        <ele>96</ele>
      </trkpt>
      <trkpt lat="58.32265401487699" lon="11.87759012016022">
        <ele>93</ele>
      </trkpt>
      <trkpt lat="58.32262540530232" lon="11.87753004005341">
        <ele>93</ele>
      </trkpt>
      <trkpt lat="58.32261396147245" lon="11.87746233072669">
        <ele>93</ele>
      </trkpt>
      <trkpt lat="58.32261777608241" lon="11.87740606522983">
        <ele>93</ele>
      </trkpt>
      <trkpt lat="58.32276177760825" lon="11.87672134274271">
        <ele>90</ele>
      </trkpt>
      <trkpt lat="58.32279610909786" lon="11.87660785809651">
        <ele>89</ele>
      </trkpt>
      <trkpt lat="58.32282281136755" lon="11.8765573145146">
        <ele>88</ele>
      </trkpt>
      <trkpt lat="58.32282281136755" lon="11.8765573145146">
        <ele>88</ele>
      </trkpt>
      <trkpt lat="58.32281518214764" lon="11.87649246614534">
        <ele>87</ele>
      </trkpt>
      <trkpt lat="58.3228008773603" lon="11.87645050543582">
        <ele>87</ele>
      </trkpt>
      <trkpt lat="58.32272553881367" lon="11.87640854472631">
        <ele>87</ele>
      </trkpt>
      <trkpt lat="58.32265115391952" lon="11.87636753766928">
        <ele>87</ele>
      </trkpt>
      <trkpt lat="58.32265115391952" lon="11.87636753766928">
        <ele>87</ele>
      </trkpt>
      <trkpt lat="58.32266069044442" lon="11.87619492656876">
        <ele>85</ele>
      </trkpt>
      <trkpt lat="58.32265782948695" lon="11.87610909784475">
        <ele>84</ele>
      </trkpt>
      <trkpt lat="58.32264352469961" lon="11.87592504291437">
        <ele>82</ele>
      </trkpt>
      <trkpt lat="58.32260919321001" lon="11.87573145145909">
        <ele>80</ele>
      </trkpt>
      <trkpt lat="58.32263208086975" lon="11.87539004386802">
        <ele>76</ele>
      </trkpt>
      <trkpt lat="58.32263208086975" lon="11.87539004386802">
        <ele>76</ele>
      </trkpt>
      <trkpt lat="58.32270360480642" lon="11.87540244135038">
        <ele>75</ele>
      </trkpt>
      <trkpt lat="58.32277608239558" lon="11.87541579248522">
        <ele>75</ele>
      </trkpt>
      <trkpt lat="58.32280469197026" lon="11.87541197787527">
        <ele>75</ele>
      </trkpt>
      <trkpt lat="58.32284093076484" lon="11.8753309174137">
        <ele>74</ele>
      </trkpt>
      <trkpt lat="58.32287716955943" lon="11.87525081060462">
        <ele>73</ele>
      </trkpt>
      <trkpt lat="58.32287716955943" lon="11.87525081060462">
        <ele>73</ele>
      </trkpt>
      <trkpt lat="58.3227922944879" lon="11.87522124737746">
        <ele>73</ele>
      </trkpt>
      <trkpt lat="58.32270741941637" lon="11.87519263780279">
        <ele>73</ele>
      </trkpt>
      <trkpt lat="58.32225443448409" lon="11.87499618539005">
        <ele>72</ele>
      </trkpt>
      <trkpt lat="58.32218481785239" lon="11.87494754911311">
        <ele>72</ele>
      </trkpt>
      <trkpt lat="58.32212092313562" lon="11.87489032996377">
        <ele>71</ele>
      </trkpt>
      <trkpt lat="58.32205798207134" lon="11.87483406446691">
        <ele>70</ele>
      </trkpt>
      <trkpt lat="58.32175853518979" lon="11.87454606141523">
        <ele>67</ele>
      </trkpt>
      <trkpt lat="58.32168987221058" lon="11.87449074957086">
        <ele>67</ele>
      </trkpt>
      <trkpt lat="58.32162120923137" lon="11.87443639137899">
        <ele>66</ele>
      </trkpt>
      <trkpt lat="58.32155636086211" lon="11.87439538432196">
        <ele>66</ele>
      </trkpt>
      <trkpt lat="58.32149246614535" lon="11.87435533091742">
        <ele>65</ele>
      </trkpt>
      <trkpt lat="58.32137898149915" lon="11.87430860194546">
        <ele>65</ele>
      </trkpt>
      <trkpt lat="58.32126263589549" lon="11.87429715811559">
        <ele>64</ele>
      </trkpt>
      <trkpt lat="58.32065890123298" lon="11.8742637628143">
        <ele>65</ele>
      </trkpt>
      <trkpt lat="58.32065897386993" lon="11.874260919321">
        <ele>65</ele>
      </trkpt>
      <trkpt lat="58.32066278847989" lon="11.87411119588023">
        <ele>64</ele>
      </trkpt>
      <trkpt lat="58.32066278847989" lon="11.87411119588023">
        <ele>64</ele>
      </trkpt>
      <trkpt lat="58.32067804691972" lon="11.87354758725921">
        <ele>64</ele>
      </trkpt>
      <trkpt lat="58.32069807362198" lon="11.87343124165555">
        <ele>63</ele>
      </trkpt>
      <trkpt lat="58.32089738699219" lon="11.87281041388519">
        <ele>60</ele>
      </trkpt>
      <trkpt lat="58.32095174518407" lon="11.87271218767881">
        <ele>59</ele>
      </trkpt>
      <trkpt lat="58.32099465954607" lon="11.87267308792676">
        <ele>58</ele>
      </trkpt>
      <trkpt lat="58.32099465954607" lon="11.87267308792676">
        <ele>58</ele>
      </trkpt>
      <trkpt lat="58.32098607667367" lon="11.87261110051498">
        <ele>58</ele>
      </trkpt>
      <trkpt lat="58.32095555979402" lon="11.87251668891856">
        <ele>58</ele>
      </trkpt>
      <trkpt lat="58.32097081823385" lon="11.87244325767691">
        <ele>58</ele>
      </trkpt>
      <trkpt lat="58.32106618348275" lon="11.8722000762922">
        <ele>56</ele>
      </trkpt>
      <trkpt lat="58.321131031852" lon="11.87212664505055">
        <ele>55</ele>
      </trkpt>
      <trkpt lat="58.32133225252719" lon="11.87202460423422">
        <ele>51</ele>
      </trkpt>
      <trkpt lat="58.32140663742133" lon="11.8719568949075">
        <ele>50</ele>
      </trkpt>
      <trkpt lat="58.32147148579059" lon="11.87185580774366">
        <ele>48</ele>
      </trkpt>
      <trkpt lat="58.32165840167844" lon="11.87140377646386">
        <ele>43</ele>
      </trkpt>
      <trkpt lat="58.32176521075721" lon="11.87131127217243">
        <ele>41</ele>
      </trkpt>
      <trkpt lat="58.32192828533284" lon="11.87120446309365">
        <ele>38</ele>
      </trkpt>
      <trkpt lat="58.32203700171659" lon="11.8712006484837">
        <ele>36</ele>
      </trkpt>
      <trkpt lat="58.32217623497998" lon="11.87123307266832">
        <ele>34</ele>
      </trkpt>
      <trkpt lat="58.32222010299448" lon="11.8712349799733">
        <ele>33</ele>
      </trkpt>
      <trkpt lat="58.32226015639902" lon="11.87121972153348">
        <ele>32</ele>
      </trkpt>
      <trkpt lat="58.32228495136373" lon="11.87118157543392">
        <ele>31</ele>
      </trkpt>
      <trkpt lat="58.3223059317185" lon="11.871131031852">
        <ele>31</ele>
      </trkpt>
      <trkpt lat="58.3223230974633" lon="11.87104806408545">
        <ele>30</ele>
      </trkpt>
      <trkpt lat="58.32231737554837" lon="11.87075910738128">
        <ele>28</ele>
      </trkpt>
      <trkpt lat="58.32232786572574" lon="11.8706093839405">
        <ele>27</ele>
      </trkpt>
      <trkpt lat="58.32242132366967" lon="11.87031565897387">
        <ele>24</ele>
      </trkpt>
      <trkpt lat="58.32246519168416" lon="11.86994373450315">
        <ele>22</ele>
      </trkpt>
      <trkpt lat="58.32249952317377" lon="11.86980450123975">
        <ele>21</ele>
      </trkpt>
      <trkpt lat="58.32271123402634" lon="11.869522220103">
        <ele>16</ele>
      </trkpt>
      <trkpt lat="58.32233549494565" lon="11.86860957467099">
        <ele>24</ele>
      </trkpt>
      <trkpt lat="58.32220293724968" lon="11.86832252527179">
        <ele>27</ele>
      </trkpt>
      <trkpt lat="58.32197024604235" lon="11.86753194735839">
        <ele>32</ele>
      </trkpt>
      <trkpt lat="58.32176997901966" lon="11.86690158306314">
        <ele>35</ele>
      </trkpt>
      <trkpt lat="58.32163998802007" lon="11.8666042001448">
        <ele>36</ele>
      </trkpt>
      <trkpt lat="58.32163998802007" lon="11.8666042001448">
        <ele>36</ele>
      </trkpt>
      <trkpt lat="58.32149818806028" lon="11.86627980164029">
        <ele>37</ele>
      </trkpt>
      <trkpt lat="58.32149622556116" lon="11.86627531201154">
        <ele>37</ele>
      </trkpt>
      <trkpt lat="58.32149341979784" lon="11.86620637039863">
        <ele>36</ele>
      </trkpt>
      <trkpt lat="58.3214619492657" lon="11.86610814419226">
        <ele>36</ele>
      </trkpt>
      <trkpt lat="58.32126645050545" lon="11.86579248521839">
        <ele>36</ele>
      </trkpt>
      <trkpt lat="58.32093457943927" lon="11.86508487507153">
        <ele>33</ele>
      </trkpt>
      <trkpt lat="58.32074289528897" lon="11.86436772839978">
        <ele>30</ele>
      </trkpt>
      <trkpt lat="58.32062654968531" lon="11.86385466336068">
        <ele>28</ele>
      </trkpt>
      <trkpt lat="58.32061224489797" lon="11.8637392714095">
        <ele>28</ele>
      </trkpt>
      <trkpt lat="58.32061510585544" lon="11.86360766736602">
        <ele>27</ele>
      </trkpt>
      <trkpt lat="58.32065802021744" lon="11.86336830059127">
        <ele>26</ele>
      </trkpt>
      <trkpt lat="58.32068090787718" lon="11.86312130459661">
        <ele>24</ele>
      </trkpt>
      <trkpt lat="58.32068129656358" lon="11.86307038667797">
        <ele>24</ele>
      </trkpt>
      <trkpt lat="58.32068129656358" lon="11.86307038667797">
        <ele>24</ele>
      </trkpt>
      <trkpt lat="58.32068165675117" lon="11.86302320210461">
        <ele>24</ele>
      </trkpt>
      <trkpt lat="58.32068165675117" lon="11.86302320210461">
        <ele>24</ele>
      </trkpt>
      <trkpt lat="58.32068186152967" lon="11.86299637612055">
        <ele>24</ele>
      </trkpt>
      <trkpt lat="58.32067327865727" lon="11.86291722296396">
        <ele>24</ele>
      </trkpt>
      <trkpt lat="58.32065134465002" lon="11.86281613580012">
        <ele>23</ele>
      </trkpt>
      <trkpt lat="58.32065802021744" lon="11.86276082395575">
        <ele>23</ele>
      </trkpt>
      <trkpt lat="58.32065802021744" lon="11.86276082395575">
        <ele>23</ele>
      </trkpt>
      <trkpt lat="58.32071142475683" lon="11.86276273126073">
        <ele>23</ele>
      </trkpt>
      <trkpt lat="58.32075052450888" lon="11.86275319473584">
        <ele>22</ele>
      </trkpt>
      <trkpt lat="58.32079343887089" lon="11.86272077055122">
        <ele>22</ele>
      </trkpt>
      <trkpt lat="58.32084779706276" lon="11.86263303452222">
        <ele>21</ele>
      </trkpt>
      <trkpt lat="58.3210270837307" lon="11.86228399771124">
        <ele>18</ele>
      </trkpt>
      <trkpt lat="58.32109479305742" lon="11.86216955941256">
        <ele>17</ele>
      </trkpt>
      <trkpt lat="58.32144001525845" lon="11.86171943543773">
        <ele>14</ele>
      </trkpt>
      <trkpt lat="58.32154110242229" lon="11.86161262635896">
        <ele>13</ele>
      </trkpt>
      <trkpt lat="58.32164218958613" lon="11.86150581728019">
        <ele>12</ele>
      </trkpt>
      <trkpt lat="58.32168307046639" lon="11.86148019045973">
        <ele>11</ele>
      </trkpt>
      <trkpt lat="58.32168307046639" lon="11.86148019045973">
        <ele>11</ele>
      </trkpt>
      <trkpt lat="58.3217060843029" lon="11.86146576387565">
        <ele>11</ele>
      </trkpt>
      <trkpt lat="58.32179954224681" lon="11.86143810795347">
        <ele>11</ele>
      </trkpt>
      <trkpt lat="58.3218529467862" lon="11.86145813465574">
        <ele>10</ele>
      </trkpt>
      <trkpt lat="58.32188872986525" lon="11.86149124735575">
        <ele>10</ele>
      </trkpt>
      <trkpt lat="58.32189013923328" lon="11.8614876978829">
        <ele>10</ele>
      </trkpt>
      <trkpt lat="58.32191588785048" lon="11.86142284951364">
        <ele>10</ele>
      </trkpt>
      <trkpt lat="58.32200171657449" lon="11.8613570474919">
        <ele>9</ele>
      </trkpt>
      <trkpt lat="58.32210471104331" lon="11.86126072859051">
        <ele>8</ele>
      </trkpt>
      <trkpt lat="58.32217718863247" lon="11.86116345603662">
        <ele>8</ele>
      </trkpt>
      <trkpt lat="58.32222868586688" lon="11.86108334922755">
        <ele>7</ele>
      </trkpt>
      <trkpt lat="58.32228113675378" lon="11.86100419607096">
        <ele>7</ele>
      </trkpt>
      <trkpt lat="58.3223316803357" lon="11.86075243181385">
        <ele>6</ele>
      </trkpt>
      <trkpt lat="58.3223316803357" lon="11.86075243181385">
        <ele>6</ele>
      </trkpt>
      <trkpt lat="58.3223719550698" lon="11.86072935303364">
        <ele>6</ele>
      </trkpt>
      <trkpt lat="58.3223719550698" lon="11.86072935303364">
        <ele>6</ele>
      </trkpt>
      <trkpt lat="58.32241655540722" lon="11.86070379553691">
        <ele>5</ele>
      </trkpt>
      <trkpt lat="58.32247568186154" lon="11.86059984741561">
        <ele>5</ele>
      </trkpt>
      <trkpt lat="58.32256437154302" lon="11.86042342170514">
        <ele>4</ele>
      </trkpt>
      <trkpt lat="58.32266736601184" lon="11.86016116727065">
        <ele>4</ele>
      </trkpt>
      <trkpt lat="58.32270837306886" lon="11.86">
        <ele>4</ele>
      </trkpt>
      <trkpt lat="58.32270837306886" lon="11.85999999999999">
        <ele>4</ele>
      </trkpt>
      <trkpt lat="58.32271695594127" lon="11.85996852946786">
        <ele>4</ele>
      </trkpt>
      <trkpt lat="58.32272935342363" lon="11.85986648865153">
        <ele>4</ele>
      </trkpt>
      <trkpt lat="58.32272744611865" lon="11.85972057982071">
        <ele>4</ele>
      </trkpt>
      <trkpt lat="58.32270265115393" lon="11.859565134465">
        <ele>4</ele>
      </trkpt>
      <trkpt lat="58.3226358954797" lon="11.8593124165554">
        <ele>5</ele>
      </trkpt>
      <trkpt lat="58.32254529849324" lon="11.85884035857333">
        <ele>6</ele>
      </trkpt>
      <trkpt lat="58.32250534383665" lon="11.85865779652705">
        <ele>7</ele>
      </trkpt>
      <trkpt lat="58.32250534383665" lon="11.85865779652705">
        <ele>7</ele>
      </trkpt>
      <trkpt lat="58.32248331108146" lon="11.85855712378409">
        <ele>7</ele>
      </trkpt>
      <trkpt lat="58.32248331108146" lon="11.85829296204463">
        <ele>8</ele>
      </trkpt>
      <trkpt lat="58.32255674232311" lon="11.85802021743276">
        <ele>9</ele>
      </trkpt>
      <trkpt lat="58.32260728590503" lon="11.85775700934579">
        <ele>9</ele>
      </trkpt>
      <trkpt lat="58.32272077055122" lon="11.85746709898912">
        <ele>10</ele>
      </trkpt>
      <trkpt lat="58.32311748998666" lon="11.85663265306122">
        <ele>9</ele>
      </trkpt>
      <trkpt lat="58.32311748998666" lon="11.85663265306122">
        <ele>9</ele>
      </trkpt>
      <trkpt lat="58.32335018119399" lon="11.85652012206751">
        <ele>7</ele>
      </trkpt>
      <trkpt lat="58.32360194545109" lon="11.85600991798588">
        <ele>7</ele>
      </trkpt>
      <trkpt lat="58.3240358573336" lon="11.85517833301544">
        <ele>7</ele>
      </trkpt>
      <trkpt lat="58.32440015258441" lon="11.85455941255006">
        <ele>7</ele>
      </trkpt>
      <trkpt lat="58.32453461758536" lon="11.85434197978256">
        <ele>7</ele>
      </trkpt>
      <trkpt lat="58.3246614533664" lon="11.85424566088117">
        <ele>7</ele>
      </trkpt>
      <trkpt lat="58.32479782567233" lon="11.85421323669654">
        <ele>6</ele>
      </trkpt>
      <trkpt lat="58.32495994659547" lon="11.85432004577531">
        <ele>5</ele>
      </trkpt>
      <trkpt lat="58.3250705702842" lon="11.85443829868395">
        <ele>4</ele>
      </trkpt>
      <trkpt lat="58.32519645241275" lon="11.85459660499713">
        <ele>3</ele>
      </trkpt>
      <trkpt lat="58.3252794201793" lon="11.85463665840167">
        <ele>2</ele>
      </trkpt>
      <trkpt lat="58.32535952698838" lon="11.85460232691207">
        <ele>2</ele>
      </trkpt>
      <trkpt lat="58.32550533814808" lon="11.85444801555024">
        <ele>2</ele>
      </trkpt>
      <trkpt lat="58.32550533814808" lon="11.85444801555024">
        <ele>2</ele>
      </trkpt>
      <trkpt lat="58.32557219149344" lon="11.85437726492466">
        <ele>2</ele>
      </trkpt>
      <trkpt lat="58.32557219149344" lon="11.85437726492466">
        <ele>2</ele>
      </trkpt>
      <trkpt lat="58.32565992752242" lon="11.85382700743848">
        <ele>2</ele>
      </trkpt>
      <trkpt lat="58.3255922181957" lon="11.85364485981308">
        <ele>2</ele>
      </trkpt>
      <trkpt lat="58.32549876025178" lon="11.85313656303642">
        <ele>2</ele>
      </trkpt>
      <trkpt lat="58.32548127641939" lon="11.85311503335853">
        <ele>2</ele>
      </trkpt>
      <trkpt lat="58.32548127641939" lon="11.85311503335853">
        <ele>2</ele>
      </trkpt>
      <trkpt lat="58.32538336830061" lon="11.85299446881556">
        <ele>3</ele>
      </trkpt>
      <trkpt lat="58.32497806599277" lon="11.85316231165363">
        <ele>5</ele>
      </trkpt>
      <trkpt lat="58.32413312988748" lon="11.85233549494564">
        <ele>10</ele>
      </trkpt>
      <trkpt lat="58.32399771123404" lon="11.8519387755102">
        <ele>10</ele>
      </trkpt>
      <trkpt lat="58.32375548350183" lon="11.85132748426473">
        <ele>11</ele>
      </trkpt>
      <trkpt lat="58.32372210566471" lon="11.85103757390806">
        <ele>11</ele>
      </trkpt>
      <trkpt lat="58.32377837116156" lon="11.85056551592599">
        <ele>10</ele>
      </trkpt>
      <trkpt lat="58.32362578676332" lon="11.85038336830059">
        <ele>12</ele>
      </trkpt>
      <trkpt lat="58.32354758725921" lon="11.84977207705512">
        <ele>14</ele>
      </trkpt>
      <trkpt lat="58.32337783711617" lon="11.84921419034903">
        <ele>20</ele>
      </trkpt>
      <trkpt lat="58.32329963761207" lon="11.84861338928094">
        <ele>21</ele>
      </trkpt>
      <trkpt lat="58.32332157161932" lon="11.84832347892428">
        <ele>21</ele>
      </trkpt>
      <trkpt lat="58.32334032031251" lon="11.84815543508156">
        <ele>18</ele>
      </trkpt>
      <trkpt lat="58.32334032031251" lon="11.84815543508156">
        <ele>18</ele>
      </trkpt>
      <trkpt lat="58.32337306885372" lon="11.84786191111958">
        <ele>13</ele>
      </trkpt>
      <trkpt lat="58.32329963761207" lon="11.84755102040816">
        <ele>10</ele>
      </trkpt>
      <trkpt lat="58.32304596604998" lon="11.84688537097081">
        <ele>8</ele>
      </trkpt>
      <trkpt lat="58.32284855998476" lon="11.84657448025939">
        <ele>8</ele>
      </trkpt>
      <trkpt lat="58.32272649246616" lon="11.84647816135799">
        <ele>8</ele>
      </trkpt>
      <trkpt lat="58.32252431813848" lon="11.84649437345031">
        <ele>10</ele>
      </trkpt>
      <trkpt lat="58.32232405111579" lon="11.84666793820331">
        <ele>14</ele>
      </trkpt>
      <trkpt lat="58.32222105664697" lon="11.84679858859431">
        <ele>16</ele>
      </trkpt>
      <trkpt lat="58.32209898912837" lon="11.84701316040434">
        <ele>19</ele>
      </trkpt>
      <trkpt lat="58.32205607476637" lon="11.84704367728399">
        <ele>19</ele>
      </trkpt>
      <trkpt lat="58.32204493668888" lon="11.84704568578977">
        <ele>19</ele>
      </trkpt>
      <trkpt lat="58.32204493668888" lon="11.84704568578977">
        <ele>19</ele>
      </trkpt>
      <trkpt lat="58.32202328488229" lon="11.84704959021391">
        <ele>20</ele>
      </trkpt>
      <trkpt lat="58.32202328488229" lon="11.84704959021391">
        <ele>20</ele>
      </trkpt>
      <trkpt lat="58.32199790196454" lon="11.84705416746137">
        <ele>20</ele>
      </trkpt>
      <trkpt lat="58.32195784856" lon="11.8470513065039">
        <ele>20</ele>
      </trkpt>
      <trkpt lat="58.32178523745948" lon="11.84690539767308">
        <ele>21</ele>
      </trkpt>
      <trkpt lat="58.32147434674805" lon="11.8466603089834">
        <ele>20</ele>
      </trkpt>
      <trkpt lat="58.32104043486554" lon="11.84610242227732">
        <ele>16</ele>
      </trkpt>
      <trkpt lat="58.32076387564373" lon="11.84586687011253">
        <ele>15</ele>
      </trkpt>
      <trkpt lat="58.32063417890522" lon="11.84550162120923">
        <ele>12</ele>
      </trkpt>
      <trkpt lat="58.32049876025177" lon="11.84495422468052">
        <ele>7</ele>
      </trkpt>
      <trkpt lat="58.32000000000001" lon="11.8445041007057">
        <ele>7</ele>
      </trkpt>
      <trkpt lat="58.32" lon="11.8445041007057">
        <ele>7</ele>
      </trkpt>
      <trkpt lat="58.31984550829678" lon="11.8443648674423">
        <ele>7</ele>
      </trkpt>
      <trkpt lat="58.31957467098989" lon="11.84452508106046">
        <ele>9</ele>
      </trkpt>
      <trkpt lat="58.31955273698264" lon="11.8446433339691">
        <ele>10</ele>
      </trkpt>
      <trkpt lat="58.31885943162312" lon="11.84493324432576">
        <ele>13</ele>
      </trkpt>
      <trkpt lat="58.31882128552355" lon="11.84486744230402">
        <ele>13</ele>
      </trkpt>
      <trkpt lat="58.31880602708373" lon="11.84477398436009">
        <ele>13</ele>
      </trkpt>
      <trkpt lat="58.31880602708373" lon="11.84477398436009">
        <ele>13</ele>
      </trkpt>
      <trkpt lat="58.3187745565516" lon="11.84409689109288">
        <ele>12</ele>
      </trkpt>
      <trkpt lat="58.3187306885371" lon="11.84360099179858">
        <ele>13</ele>
      </trkpt>
      <trkpt lat="58.31865725729544" lon="11.8429906542056">
        <ele>14</ele>
      </trkpt>
      <trkpt lat="58.31864867442305" lon="11.84287716955941">
        <ele>14</ele>
      </trkpt>
      <trkpt lat="58.31866202555789" lon="11.84269120732405">
        <ele>14</ele>
      </trkpt>
      <trkpt lat="58.31870589357239" lon="11.84241274079725">
        <ele>15</ele>
      </trkpt>
      <trkpt lat="58.31882891474347" lon="11.84198550448216">
        <ele>15</ele>
      </trkpt>
      <trkpt lat="58.31894430669464" lon="11.84125119206561">
        <ele>16</ele>
      </trkpt>
      <trkpt lat="58.31894430669464" lon="11.84125119206561">
        <ele>16</ele>
      </trkpt>
      <trkpt lat="58.31897577722678" lon="11.84101754720579">
        <ele>17</ele>
      </trkpt>
      <trkpt lat="58.31897673087927" lon="11.84088308220484">
        <ele>17</ele>
      </trkpt>
      <trkpt lat="58.31897673087927" lon="11.84088308220484">
        <ele>17</ele>
      </trkpt>
      <trkpt lat="58.31896719435438" lon="11.84073526606904">
        <ele>18</ele>
      </trkpt>
      <trkpt lat="58.31892714094984" lon="11.84061892046538">
        <ele>19</ele>
      </trkpt>
      <trkpt lat="58.31885466336067" lon="11.8403642952508">
        <ele>22</ele>
      </trkpt>
      <trkpt lat="58.31885466336067" lon="11.8403642952508">
        <ele>22</ele>
      </trkpt>
      <trkpt lat="58.31890139233263" lon="11.84024032042723">
        <ele>22</ele>
      </trkpt>
      <trkpt lat="58.31892904825482" lon="11.84011825290863">
        <ele>22</ele>
      </trkpt>
      <trkpt lat="58.31894526034714" lon="11.83999999999999">
        <ele>22</ele>
      </trkpt>
      <trkpt lat="58.31894526034714" lon="11.84000000000001">
        <ele>22</ele>
      </trkpt>
      <trkpt lat="58.31899198931909" lon="11.839652870494">
        <ele>22</ele>
      </trkpt>
      <trkpt lat="58.31901583063132" lon="11.83957085637995">
        <ele>22</ele>
      </trkpt>
      <trkpt lat="58.31922658783139" lon="11.83902918176618">
        <ele>19</ele>
      </trkpt>
      <trkpt lat="58.31928094602327" lon="11.83882986839597">
        <ele>18</ele>
      </trkpt>
      <trkpt lat="58.31929429715812" lon="11.83870303261493">
        <ele>17</ele>
      </trkpt>
      <trkpt lat="58.31929334350563" lon="11.83851993133703">
        <ele>17</ele>
      </trkpt>
      <trkpt lat="58.31927713141332" lon="11.8383225252718">
        <ele>18</ele>
      </trkpt>
      <trkpt lat="58.31923898531375" lon="11.83802593934771">
        <ele>18</ele>
      </trkpt>
      <trkpt lat="58.31924566088118" lon="11.83789624260921">
        <ele>18</ele>
      </trkpt>
      <trkpt lat="58.31930383368301" lon="11.83766069044441">
        <ele>16</ele>
      </trkpt>
      <trkpt lat="58.31930955559794" lon="11.83755292771315">
        <ele>16</ele>
      </trkpt>
      <trkpt lat="58.31928857524318" lon="11.8372267785619">
        <ele>16</ele>
      </trkpt>
      <trkpt lat="58.31929620446309" lon="11.83708468434104">
        <ele>15</ele>
      </trkpt>
      <trkpt lat="58.31933911882511" lon="11.83675090596988">
        <ele>14</ele>
      </trkpt>
      <trkpt lat="58.31938870875453" lon="11.8364447835209">
        <ele>11</ele>
      </trkpt>
      <trkpt lat="58.31937154300973" lon="11.83639423993898">
        <ele>11</ele>
      </trkpt>
      <trkpt lat="58.31934293343506" lon="11.83634560366204">
        <ele>12</ele>
      </trkpt>
      <trkpt lat="58.3193219530803" lon="11.83628170894527">
        <ele>12</ele>
      </trkpt>
      <trkpt lat="58.3193219530803" lon="11.83628170894527">
        <ele>12</ele>
      </trkpt>
      <trkpt lat="58.31928857524318" lon="11.83629982834256">
        <ele>12</ele>
      </trkpt>
      <trkpt lat="58.31928857524318" lon="11.83629982834256">
        <ele>12</ele>
      </trkpt>
      <trkpt lat="58.31923993896624" lon="11.83623116536335">
        <ele>12</ele>
      </trkpt>
      <trkpt lat="58.31923421705131" lon="11.83616917795157">
        <ele>12</ele>
      </trkpt>
      <trkpt lat="58.31922849513637" lon="11.83610814419227">
        <ele>12</ele>
      </trkpt>
      <trkpt lat="58.3191913026893" lon="11.83598798397865">
        <ele>11</ele>
      </trkpt>
      <trkpt lat="58.3191569711997" lon="11.83592695021935">
        <ele>12</ele>
      </trkpt>
      <trkpt lat="58.31912645432005" lon="11.83584398245281">
        <ele>12</ele>
      </trkpt>
      <trkpt lat="58.31911977875262" lon="11.83576101468626">
        <ele>11</ele>
      </trkpt>
      <trkpt lat="58.31908640091551" lon="11.83564371543011">
        <ele>12</ele>
      </trkpt>
      <trkpt lat="58.31905302307839" lon="11.83552736982645">
        <ele>12</ele>
      </trkpt>
      <trkpt lat="58.31901487697883" lon="11.83546347510968">
        <ele>12</ele>
      </trkpt>
      <trkpt lat="58.31898912836163" lon="11.83545393858479">
        <ele>13</ele>
      </trkpt>
      <trkpt lat="58.31897100896433" lon="11.83546061415221">
        <ele>13</ele>
      </trkpt>
      <trkpt lat="58.31897100896433" lon="11.83546061415221">
        <ele>13</ele>
      </trkpt>
      <trkpt lat="58.31895765782949" lon="11.83528228113677">
        <ele>13</ele>
      </trkpt>
      <trkpt lat="58.31895765782949" lon="11.83528228113677">
        <ele>13</ele>
      </trkpt>
      <trkpt lat="58.31895098226207" lon="11.83516975014306">
        <ele>12</ele>
      </trkpt>
      <trkpt lat="58.31887373641045" lon="11.83478542818998">
        <ele>12</ele>
      </trkpt>
      <trkpt lat="58.31891188251002" lon="11.83455464428763">
        <ele>10</ele>
      </trkpt>
      <trkpt lat="58.31894239938966" lon="11.8344182719817">
        <ele>9</ele>
      </trkpt>
      <trkpt lat="58.31894239938966" lon="11.8344182719817">
        <ele>9</ele>
      </trkpt>
      <trkpt lat="58.31892332633988" lon="11.83434579439254">
        <ele>9</ele>
      </trkpt>
      <trkpt lat="58.31892523364486" lon="11.83425424375359">
        <ele>8</ele>
      </trkpt>
      <trkpt lat="58.31902059889376" lon="11.83395956513448">
        <ele>5</ele>
      </trkpt>
      <trkpt lat="58.31903585733359" lon="11.83389376311273">
        <ele>5</ele>
      </trkpt>
      <trkpt lat="58.31903585733359" lon="11.83389376311273">
        <ele>5</ele>
      </trkpt>
      <trkpt lat="58.31903299637612" lon="11.83384703414077">
        <ele>4</ele>
      </trkpt>
      <trkpt lat="58.31895765782949" lon="11.83343887087547">
        <ele>5</ele>
      </trkpt>
      <trkpt lat="58.31893381651727" lon="11.83334827388901">
        <ele>5</ele>
      </trkpt>
      <trkpt lat="58.31891092885753" lon="11.83325863055504">
        <ele>5</ele>
      </trkpt>
      <trkpt lat="58.31886515353806" lon="11.83313942399391">
        <ele>6</ele>
      </trkpt>
      <trkpt lat="58.31880602708373" lon="11.83304691970247">
        <ele>6</ele>
      </trkpt>
      <trkpt lat="58.31872592027465" lon="11.83296776654588">
        <ele>8</ele>
      </trkpt>
      <trkpt lat="58.31865725729544" lon="11.83291340835401">
        <ele>9</ele>
      </trkpt>
      <trkpt lat="58.31855521647912" lon="11.83284760633227">
        <ele>10</ele>
      </trkpt>
      <trkpt lat="58.31849227541484" lon="11.83282090406257">
        <ele>11</ele>
      </trkpt>
      <trkpt lat="58.31842170513065" lon="11.83282567232502">
        <ele>12</ele>
      </trkpt>
      <trkpt lat="58.31834922754149" lon="11.8328619111196">
        <ele>13</ele>
      </trkpt>
      <trkpt lat="58.31826530612245" lon="11.83291722296396">
        <ele>15</ele>
      </trkpt>
      <trkpt lat="58.31822811367538" lon="11.83291150104903">
        <ele>16</ele>
      </trkpt>
      <trkpt lat="58.31818424566088" lon="11.832870493992">
        <ele>17</ele>
      </trkpt>
      <trkpt lat="58.31801068090788" lon="11.83251192065613">
        <ele>18</ele>
      </trkpt>
      <trkpt lat="58.31779610909785" lon="11.83204844554646">
        <ele>21</ele>
      </trkpt>
      <trkpt lat="58.31776082395575" lon="11.83193782185773">
        <ele>21</ele>
      </trkpt>
      <trkpt lat="58.31774842647339" lon="11.83186629792105">
        <ele>21</ele>
      </trkpt>
      <trkpt lat="58.31773602899104" lon="11.83179477398437">
        <ele>21</ele>
      </trkpt>
      <trkpt lat="58.31774556551593" lon="11.83172706465765">
        <ele>20</ele>
      </trkpt>
      <trkpt lat="58.3177741750906" lon="11.83164314323862">
        <ele>19</ele>
      </trkpt>
      <trkpt lat="58.31802689300019" lon="11.83104997139044">
        <ele>14</ele>
      </trkpt>
      <trkpt lat="58.31818424566088" lon="11.83062464238033">
        <ele>11</ele>
      </trkpt>
      <trkpt lat="58.31820522601564" lon="11.83054262826627">
        <ele>11</ele>
      </trkpt>
      <trkpt lat="58.31821094793057" lon="11.83046252145719">
        <ele>11</ele>
      </trkpt>
      <trkpt lat="58.31820808697311" lon="11.83036048064087">
        <ele>11</ele>
      </trkpt>
      <trkpt lat="58.31815372878123" lon="11.8299580392905">
        <ele>11</ele>
      </trkpt>
      <trkpt lat="58.31809650963189" lon="11.82966717528134">
        <ele>11</ele>
      </trkpt>
      <trkpt lat="58.31806217814228" lon="11.82958611481977">
        <ele>11</ele>
      </trkpt>
      <trkpt lat="58.31802975395766" lon="11.8295317566279">
        <ele>11</ele>
      </trkpt>
      <trkpt lat="58.31800480451335" lon="11.82951708048419">
        <ele>11</ele>
      </trkpt>
      <trkpt lat="58.31800480451335" lon="11.82951708048419">
        <ele>11</ele>
      </trkpt>
      <trkpt lat="58.31805189017369" lon="11.82939538651562">
        <ele>10</ele>
      </trkpt>
      <trkpt lat="58.31805189017369" lon="11.82939538651562">
        <ele>10</ele>
      </trkpt>
      <trkpt lat="58.3180783902346" lon="11.82897386992181">
        <ele>9</ele>
      </trkpt>
      <trkpt lat="58.318086973107" lon="11.82872687392715">
        <ele>8</ele>
      </trkpt>
      <trkpt lat="58.31808888041198" lon="11.82862769406829">
        <ele>8</ele>
      </trkpt>
      <trkpt lat="58.31809174136945" lon="11.82852851420943">
        <ele>7</ele>
      </trkpt>
      <trkpt lat="58.31805931718482" lon="11.82845222201031">
        <ele>7</ele>
      </trkpt>
      <trkpt lat="58.31799065420561" lon="11.82835018119398">
        <ele>7</ele>
      </trkpt>
      <trkpt lat="58.31792580583635" lon="11.82829868395958">
        <ele>7</ele>
      </trkpt>
      <trkpt lat="58.31786191111959" lon="11.82824814037766">
        <ele>7</ele>
      </trkpt>
      <trkpt lat="58.31780850658021" lon="11.82822143810797">
        <ele>7</ele>
      </trkpt>
      <trkpt lat="58.31771504863628" lon="11.82822620637041">
        <ele>8</ele>
      </trkpt>
      <trkpt lat="58.31762254434484" lon="11.82823097463286">
        <ele>8</ele>
      </trkpt>
      <trkpt lat="58.3175567423231" lon="11.82820617966814">
        <ele>8</ele>
      </trkpt>
      <trkpt lat="58.3174699599466" lon="11.82815658973871">
        <ele>8</ele>
      </trkpt>
      <trkpt lat="58.31742323097463" lon="11.82810223154684">
        <ele>8</ele>
      </trkpt>
      <trkpt lat="58.31735361434293" lon="11.8280707610147">
        <ele>8</ele>
      </trkpt>
      <trkpt lat="58.31729067327866" lon="11.82796109097846">
        <ele>8</ele>
      </trkpt>
      <trkpt lat="58.31719244707229" lon="11.82790673278659">
        <ele>8</ele>
      </trkpt>
      <trkpt lat="58.31709517451841" lon="11.8278533282472">
        <ele>8</ele>
      </trkpt>
      <trkpt lat="58.31701602136182" lon="11.82778847987795">
        <ele>7</ele>
      </trkpt>
      <trkpt lat="58.31693686820523" lon="11.82772458516118">
        <ele>7</ele>
      </trkpt>
      <trkpt lat="58.31691779515545" lon="11.82765115391952">
        <ele>7</ele>
      </trkpt>
      <trkpt lat="58.31689967575816" lon="11.82757772267787">
        <ele>7</ele>
      </trkpt>
      <trkpt lat="58.31689300019073" lon="11.82749475491132">
        <ele>6</ele>
      </trkpt>
      <trkpt lat="58.3168872782758" lon="11.82741274079727">
        <ele>6</ele>
      </trkpt>
      <trkpt lat="58.31685676139615" lon="11.82735361434295">
        <ele>6</ele>
      </trkpt>
      <trkpt lat="58.31683196643144" lon="11.82726301735649">
        <ele>6</ele>
      </trkpt>
      <trkpt lat="58.31680812511921" lon="11.82717337402252">
        <ele>5</ele>
      </trkpt>
      <trkpt lat="58.31681480068663" lon="11.82709135990846">
        <ele>5</ele>
      </trkpt>
      <trkpt lat="58.31682147625406" lon="11.8270093457944">
        <ele>5</ele>
      </trkpt>
      <trkpt lat="58.3168090787717" lon="11.82693686820524">
        <ele>4</ele>
      </trkpt>
      <trkpt lat="58.31675758153729" lon="11.8268615296586">
        <ele>4</ele>
      </trkpt>
      <trkpt lat="58.31670703795537" lon="11.82674995231739">
        <ele>4</ele>
      </trkpt>
      <trkpt lat="58.31665649437345" lon="11.82666698455084">
        <ele>4</ele>
      </trkpt>
      <trkpt lat="58.316608811749" lon="11.82655636086211">
        <ele>4</ele>
      </trkpt>
      <trkpt lat="58.31656112912455" lon="11.82644573717339">
        <ele>4</ele>
      </trkpt>
      <trkpt lat="58.31643810795347" lon="11.82609574670991">
        <ele>5</ele>
      </trkpt>
      <trkpt lat="58.31641331298875" lon="11.82600228876599">
        <ele>5</ele>
      </trkpt>
      <trkpt lat="58.31638947167652" lon="11.82590883082206">
        <ele>5</ele>
      </trkpt>
      <trkpt lat="58.31637802784665" lon="11.82584112149534">
        <ele>5</ele>
      </trkpt>
      <trkpt lat="58.31637802784665" lon="11.82572572954417">
        <ele>5</ele>
      </trkpt>
      <trkpt lat="58.31637802784665" lon="11.82572572954417">
        <ele>5</ele>
      </trkpt>
      <trkpt lat="58.31631413312989" lon="11.8258096509632">
        <ele>6</ele>
      </trkpt>
      <trkpt lat="58.31625023841313" lon="11.82589452603473">
        <ele>7</ele>
      </trkpt>
      <trkpt lat="58.31619683387374" lon="11.82592695021935">
        <ele>7</ele>
      </trkpt>
      <trkpt lat="58.31607667366012" lon="11.82596509631891">
        <ele>8</ele>
      </trkpt>
      <trkpt lat="58.31601373259584" lon="11.82594793057411">
        <ele>9</ele>
      </trkpt>
      <trkpt lat="58.31589547968721" lon="11.82586400915508">
        <ele>10</ele>
      </trkpt>
      <trkpt lat="58.31586782376502" lon="11.82582586305552">
        <ele>10</ele>
      </trkpt>
      <trkpt lat="58.31585447263018" lon="11.82577627312608">
        <ele>11</ele>
      </trkpt>
      <trkpt lat="58.31585447263018" lon="11.82577627312608">
        <ele>11</ele>
      </trkpt>
      <trkpt lat="58.31574480259394" lon="11.82585447263019">
        <ele>12</ele>
      </trkpt>
      <trkpt lat="58.31563227160023" lon="11.82592408926189">
        <ele>12</ele>
      </trkpt>
      <trkpt lat="58.31547682624452" lon="11.82596414266643">
        <ele>14</ele>
      </trkpt>
      <trkpt lat="58.31531089071143" lon="11.82602040816328">
        <ele>15</ele>
      </trkpt>
      <trkpt lat="58.31516907939515" lon="11.82607691395768">
        <ele>16</ele>
      </trkpt>
      <trkpt lat="58.31516907939515" lon="11.82607691395768">
        <ele>16</ele>
      </trkpt>
      <trkpt lat="58.31493991989319" lon="11.82616822429908">
        <ele>18</ele>
      </trkpt>
      <trkpt lat="58.31486638172651" lon="11.82618975656625">
        <ele>18</ele>
      </trkpt>
      <trkpt lat="58.31486638160828" lon="11.82618975653532">
        <ele>18</ele>
      </trkpt>
      <trkpt lat="58.31485981308411" lon="11.82604806408546">
        <ele>18</ele>
      </trkpt>
      <trkpt lat="58.31488937631127" lon="11.82583158497045">
        <ele>19</ele>
      </trkpt>
      <trkpt lat="58.31488937631127" lon="11.82583158497045">
        <ele>19</ele>
      </trkpt>
      <trkpt lat="58.3150291460997" lon="11.8253379979462">
        <ele>23</ele>
      </trkpt>
      <trkpt lat="58.3150291460997" lon="11.8253379979462">
        <ele>23</ele>
      </trkpt>
      <trkpt lat="58.31516057129605" lon="11.82468500049657">
        <ele>27</ele>
      </trkpt>
      <trkpt lat="58.31516057129605" lon="11.82468500049657">
        <ele>27</ele>
      </trkpt>
      <trkpt lat="58.31524127407972" lon="11.8243667747473">
        <ele>29</ele>
      </trkpt>
      <trkpt lat="58.31532042723632" lon="11.8241054739653">
        <ele>29</ele>
      </trkpt>
      <trkpt lat="58.31538432195308" lon="11.8238622925806">
        <ele>29</ele>
      </trkpt>
      <trkpt lat="58.31541007057029" lon="11.82372878123213">
        <ele>28</ele>
      </trkpt>
      <trkpt lat="58.31542914362007" lon="11.82353900438681">
        <ele>29</ele>
      </trkpt>
      <trkpt lat="58.31544821666985" lon="11.82308601945452">
        <ele>28</ele>
      </trkpt>
      <trkpt lat="58.31544821666985" lon="11.82308601945452">
        <ele>28</ele>
      </trkpt>
      <trkpt lat="58.31544440205989" lon="11.82296776654588">
        <ele>27</ele>
      </trkpt>
      <trkpt lat="58.31541293152775" lon="11.82285809650964">
        <ele>28</ele>
      </trkpt>
      <trkpt lat="58.31534999046347" lon="11.82269311462904">
        <ele>28</ele>
      </trkpt>
      <trkpt lat="58.31528895670418" lon="11.82232023650583">
        <ele>28</ele>
      </trkpt>
      <trkpt lat="58.31525843982453" lon="11.82217146671754">
        <ele>28</ele>
      </trkpt>
      <trkpt lat="58.3152002670227" lon="11.82198836543965">
        <ele>28</ele>
      </trkpt>
      <trkpt lat="58.3152002670227" lon="11.82198836543965">
        <ele>28</ele>
      </trkpt>
      <trkpt lat="58.31509345794393" lon="11.82195689490751">
        <ele>30</ele>
      </trkpt>
      <trkpt lat="58.31502765592219" lon="11.82195689490751">
        <ele>31</ele>
      </trkpt>
      <trkpt lat="58.31476921609766" lon="11.82166698455084">
        <ele>33</ele>
      </trkpt>
      <trkpt lat="58.31468910928858" lon="11.8215573145146">
        <ele>34</ele>
      </trkpt>
      <trkpt lat="58.31462807552928" lon="11.82144001525845">
        <ele>34</ele>
      </trkpt>
      <trkpt lat="58.31462040273556" lon="11.82142503504215">
        <ele>34</ele>
      </trkpt>
      <trkpt lat="58.31462040273556" lon="11.82142503504215">
        <ele>34</ele>
      </trkpt>
      <trkpt lat="58.31455505589368" lon="11.8212529209682">
        <ele>35</ele>
      </trkpt>
      <trkpt lat="58.31455505589368" lon="11.8212529209682">
        <ele>35</ele>
      </trkpt>
      <trkpt lat="58.31450505435819" lon="11.82098321571621">
        <ele>35</ele>
      </trkpt>
      <trkpt lat="58.31449170322335" lon="11.82095555979402">
        <ele>35</ele>
      </trkpt>
      <trkpt lat="58.31449069450085" lon="11.82095347033825">
        <ele>35</ele>
      </trkpt>
      <trkpt lat="58.31451459088309" lon="11.82089738699219">
        <ele>34</ele>
      </trkpt>
      <trkpt lat="58.31453175662789" lon="11.82081728018311">
        <ele>34</ele>
      </trkpt>
      <trkpt lat="58.31454033950029" lon="11.82075147816137">
        <ele>34</ele>
      </trkpt>
      <trkpt lat="58.31454129315278" lon="11.82066374213238">
        <ele>34</ele>
      </trkpt>
      <trkpt lat="58.31450314705322" lon="11.82038241464812">
        <ele>34</ele>
      </trkpt>
      <trkpt lat="58.3144869349609" lon="11.8200791531566">
        <ele>34</ele>
      </trkpt>
      <trkpt lat="58.3144869349609" lon="11.8200791531566">
        <ele>34</ele>
      </trkpt>
      <trkpt lat="58.31463665840168" lon="11.82000000000001">
        <ele>33</ele>
      </trkpt>
      <trkpt lat="58.31463665840168" lon="11.82">
        <ele>33</ele>
      </trkpt>
      <trkpt lat="58.3147911501049" lon="11.81991893953843">
        <ele>32</ele>
      </trkpt>
      <trkpt lat="58.31483597177189" lon="11.8198521838642">
        <ele>31</ele>
      </trkpt>
      <trkpt lat="58.31516212092314" lon="11.81927713141332">
        <ele>28</ele>
      </trkpt>
      <trkpt lat="58.31537860003815" lon="11.81888136563037">
        <ele>24</ele>
      </trkpt>
      <trkpt lat="58.31543295823003" lon="11.81872592027465">
        <ele>23</ele>
      </trkpt>
      <trkpt lat="58.31549303833683" lon="11.81843028800305">
        <ele>21</ele>
      </trkpt>
      <trkpt lat="58.31557505245089" lon="11.81809937058936">
        <ele>19</ele>
      </trkpt>
      <trkpt lat="58.31561224489796" lon="11.81786763303452">
        <ele>18</ele>
      </trkpt>
      <trkpt lat="58.31561892046538" lon="11.81762349799733">
        <ele>17</ele>
      </trkpt>
      <trkpt lat="58.31558744993325" lon="11.81718958611482">
        <ele>16</ele>
      </trkpt>
      <trkpt lat="58.31556646957848" lon="11.81703986267404">
        <ele>16</ele>
      </trkpt>
      <trkpt lat="58.31552736982644" lon="11.81691016593554">
        <ele>16</ele>
      </trkpt>
      <trkpt lat="58.31545966049972" lon="11.81677188632463">
        <ele>16</ele>
      </trkpt>
      <trkpt lat="58.31538146099562" lon="11.81666603089834">
        <ele>16</ele>
      </trkpt>
      <trkpt lat="58.31514876978829" lon="11.81645050543582">
        <ele>17</ele>
      </trkpt>
      <trkpt lat="58.31503337783712" lon="11.81631127217242">
        <ele>17</ele>
      </trkpt>
      <trkpt lat="58.31481880602708" lon="11.81604901773794">
        <ele>16</ele>
      </trkpt>
      <trkpt lat="58.3146261682243" lon="11.81576006103376">
        <ele>15</ele>
      </trkpt>
      <trkpt lat="58.31437249666222" lon="11.81543868014496">
        <ele>14</ele>
      </trkpt>
      <trkpt lat="58.31431146290292" lon="11.81541197787526">
        <ele>14</ele>
      </trkpt>
      <trkpt lat="58.31409021552547" lon="11.81541388518024">
        <ele>15</ele>
      </trkpt>
      <trkpt lat="58.31385561701316" lon="11.8154005340454">
        <ele>15</ele>
      </trkpt>
      <trkpt lat="58.31363341598322" lon="11.81537573908068">
        <ele>15</ele>
      </trkpt>
      <trkpt lat="58.3130955559794" lon="11.8154176997902">
        <ele>15</ele>
      </trkpt>
      <trkpt lat="58.31271123402632" lon="11.81549780659928">
        <ele>15</ele>
      </trkpt>
      <trkpt lat="58.31231832920084" lon="11.8155569330536">
        <ele>15</ele>
      </trkpt>
      <trkpt lat="58.3120951745184" lon="11.81557695975587">
        <ele>14</ele>
      </trkpt>
      <trkpt lat="58.31199599465955" lon="11.81557886706084">
        <ele>14</ele>
      </trkpt>
      <trkpt lat="58.31188155636087" lon="11.81556360862102">
        <ele>14</ele>
      </trkpt>
      <trkpt lat="58.31144192256342" lon="11.81547396528705">
        <ele>12</ele>
      </trkpt>
      <trkpt lat="58.3113131794774" lon="11.81545775319474">
        <ele>12</ele>
      </trkpt>
      <trkpt lat="58.31124833110815" lon="11.81548064085447">
        <ele>12</ele>
      </trkpt>
      <trkpt lat="58.3112006484837" lon="11.81555025748617">
        <ele>13</ele>
      </trkpt>
      <trkpt lat="58.3109307648293" lon="11.81628838451269">
        <ele>17</ele>
      </trkpt>
      <trkpt lat="58.31056074766355" lon="11.81713713522793">
        <ele>19</ele>
      </trkpt>
      <trkpt lat="58.31044726301736" lon="11.817347892428">
        <ele>19</ele>
      </trkpt>
      <trkpt lat="58.31036620255579" lon="11.81752717909594">
        <ele>20</ele>
      </trkpt>
      <trkpt lat="58.31033854663361" lon="11.81761682242991">
        <ele>20</ele>
      </trkpt>
      <trkpt lat="58.31032424184627" lon="11.81781327484265">
        <ele>21</ele>
      </trkpt>
      <trkpt lat="58.31033187106618" lon="11.81794964714858">
        <ele>21</ele>
      </trkpt>
      <trkpt lat="58.31038146099561" lon="11.81828247186725">
        <ele>23</ele>
      </trkpt>
      <trkpt lat="58.31041483883273" lon="11.81844745374786">
        <ele>24</ele>
      </trkpt>
      <trkpt lat="58.31045775319474" lon="11.81856284569903">
        <ele>24</ele>
      </trkpt>
      <trkpt lat="58.31050352851421" lon="11.81867919130269">
        <ele>25</ele>
      </trkpt>
      <trkpt lat="58.31067232500477" lon="11.81890616059508">
        <ele>27</ele>
      </trkpt>
      <trkpt lat="58.31092122830441" lon="11.81915983215716">
        <ele>29</ele>
      </trkpt>
      <trkpt lat="58.31100228876598" lon="11.81930574098799">
        <ele>30</ele>
      </trkpt>
      <trkpt lat="58.31106332252527" lon="11.81952698836544">
        <ele>31</ele>
      </trkpt>
      <trkpt lat="58.3111481975968" lon="11.82">
        <ele>34</ele>
      </trkpt>
      <trkpt lat="58.3111481975968" lon="11.82000000000001">
        <ele>34</ele>
      </trkpt>
      <trkpt lat="58.31125517799635" lon="11.82059494201792">
        <ele>37</ele>
      </trkpt>
      <trkpt lat="58.31125517799635" lon="11.82059494201792">
        <ele>37</ele>
      </trkpt>
      <trkpt lat="58.31133511348465" lon="11.82103948121306">
        <ele>39</ele>
      </trkpt>
      <trkpt lat="58.31133511348465" lon="11.82103948121306">
        <ele>39</ele>
      </trkpt>
      <trkpt lat="58.31128266259775" lon="11.82104806408546">
        <ele>39</ele>
      </trkpt>
      <trkpt lat="58.31109479305741" lon="11.82104901773795">
        <ele>38</ele>
      </trkpt>
      <trkpt lat="58.31095879703243" lon="11.82099811013502">
        <ele>37</ele>
      </trkpt>
      <trkpt lat="58.31095879703243" lon="11.82099811013502">
        <ele>37</ele>
      </trkpt>
      <trkpt lat="58.31080051068607" lon="11.82086860873467">
        <ele>36</ele>
      </trkpt>
      <trkpt lat="58.31080051068607" lon="11.82086860873467">
        <ele>36</ele>
      </trkpt>
      <trkpt lat="58.31033854663361" lon="11.82041579248523">
        <ele>32</ele>
      </trkpt>
      <trkpt lat="58.31009345794393" lon="11.82000000000001">
        <ele>29</ele>
      </trkpt>
      <trkpt lat="58.31009345794393" lon="11.82">
        <ele>29</ele>
      </trkpt>
      <trkpt lat="58.31004863627695" lon="11.81992275414839">
        <ele>29</ele>
      </trkpt>
      <trkpt lat="58.30930669464048" lon="11.81920751478162">
        <ele>24</ele>
      </trkpt>
      <trkpt lat="58.30890329963761" lon="11.81889090215526">
        <ele>21</ele>
      </trkpt>
      <trkpt lat="58.30858859431623" lon="11.81877169559413">
        <ele>19</ele>
      </trkpt>
      <trkpt lat="58.30844554644288" lon="11.81878409307649">
        <ele>19</ele>
      </trkpt>
      <trkpt lat="58.30835208849896" lon="11.81880125882129">
        <ele>18</ele>
      </trkpt>
      <trkpt lat="58.30828628647721" lon="11.81881651726111">
        <ele>18</ele>
      </trkpt>
      <trkpt lat="58.30818138470342" lon="11.81886419988556">
        <ele>18</ele>
      </trkpt>
      <trkpt lat="58.3081308411215" lon="11.81890329963761">
        <ele>18</ele>
      </trkpt>
      <trkpt lat="58.30806790005722" lon="11.81896337974442">
        <ele>18</ele>
      </trkpt>
      <trkpt lat="58.30798016402823" lon="11.81908830822049">
        <ele>18</ele>
      </trkpt>
      <trkpt lat="58.30773412168606" lon="11.81952794201793">
        <ele>20</ele>
      </trkpt>
      <trkpt lat="58.30773412168606" lon="11.81952794201793">
        <ele>20</ele>
      </trkpt>
      <trkpt lat="58.30758821285524" lon="11.81974632843792">
        <ele>20</ele>
      </trkpt>
      <trkpt lat="58.307521457181" lon="11.81982738889949">
        <ele>20</ele>
      </trkpt>
      <trkpt lat="58.30745279420179" lon="11.81989128361625">
        <ele>20</ele>
      </trkpt>
      <trkpt lat="58.30729448788862" lon="11.82">
        <ele>20</ele>
      </trkpt>
      <trkpt lat="58.30729448788862" lon="11.82000000000001">
        <ele>20</ele>
      </trkpt>
      <trkpt lat="58.3071829105474" lon="11.82003814609957">
        <ele>19</ele>
      </trkpt>
      <trkpt lat="58.30709326721343" lon="11.82005245088691">
        <ele>19</ele>
      </trkpt>
      <trkpt lat="58.30700362387946" lon="11.82006770932673">
        <ele>18</ele>
      </trkpt>
      <trkpt lat="58.30689300019073" lon="11.82006103375931">
        <ele>18</ele>
      </trkpt>
      <trkpt lat="58.3067833301545" lon="11.82005531184438">
        <ele>17</ele>
      </trkpt>
      <trkpt lat="58.30671180621782" lon="11.8200181193973">
        <ele>17</ele>
      </trkpt>
      <trkpt lat="58.30669845508297" lon="11.82000000000001">
        <ele>16</ele>
      </trkpt>
      <trkpt lat="58.30669845508297" lon="11.82">
        <ele>16</ele>
      </trkpt>
      <trkpt lat="58.30664123593363" lon="11.81993801258822">
        <ele>16</ele>
      </trkpt>
      <trkpt lat="58.30658497043677" lon="11.81987697882892">
        <ele>15</ele>
      </trkpt>
      <trkpt lat="58.30647434674805" lon="11.81977589166508">
        <ele>14</ele>
      </trkpt>
      <trkpt lat="58.30638851802404" lon="11.81971867251574">
        <ele>13</ele>
      </trkpt>
      <trkpt lat="58.30628361625024" lon="11.81967957276369">
        <ele>12</ele>
      </trkpt>
      <trkpt lat="58.30621876788098" lon="11.81967766545871">
        <ele>12</ele>
      </trkpt>
      <trkpt lat="58.30615391951173" lon="11.81967575815373">
        <ele>11</ele>
      </trkpt>
      <trkpt lat="58.30607381270266" lon="11.81966622162884">
        <ele>11</ele>
      </trkpt>
      <trkpt lat="58.30601087163838" lon="11.81968243372115">
        <ele>11</ele>
      </trkpt>
      <trkpt lat="58.30601087163838" lon="11.81968243372115">
        <ele>11</ele>
      </trkpt>
      <trkpt lat="58.30594220865917" lon="11.81973583826054">
        <ele>10</ele>
      </trkpt>
      <trkpt lat="58.30590596986458" lon="11.81972820904063">
        <ele>10</ele>
      </trkpt>
      <trkpt lat="58.30586782376502" lon="11.81969006294107">
        <ele>10</ele>
      </trkpt>
      <trkpt lat="58.30581441922563" lon="11.81958706847225">
        <ele>9</ele>
      </trkpt>
      <trkpt lat="58.30577341216861" lon="11.81956131985505">
        <ele>9</ele>
      </trkpt>
      <trkpt lat="58.30569807362198" lon="11.81952794201793">
        <ele>8</ele>
      </trkpt>
      <trkpt lat="58.30564085447264" lon="11.81951077627313">
        <ele>8</ele>
      </trkpt>
      <trkpt lat="58.30554453557124" lon="11.81959946595461">
        <ele>8</ele>
      </trkpt>
      <trkpt lat="58.30547682624452" lon="11.81967289719626">
        <ele>8</ele>
      </trkpt>
      <trkpt lat="58.30543295823002" lon="11.81969673850849">
        <ele>8</ele>
      </trkpt>
      <trkpt lat="58.30539290482548" lon="11.81969197024604">
        <ele>8</ele>
      </trkpt>
      <trkpt lat="58.3053566660309" lon="11.81967575815373">
        <ele>7</ele>
      </trkpt>
      <trkpt lat="58.30527942017929" lon="11.81960804882701">
        <ele>7</ele>
      </trkpt>
      <trkpt lat="58.30520312798016" lon="11.81954129315278">
        <ele>6</ele>
      </trkpt>
      <trkpt lat="58.30509727255389" lon="11.81959088308221">
        <ele>6</ele>
      </trkpt>
      <trkpt lat="58.30499237078009" lon="11.81964047301164">
        <ele>6</ele>
      </trkpt>
      <trkpt lat="58.30487602517643" lon="11.81972344077818">
        <ele>5</ele>
      </trkpt>
      <trkpt lat="58.30475967957277" lon="11.81980736219722">
        <ele>5</ele>
      </trkpt>
      <trkpt lat="58.30463856570666" lon="11.81978828914744">
        <ele>5</ele>
      </trkpt>
      <trkpt lat="58.30451840549304" lon="11.81976921609766">
        <ele>4</ele>
      </trkpt>
      <trkpt lat="58.30441541102422" lon="11.81978161358001">
        <ele>4</ele>
      </trkpt>
      <trkpt lat="58.30431241655541" lon="11.81979401106237">
        <ele>4</ele>
      </trkpt>
      <trkpt lat="58.30421991226397" lon="11.81989700553119">
        <ele>4</ele>
      </trkpt>
      <trkpt lat="58.30412836162503" lon="11.82">
        <ele>4</ele>
      </trkpt>
      <trkpt lat="58.30412836162503" lon="11.82000000000001">
        <ele>4</ele>
      </trkpt>
      <trkpt lat="58.30410165935533" lon="11.82002956322717">
        <ele>4</ele>
      </trkpt>
      <trkpt lat="58.30385847797063" lon="11.82016688918559">
        <ele>3</ele>
      </trkpt>
      <trkpt lat="58.30374499332444" lon="11.82024318138472">
        <ele>3</ele>
      </trkpt>
      <trkpt lat="58.30363246233073" lon="11.82031947358384">
        <ele>3</ele>
      </trkpt>
      <trkpt lat="58.30342933435057" lon="11.82058649628077">
        <ele>2</ele>
      </trkpt>
      <trkpt lat="58.30340167842839" lon="11.82067613961474">
        <ele>2</ele>
      </trkpt>
      <trkpt lat="58.30337497615869" lon="11.82076578294871">
        <ele>2</ele>
      </trkpt>
      <trkpt lat="58.30339786381843" lon="11.82084875071525">
        <ele>2</ele>
      </trkpt>
      <trkpt lat="58.30345317566279" lon="11.82091646004197">
        <ele>2</ele>
      </trkpt>
      <trkpt lat="58.30352279229449" lon="11.82116154873165">
        <ele>3</ele>
      </trkpt>
      <trkpt lat="58.30355044821667" lon="11.82123116536335">
        <ele>3</ele>
      </trkpt>
      <trkpt lat="58.30357905779135" lon="11.82130078199505">
        <ele>3</ele>
      </trkpt>
      <trkpt lat="58.30360480640854" lon="11.82137993515164">
        <ele>3</ele>
      </trkpt>
      <trkpt lat="58.30363055502575" lon="11.82145908830823">
        <ele>3</ele>
      </trkpt>
      <trkpt lat="58.30382223917605" lon="11.82186439061607">
        <ele>4</ele>
      </trkpt>
      <trkpt lat="58.30386229258058" lon="11.82196547777991">
        <ele>4</ele>
      </trkpt>
      <trkpt lat="58.30390329963762" lon="11.82206656494375">
        <ele>4</ele>
      </trkpt>
      <trkpt lat="58.30392714094984" lon="11.82218863246234">
        <ele>4</ele>
      </trkpt>
      <trkpt lat="58.3039300019073" lon="11.82226111005151">
        <ele>4</ele>
      </trkpt>
      <trkpt lat="58.30394621399962" lon="11.82233930955561">
        <ele>4</ele>
      </trkpt>
      <trkpt lat="58.30396814800687" lon="11.82240701888233">
        <ele>4</ele>
      </trkpt>
      <trkpt lat="58.30399103566661" lon="11.82247568186154">
        <ele>4</ele>
      </trkpt>
      <trkpt lat="58.30399389662407" lon="11.82257009345796">
        <ele>4</ele>
      </trkpt>
      <trkpt lat="58.30399771123403" lon="11.82266545870686">
        <ele>4</ele>
      </trkpt>
      <trkpt lat="58.30401487697883" lon="11.82277322143812">
        <ele>4</ele>
      </trkpt>
      <trkpt lat="58.30403299637612" lon="11.82288193782187">
        <ele>4</ele>
      </trkpt>
      <trkpt lat="58.30405016212092" lon="11.82294297158117">
        <ele>4</ele>
      </trkpt>
      <trkpt lat="58.30405397673088" lon="11.82299923707802">
        <ele>3</ele>
      </trkpt>
      <trkpt lat="58.30403299637612" lon="11.8231050925043">
        <ele>3</ele>
      </trkpt>
      <trkpt lat="58.30400820141141" lon="11.82315563608622">
        <ele>3</ele>
      </trkpt>
      <trkpt lat="58.30389185580775" lon="11.82325100133513">
        <ele>3</ele>
      </trkpt>
      <trkpt lat="58.30377551020408" lon="11.82334732023652">
        <ele>2</ele>
      </trkpt>
      <trkpt lat="58.30372115201221" lon="11.8234093076483">
        <ele>2</ele>
      </trkpt>
      <trkpt lat="58.30366774747282" lon="11.82347129506009">
        <ele>2</ele>
      </trkpt>
      <trkpt lat="58.30363818424566" lon="11.82355044821668">
        <ele>1</ele>
      </trkpt>
      <trkpt lat="58.30361434293344" lon="11.82382605378601">
        <ele>1</ele>
      </trkpt>
      <trkpt lat="58.30359526988366" lon="11.82387564371544">
        <ele>1</ele>
      </trkpt>
      <trkpt lat="58.30351897768453" lon="11.82439919893192">
        <ele>0</ele>
      </trkpt>
      <trkpt lat="58.30351897768453" lon="11.82439919893192">
        <ele>0</ele>
      </trkpt>
      <trkpt lat="58.30350944115964" lon="11.82446309364869">
        <ele>0</ele>
      </trkpt>
      <trkpt lat="58.30350085828724" lon="11.82452698836545">
        <ele>0</ele>
      </trkpt>
      <trkpt lat="58.30350085828724" lon="11.82452698836545">
        <ele>0</ele>
      </trkpt>
      <trkpt lat="58.30348846080489" lon="11.8246271218768">
        <ele>0</ele>
      </trkpt>
      <trkpt lat="58.30348912209404" lon="11.82465456537646">
        <ele>0</ele>
      </trkpt>
      <trkpt lat="58.30348912209404" lon="11.82465456537646">
        <ele>0</ele>
      </trkpt>
      <trkpt lat="58.30355700299985" lon="11.82477474700822">
        <ele>0</ele>
      </trkpt>
      <trkpt lat="58.30355700299985" lon="11.82477474700822">
        <ele>0</ele>
      </trkpt>
      <trkpt lat="58.3035657066565" lon="11.82501239748237">
        <ele>0</ele>
      </trkpt>
      <trkpt lat="58.3035657066565" lon="11.82501239748237">
        <ele>0</ele>
      </trkpt>
      <trkpt lat="58.30356761396148" lon="11.82507343124167">
        <ele>0</ele>
      </trkpt>
      <trkpt lat="58.30355998474156" lon="11.82512397482359">
        <ele>0</ele>
      </trkpt>
      <trkpt lat="58.30355998474156" lon="11.82512397482359">
        <ele>0</ele>
      </trkpt>
      <trkpt lat="58.30357715048636" lon="11.82512492847608">
        <ele>0</ele>
      </trkpt>
      <trkpt lat="58.30359050162121" lon="11.82513827961092">
        <ele>0</ele>
      </trkpt>
      <trkpt lat="58.30370970818234" lon="11.82547301163457">
        <ele>0</ele>
      </trkpt>
      <trkpt lat="58.30382700743849" lon="11.82574098798399">
        <ele>0</ele>
      </trkpt>
      <trkpt lat="58.30396565343903" lon="11.82610328318777">
        <ele>0</ele>
      </trkpt>
      <trkpt lat="58.30396565343903" lon="11.82610328318777">
        <ele>0</ele>
      </trkpt>
      <trkpt lat="58.30398722105665" lon="11.82615964142668">
        <ele>1</ele>
      </trkpt>
      <trkpt lat="58.30398722105665" lon="11.82615964142668">
        <ele>1</ele>
      </trkpt>
      <trkpt lat="58.30448884226588" lon="11.82751192065612">
        <ele>2</ele>
      </trkpt>
      <trkpt lat="58.3051134846462" lon="11.82960614152204">
        <ele>4</ele>
      </trkpt>
      <trkpt lat="58.30512016021362" lon="11.82971581155828">
        <ele>4</ele>
      </trkpt>
      <trkpt lat="58.30512016021362" lon="11.82971581155828">
        <ele>4</ele>
      </trkpt>
      <trkpt lat="58.30515258439825" lon="11.82975109670038">
        <ele>4</ele>
      </trkpt>
      <trkpt lat="58.30520503528514" lon="11.82986934960901">
        <ele>4</ele>
      </trkpt>
      <trkpt lat="58.30535952908379" lon="11.83036634252747">
        <ele>4</ele>
      </trkpt>
      <trkpt lat="58.30535952908379" lon="11.83036634252747">
        <ele>4</ele>
      </trkpt>
      <trkpt lat="58.30572382223918" lon="11.83153824146482">
        <ele>4</ele>
      </trkpt>
      <trkpt lat="58.30602040816327" lon="11.8324537478543">
        <ele>5</ele>
      </trkpt>
      <trkpt lat="58.30631222582491" lon="11.83329868395958">
        <ele>6</ele>
      </trkpt>
      <trkpt lat="58.30641808125119" lon="11.83355998474157">
        <ele>7</ele>
      </trkpt>
      <trkpt lat="58.30649341979782" lon="11.83372687392715">
        <ele>7</ele>
      </trkpt>
      <trkpt lat="58.30656112912455" lon="11.83382414648104">
        <ele>8</ele>
      </trkpt>
      <trkpt lat="58.30668224299065" lon="11.83396147243946">
        <ele>8</ele>
      </trkpt>
      <trkpt lat="58.30686343696357" lon="11.83413694449744">
        <ele>8</ele>
      </trkpt>
      <trkpt lat="58.30702365058173" lon="11.83425233644861">
        <ele>9</ele>
      </trkpt>
      <trkpt lat="58.30711424756819" lon="11.83431050925044">
        <ele>9</ele>
      </trkpt>
      <trkpt lat="58.3071657448026" lon="11.83433339691018">
        <ele>9</ele>
      </trkpt>
      <trkpt lat="58.3071657448026" lon="11.83433339691018">
        <ele>9</ele>
      </trkpt>
      <trkpt lat="58.30716669845508" lon="11.83450982262065">
        <ele>10</ele>
      </trkpt>
      <trkpt lat="58.30722010299447" lon="11.8356885370971">
        <ele>14</ele>
      </trkpt>
      <trkpt lat="58.30724966622163" lon="11.83716955941256">
        <ele>18</ele>
      </trkpt>
      <trkpt lat="58.30728590501622" lon="11.83826530612246">
        <ele>18</ele>
      </trkpt>
      <trkpt lat="58.30728209040626" lon="11.83845222201031">
        <ele>18</ele>
      </trkpt>
      <trkpt lat="58.30726015639901" lon="11.83861911119589">
        <ele>18</ele>
      </trkpt>
      <trkpt lat="58.30719244707229" lon="11.83894430669465">
        <ele>19</ele>
      </trkpt>
      <trkpt lat="58.30714208547609" lon="11.83916003472611">
        <ele>19</ele>
      </trkpt>
      <trkpt lat="58.30714208547609" lon="11.83916003472611">
        <ele>19</ele>
      </trkpt>
      <trkpt lat="58.3070695775105" lon="11.83947062854888">
        <ele>21</ele>
      </trkpt>
      <trkpt lat="58.3070695775105" lon="11.83947062854888">
        <ele>21</ele>
      </trkpt>
      <trkpt lat="58.30706465763876" lon="11.83949170322336">
        <ele>21</ele>
      </trkpt>
      <trkpt lat="58.30696738508487" lon="11.84000000000001">
        <ele>24</ele>
      </trkpt>
      <trkpt lat="58.30696738508487" lon="11.83999999999999">
        <ele>24</ele>
      </trkpt>
      <trkpt lat="58.30695212664505" lon="11.84008010680907">
        <ele>25</ele>
      </trkpt>
      <trkpt lat="58.30695212664505" lon="11.84008010680907">
        <ele>25</ele>
      </trkpt>
      <trkpt lat="58.30737459469769" lon="11.84016402822811">
        <ele>26</ele>
      </trkpt>
      <trkpt lat="58.30770932672134" lon="11.84026606904443">
        <ele>27</ele>
      </trkpt>
      <trkpt lat="58.30784764778971" lon="11.84033795243429">
        <ele>27</ele>
      </trkpt>
      <trkpt lat="58.30784764778971" lon="11.84033795243429">
        <ele>27</ele>
      </trkpt>
      <trkpt lat="58.30819378218577" lon="11.84051783330154">
        <ele>27</ele>
      </trkpt>
      <trkpt lat="58.30862960137326" lon="11.84080297539576">
        <ele>27</ele>
      </trkpt>
      <trkpt lat="58.30953652489033" lon="11.84154587068472">
        <ele>29</ele>
      </trkpt>
      <trkpt lat="58.30969335804499" lon="11.8416759627024">
        <ele>28</ele>
      </trkpt>
      <trkpt lat="58.30969335804499" lon="11.8416759627024">
        <ele>28</ele>
      </trkpt>
      <trkpt lat="58.31119206561129" lon="11.84291913026892">
        <ele>23</ele>
      </trkpt>
      <trkpt lat="58.31192351707038" lon="11.84350848750715">
        <ele>19</ele>
      </trkpt>
      <trkpt lat="58.31267690253672" lon="11.84409593744039">
        <ele>15</ele>
      </trkpt>
      <trkpt lat="58.31310318519932" lon="11.84447358382605">
        <ele>15</ele>
      </trkpt>
      <trkpt lat="58.3135132557696" lon="11.84485695212664">
        <ele>14</ele>
      </trkpt>
      <trkpt lat="58.3137907686439" lon="11.84515544535571">
        <ele>14</ele>
      </trkpt>
      <trkpt lat="58.31401392332634" lon="11.84542151440015">
        <ele>14</ele>
      </trkpt>
      <trkpt lat="58.31433721152013" lon="11.84591169177951">
        <ele>14</ele>
      </trkpt>
      <trkpt lat="58.31459851230212" lon="11.84636086210184">
        <ele>14</ele>
      </trkpt>
      <trkpt lat="58.31487983978639" lon="11.84690444402059">
        <ele>14</ele>
      </trkpt>
      <trkpt lat="58.31560080106809" lon="11.84857238222391">
        <ele>15</ele>
      </trkpt>
      <trkpt lat="58.31604711043296" lon="11.84970818233835">
        <ele>15</ele>
      </trkpt>
      <trkpt lat="58.31653347320237" lon="11.85085256532519">
        <ele>15</ele>
      </trkpt>
      <trkpt lat="58.31697310699981" lon="11.85189967575815">
        <ele>16</ele>
      </trkpt>
      <trkpt lat="58.31736410452032" lon="11.85285332824718">
        <ele>18</ele>
      </trkpt>
      <trkpt lat="58.31770837306885" lon="11.85366107190539">
        <ele>20</ele>
      </trkpt>
      <trkpt lat="58.31790101087164" lon="11.85414075910738">
        <ele>21</ele>
      </trkpt>
      <trkpt lat="58.31801354186535" lon="11.85451363723059">
        <ele>23</ele>
      </trkpt>
      <trkpt lat="58.31810127789434" lon="11.85483787907686">
        <ele>25</ele>
      </trkpt>
      <trkpt lat="58.31817184817852" lon="11.85516307457562">
        <ele>27</ele>
      </trkpt>
      <trkpt lat="58.31826149151249" lon="11.85570474918939">
        <ele>30</ele>
      </trkpt>
      <trkpt lat="58.31833778371162" lon="11.85643810795346">
        <ele>34</ele>
      </trkpt>
      <trkpt lat="58.31835494945642" lon="11.85709708182338">
        <ele>37</ele>
      </trkpt>
      <trkpt lat="58.31832157161931" lon="11.85773984360099">
        <ele>38</ele>
      </trkpt>
      <trkpt lat="58.31818901392333" lon="11.85887469006293">
        <ele>38</ele>
      </trkpt>
      <trkpt lat="58.31803929048255" lon="11.85999999999999">
        <ele>39</ele>
      </trkpt>
      <trkpt lat="58.31803929048255" lon="11.86">
        <ele>39</ele>
      </trkpt>
      <trkpt lat="58.31788479877932" lon="11.86112530993706">
        <ele>41</ele>
      </trkpt>
      <trkpt lat="58.3178266259775" lon="11.86162407018883">
        <ele>42</ele>
      </trkpt>
      <trkpt lat="58.31780850658021" lon="11.86184913217624">
        <ele>43</ele>
      </trkpt>
      <trkpt lat="58.31781995041008" lon="11.86204558458898">
        <ele>43</ele>
      </trkpt>
      <trkpt lat="58.31786858668701" lon="11.86246614533664">
        <ele>45</ele>
      </trkpt>
      <trkpt lat="58.31794106427618" lon="11.8629305740988">
        <ele>47</ele>
      </trkpt>
      <trkpt lat="58.31803261491513" lon="11.86337783711616">
        <ele>48</ele>
      </trkpt>
      <trkpt lat="58.31810795346176" lon="11.86372687392715">
        <ele>49</ele>
      </trkpt>
      <trkpt lat="58.31824146481023" lon="11.86428857524319">
        <ele>50</ele>
      </trkpt>
      <trkpt lat="58.31847320236506" lon="11.86517261110052">
        <ele>53</ele>
      </trkpt>
      <trkpt lat="58.31863627694069" lon="11.86574766355141">
        <ele>54</ele>
      </trkpt>
      <trkpt lat="58.31869158878505" lon="11.86609765401488">
        <ele>55</ele>
      </trkpt>
      <trkpt lat="58.31875071523937" lon="11.86674136944498">
        <ele>58</ele>
      </trkpt>
      <trkpt lat="58.31876692733168" lon="11.867435628457">
        <ele>62</ele>
      </trkpt>
      <trkpt lat="58.3187392714095" lon="11.86789242799924">
        <ele>64</ele>
      </trkpt>
      <trkpt lat="58.31868491321762" lon="11.86823574289529">
        <ele>67</ele>
      </trkpt>
      <trkpt lat="58.3185475872592" lon="11.86873164218959">
        <ele>69</ele>
      </trkpt>
      <trkpt lat="58.31845031470532" lon="11.86903013541866">
        <ele>70</ele>
      </trkpt>
      <trkpt lat="58.31828056456228" lon="11.86944783520885">
        <ele>72</ele>
      </trkpt>
      <trkpt lat="58.31759584207515" lon="11.87054548922373">
        <ele>74</ele>
      </trkpt>
      <trkpt lat="58.31724585161167" lon="11.8710785809651">
        <ele>75</ele>
      </trkpt>
      <trkpt lat="58.31704939919894" lon="11.87144287621591">
        <ele>75</ele>
      </trkpt>
      <trkpt lat="58.31673564753005" lon="11.87208563799352">
        <ele>75</ele>
      </trkpt>
      <trkpt lat="58.31591646004196" lon="11.87371066183483">
        <ele>75</ele>
      </trkpt>
      <trkpt lat="58.31563990082014" lon="11.87421991226398">
        <ele>75</ele>
      </trkpt>
      <trkpt lat="58.31540339500286" lon="11.87455750524509">
        <ele>76</ele>
      </trkpt>
      <trkpt lat="58.315130650391" lon="11.87475586496281">
        <ele>76</ele>
      </trkpt>
      <trkpt lat="58.31485981308411" lon="11.87491703223346">
        <ele>76</ele>
      </trkpt>
      <trkpt lat="58.31462902918177" lon="11.87507247758917">
        <ele>75</ele>
      </trkpt>
      <trkpt lat="58.31444783520885" lon="11.87523364485982">
        <ele>74</ele>
      </trkpt>
      <trkpt lat="58.31434388708755" lon="11.87538909021553">
        <ele>74</ele>
      </trkpt>
      <trkpt lat="58.31424852183864" lon="11.87568949074958">
        <ele>72</ele>
      </trkpt>
      <trkpt lat="58.31414075910738" lon="11.87606522983025">
        <ele>71</ele>
      </trkpt>
      <trkpt lat="58.31396433339691" lon="11.8767137135228">
        <ele>69</ele>
      </trkpt>
      <trkpt lat="58.31380316612626" lon="11.87715906923517">
        <ele>68</ele>
      </trkpt>
      <trkpt lat="58.31308315849704" lon="11.87845317566279">
        <ele>70</ele>
      </trkpt>
      <trkpt lat="58.31256151058555" lon="11.88">
        <ele>74</ele>
      </trkpt>
      <trkpt lat="58.31256151058555" lon="11.88000000000001">
        <ele>74</ele>
      </trkpt>
      <trkpt lat="58.31232691207325" lon="11.88069330535954">
        <ele>76</ele>
      </trkpt>
      <trkpt lat="58.31211901583063" lon="11.88141045203129">
        <ele>78</ele>
      </trkpt>
      <trkpt lat="58.31202174327675" lon="11.88191207324053">
        <ele>80</ele>
      </trkpt>
      <trkpt lat="58.31192447072287" lon="11.88246709898914">
        <ele>82</ele>
      </trkpt>
      <trkpt lat="58.31188155636087" lon="11.8826711806218">
        <ele>82</ele>
      </trkpt>
      <trkpt lat="58.31181575433912" lon="11.88288765973681">
        <ele>82</ele>
      </trkpt>
      <trkpt lat="58.31176902536716" lon="11.88298493229069">
        <ele>82</ele>
      </trkpt>
      <trkpt lat="58.31170036238795" lon="11.8830535952699">
        <ele>82</ele>
      </trkpt>
      <trkpt lat="58.31163837497616" lon="11.88310509250431">
        <ele>82</ele>
      </trkpt>
      <trkpt lat="58.3114438298684" lon="11.88320236505819">
        <ele>81</ele>
      </trkpt>
      <trkpt lat="58.30738508487507" lon="11.88483787907688">
        <ele>77</ele>
      </trkpt>
      <trkpt lat="58.30620255578867" lon="11.8853318710662">
        <ele>75</ele>
      </trkpt>
      <trkpt lat="58.30579725348083" lon="11.8855836353233">
        <ele>75</ele>
      </trkpt>
      <trkpt lat="58.30542818996758" lon="11.88594316231167">
        <ele>75</ele>
      </trkpt>
      <trkpt lat="58.30499618539005" lon="11.88656017547207">
        <ele>74</ele>
      </trkpt>
      <trkpt lat="58.30454701506771" lon="11.88714381079536">
        <ele>75</ele>
      </trkpt>
      <trkpt lat="58.30273507533855" lon="11.88906351325578">
        <ele>67</ele>
      </trkpt>
      <trkpt lat="58.30258439824528" lon="11.88927903871831">
        <ele>65</ele>
      </trkpt>
      <trkpt lat="58.3023221438108" lon="11.88968052641619">
        <ele>61</ele>
      </trkpt>
      <trkpt lat="58.30182719816899" lon="11.89060270837308">
        <ele>53</ele>
      </trkpt>
      <trkpt lat="58.3016002288766" lon="11.89106904444022">
        <ele>49</ele>
      </trkpt>
      <trkpt lat="58.30133702078962" lon="11.89149532710282">
        <ele>46</ele>
      </trkpt>
      <trkpt lat="58.3009393477017" lon="11.89200553118445">
        <ele>42</ele>
      </trkpt>
      <trkpt lat="58.30051211138661" lon="11.8925405302308">
        <ele>40</ele>
      </trkpt>
      <trkpt lat="58.30015449170322" lon="11.89304882700745">
        <ele>38</ele>
      </trkpt>
      <trkpt lat="58.3" lon="11.89330154491705">
        <ele>38</ele>
      </trkpt>
      <trkpt lat="58.29999999999999" lon="11.89330154491705">
        <ele>38</ele>
      </trkpt>
      <trkpt lat="58.29998092695021" lon="11.89333301544919">
        <ele>38</ele>
      </trkpt>
      <trkpt lat="58.29981785237459" lon="11.8936973107">
        <ele>37</ele>
      </trkpt>
      <trkpt lat="58.29973297730307" lon="11.8939576578295">
        <ele>37</ele>
      </trkpt>
      <trkpt lat="58.29965477779896" lon="11.8942275414839">
        <ele>37</ele>
      </trkpt>
      <trkpt lat="58.2995470150677" lon="11.89478542818998">
        <ele>36</ele>
      </trkpt>
      <trkpt lat="58.29947167652107" lon="11.8953747854282">
        <ele>36</ele>
      </trkpt>
      <trkpt lat="58.29942304024413" lon="11.89588975777228">
        <ele>36</ele>
      </trkpt>
      <trkpt lat="58.2993381651726" lon="11.89695594125502">
        <ele>37</ele>
      </trkpt>
      <trkpt lat="58.2993381651726" lon="11.89695594125502">
        <ele>37</ele>
      </trkpt>
      <trkpt lat="58.29932481403776" lon="11.89723536143431">
        <ele>37</ele>
      </trkpt>
      <trkpt lat="58.29932767499523" lon="11.8972973488461">
        <ele>37</ele>
      </trkpt>
      <trkpt lat="58.29933148960518" lon="11.89736028991037">
        <ele>37</ele>
      </trkpt>
      <trkpt lat="58.29934197978256" lon="11.89742513827963">
        <ele>37</ele>
      </trkpt>
      <trkpt lat="58.29935246995994" lon="11.89749094030137">
        <ele>37</ele>
      </trkpt>
      <trkpt lat="58.2993906160595" lon="11.89760633225254">
        <ele>37</ele>
      </trkpt>
      <trkpt lat="58.29957085637993" lon="11.89790196452414">
        <ele>38</ele>
      </trkpt>
      <trkpt lat="58.29953938584779" lon="11.89797348846082">
        <ele>38</ele>
      </trkpt>
      <trkpt lat="58.29938489414457" lon="11.89827388899486">
        <ele>37</ele>
      </trkpt>
      <trkpt lat="58.29934770169749" lon="11.89838928094604">
        <ele>37</ele>
      </trkpt>
      <trkpt lat="58.29933530421513" lon="11.89844840740036">
        <ele>37</ele>
      </trkpt>
      <trkpt lat="58.29932862864771" lon="11.89852088498952">
        <ele>37</ele>
      </trkpt>
      <trkpt lat="58.29933148960518" lon="11.89858477970629">
        <ele>37</ele>
      </trkpt>
      <trkpt lat="58.29934102613007" lon="11.89864867442306">
        <ele>37</ele>
      </trkpt>
      <trkpt lat="58.29935056265496" lon="11.89871256913982">
        <ele>37</ele>
      </trkpt>
      <trkpt lat="58.29937440396719" lon="11.89877169559414">
        <ele>37</ele>
      </trkpt>
      <trkpt lat="58.2994163646767" lon="11.89885180240322">
        <ele>37</ele>
      </trkpt>
      <trkpt lat="58.29947263017355" lon="11.89894144573719">
        <ele>37</ele>
      </trkpt>
      <trkpt lat="58.29952889567041" lon="11.89903108907116">
        <ele>37</ele>
      </trkpt>
      <trkpt lat="58.29957943925233" lon="11.89912168605762">
        <ele>37</ele>
      </trkpt>
      <trkpt lat="58.29960328056455" lon="11.89918081251194">
        <ele>38</ele>
      </trkpt>
      <trkpt lat="58.29961377074194" lon="11.89924756818617">
        <ele>38</ele>
      </trkpt>
      <trkpt lat="58.29962426091932" lon="11.8993143238604">
        <ele>38</ele>
      </trkpt>
      <trkpt lat="58.29962426091932" lon="11.89937058935725">
        <ele>38</ele>
      </trkpt>
      <trkpt lat="58.29960995613198" lon="11.89947167652109">
        <ele>38</ele>
      </trkpt>
      <trkpt lat="58.29960995613198" lon="11.89947167652109">
        <ele>38</ele>
      </trkpt>
      <trkpt lat="58.29956990272744" lon="11.89957657829488">
        <ele>38</ele>
      </trkpt>
      <trkpt lat="58.2995298493229" lon="11.89963189013925">
        <ele>38</ele>
      </trkpt>
      <trkpt lat="58.29945737173373" lon="11.89971199694833">
        <ele>38</ele>
      </trkpt>
      <trkpt lat="58.29945610092224" lon="11.8997134017899">
        <ele>38</ele>
      </trkpt>
      <trkpt lat="58.29954796872019" lon="11.90000000000001">
        <ele>38</ele>
      </trkpt>
      <trkpt lat="58.29954796872019" lon="11.9">
        <ele>38</ele>
      </trkpt>
      <trkpt lat="58.29966717528132" lon="11.90038050734312">
        <ele>39</ele>
      </trkpt>
      <trkpt lat="58.29991703223345" lon="11.90111672706465">
        <ele>38</ele>
      </trkpt>
      <trkpt lat="58.29999999999999" lon="11.90133415983215">
        <ele>37</ele>
      </trkpt>
      <trkpt lat="58.3" lon="11.90133415983215">
        <ele>37</ele>
      </trkpt>
      <trkpt lat="58.3004691970246" lon="11.90258725920274">
        <ele>36</ele>
      </trkpt>
      <trkpt lat="58.30061319855045" lon="11.90293724966622">
        <ele>35</ele>
      </trkpt>
      <trkpt lat="58.30119492656876" lon="11.90429811176807">
        <ele>36</ele>
      </trkpt>
      <trkpt lat="58.30158687774176" lon="11.90519835971772">
        <ele>37</ele>
      </trkpt>
      <trkpt lat="58.3027131413313" lon="11.90768071714667">
        <ele>36</ele>
      </trkpt>
      <trkpt lat="58.3032262063704" lon="11.90896242609193">
        <ele>35</ele>
      </trkpt>
      <trkpt lat="58.30369158878505" lon="11.91016021361815">
        <ele>36</ele>
      </trkpt>
      <trkpt lat="58.30546442876216" lon="11.91543772649246">
        <ele>38</ele>
      </trkpt>
      <trkpt lat="58.30585637993515" lon="11.91665744802594">
        <ele>37</ele>
      </trkpt>
      <trkpt lat="58.30695212664505" lon="11.92">
        <ele>37</ele>
      </trkpt>
      <trkpt lat="58.30695212664505" lon="11.92000000000001">
        <ele>37</ele>
      </trkpt>
      <trkpt lat="58.3087917222964" lon="11.92559603280565">
        <ele>36</ele>
      </trkpt>
      <trkpt lat="58.30899771123403" lon="11.9261920656113">
        <ele>37</ele>
      </trkpt>
      <trkpt lat="58.30924661453366" lon="11.9268176616441">
        <ele>38</ele>
      </trkpt>
      <trkpt lat="58.309391569712" lon="11.92715811558269">
        <ele>38</ele>
      </trkpt>
      <trkpt lat="58.30961472439444" lon="11.92764161739463">
        <ele>38</ele>
      </trkpt>
      <trkpt lat="58.30982738889949" lon="11.92805168796491">
        <ele>38</ele>
      </trkpt>
      <trkpt lat="58.30996566851039" lon="11.92830249856953">
        <ele>37</ele>
      </trkpt>
      <trkpt lat="58.31024032042724" lon="11.92876120541675">
        <ele>37</ele>
      </trkpt>
      <trkpt lat="58.31046156780469" lon="11.92910928857525">
        <ele>37</ele>
      </trkpt>
      <trkpt lat="58.31073717337402" lon="11.92950028609575">
        <ele>37</ele>
      </trkpt>
      <trkpt lat="58.31139423993897" lon="11.93039862674042">
        <ele>39</ele>
      </trkpt>
      <trkpt lat="58.31182242990654" lon="11.93105569330537">
        <ele>39</ele>
      </trkpt>
      <trkpt lat="58.31205035285142" lon="11.93146385657067">
        <ele>41</ele>
      </trkpt>
      <trkpt lat="58.31223726873927" lon="11.93182433721153">
        <ele>41</ele>
      </trkpt>
      <trkpt lat="58.31238794583254" lon="11.9321485790578">
        <ele>40</ele>
      </trkpt>
      <trkpt lat="58.31257581537288" lon="11.93257581537289">
        <ele>38</ele>
      </trkpt>
      <trkpt lat="58.31273793629602" lon="11.93298111768072">
        <ele>37</ele>
      </trkpt>
      <trkpt lat="58.31299446881557" lon="11.93371256913981">
        <ele>38</ele>
      </trkpt>
      <trkpt lat="58.31312416555407" lon="11.93412931527752">
        <ele>38</ele>
      </trkpt>
      <trkpt lat="58.31327102803738" lon="11.93464524127409">
        <ele>37</ele>
      </trkpt>
      <trkpt lat="58.31341693686821" lon="11.93522792294489">
        <ele>37</ele>
      </trkpt>
      <trkpt lat="58.31384894144574" lon="11.93730593171849">
        <ele>47</ele>
      </trkpt>
      <trkpt lat="58.31397291626931" lon="11.93781518214763">
        <ele>47</ele>
      </trkpt>
      <trkpt lat="58.31407304978066" lon="11.93817757009347">
        <ele>45</ele>
      </trkpt>
      <trkpt lat="58.31417699790197" lon="11.93853423612436">
        <ele>44</ele>
      </trkpt>
      <trkpt lat="58.31439919893191" lon="11.93920274651918">
        <ele>45</ele>
      </trkpt>
      <trkpt lat="58.31452222010299" lon="11.93954224680527">
        <ele>44</ele>
      </trkpt>
      <trkpt lat="58.31452222010299" lon="11.93954224680527">
        <ele>44</ele>
      </trkpt>
      <trkpt lat="58.31466717528133" lon="11.94000000000001">
        <ele>42</ele>
      </trkpt>
      <trkpt lat="58.31466717528133" lon="11.94000000000002">
        <ele>42</ele>
      </trkpt>
      <trkpt lat="58.3148178523746" lon="11.94047491893956">
        <ele>41</ele>
      </trkpt>
      <trkpt lat="58.31506389471676" lon="11.94130173564755">
        <ele>37</ele>
      </trkpt>
      <trkpt lat="58.31508487507153" lon="11.94139137898152">
        <ele>36</ele>
      </trkpt>
      <trkpt lat="58.31510585542628" lon="11.94148197596797">
        <ele>36</ele>
      </trkpt>
      <trkpt lat="58.3151220675186" lon="11.94157448025941">
        <ele>35</ele>
      </trkpt>
      <trkpt lat="58.31513827961091" lon="11.94166793820334">
        <ele>34</ele>
      </trkpt>
      <trkpt lat="58.31514590883082" lon="11.94175090596988">
        <ele>34</ele>
      </trkpt>
      <trkpt lat="58.31515353805074" lon="11.94183387373643">
        <ele>34</ele>
      </trkpt>
      <trkpt lat="58.31515544535571" lon="11.94191684150297">
        <ele>34</ele>
      </trkpt>
      <trkpt lat="58.31515830631318" lon="11.94199980926952">
        <ele>34</ele>
      </trkpt>
      <trkpt lat="58.31515353805074" lon="11.94207800877362">
        <ele>34</ele>
      </trkpt>
      <trkpt lat="58.31514876978829" lon="11.94215716193021">
        <ele>34</ele>
      </trkpt>
      <trkpt lat="58.31513827961091" lon="11.94222296395195">
        <ele>34</ele>
      </trkpt>
      <trkpt lat="58.31512874308602" lon="11.9422887659737">
        <ele>34</ele>
      </trkpt>
      <trkpt lat="58.31510680907878" lon="11.94238127026513">
        <ele>34</ele>
      </trkpt>
      <trkpt lat="58.3150867823765" lon="11.94244993324434">
        <ele>35</ele>
      </trkpt>
      <trkpt lat="58.31506675567424" lon="11.94251859622355">
        <ele>35</ele>
      </trkpt>
      <trkpt lat="58.31500476826245" lon="11.94263780278468">
        <ele>35</ele>
      </trkpt>
      <trkpt lat="58.31494468815564" lon="11.94272458516118">
        <ele>35</ele>
      </trkpt>
      <trkpt lat="58.31489891283616" lon="11.94277417509061">
        <ele>35</ele>
      </trkpt>
      <trkpt lat="58.31485409116918" lon="11.9428104138852">
        <ele>35</ele>
      </trkpt>
      <trkpt lat="58.31479496471486" lon="11.94284569902729">
        <ele>35</ele>
      </trkpt>
      <trkpt lat="58.31472344077818" lon="11.94286477207707">
        <ele>34</ele>
      </trkpt>
      <trkpt lat="58.31466622162884" lon="11.94286477207707">
        <ele>34</ele>
      </trkpt>
      <trkpt lat="58.31461186343697" lon="11.94285428189969">
        <ele>34</ele>
      </trkpt>
      <trkpt lat="58.3145565515926" lon="11.94283520884991">
        <ele>34</ele>
      </trkpt>
      <trkpt lat="58.31446690825863" lon="11.94276463856572">
        <ele>34</ele>
      </trkpt>
      <trkpt lat="58.31441541102423" lon="11.942696929239">
        <ele>34</ele>
      </trkpt>
      <trkpt lat="58.31435246995995" lon="11.94259870303263">
        <ele>33</ele>
      </trkpt>
      <trkpt lat="58.31432290673279" lon="11.94253576196836">
        <ele>33</ele>
      </trkpt>
      <trkpt lat="58.31429334350563" lon="11.94247282090408">
        <ele>33</ele>
      </trkpt>
      <trkpt lat="58.31426854854092" lon="11.94240606522985">
        <ele>34</ele>
      </trkpt>
      <trkpt lat="58.31424470722869" lon="11.94233930955562">
        <ele>34</ele>
      </trkpt>
      <trkpt lat="58.3141388518024" lon="11.94198741178716">
        <ele>37</ele>
      </trkpt>
      <trkpt lat="58.3141388518024" lon="11.94198741178716">
        <ele>37</ele>
      </trkpt>
      <trkpt lat="58.31391569711997" lon="11.94222677856191">
        <ele>37</ele>
      </trkpt>
      <trkpt lat="58.31378504672897" lon="11.94234789242802">
        <ele>38</ele>
      </trkpt>
      <trkpt lat="58.31359813084112" lon="11.94249284760635">
        <ele>39</ele>
      </trkpt>
      <trkpt lat="58.31284093076483" lon="11.94298683959567">
        <ele>45</ele>
      </trkpt>
      <trkpt lat="58.31254911310319" lon="11.94306885370973">
        <ele>47</ele>
      </trkpt>
      <trkpt lat="58.31150677093267" lon="11.94299160785811">
        <ele>36</ele>
      </trkpt>
      <trkpt lat="58.3112263971009" lon="11.94296299828344">
        <ele>35</ele>
      </trkpt>
      <trkpt lat="58.31117013160404" lon="11.9429668128934">
        <ele>34</ele>
      </trkpt>
      <trkpt lat="58.31097081823384" lon="11.94300019073052">
        <ele>33</ele>
      </trkpt>
      <trkpt lat="58.31078867060843" lon="11.94308601945453">
        <ele>32</ele>
      </trkpt>
      <trkpt lat="58.30890902155255" lon="11.94451554453559">
        <ele>37</ele>
      </trkpt>
      <trkpt lat="58.30868586687011" lon="11.94480640854474">
        <ele>38</ele>
      </trkpt>
      <trkpt lat="58.3085571237841" lon="11.94509155063896">
        <ele>36</ele>
      </trkpt>
      <trkpt lat="58.30831966431433" lon="11.94580392904827">
        <ele>33</ele>
      </trkpt>
      <trkpt lat="58.30821857715049" lon="11.94636276940684">
        <ele>36</ele>
      </trkpt>
      <trkpt lat="58.30803166126264" lon="11.94816231165365">
        <ele>42</ele>
      </trkpt>
      <trkpt lat="58.30793438870876" lon="11.94857047491896">
        <ele>45</ele>
      </trkpt>
      <trkpt lat="58.30743562845699" lon="11.94994850276561">
        <ele>43</ele>
      </trkpt>
      <trkpt lat="58.30731260728591" lon="11.95046728971964">
        <ele>45</ele>
      </trkpt>
      <trkpt lat="58.30724203700172" lon="11.95097177188634">
        <ele>46</ele>
      </trkpt>
      <trkpt lat="58.30718958611482" lon="11.95155349990465">
        <ele>49</ele>
      </trkpt>
      <trkpt lat="58.30718958611482" lon="11.95155349990465">
        <ele>49</ele>
      </trkpt>
      <trkpt lat="58.30719721533473" lon="11.95248521838644">
        <ele>49</ele>
      </trkpt>
      <trkpt lat="58.30718958611482" lon="11.95274365821096">
        <ele>49</ele>
      </trkpt>
      <trkpt lat="58.30713427427046" lon="11.95323478924282">
        <ele>51</ele>
      </trkpt>
      <trkpt lat="58.30699504100706" lon="11.95419225634181">
        <ele>54</ele>
      </trkpt>
      <trkpt lat="58.3069568949075" lon="11.95456513446502">
        <ele>54</ele>
      </trkpt>
      <trkpt lat="58.30693972916269" lon="11.95498664886517">
        <ele>52</ele>
      </trkpt>
      <trkpt lat="58.30688441731833" lon="11.95587449933246">
        <ele>48</ele>
      </trkpt>
      <trkpt lat="58.30683292008392" lon="11.956480068663">
        <ele>46</ele>
      </trkpt>
      <trkpt lat="58.30662883845127" lon="11.95771695594127">
        <ele>42</ele>
      </trkpt>
      <trkpt lat="58.30656208277704" lon="11.95799065420563">
        <ele>42</ele>
      </trkpt>
      <trkpt lat="58.3064438298684" lon="11.95837974442115">
        <ele>43</ele>
      </trkpt>
      <trkpt lat="58.30621399961854" lon="11.95903204272365">
        <ele>46</ele>
      </trkpt>
      <trkpt lat="58.30583444592791" lon="11.96000000000002">
        <ele>46</ele>
      </trkpt>
      <trkpt lat="58.30583444592791" lon="11.96">
        <ele>46</ele>
      </trkpt>
      <trkpt lat="58.30578867060844" lon="11.96011825290864">
        <ele>46</ele>
      </trkpt>
      <trkpt lat="58.30515925996567" lon="11.96152012206752">
        <ele>50</ele>
      </trkpt>
      <trkpt lat="58.30406923517071" lon="11.96385370970818">
        <ele>42</ele>
      </trkpt>
      <trkpt lat="58.30353847212267" lon="11.96479209877711">
        <ele>39</ele>
      </trkpt>
      <trkpt lat="58.30353847212267" lon="11.96479209877711">
        <ele>39</ele>
      </trkpt>
      <trkpt lat="58.3032347892428" lon="11.96532901010871">
        <ele>38</ele>
      </trkpt>
      <trkpt lat="58.30268071714667" lon="11.96627407972535">
        <ele>37</ele>
      </trkpt>
      <trkpt lat="58.30221056646958" lon="11.96714571810032">
        <ele>42</ele>
      </trkpt>
      <trkpt lat="58.30208563799351" lon="11.96753194735838">
        <ele>44</ele>
      </trkpt>
      <trkpt lat="58.30202365058173" lon="11.9679219912264">
        <ele>45</ele>
      </trkpt>
      <trkpt lat="58.30196738508488" lon="11.96853709708182">
        <ele>47</ele>
      </trkpt>
      <trkpt lat="58.30195975586496" lon="11.97074957085638">
        <ele>51</ele>
      </trkpt>
      <trkpt lat="58.30191779515545" lon="11.97117680717147">
        <ele>53</ele>
      </trkpt>
      <trkpt lat="58.30185103948121" lon="11.97156017547206">
        <ele>56</ele>
      </trkpt>
      <trkpt lat="58.30172897196262" lon="11.97195403395003">
        <ele>56</ele>
      </trkpt>
      <trkpt lat="58.30149341979783" lon="11.97237745565516">
        <ele>56</ele>
      </trkpt>
      <trkpt lat="58.30043772649247" lon="11.97376692733168">
        <ele>70</ele>
      </trkpt>
      <trkpt lat="58.30043772649247" lon="11.97376692733168">
        <ele>70</ele>
      </trkpt>
      <trkpt lat="58.3003137516689" lon="11.9734779706275">
        <ele>74</ele>
      </trkpt>
      <trkpt lat="58.3002698836544" lon="11.97331680335686">
        <ele>76</ele>
      </trkpt>
      <trkpt lat="58.30023936677475" lon="11.97313656303643">
        <ele>77</ele>
      </trkpt>
      <trkpt lat="58.30020127300632" lon="11.97298498993676">
        <ele>78</ele>
      </trkpt>
      <trkpt lat="58.30020127300632" lon="11.97298498993676">
        <ele>78</ele>
      </trkpt>
      <trkpt lat="58.30023936677475" lon="11.97313656303643">
        <ele>77</ele>
      </trkpt>
      <trkpt lat="58.3002698836544" lon="11.97331680335686">
        <ele>76</ele>
      </trkpt>
      <trkpt lat="58.3003137516689" lon="11.9734779706275">
        <ele>74</ele>
      </trkpt>
      <trkpt lat="58.30043772649247" lon="11.97376692733168">
        <ele>70</ele>
      </trkpt>
      <trkpt lat="58.30043772649247" lon="11.97376692733168">
        <ele>70</ele>
      </trkpt>
      <trkpt lat="58.30038528484628" lon="11.97385343363693">
        <ele>71</ele>
      </trkpt>
      <trkpt lat="58.30038528484628" lon="11.97385343363693">
        <ele>71</ele>
      </trkpt>
      <trkpt lat="58.30032614915125" lon="11.97395098226206">
        <ele>72</ele>
      </trkpt>
      <trkpt lat="58.3" lon="11.97467385084875">
        <ele>72</ele>
      </trkpt>
      <trkpt lat="58.29999999999999" lon="11.97467385084875">
        <ele>72</ele>
      </trkpt>
      <trkpt lat="58.29978828914743" lon="11.97514114056838">
        <ele>76</ele>
      </trkpt>
      <trkpt lat="58.29884894144573" lon="11.97651630745756">
        <ele>78</ele>
      </trkpt>
      <trkpt lat="58.29797539576577" lon="11.97740415792485">
        <ele>77</ele>
      </trkpt>
      <trkpt lat="58.29765210757199" lon="11.97781422849514">
        <ele>77</ele>
      </trkpt>
      <trkpt lat="58.29707991607857" lon="11.97858096509632">
        <ele>75</ele>
      </trkpt>
      <trkpt lat="58.29639996185389" lon="11.9793391188251">
        <ele>70</ele>
      </trkpt>
      <trkpt lat="58.2959298111768" lon="11.9798521838642">
        <ele>65</ele>
      </trkpt>
      <trkpt lat="58.29582967766545" lon="11.98">
        <ele>63</ele>
      </trkpt>
      <trkpt lat="58.29582967766545" lon="11.98000000000001">
        <ele>63</ele>
      </trkpt>
      <trkpt lat="58.2957476635514" lon="11.98012111386612">
        <ele>62</ele>
      </trkpt>
      <trkpt lat="58.29558840358573" lon="11.98044058744994">
        <ele>62</ele>
      </trkpt>
      <trkpt lat="58.29410642761777" lon="11.98370780087737">
        <ele>59</ele>
      </trkpt>
      <trkpt lat="58.29393953843218" lon="11.98397386992181">
        <ele>60</ele>
      </trkpt>
      <trkpt lat="58.29362292580583" lon="11.98427617776083">
        <ele>61</ele>
      </trkpt>
      <trkpt lat="58.29348952094948" lon="11.98439457685831">
        <ele>61</ele>
      </trkpt>
      <trkpt lat="58.29348952094948" lon="11.98439457685831">
        <ele>61</ele>
      </trkpt>
      <trkpt lat="58.29362292580583" lon="11.98427617776083">
        <ele>61</ele>
      </trkpt>
      <trkpt lat="58.29362292580583" lon="11.98427617776083">
        <ele>61</ele>
      </trkpt>
      <trkpt lat="58.29383559031088" lon="11.98552450886898">
        <ele>61</ele>
      </trkpt>
      <trkpt lat="58.29432290673278" lon="11.98877551020409">
        <ele>66</ele>
      </trkpt>
      <trkpt lat="58.29436296013732" lon="11.98909784474538">
        <ele>67</ele>
      </trkpt>
      <trkpt lat="58.29440205988937" lon="11.98954796872021">
        <ele>68</ele>
      </trkpt>
      <trkpt lat="58.29443066946404" lon="11.9900095365249">
        <ele>69</ele>
      </trkpt>
      <trkpt lat="58.29445832538622" lon="11.99135037192448">
        <ele>71</ele>
      </trkpt>
      <trkpt lat="58.29448698342676" lon="11.99205227347111">
        <ele>72</ele>
      </trkpt>
      <trkpt lat="58.29448693496089" lon="11.99205226015641">
        <ele>72</ele>
      </trkpt>
      <trkpt lat="58.29448698486918" lon="11.99205230375659">
        <ele>72</ele>
      </trkpt>
      <trkpt lat="58.29448698460907" lon="11.99205230242875">
        <ele>72</ele>
      </trkpt>
      <trkpt lat="58.29452031279801" lon="11.99286858668702">
        <ele>73</ele>
      </trkpt>
      <trkpt lat="58.29452031279801" lon="11.99326530612246">
        <ele>74</ele>
      </trkpt>
      <trkpt lat="58.29448693496089" lon="11.99357715048637">
        <ele>75</ele>
      </trkpt>
      <trkpt lat="58.29443639137897" lon="11.99387755102042">
        <ele>75</ele>
      </trkpt>
      <trkpt lat="58.29434007247758" lon="11.99423135609385">
        <ele>76</ele>
      </trkpt>
      <trkpt lat="58.29426854854091" lon="11.99445355712379">
        <ele>76</ele>
      </trkpt>
      <trkpt lat="58.29397386992179" lon="11.99519645241275">
        <ele>76</ele>
      </trkpt>
      <trkpt lat="58.29370875452984" lon="11.99589452603472">
        <ele>77</ele>
      </trkpt>
      <trkpt lat="58.29355330917413" lon="11.99634941827199">
        <ele>79</ele>
      </trkpt>
      <trkpt lat="58.29348846080487" lon="11.99660213618158">
        <ele>79</ele>
      </trkpt>
      <trkpt lat="58.29345508296776" lon="11.99696738508488">
        <ele>80</ele>
      </trkpt>
      <trkpt lat="58.29345508296776" lon="11.99732119015832">
        <ele>82</ele>
      </trkpt>
      <trkpt lat="58.29347224871256" lon="11.99768548540913">
        <ele>83</ele>
      </trkpt>
      <trkpt lat="58.29354472630173" lon="11.9980612244898">
        <ele>86</ele>
      </trkpt>
      <trkpt lat="58.29369158878504" lon="11.99849036810987">
        <ele>88</ele>
      </trkpt>
      <trkpt lat="58.29379362960137" lon="11.99882319282854">
        <ele>88</ele>
      </trkpt>
      <trkpt lat="58.2938947167652" lon="11.99963856570667">
        <ele>90</ele>
      </trkpt>
      <trkpt lat="58.29392332633987" lon="12.00000000000001">
        <ele>91</ele>
      </trkpt>
      <trkpt lat="58.29392332633987" lon="11.99999999999999">
        <ele>91</ele>
      </trkpt>
      <trkpt lat="58.29405302307838" lon="12.00151630745755">
        <ele>95</ele>
      </trkpt>
      <trkpt lat="58.29417699790196" lon="12.00312511920655">
        <ele>95</ele>
      </trkpt>
      <trkpt lat="58.29420465382414" lon="12.00375834445927">
        <ele>94</ele>
      </trkpt>
      <trkpt lat="58.29420465382414" lon="12.00402632080869">
        <ele>94</ele>
      </trkpt>
      <trkpt lat="58.29417127598703" lon="12.00537860003814">
        <ele>87</ele>
      </trkpt>
      <trkpt lat="58.29423898531375" lon="12.00671943543772">
        <ele>91</ele>
      </trkpt>
      <trkpt lat="58.29426187297348" lon="12.00729925615105">
        <ele>95</ele>
      </trkpt>
      <trkpt lat="58.29426187297348" lon="12.00777131413312">
        <ele>97</ele>
      </trkpt>
      <trkpt lat="58.29424470722868" lon="12.00841502956322">
        <ele>100</ele>
      </trkpt>
      <trkpt lat="58.29426187297348" lon="12.00880125882128">
        <ele>100</ele>
      </trkpt>
      <trkpt lat="58.29428380698073" lon="12.00920846843409">
        <ele>101</ele>
      </trkpt>
      <trkpt lat="58.29436868205225" lon="12.01016307457562">
        <ele>100</ele>
      </trkpt>
      <trkpt lat="58.29460518786954" lon="12.01254529849322">
        <ele>100</ele>
      </trkpt>
      <trkpt lat="58.29462235361434" lon="12.01286667938202">
        <ele>99</ele>
      </trkpt>
      <trkpt lat="58.29459374403967" lon="12.01316707991607">
        <ele>99</ele>
      </trkpt>
      <trkpt lat="58.29454892237268" lon="12.01343600991798">
        <ele>99</ele>
      </trkpt>
      <trkpt lat="58.29415983215716" lon="12.01491607858096">
        <ele>97</ele>
      </trkpt>
      <trkpt lat="58.29403013541864" lon="12.01549589929429">
        <ele>98</ele>
      </trkpt>
      <trkpt lat="58.29396242609192" lon="12.01584970436772">
        <ele>99</ele>
      </trkpt>
      <trkpt lat="58.29393953843218" lon="12.0162254434484">
        <ele>99</ele>
      </trkpt>
      <trkpt lat="58.29391188251" lon="12.01771695594125">
        <ele>98</ele>
      </trkpt>
      <trkpt lat="58.29391760442494" lon="12.01815658973869">
        <ele>98</ele>
      </trkpt>
      <trkpt lat="58.29393477016974" lon="12.01854281899675">
        <ele>97</ele>
      </trkpt>
      <trkpt lat="58.29397959183672" lon="12.01892904825481">
        <ele>97</ele>
      </trkpt>
      <trkpt lat="58.29405874499331" lon="12.01928285332824">
        <ele>96</ele>
      </trkpt>
      <trkpt lat="58.29429238985313" lon="12.01999999999999">
        <ele>94</ele>
      </trkpt>
      <trkpt lat="58.29429238985313" lon="12.02">
        <ele>94</ele>
      </trkpt>
      <trkpt lat="58.29453747854281" lon="12.0208172801831">
        <ele>96</ele>
      </trkpt>
      <trkpt lat="58.29461090978447" lon="12.02116059507915">
        <ele>98</ele>
      </trkpt>
      <trkpt lat="58.29463379744421" lon="12.02145050543582">
        <ele>99</ele>
      </trkpt>
      <trkpt lat="58.29462235361434" lon="12.02397196261682">
        <ele>108</ele>
      </trkpt>
      <trkpt lat="58.29466717528132" lon="12.02435723822239">
        <ele>108</ele>
      </trkpt>
      <trkpt lat="58.29474060652298" lon="12.02465763875644">
        <ele>108</ele>
      </trkpt>
      <trkpt lat="58.29490940301353" lon="12.02506580202174">
        <ele>108</ele>
      </trkpt>
      <trkpt lat="58.2951296967385" lon="12.02553786000382">
        <ele>107</ele>
      </trkpt>
      <trkpt lat="58.29526511539194" lon="12.02594602326912">
        <ele>107</ele>
      </trkpt>
      <trkpt lat="58.29533282471866" lon="12.02631031851993">
        <ele>106</ele>
      </trkpt>
      <trkpt lat="58.29535475872591" lon="12.0266431432386">
        <ele>106</ele>
      </trkpt>
      <trkpt lat="58.29535285142094" lon="12.02694735838261">
        <ele>105</ele>
      </trkpt>
      <trkpt lat="58.29513160404348" lon="12.02928666793821">
        <ele>101</ele>
      </trkpt>
      <trkpt lat="58.29507533854662" lon="12.03007629219912">
        <ele>102</ele>
      </trkpt>
      <trkpt lat="58.29507247758916" lon="12.03023555216479">
        <ele>102</ele>
      </trkpt>
      <trkpt lat="58.29508678237649" lon="12.03040434865535">
        <ele>102</ele>
      </trkpt>
      <trkpt lat="58.29512492847606" lon="12.03064466908259">
        <ele>103</ele>
      </trkpt>
      <trkpt lat="58.29529563227159" lon="12.03115296585924">
        <ele>104</ele>
      </trkpt>
      <trkpt lat="58.29559794011062" lon="12.03188918558078">
        <ele>104</ele>
      </trkpt>
      <trkpt lat="58.29589643333968" lon="12.03258630555026">
        <ele>104</ele>
      </trkpt>
      <trkpt lat="58.29626263589547" lon="12.03346652679764">
        <ele>104</ele>
      </trkpt>
      <trkpt lat="58.29653919511729" lon="12.03423898531375">
        <ele>102</ele>
      </trkpt>
      <trkpt lat="58.29703509441159" lon="12.03567613961473">
        <ele>100</ele>
      </trkpt>
      <trkpt lat="58.29709422086591" lon="12.03592599656685">
        <ele>100</ele>
      </trkpt>
      <trkpt lat="58.29715144001525" lon="12.03625596032806">
        <ele>101</ele>
      </trkpt>
      <trkpt lat="58.29718863246232" lon="12.0366955941255">
        <ele>101</ele>
      </trkpt>
      <trkpt lat="58.29719340072477" lon="12.03693686820523">
        <ele>102</ele>
      </trkpt>
      <trkpt lat="58.29719530802974" lon="12.03793820331871">
        <ele>105</ele>
      </trkpt>
      <trkpt lat="58.2971819568949" lon="12.03870207896243">
        <ele>107</ele>
      </trkpt>
      <trkpt lat="58.29714285714285" lon="12.03912073240511">
        <ele>108</ele>
      </trkpt>
      <trkpt lat="58.29704081632652" lon="12.0395393858478">
        <ele>109</ele>
      </trkpt>
      <trkpt lat="58.29691493419797" lon="12.04">
        <ele>110</ele>
      </trkpt>
      <trkpt lat="58.29691493419797" lon="12.04000000000001">
        <ele>110</ele>
      </trkpt>
      <trkpt lat="58.29688918558077" lon="12.04009727255389">
        <ele>110</ele>
      </trkpt>
      <trkpt lat="58.29683292008392" lon="12.04040816326532">
        <ele>111</ele>
      </trkpt>
      <trkpt lat="58.29681575433911" lon="12.04075147816137">
        <ele>112</ele>
      </trkpt>
      <trkpt lat="58.29683768834636" lon="12.04109479305742">
        <ele>112</ele>
      </trkpt>
      <trkpt lat="58.29694545107762" lon="12.04151344650011">
        <ele>112</ele>
      </trkpt>
      <trkpt lat="58.2971647911501" lon="12.04228590501622">
        <ele>112</ele>
      </trkpt>
      <trkpt lat="58.29747472820903" lon="12.04319759679574">
        <ele>109</ele>
      </trkpt>
      <trkpt lat="58.29770646576387" lon="12.04400247949648">
        <ele>105</ele>
      </trkpt>
      <trkpt lat="58.29785905016211" lon="12.04479591836736">
        <ele>103</ele>
      </trkpt>
      <trkpt lat="58.29813465573145" lon="12.04614819759681">
        <ele>100</ele>
      </trkpt>
      <trkpt lat="58.29832633988174" lon="12.04699599465956">
        <ele>98</ele>
      </trkpt>
      <trkpt lat="58.29846175853518" lon="12.04744611863438">
        <ele>97</ele>
      </trkpt>
      <trkpt lat="58.29880602708372" lon="12.04852946786192">
        <ele>94</ele>
      </trkpt>
      <trkpt lat="58.2990339500286" lon="12.04930764829297">
        <ele>93</ele>
      </trkpt>
      <trkpt lat="58.29920560747663" lon="12.04995136372307">
        <ele>93</ele>
      </trkpt>
      <trkpt lat="58.29933530421513" lon="12.05058554262828">
        <ele>93</ele>
      </trkpt>
      <trkpt lat="58.2995813465573" lon="12.0519139805455">
        <ele>95</ele>
      </trkpt>
      <trkpt lat="58.2995813465573" lon="12.0519139805455">
        <ele>95</ele>
      </trkpt>
      <trkpt lat="58.29921037573907" lon="12.05224489795919">
        <ele>97</ele>
      </trkpt>
      <trkpt lat="58.29921037573907" lon="12.05224489795919">
        <ele>97</ele>
      </trkpt>
      <trkpt lat="58.29898054548921" lon="12.05239176044251">
        <ele>97</ele>
      </trkpt>
      <trkpt lat="58.29870875452984" lon="12.05249761586879">
        <ele>98</ele>
      </trkpt>
      <trkpt lat="58.29842456608811" lon="12.05267594888424">
        <ele>98</ele>
      </trkpt>
      <trkpt lat="58.29823002098035" lon="12.05290959374405">
        <ele>99</ele>
      </trkpt>
      <trkpt lat="58.29794773984359" lon="12.05323288193783">
        <ele>101</ele>
      </trkpt>
      <trkpt lat="58.29779134083539" lon="12.05364199885563">
        <ele>102</ele>
      </trkpt>
      <trkpt lat="58.29773412168605" lon="12.05370875452986">
        <ele>102</ele>
      </trkpt>
      <trkpt lat="58.29768834636658" lon="12.05371447644479">
        <ele>103</ele>
      </trkpt>
      <trkpt lat="58.29750143047873" lon="12.05365725729545">
        <ele>103</ele>
      </trkpt>
      <trkpt lat="58.29727064657638" lon="12.05367633034523">
        <ele>104</ele>
      </trkpt>
      <trkpt lat="58.29695308029753" lon="12.05386992180051">
        <ele>106</ele>
      </trkpt>
      <trkpt lat="58.29635323288193" lon="12.05438680144956">
        <ele>110</ele>
      </trkpt>
      <trkpt lat="58.29613770741941" lon="12.05439633797445">
        <ele>111</ele>
      </trkpt>
      <trkpt lat="58.29593648674422" lon="12.05420656112914">
        <ele>112</ele>
      </trkpt>
      <trkpt lat="58.29579820713331" lon="12.05399866488653">
        <ele>112</ele>
      </trkpt>
      <trkpt lat="58.29569235170703" lon="12.05389280946024">
        <ele>112</ele>
      </trkpt>
      <trkpt lat="58.29557982071332" lon="12.05381556360863">
        <ele>112</ele>
      </trkpt>
      <trkpt lat="58.29545393858477" lon="12.05363913789816">
        <ele>112</ele>
      </trkpt>
      <trkpt lat="58.29538518974395" lon="12.05353162091402">
        <ele>112</ele>
      </trkpt>
      <trkpt lat="58.29538518974395" lon="12.05353162091402">
        <ele>112</ele>
      </trkpt>
      <trkpt lat="58.29532710280373" lon="12.05344077818044">
        <ele>112</ele>
      </trkpt>
      <trkpt lat="58.29497043677283" lon="12.05324337211521">
        <ele>112</ele>
      </trkpt>
      <trkpt lat="58.29487030326148" lon="12.05314609956133">
        <ele>112</ele>
      </trkpt>
      <trkpt lat="58.29452794201792" lon="12.05291913026894">
        <ele>112</ele>
      </trkpt>
      <trkpt lat="58.29424756818614" lon="12.05278943353043">
        <ele>113</ele>
      </trkpt>
      <trkpt lat="58.29411977875262" lon="12.05268739271411">
        <ele>113</ele>
      </trkpt>
      <trkpt lat="58.29400343314895" lon="12.05255102040817">
        <ele>113</ele>
      </trkpt>
      <trkpt lat="58.29385847797062" lon="12.05220579820715">
        <ele>113</ele>
      </trkpt>
      <trkpt lat="58.29376978828914" lon="12.05212092313562">
        <ele>113</ele>
      </trkpt>
      <trkpt lat="58.29367060843028" lon="12.05210185008584">
        <ele>113</ele>
      </trkpt>
      <trkpt lat="58.29318710661834" lon="12.05228590501622">
        <ele>111</ele>
      </trkpt>
      <trkpt lat="58.292999237078" lon="12.05246328437918">
        <ele>110</ele>
      </trkpt>
      <trkpt lat="58.29283520884989" lon="12.05265973679192">
        <ele>110</ele>
      </trkpt>
      <trkpt lat="58.29259870303261" lon="12.05279515544537">
        <ele>108</ele>
      </trkpt>
      <trkpt lat="58.29232786572572" lon="12.05282662597751">
        <ele>108</ele>
      </trkpt>
      <trkpt lat="58.29216193019263" lon="12.05271218767882">
        <ele>107</ele>
      </trkpt>
      <trkpt lat="58.29204939919892" lon="12.05256246423804">
        <ele>107</ele>
      </trkpt>
      <trkpt lat="58.29185294678619" lon="12.05205607476637">
        <ele>107</ele>
      </trkpt>
      <trkpt lat="58.29155731451458" lon="12.05153633415984">
        <ele>108</ele>
      </trkpt>
      <trkpt lat="58.29138470341407" lon="12.050826816708">
        <ele>110</ele>
      </trkpt>
      <trkpt lat="58.29131794773983" lon="12.05065229830251">
        <ele>111</ele>
      </trkpt>
      <trkpt lat="58.29122162883844" lon="12.0505311844364">
        <ele>111</ele>
      </trkpt>
      <trkpt lat="58.29100896433339" lon="12.05049589929431">
        <ele>112</ele>
      </trkpt>
      <trkpt lat="58.29065515925996" lon="12.050391951173">
        <ele>112</ele>
      </trkpt>
      <trkpt lat="58.29039481213045" lon="12.05026225443449">
        <ele>113</ele>
      </trkpt>
      <trkpt lat="58.29026225443447" lon="12.05016879649057">
        <ele>113</ele>
      </trkpt>
      <trkpt lat="58.29012778943352" lon="12.05014304787337">
        <ele>113</ele>
      </trkpt>
      <trkpt lat="58.28994945641807" lon="12.05014114056839">
        <ele>113</ele>
      </trkpt>
      <trkpt lat="58.28969292389852" lon="12.05019835971773">
        <ele>113</ele>
      </trkpt>
      <trkpt lat="58.28936868205225" lon="12.05034522220104">
        <ele>112</ele>
      </trkpt>
      <trkpt lat="58.28917127598702" lon="12.05059412550068">
        <ele>112</ele>
      </trkpt>
      <trkpt lat="58.28905874499332" lon="12.05066755674233">
        <ele>112</ele>
      </trkpt>
      <trkpt lat="58.28895765782948" lon="12.05060175472059">
        <ele>112</ele>
      </trkpt>
      <trkpt lat="58.28864867442303" lon="12.05033568567615">
        <ele>112</ele>
      </trkpt>
      <trkpt lat="58.28851707037955" lon="12.0501316040435">
        <ele>112</ele>
      </trkpt>
      <trkpt lat="58.2884684341026" lon="12.04976063322526">
        <ele>111</ele>
      </trkpt>
      <trkpt lat="58.28832633988174" lon="12.0495403395003">
        <ele>111</ele>
      </trkpt>
      <trkpt lat="58.28813370207895" lon="12.04939443066947">
        <ele>110</ele>
      </trkpt>
      <trkpt lat="58.28800114438298" lon="12.04918844173184">
        <ele>110</ele>
      </trkpt>
      <trkpt lat="58.28791436200648" lon="12.0488098416937">
        <ele>110</ele>
      </trkpt>
      <trkpt lat="58.28777798970054" lon="12.04849895098227">
        <ele>109</ele>
      </trkpt>
      <trkpt lat="58.28752431813846" lon="12.04836353232883">
        <ele>109</ele>
      </trkpt>
      <trkpt lat="58.28736124356283" lon="12.04843791722297">
        <ele>109</ele>
      </trkpt>
      <trkpt lat="58.28713904253289" lon="12.04862864772078">
        <ele>109</ele>
      </trkpt>
      <trkpt lat="58.28700648483692" lon="12.04878981499143">
        <ele>110</ele>
      </trkpt>
      <trkpt lat="58.28690539767308" lon="12.04911596414268">
        <ele>110</ele>
      </trkpt>
      <trkpt lat="58.28679858859431" lon="12.04935056265498">
        <ele>110</ele>
      </trkpt>
      <trkpt lat="58.28662883845126" lon="12.04944688155637">
        <ele>110</ele>
      </trkpt>
      <trkpt lat="58.28633511348464" lon="12.04946881556362">
        <ele>110</ele>
      </trkpt>
      <trkpt lat="58.28593553309173" lon="12.04946309364869">
        <ele>111</ele>
      </trkpt>
      <trkpt lat="58.28578390234598" lon="12.04940205988939">
        <ele>111</ele>
      </trkpt>
      <trkpt lat="58.28569711996948" lon="12.04925805836354">
        <ele>111</ele>
      </trkpt>
      <trkpt lat="58.28559412550066" lon="12.04919130268931">
        <ele>111</ele>
      </trkpt>
      <trkpt lat="58.2854863627694" lon="12.049175090597">
        <ele>112</ele>
      </trkpt>
      <trkpt lat="58.28535857333587" lon="12.04917413694451">
        <ele>112</ele>
      </trkpt>
      <trkpt lat="58.28530135418653" lon="12.04915697119971">
        <ele>112</ele>
      </trkpt>
      <trkpt lat="58.28526988365439" lon="12.04910261300783">
        <ele>112</ele>
      </trkpt>
      <trkpt lat="58.28527655922181" lon="12.04900343314897">
        <ele>112</ele>
      </trkpt>
      <trkpt lat="58.28531756627884" lon="12.0487745565516">
        <ele>113</ele>
      </trkpt>
      <trkpt lat="58.28534331489605" lon="12.0485571237841">
        <ele>113</ele>
      </trkpt>
      <trkpt lat="58.28532424184626" lon="12.04838165172612">
        <ele>114</ele>
      </trkpt>
      <trkpt lat="58.28526320808697" lon="12.04824623307268">
        <ele>114</ele>
      </trkpt>
      <trkpt lat="58.28519263780278" lon="12.04819092122831">
        <ele>115</ele>
      </trkpt>
      <trkpt lat="58.28499427808506" lon="12.04813084112151">
        <ele>115</ele>
      </trkpt>
      <trkpt lat="58.28487030326148" lon="12.0480621781423">
        <ele>116</ele>
      </trkpt>
      <trkpt lat="58.28478733549494" lon="12.04804691970247">
        <ele>116</ele>
      </trkpt>
      <trkpt lat="58.2845641808125" lon="12.04819664314325">
        <ele>116</ele>
      </trkpt>
      <trkpt lat="58.28443162311653" lon="12.04813751668893">
        <ele>116</ele>
      </trkpt>
      <trkpt lat="58.28420942208658" lon="12.04796967385086">
        <ele>117</ele>
      </trkpt>
      <trkpt lat="58.28402059889375" lon="12.04788956704178">
        <ele>117</ele>
      </trkpt>
      <trkpt lat="58.28374785428189" lon="12.04784951363724">
        <ele>117</ele>
      </trkpt>
      <trkpt lat="58.28360957467098" lon="12.04787144764449">
        <ele>117</ele>
      </trkpt>
      <trkpt lat="58.28343219530802" lon="12.04797634941828">
        <ele>117</ele>
      </trkpt>
      <trkpt lat="58.2834043725665" lon="12.04800772845007">
        <ele>117</ele>
      </trkpt>
      <trkpt lat="58.2834043725665" lon="12.04800772845007">
        <ele>117</ele>
      </trkpt>
      <trkpt lat="58.28332017858178" lon="12.04810268407194">
        <ele>117</ele>
      </trkpt>
      <trkpt lat="58.28332017858178" lon="12.04810268407194">
        <ele>117</ele>
      </trkpt>
      <trkpt lat="58.28330535952698" lon="12.04811939729164">
        <ele>117</ele>
      </trkpt>
      <trkpt lat="58.28318329200838" lon="12.04829105473966">
        <ele>117</ele>
      </trkpt>
      <trkpt lat="58.28296013732595" lon="12.04864485981309">
        <ele>117</ele>
      </trkpt>
      <trkpt lat="58.28296013732595" lon="12.04864485981309">
        <ele>117</ele>
      </trkpt>
      <trkpt lat="58.28278943353041" lon="12.04878886133894">
        <ele>118</ele>
      </trkpt>
      <trkpt lat="58.28270130474592" lon="12.04880666513379">
        <ele>118</ele>
      </trkpt>
      <trkpt lat="58.28270130474592" lon="12.04880666513379">
        <ele>118</ele>
      </trkpt>
      <trkpt lat="58.282695021934" lon="12.04880793438872">
        <ele>118</ele>
      </trkpt>
      <trkpt lat="58.28251954987601" lon="12.04864676711807">
        <ele>118</ele>
      </trkpt>
      <trkpt lat="58.28245660881174" lon="12.04827293534237">
        <ele>118</ele>
      </trkpt>
      <trkpt lat="58.28244707228685" lon="12.04783806980737">
        <ele>118</ele>
      </trkpt>
      <trkpt lat="58.28241846271218" lon="12.0476006103376">
        <ele>118</ele>
      </trkpt>
      <trkpt lat="58.28241123387723" lon="12.04722543380381">
        <ele>118</ele>
      </trkpt>
      <trkpt lat="58.28241123387723" lon="12.04722543380381">
        <ele>118</ele>
      </trkpt>
      <trkpt lat="58.28240892618729" lon="12.0471056646958">
        <ele>118</ele>
      </trkpt>
      <trkpt lat="58.28249856952126" lon="12.04668415029564">
        <ele>119</ele>
      </trkpt>
      <trkpt lat="58.28255483501811" lon="12.04621113866108">
        <ele>119</ele>
      </trkpt>
      <trkpt lat="58.28271409498378" lon="12.04572859050163">
        <ele>119</ele>
      </trkpt>
      <trkpt lat="58.28271409498378" lon="12.04572859050163">
        <ele>119</ele>
      </trkpt>
      <trkpt lat="58.28271409498378" lon="12.04516688918559">
        <ele>119</ele>
      </trkpt>
      <trkpt lat="58.28269788830102" lon="12.04508045354419">
        <ele>119</ele>
      </trkpt>
      <trkpt lat="58.28269788830102" lon="12.04508045354419">
        <ele>119</ele>
      </trkpt>
      <trkpt lat="58.28267404157924" lon="12.04495327102805">
        <ele>119</ele>
      </trkpt>
      <trkpt lat="58.28268262445165" lon="12.04483501811941">
        <ele>118</ele>
      </trkpt>
      <trkpt lat="58.28287430860194" lon="12.04428571428573">
        <ele>116</ele>
      </trkpt>
      <trkpt lat="58.28298302498569" lon="12.04393190921229">
        <ele>114</ele>
      </trkpt>
      <trkpt lat="58.28299828342551" lon="12.04380602708374">
        <ele>114</ele>
      </trkpt>
      <trkpt lat="58.28299256151058" lon="12.04369444974252">
        <ele>113</ele>
      </trkpt>
      <trkpt lat="58.28284093076482" lon="12.04290005721916">
        <ele>111</ele>
      </trkpt>
      <trkpt lat="58.28284093076482" lon="12.04290005721916">
        <ele>111</ele>
      </trkpt>
      <trkpt lat="58.28236505817279" lon="12.04309746328439">
        <ele>113</ele>
      </trkpt>
      <trkpt lat="58.28186534426854" lon="12.04337211520123">
        <ele>115</ele>
      </trkpt>
      <trkpt lat="58.28155159259965" lon="12.04320617966814">
        <ele>115</ele>
      </trkpt>
      <trkpt lat="58.28131127217241" lon="12.04311558268168">
        <ele>116</ele>
      </trkpt>
      <trkpt lat="58.28091741369444" lon="12.04299732977304">
        <ele>116</ele>
      </trkpt>
      <trkpt lat="58.2805378600038" lon="12.04301354186536">
        <ele>117</ele>
      </trkpt>
      <trkpt lat="58.27999999999999" lon="12.04292962044632">
        <ele>118</ele>
      </trkpt>
      <trkpt lat="58.28000000000001" lon="12.04292962044632">
        <ele>118</ele>
      </trkpt>
      <trkpt lat="58.27969769216099" lon="12.04288289147436">
        <ele>118</ele>
      </trkpt>
      <trkpt lat="58.27969769216099" lon="12.04288289147436">
        <ele>118</ele>
      </trkpt>
      <trkpt lat="58.27927808506581" lon="12.04260728590503">
        <ele>118</ele>
      </trkpt>
      <trkpt lat="58.27907114247569" lon="12.04228399771124">
        <ele>118</ele>
      </trkpt>
      <trkpt lat="58.27896051878697" lon="12.04223059317186">
        <ele>118</ele>
      </trkpt>
      <trkpt lat="58.27886419988558" lon="12.04221438107955">
        <ele>118</ele>
      </trkpt>
      <trkpt lat="58.27823002098037" lon="12.04238413122259">
        <ele>118</ele>
      </trkpt>
      <trkpt lat="58.27792389853138" lon="12.04235933625788">
        <ele>118</ele>
      </trkpt>
      <trkpt lat="58.27773221438109" lon="12.04236219721535">
        <ele>118</ele>
      </trkpt>
      <trkpt lat="58.27756723250049" lon="12.04242799923709">
        <ele>118</ele>
      </trkpt>
      <trkpt lat="58.27727255388137" lon="12.04271028037384">
        <ele>118</ele>
      </trkpt>
      <trkpt lat="58.27715144001527" lon="12.04278085065803">
        <ele>118</ele>
      </trkpt>
      <trkpt lat="58.27707514781615" lon="12.04280469197026">
        <ele>118</ele>
      </trkpt>
      <trkpt lat="58.27664314323862" lon="12.04278561892048">
        <ele>118</ele>
      </trkpt>
      <trkpt lat="58.2764094983788" lon="12.0427226778562">
        <ele>118</ele>
      </trkpt>
      <trkpt lat="58.27617776082396" lon="12.04260728590503">
        <ele>119</ele>
      </trkpt>
      <trkpt lat="58.27564753004006" lon="12.04209422086593">
        <ele>119</ele>
      </trkpt>
      <trkpt lat="58.2754176997902" lon="12.04189967575816">
        <ele>119</ele>
      </trkpt>
      <trkpt lat="58.27525462521458" lon="12.04180335685677">
        <ele>119</ele>
      </trkpt>
      <trkpt lat="58.2750534045394" lon="12.04174423040245">
        <ele>119</ele>
      </trkpt>
      <trkpt lat="58.27464810223156" lon="12.04173374022507">
        <ele>118</ele>
      </trkpt>
      <trkpt lat="58.27451649818807" lon="12.04164981880604">
        <ele>117</ele>
      </trkpt>
      <trkpt lat="58.27438680144956" lon="12.04147625405303">
        <ele>116</ele>
      </trkpt>
      <trkpt lat="58.274087354568" lon="12.04095555979402">
        <ele>115</ele>
      </trkpt>
      <trkpt lat="58.27391283616251" lon="12.04053213808889">
        <ele>114</ele>
      </trkpt>
      <trkpt lat="58.27375357619685" lon="12.04022124737747">
        <ele>112</ele>
      </trkpt>
      <trkpt lat="58.27358477970628" lon="12.04000000000001">
        <ele>112</ele>
      </trkpt>
      <trkpt lat="58.27358477970628" lon="12.04">
        <ele>112</ele>
      </trkpt>
      <trkpt lat="58.27346652679765" lon="12.03984550829678">
        <ele>111</ele>
      </trkpt>
      <trkpt lat="58.27332920083922" lon="12.03952031279802">
        <ele>109</ele>
      </trkpt>
      <trkpt lat="58.27317947739844" lon="12.03888422658783">
        <ele>107</ele>
      </trkpt>
      <trkpt lat="58.27306694640474" lon="12.03848750715239">
        <ele>106</ele>
      </trkpt>
      <trkpt lat="58.27275414838834" lon="12.03762731260729">
        <ele>105</ele>
      </trkpt>
      <trkpt lat="58.27271218767882" lon="12.03730307076102">
        <ele>104</ele>
      </trkpt>
      <trkpt lat="58.27266641235935" lon="12.03710089643334">
        <ele>104</ele>
      </trkpt>
      <trkpt lat="58.27250810604617" lon="12.03664791150105">
        <ele>104</ele>
      </trkpt>
      <trkpt lat="58.27250810604617" lon="12.03664791150105">
        <ele>104</ele>
      </trkpt>
      <trkpt lat="58.27243276749953" lon="12.03632748426473">
        <ele>104</ele>
      </trkpt>
      <trkpt lat="58.27240034331491" lon="12.03600705702842">
        <ele>103</ele>
      </trkpt>
      <trkpt lat="58.2724184627122" lon="12.03516975014305">
        <ele>100</ele>
      </trkpt>
      <trkpt lat="58.27228876597369" lon="12.03393190921228">
        <ele>99</ele>
      </trkpt>
      <trkpt lat="58.27219053976732" lon="12.03309174136945">
        <ele>99</ele>
      </trkpt>
      <trkpt lat="58.27204844554645" lon="12.03257772267786">
        <ele>100</ele>
      </trkpt>
      <trkpt lat="58.27178523745948" lon="12.03181861529659">
        <ele>102</ele>
      </trkpt>
      <trkpt lat="58.27154205607478" lon="12.03106809078772">
        <ele>104</ele>
      </trkpt>
      <trkpt lat="58.27138184245662" lon="12.03044440205989">
        <ele>106</ele>
      </trkpt>
      <trkpt lat="58.27105187869542" lon="12.02922277322144">
        <ele>108</ele>
      </trkpt>
      <trkpt lat="58.27074384894146" lon="12.02824909403014">
        <ele>105</ele>
      </trkpt>
      <trkpt lat="58.27061987411788" lon="12.02796967385085">
        <ele>103</ele>
      </trkpt>
      <trkpt lat="58.27050162120924" lon="12.02710185008583">
        <ele>98</ele>
      </trkpt>
      <trkpt lat="58.27036334159833" lon="12.02652965859241">
        <ele>94</ele>
      </trkpt>
      <trkpt lat="58.27031661262637" lon="12.02619874117872">
        <ele>92</ele>
      </trkpt>
      <trkpt lat="58.27028323478925" lon="12.02572286858669">
        <ele>90</ele>
      </trkpt>
      <trkpt lat="58.27026225443449" lon="12.02466240701888">
        <ele>88</ele>
      </trkpt>
      <trkpt lat="58.27031470532139" lon="12.02419893190921">
        <ele>88</ele>
      </trkpt>
      <trkpt lat="58.2703309174137" lon="12.02385943162312">
        <ele>88</ele>
      </trkpt>
      <trkpt lat="58.27031184436392" lon="12.02315849704368">
        <ele>88</ele>
      </trkpt>
      <trkpt lat="58.27033568567615" lon="12.02275224108335">
        <ele>88</ele>
      </trkpt>
      <trkpt lat="58.27038241464811" lon="12.02251764257105">
        <ele>87</ele>
      </trkpt>
      <trkpt lat="58.2705311844364" lon="12.02206179668129">
        <ele>85</ele>
      </trkpt>
      <trkpt lat="58.27067137135229" lon="12.02143715430097">
        <ele>82</ele>
      </trkpt>
      <trkpt lat="58.27071523936679" lon="12.02117489986649">
        <ele>80</ele>
      </trkpt>
      <trkpt lat="58.27075624642382" lon="12.02088403585734">
        <ele>79</ele>
      </trkpt>
      <trkpt lat="58.27077531947359" lon="12.02030135418654">
        <ele>77</ele>
      </trkpt>
      <trkpt lat="58.27077818043106" lon="12.02">
        <ele>76</ele>
      </trkpt>
      <trkpt lat="58.27077818043106" lon="12.01999999999999">
        <ele>76</ele>
      </trkpt>
      <trkpt lat="58.27077913408355" lon="12.01980354758725">
        <ele>76</ele>
      </trkpt>
      <trkpt lat="58.27075338546635" lon="12.01937917222963">
        <ele>76</ele>
      </trkpt>
      <trkpt lat="58.27071619301928" lon="12.0190339500286">
        <ele>75</ele>
      </trkpt>
      <trkpt lat="58.27065420560749" lon="12.01868205226015">
        <ele>75</ele>
      </trkpt>
      <trkpt lat="58.27056742323099" lon="12.01825958420751">
        <ele>74</ele>
      </trkpt>
      <trkpt lat="58.27043772649247" lon="12.01769025367155">
        <ele>74</ele>
      </trkpt>
      <trkpt lat="58.27038146099562" lon="12.0173822239176">
        <ele>74</ele>
      </trkpt>
      <trkpt lat="58.27036334159833" lon="12.01714762540529">
        <ele>74</ele>
      </trkpt>
      <trkpt lat="58.27037192447073" lon="12.01697596795727">
        <ele>74</ele>
      </trkpt>
      <trkpt lat="58.270391951173" lon="12.01683101277894">
        <ele>74</ele>
      </trkpt>
      <trkpt lat="58.27072000762923" lon="12.01575815372877">
        <ele>73</ele>
      </trkpt>
      <trkpt lat="58.27103375929812" lon="12.0148340644669">
        <ele>75</ele>
      </trkpt>
      <trkpt lat="58.27110719053978" lon="12.01451649818805">
        <ele>74</ele>
      </trkpt>
      <trkpt lat="58.27115201220676" lon="12.01426282662597">
        <ele>74</ele>
      </trkpt>
      <trkpt lat="58.27117661712781" lon="12.01398825807514">
        <ele>74</ele>
      </trkpt>
      <trkpt lat="58.27117661712781" lon="12.01398825807514">
        <ele>74</ele>
      </trkpt>
      <trkpt lat="58.27119397291628" lon="12.01379458325385">
        <ele>75</ele>
      </trkpt>
      <trkpt lat="58.27117108525654" lon="12.01361815754338">
        <ele>75</ele>
      </trkpt>
      <trkpt lat="58.27111768071715" lon="12.0133206179668">
        <ele>75</ele>
      </trkpt>
      <trkpt lat="58.27108907114248" lon="12.01307076101468">
        <ele>76</ele>
      </trkpt>
      <trkpt lat="58.27108239557506" lon="12.0128428380698">
        <ele>77</ele>
      </trkpt>
      <trkpt lat="58.27109860766738" lon="12.01265878313941">
        <ele>77</ele>
      </trkpt>
      <trkpt lat="58.27118443639139" lon="12.01223345412931">
        <ele>79</ele>
      </trkpt>
      <trkpt lat="58.27125882128554" lon="12.01194926568757">
        <ele>80</ele>
      </trkpt>
      <trkpt lat="58.27137898149915" lon="12.01158973869921">
        <ele>81</ele>
      </trkpt>
      <trkpt lat="58.27144573717339" lon="12.01135895479686">
        <ele>82</ele>
      </trkpt>
      <trkpt lat="58.27149055884037" lon="12.01117489986648">
        <ele>82</ele>
      </trkpt>
      <trkpt lat="58.27153061224491" lon="12.0109383940492">
        <ele>83</ele>
      </trkpt>
      <trkpt lat="58.27158210947932" lon="12.01056074766354">
        <ele>80</ele>
      </trkpt>
      <trkpt lat="58.27162502384132" lon="12.01032042723631">
        <ele>76</ele>
      </trkpt>
      <trkpt lat="58.271696547778" lon="12.01011920656112">
        <ele>73</ele>
      </trkpt>
      <trkpt lat="58.27175376692734" lon="12.01000190730497">
        <ele>71</ele>
      </trkpt>
      <trkpt lat="58.27183292008393" lon="12.00988937631126">
        <ele>69</ele>
      </trkpt>
      <trkpt lat="58.27191302689301" lon="12.00983883272934">
        <ele>68</ele>
      </trkpt>
      <trkpt lat="58.27203509441161" lon="12.0098168987221">
        <ele>67</ele>
      </trkpt>
      <trkpt lat="58.27236982643526" lon="12.00982834255196">
        <ele>67</ele>
      </trkpt>
      <trkpt lat="58.27270741941638" lon="12.00981880602708">
        <ele>66</ele>
      </trkpt>
      <trkpt lat="58.27282853328249" lon="12.00977875262254">
        <ele>66</ele>
      </trkpt>
      <trkpt lat="58.27294392523365" lon="12.00968148006865">
        <ele>65</ele>
      </trkpt>
      <trkpt lat="58.27319759679574" lon="12.0094249475491">
        <ele>62</ele>
      </trkpt>
      <trkpt lat="58.27323383559032" lon="12.00935723822238">
        <ele>61</ele>
      </trkpt>
      <trkpt lat="58.27326530612246" lon="12.00928189967575">
        <ele>60</ele>
      </trkpt>
      <trkpt lat="58.27328437917224" lon="12.00916078580964">
        <ele>58</ele>
      </trkpt>
      <trkpt lat="58.27328056456228" lon="12.00905874499331">
        <ele>57</ele>
      </trkpt>
      <trkpt lat="58.27326721342744" lon="12.0089643333969">
        <ele>56</ele>
      </trkpt>
      <trkpt lat="58.27286381842458" lon="12.00714094983787">
        <ele>43</ele>
      </trkpt>
      <trkpt lat="58.27283584999025" lon="12.00698805573024">
        <ele>42</ele>
      </trkpt>
      <trkpt lat="58.27283585403432" lon="12.00698805501436">
        <ele>42</ele>
      </trkpt>
      <trkpt lat="58.27178905206944" lon="12.0071733740225">
        <ele>45</ele>
      </trkpt>
      <trkpt lat="58.27141808125121" lon="12.00726301735647">
        <ele>47</ele>
      </trkpt>
      <trkpt lat="58.27132080869732" lon="12.00727922944878">
        <ele>48</ele>
      </trkpt>
      <trkpt lat="58.27096795727638" lon="12.00737650200266">
        <ele>51</ele>
      </trkpt>
      <trkpt lat="58.27063322525273" lon="12.00741750905969">
        <ele>55</ele>
      </trkpt>
      <trkpt lat="58.27048636276942" lon="12.00742609193209">
        <ele>57</ele>
      </trkpt>
      <trkpt lat="58.27033377837117" lon="12.00740225061987">
        <ele>58</ele>
      </trkpt>
      <trkpt lat="58.2700438680145" lon="12.00731928285332">
        <ele>59</ele>
      </trkpt>
      <trkpt lat="58.26986267404159" lon="12.00733263398816">
        <ele>60</ele>
      </trkpt>
      <trkpt lat="58.26975777226779" lon="12.00738508487506">
        <ele>61</ele>
      </trkpt>
      <trkpt lat="58.26965382414649" lon="12.00745756246423">
        <ele>62</ele>
      </trkpt>
      <trkpt lat="58.26946786191113" lon="12.00764066374212">
        <ele>65</ele>
      </trkpt>
      <trkpt lat="58.26936868205227" lon="12.00769979019644">
        <ele>65</ele>
      </trkpt>
      <trkpt lat="58.26858191874881" lon="12.00799637612053">
        <ele>67</ele>
      </trkpt>
      <trkpt lat="58.2681232119016" lon="12.00820236505816">
        <ele>70</ele>
      </trkpt>
      <trkpt lat="58.26805836353234" lon="12.00824051115772">
        <ele>71</ele>
      </trkpt>
      <trkpt lat="58.26793438870877" lon="12.00826339881746">
        <ele>71</ele>
      </trkpt>
      <trkpt lat="58.26756723250049" lon="12.0081642189586">
        <ele>69</ele>
      </trkpt>
      <trkpt lat="58.26734503147054" lon="12.00816231165362">
        <ele>70</ele>
      </trkpt>
      <trkpt lat="58.26701697501431" lon="12.00833110814418">
        <ele>74</ele>
      </trkpt>
      <trkpt lat="58.26682242990655" lon="12.00840644669082">
        <ele>76</ele>
      </trkpt>
      <trkpt lat="58.26628552355523" lon="12.00843887087544">
        <ele>81</ele>
      </trkpt>
      <trkpt lat="58.26603747558303" lon="12.00851523275118">
        <ele>84</ele>
      </trkpt>
      <trkpt lat="58.26603747558303" lon="12.00851523275118">
        <ele>84</ele>
      </trkpt>
      <trkpt lat="58.26536238794584" lon="12.00872305931717">
        <ele>91</ele>
      </trkpt>
      <trkpt lat="58.26407591073814" lon="12.00935914552736">
        <ele>98</ele>
      </trkpt>
      <trkpt lat="58.26312893381652" lon="12.00985885943161">
        <ele>103</ele>
      </trkpt>
      <trkpt lat="58.26299732977304" lon="12.0098950982262">
        <ele>103</ele>
      </trkpt>
      <trkpt lat="58.26284760633227" lon="12.00992656875833">
        <ele>103</ele>
      </trkpt>
      <trkpt lat="58.26272839977113" lon="12.00992752241083">
        <ele>103</ele>
      </trkpt>
      <trkpt lat="58.2626263589548" lon="12.00987602517642">
        <ele>104</ele>
      </trkpt>
      <trkpt lat="58.26242227732215" lon="12.00969578485599">
        <ele>105</ele>
      </trkpt>
      <trkpt lat="58.26201983597178" lon="12.0091474346748">
        <ele>109</ele>
      </trkpt>
      <trkpt lat="58.2618968148007" lon="12.00904348655349">
        <ele>111</ele>
      </trkpt>
      <trkpt lat="58.26175376692734" lon="12.00895479687201">
        <ele>113</ele>
      </trkpt>
      <trkpt lat="58.26156208277705" lon="12.00894335304214">
        <ele>114</ele>
      </trkpt>
      <trkpt lat="58.26132939156972" lon="12.00897673087926">
        <ele>115</ele>
      </trkpt>
      <trkpt lat="58.26108334922755" lon="12.00903585733358">
        <ele>116</ele>
      </trkpt>
      <trkpt lat="58.26086400915507" lon="12.00915411024222">
        <ele>116</ele>
      </trkpt>
      <trkpt lat="58.26059126454321" lon="12.00945832538622">
        <ele>115</ele>
      </trkpt>
      <trkpt lat="58.26040434865536" lon="12.00957467098988">
        <ele>116</ele>
      </trkpt>
      <trkpt lat="58.26000000000001" lon="12.00973488460804">
        <ele>118</ele>
      </trkpt>
      <trkpt lat="58.26" lon="12.00973488460804">
        <ele>118</ele>
      </trkpt>
      <trkpt lat="58.25961567804692" lon="12.00988746900629">
        <ele>121</ele>
      </trkpt>
      <trkpt lat="58.25929143620065" lon="12.01011634560365">
        <ele>124</ele>
      </trkpt>
      <trkpt lat="58.25891951172993" lon="12.01049780659927">
        <ele>121</ele>
      </trkpt>
      <trkpt lat="58.25835590310891" lon="12.01112435628456">
        <ele>117</ele>
      </trkpt>
      <trkpt lat="58.25750143047873" lon="12.01205416746137">
        <ele>111</ele>
      </trkpt>
      <trkpt lat="58.25737459469769" lon="12.01223536143428">
        <ele>111</ele>
      </trkpt>
      <trkpt lat="58.25727350753385" lon="12.01246805264161">
        <ele>111</ele>
      </trkpt>
      <trkpt lat="58.25715716193019" lon="12.01284569902726">
        <ele>110</ele>
      </trkpt>
      <trkpt lat="58.25707991607858" lon="12.01333396910165">
        <ele>112</ele>
      </trkpt>
      <trkpt lat="58.25705607476635" lon="12.01391665077245">
        <ele>118</ele>
      </trkpt>
      <trkpt lat="58.2570780087736" lon="12.01451172992561">
        <ele>123</ele>
      </trkpt>
      <trkpt lat="58.2571476254053" lon="12.01501525843982">
        <ele>124</ele>
      </trkpt>
      <trkpt lat="58.25716002288766" lon="12.01521266450504">
        <ele>124</ele>
      </trkpt>
      <trkpt lat="58.25712473774556" lon="12.01541388518023">
        <ele>124</ele>
      </trkpt>
      <trkpt lat="58.25690253671562" lon="12.0161729925615">
        <ele>123</ele>
      </trkpt>
      <trkpt lat="58.2568348273889" lon="12.0165296585924">
        <ele>123</ele>
      </trkpt>
      <trkpt lat="58.25658592408926" lon="12.01922086591645">
        <ele>117</ele>
      </trkpt>
      <trkpt lat="58.25659927522411" lon="12.01945260347129">
        <ele>116</ele>
      </trkpt>
      <trkpt lat="58.25663932862865" lon="12.01969959946595">
        <ele>115</ele>
      </trkpt>
      <trkpt lat="58.25671848178524" lon="12.01988079343886">
        <ele>115</ele>
      </trkpt>
      <trkpt lat="58.25679858859431" lon="12.01999999999999">
        <ele>116</ele>
      </trkpt>
      <trkpt lat="58.25679858859431" lon="12.02">
        <ele>116</ele>
      </trkpt>
      <trkpt lat="58.25699218004959" lon="12.0202870493992">
        <ele>117</ele>
      </trkpt>
      <trkpt lat="58.25707037955369" lon="12.0204787335495">
        <ele>117</ele>
      </trkpt>
      <trkpt lat="58.25711043295823" lon="12.02068949074957">
        <ele>117</ele>
      </trkpt>
      <trkpt lat="58.25711710852566" lon="12.02083539958039">
        <ele>116</ele>
      </trkpt>
      <trkpt lat="58.25709803547587" lon="12.02107667366012">
        <ele>116</ele>
      </trkpt>
      <trkpt lat="58.25705321380889" lon="12.02137135227923">
        <ele>114</ele>
      </trkpt>
      <trkpt lat="58.25702174327675" lon="12.0216870112531">
        <ele>113</ele>
      </trkpt>
      <trkpt lat="58.25702555788671" lon="12.0219912263971">
        <ele>112</ele>
      </trkpt>
      <trkpt lat="58.25706561129125" lon="12.02268071714667">
        <ele>111</ele>
      </trkpt>
      <trkpt lat="58.25705130650391" lon="12.02299923707801">
        <ele>111</ele>
      </trkpt>
      <trkpt lat="58.25699218004959" lon="12.02327484264734">
        <ele>110</ele>
      </trkpt>
      <trkpt lat="58.25693877551021" lon="12.02342838069807">
        <ele>110</ele>
      </trkpt>
      <trkpt lat="58.25685771504864" lon="12.02357142857143">
        <ele>110</ele>
      </trkpt>
      <trkpt lat="58.2565744802594" lon="12.02401106236887">
        <ele>110</ele>
      </trkpt>
      <trkpt lat="58.25649341979783" lon="12.02418176616441">
        <ele>109</ele>
      </trkpt>
      <trkpt lat="58.25641522029373" lon="12.0243829868396">
        <ele>108</ele>
      </trkpt>
      <trkpt lat="58.25636849132177" lon="12.02460614152203">
        <ele>108</ele>
      </trkpt>
      <trkpt lat="58.25625882128552" lon="12.02578867060843">
        <ele>105</ele>
      </trkpt>
      <trkpt lat="58.25625882128552" lon="12.02578867060843">
        <ele>105</ele>
      </trkpt>
      <trkpt lat="58.25615964142666" lon="12.02577531947358">
        <ele>104</ele>
      </trkpt>
      <trkpt lat="58.25606046156781" lon="12.02576196833874">
        <ele>103</ele>
      </trkpt>
      <trkpt lat="58.25597177188632" lon="12.02577055121114">
        <ele>102</ele>
      </trkpt>
      <trkpt lat="58.25588308220485" lon="12.02578008773603">
        <ele>101</ele>
      </trkpt>
      <trkpt lat="58.25578676330345" lon="12.02581251192066">
        <ele>100</ele>
      </trkpt>
      <trkpt lat="58.25569044440206" lon="12.02584588975777">
        <ele>99</ele>
      </trkpt>
      <trkpt lat="58.25560747663551" lon="12.02585637993515">
        <ele>98</ele>
      </trkpt>
      <trkpt lat="58.25552546252145" lon="12.02586782376502">
        <ele>97</ele>
      </trkpt>
      <trkpt lat="58.25495136372306" lon="12.02578199504101">
        <ele>93</ele>
      </trkpt>
      <trkpt lat="58.2545823002098" lon="12.02569998092695">
        <ele>92</ele>
      </trkpt>
      <trkpt lat="58.25451459088308" lon="12.02570188823193">
        <ele>92</ele>
      </trkpt>
      <trkpt lat="58.25444783520885" lon="12.02570379553691">
        <ele>91</ele>
      </trkpt>
      <trkpt lat="58.25434388708754" lon="12.02577531947358">
        <ele>91</ele>
      </trkpt>
      <trkpt lat="58.2542780850658" lon="12.02587545298493">
        <ele>91</ele>
      </trkpt>
      <trkpt lat="58.25421228304406" lon="12.02597558649628">
        <ele>92</ele>
      </trkpt>
      <trkpt lat="58.25414934197978" lon="12.02608430288003">
        <ele>92</ele>
      </trkpt>
      <trkpt lat="58.25408735456799" lon="12.02619397291627">
        <ele>92</ele>
      </trkpt>
      <trkpt lat="58.25403013541865" lon="12.02631031851993">
        <ele>92</ele>
      </trkpt>
      <trkpt lat="58.25397291626931" lon="12.02642666412359">
        <ele>92</ele>
      </trkpt>
      <trkpt lat="58.25391092885752" lon="12.02653156589739">
        <ele>92</ele>
      </trkpt>
      <trkpt lat="58.25384894144574" lon="12.02663646767118">
        <ele>92</ele>
      </trkpt>
      <trkpt lat="58.25380411977875" lon="12.02670226969292">
        <ele>92</ele>
      </trkpt>
      <trkpt lat="58.25376025176426" lon="12.02676807171467">
        <ele>92</ele>
      </trkpt>
      <trkpt lat="58.2536963570475" lon="12.02680717146672">
        <ele>91</ele>
      </trkpt>
      <trkpt lat="58.25363246233073" lon="12.02684627121877">
        <ele>91</ele>
      </trkpt>
      <trkpt lat="58.25358382605378" lon="12.02691398054549">
        <ele>91</ele>
      </trkpt>
      <trkpt lat="58.25330917413694" lon="12.02751096700363">
        <ele>92</ele>
      </trkpt>
      <trkpt lat="58.25328437917223" lon="12.02760156399008">
        <ele>93</ele>
      </trkpt>
      <trkpt lat="58.25326053786" lon="12.02769311462903">
        <ele>93</ele>
      </trkpt>
      <trkpt lat="58.25325386229258" lon="12.02780183101278">
        <ele>93</ele>
      </trkpt>
      <trkpt lat="58.25328437917223" lon="12.02818615296586">
        <ele>95</ele>
      </trkpt>
      <trkpt lat="58.25327293534236" lon="12.0282786572573">
        <ele>95</ele>
      </trkpt>
      <trkpt lat="58.25324432576769" lon="12.02836162502384">
        <ele>95</ele>
      </trkpt>
      <trkpt lat="58.252825672325" lon="12.02872687392714">
        <ele>97</ele>
      </trkpt>
      <trkpt lat="58.25251764257105" lon="12.02883177570093">
        <ele>99</ele>
      </trkpt>
      <trkpt lat="58.25245374785428" lon="12.02881460995613">
        <ele>99</ele>
      </trkpt>
      <trkpt lat="58.25239080679" lon="12.02879839786382">
        <ele>99</ele>
      </trkpt>
      <trkpt lat="58.25228495136372" lon="12.02870398626741">
        <ele>99</ele>
      </trkpt>
      <trkpt lat="58.25197024604234" lon="12.02839023459851">
        <ele>96</ele>
      </trkpt>
      <trkpt lat="58.25188155636086" lon="12.02830726683197">
        <ele>96</ele>
      </trkpt>
      <trkpt lat="58.25179382033187" lon="12.02822525271791">
        <ele>95</ele>
      </trkpt>
      <trkpt lat="58.25173183292009" lon="12.02818615296586">
        <ele>95</ele>
      </trkpt>
      <trkpt lat="58.2516698455083" lon="12.0281480068663">
        <ele>94</ele>
      </trkpt>
      <trkpt lat="58.25140568376884" lon="12.02804501239748">
        <ele>94</ele>
      </trkpt>
      <trkpt lat="58.25131985504482" lon="12.02805073431242">
        <ele>94</ele>
      </trkpt>
      <trkpt lat="58.25124260919321" lon="12.02809841693687">
        <ele>94</ele>
      </trkpt>
      <trkpt lat="58.25116631699409" lon="12.02814609956132">
        <ele>95</ele>
      </trkpt>
      <trkpt lat="58.25106332252527" lon="12.02809650963189">
        <ele>94</ele>
      </trkpt>
      <trkpt lat="58.25096032805646" lon="12.02804787335495">
        <ele>94</ele>
      </trkpt>
      <trkpt lat="58.25086114819759" lon="12.02805550257486">
        <ele>94</ele>
      </trkpt>
      <trkpt lat="58.25077245851612" lon="12.02810795346176">
        <ele>95</ele>
      </trkpt>
      <trkpt lat="58.25068376883463" lon="12.02816135800115">
        <ele>95</ele>
      </trkpt>
      <trkpt lat="58.25056933053595" lon="12.02820617966813">
        <ele>95</ele>
      </trkpt>
      <trkpt lat="58.25046728971962" lon="12.02822525271791">
        <ele>95</ele>
      </trkpt>
      <trkpt lat="58.25034999046348" lon="12.02820427236315">
        <ele>94</ele>
      </trkpt>
      <trkpt lat="58.25028037383178" lon="12.02814896051879">
        <ele>94</ele>
      </trkpt>
      <trkpt lat="58.25021075720008" lon="12.02809364867442">
        <ele>94</ele>
      </trkpt>
      <trkpt lat="58.25014686248331" lon="12.0280001907305">
        <ele>93</ele>
      </trkpt>
      <trkpt lat="58.25008296776655" lon="12.02790768643906">
        <ele>92</ele>
      </trkpt>
      <trkpt lat="58.25004291436201" lon="12.02781995041007">
        <ele>92</ele>
      </trkpt>
      <trkpt lat="58.25004049383728" lon="12.02781464830828">
        <ele>92</ele>
      </trkpt>
      <trkpt lat="58.25004049383728" lon="12.02781464830828">
        <ele>92</ele>
      </trkpt>
      <trkpt lat="58.25000286095747" lon="12.02773221438108">
        <ele>91</ele>
      </trkpt>
      <trkpt lat="58.24995327102804" lon="12.02765020026702">
        <ele>91</ele>
      </trkpt>
      <trkpt lat="58.2499046347511" lon="12.02756913980546">
        <ele>90</ele>
      </trkpt>
      <trkpt lat="58.24984646194927" lon="12.02751764257105">
        <ele>89</ele>
      </trkpt>
      <trkpt lat="58.24977779897006" lon="12.02751382796109">
        <ele>89</ele>
      </trkpt>
      <trkpt lat="58.24973488460805" lon="12.02755578867061">
        <ele>89</ele>
      </trkpt>
      <trkpt lat="58.24964238031662" lon="12.02763112721724">
        <ele>89</ele>
      </trkpt>
      <trkpt lat="58.24954987602518" lon="12.02770741941637">
        <ele>89</ele>
      </trkpt>
      <trkpt lat="58.24946118634369" lon="12.02775414838833">
        <ele>89</ele>
      </trkpt>
      <trkpt lat="58.24937249666222" lon="12.02780183101278">
        <ele>89</ele>
      </trkpt>
      <trkpt lat="58.2491827198169" lon="12.02808506580202">
        <ele>89</ele>
      </trkpt>
      <trkpt lat="58.2491827198169" lon="12.02808506580202">
        <ele>89</ele>
      </trkpt>
      <trkpt lat="58.24908163265306" lon="12.02836734693878">
        <ele>91</ele>
      </trkpt>
      <trkpt lat="58.24907781804311" lon="12.02845412931528">
        <ele>91</ele>
      </trkpt>
      <trkpt lat="58.24907495708564" lon="12.02854186534427">
        <ele>91</ele>
      </trkpt>
      <trkpt lat="58.24908163265306" lon="12.02862006484837">
        <ele>92</ele>
      </trkpt>
      <trkpt lat="58.24908926187297" lon="12.02869826435247">
        <ele>92</ele>
      </trkpt>
      <trkpt lat="58.24913026893" lon="12.02881460995613">
        <ele>93</ele>
      </trkpt>
      <trkpt lat="58.24942494754912" lon="12.02929143620065">
        <ele>97</ele>
      </trkpt>
      <trkpt lat="58.24945164981881" lon="12.02936582109479">
        <ele>97</ele>
      </trkpt>
      <trkpt lat="58.2494783520885" lon="12.02944020598894">
        <ele>97</ele>
      </trkpt>
      <trkpt lat="58.24947072286859" lon="12.02956131985505">
        <ele>97</ele>
      </trkpt>
      <trkpt lat="58.24946309364867" lon="12.02968243372115">
        <ele>98</ele>
      </trkpt>
      <trkpt lat="58.2492866679382" lon="12.03106236887278">
        <ele>100</ele>
      </trkpt>
      <trkpt lat="58.24898912836162" lon="12.0310347129506">
        <ele>98</ele>
      </trkpt>
      <trkpt lat="58.24898912836162" lon="12.0310347129506">
        <ele>98</ele>
      </trkpt>
      <trkpt lat="58.24836925424376" lon="12.03222773221438">
        <ele>102</ele>
      </trkpt>
      <trkpt lat="58.2482691207324" lon="12.03252145718101">
        <ele>103</ele>
      </trkpt>
      <trkpt lat="58.24820141140568" lon="12.03258725920275">
        <ele>103</ele>
      </trkpt>
      <trkpt lat="58.24812390039332" lon="12.0325807319596">
        <ele>103</ele>
      </trkpt>
      <trkpt lat="58.24812390039332" lon="12.0325807319596">
        <ele>103</ele>
      </trkpt>
      <trkpt lat="58.24820141140568" lon="12.03258725920275">
        <ele>103</ele>
      </trkpt>
      <trkpt lat="58.24820141140568" lon="12.03258725920275">
        <ele>103</ele>
      </trkpt>
      <trkpt lat="58.24810127789434" lon="12.03370303261492">
        <ele>104</ele>
      </trkpt>
      <trkpt lat="58.2481222582491" lon="12.03398436009918">
        <ele>104</ele>
      </trkpt>
      <trkpt lat="58.24845126835781" lon="12.03539004386802">
        <ele>107</ele>
      </trkpt>
      <trkpt lat="58.2486696547778" lon="12.03619874117872">
        <ele>107</ele>
      </trkpt>
      <trkpt lat="58.2486696547778" lon="12.03619874117872">
        <ele>107</ele>
      </trkpt>
      <trkpt lat="58.24871829105474" lon="12.03683673469388">
        <ele>105</ele>
      </trkpt>
      <trkpt lat="58.24862101850086" lon="12.03737173374023">
        <ele>103</ele>
      </trkpt>
      <trkpt lat="58.24861625023841" lon="12.0378609574671">
        <ele>103</ele>
      </trkpt>
      <trkpt lat="58.24861625023841" lon="12.0378609574671">
        <ele>103</ele>
      </trkpt>
      <trkpt lat="58.24818996757582" lon="12.03864485981308">
        <ele>104</ele>
      </trkpt>
      <trkpt lat="58.24777894335304" lon="12.03926473393096">
        <ele>104</ele>
      </trkpt>
      <trkpt lat="58.24755197406066" lon="12.03970627503338">
        <ele>105</ele>
      </trkpt>
      <trkpt lat="58.24726873927141" lon="12.04">
        <ele>103</ele>
      </trkpt>
      <trkpt lat="58.24726873927141" lon="12.04000000000001">
        <ele>103</ele>
      </trkpt>
      <trkpt lat="58.24689967575815" lon="12.04006294106429">
        <ele>99</ele>
      </trkpt>
      <trkpt lat="58.24680240320427" lon="12.04017833301546">
        <ele>99</ele>
      </trkpt>
      <trkpt lat="58.24673374022506" lon="12.04032901010873">
        <ele>99</ele>
      </trkpt>
      <trkpt lat="58.24659259965669" lon="12.04106427617777">
        <ele>101</ele>
      </trkpt>
      <trkpt lat="58.24658783139424" lon="12.04115010490179">
        <ele>102</ele>
      </trkpt>
      <trkpt lat="58.24655731451459" lon="12.0416355140187">
        <ele>104</ele>
      </trkpt>
      <trkpt lat="58.24655731451459" lon="12.0416355140187">
        <ele>104</ele>
      </trkpt>
      <trkpt lat="58.24653442685485" lon="12.04183292008393">
        <ele>105</ele>
      </trkpt>
      <trkpt lat="58.24652107572001" lon="12.04207324051117">
        <ele>106</ele>
      </trkpt>
      <trkpt lat="58.24649055884036" lon="12.04223631508679">
        <ele>106</ele>
      </trkpt>
      <trkpt lat="58.24630650390998" lon="12.04244897959185">
        <ele>105</ele>
      </trkpt>
      <trkpt lat="58.2462607285905" lon="12.04256913980547">
        <ele>104</ele>
      </trkpt>
      <trkpt lat="58.24630555025749" lon="12.04301735647531">
        <ele>104</ele>
      </trkpt>
      <trkpt lat="58.2463131794774" lon="12.04318901392334">
        <ele>104</ele>
      </trkpt>
      <trkpt lat="58.2462788479878" lon="12.04340644669084">
        <ele>103</ele>
      </trkpt>
      <trkpt lat="58.24621495327103" lon="12.04364295250812">
        <ele>103</ele>
      </trkpt>
      <trkpt lat="58.24618539004387" lon="12.04379935151632">
        <ele>103</ele>
      </trkpt>
      <trkpt lat="58.24621781422849" lon="12.0440186915888">
        <ele>103</ele>
      </trkpt>
      <trkpt lat="58.24620732405111" lon="12.04417222963953">
        <ele>103</ele>
      </trkpt>
      <trkpt lat="58.24614915124928" lon="12.04439919893192">
        <ele>102</ele>
      </trkpt>
      <trkpt lat="58.2461129124547" lon="12.04464810223156">
        <ele>102</ele>
      </trkpt>
      <trkpt lat="58.24615487316422" lon="12.0448788861339">
        <ele>102</ele>
      </trkpt>
      <trkpt lat="58.24613007819951" lon="12.04507819950411">
        <ele>101</ele>
      </trkpt>
      <trkpt lat="58.24608430288003" lon="12.04533854663362">
        <ele>101</ele>
      </trkpt>
      <trkpt lat="58.24609765401487" lon="12.04578962426093">
        <ele>100</ele>
      </trkpt>
      <trkpt lat="58.24613389280946" lon="12.04628170894527">
        <ele>101</ele>
      </trkpt>
      <trkpt lat="58.2462082777036" lon="12.04665363341599">
        <ele>102</ele>
      </trkpt>
      <trkpt lat="58.24629219912264" lon="12.04693877551022">
        <ele>102</ele>
      </trkpt>
      <trkpt lat="58.24634083539958" lon="12.04733072668321">
        <ele>101</ele>
      </trkpt>
      <trkpt lat="58.24636563036429" lon="12.04768643906162">
        <ele>102</ele>
      </trkpt>
      <trkpt lat="58.24637898149914" lon="12.04818233835591">
        <ele>103</ele>
      </trkpt>
      <trkpt lat="58.24636944497425" lon="12.04865534999047">
        <ele>102</ele>
      </trkpt>
      <trkpt lat="58.24634274270456" lon="12.04898626740417">
        <ele>102</ele>
      </trkpt>
      <trkpt lat="58.24628075529277" lon="12.04920560747665">
        <ele>102</ele>
      </trkpt>
      <trkpt lat="58.24624547015068" lon="12.04939061605952">
        <ele>101</ele>
      </trkpt>
      <trkpt lat="58.24627312607286" lon="12.0497577722678">
        <ele>101</ele>
      </trkpt>
      <trkpt lat="58.24631794773985" lon="12.05003337783713">
        <ele>100</ele>
      </trkpt>
      <trkpt lat="58.246304596605" lon="12.05028323478926">
        <ele>99</ele>
      </trkpt>
      <trkpt lat="58.24619397291627" lon="12.05057123784094">
        <ele>99</ele>
      </trkpt>
      <trkpt lat="58.24601182529086" lon="12.05086496280756">
        <ele>98</ele>
      </trkpt>
      <trkpt lat="58.24583349227542" lon="12.05128647720772">
        <ele>96</ele>
      </trkpt>
      <trkpt lat="58.24566755674233" lon="12.05182242990655">
        <ele>95</ele>
      </trkpt>
      <trkpt lat="58.24548731642189" lon="12.05195117299257">
        <ele>95</ele>
      </trkpt>
      <trkpt lat="58.24538813656304" lon="12.05209994278086">
        <ele>95</ele>
      </trkpt>
      <trkpt lat="58.24528991035667" lon="12.05240606522984">
        <ele>95</ele>
      </trkpt>
      <trkpt lat="58.24516975014305" lon="12.05264543200459">
        <ele>96</ele>
      </trkpt>
      <trkpt lat="58.245" lon="12.05284379172231">
        <ele>98</ele>
      </trkpt>
      <trkpt lat="58.24480545489224" lon="12.05294773984361">
        <ele>98</ele>
      </trkpt>
      <trkpt lat="58.24465954606141" lon="12.05299065420562">
        <ele>99</ele>
      </trkpt>
      <trkpt lat="58.24451840549304" lon="12.05298016402824">
        <ele>99</ele>
      </trkpt>
      <trkpt lat="58.24441541102422" lon="12.0528790768644">
        <ele>99</ele>
      </trkpt>
      <trkpt lat="58.24427522410834" lon="12.05260251764258">
        <ele>99</ele>
      </trkpt>
      <trkpt lat="58.24413789814992" lon="12.05239938966242">
        <ele>99</ele>
      </trkpt>
      <trkpt lat="58.24400247949647" lon="12.05223822239177">
        <ele>99</ele>
      </trkpt>
      <trkpt lat="58.2438870875453" lon="12.05221724203701">
        <ele>98</ele>
      </trkpt>
      <trkpt lat="58.24374499332443" lon="12.0523145145909">
        <ele>98</ele>
      </trkpt>
      <trkpt lat="58.24350658020217" lon="12.05258916650774">
        <ele>99</ele>
      </trkpt>
      <trkpt lat="58.24340358573336" lon="12.05261396147245">
        <ele>98</ele>
      </trkpt>
      <trkpt lat="58.24323955750525" lon="12.05256913980547">
        <ele>98</ele>
      </trkpt>
      <trkpt lat="58.24303070761015" lon="12.05260156399009">
        <ele>98</ele>
      </trkpt>
      <trkpt lat="58.24251192065611" lon="12.0528790768644">
        <ele>99</ele>
      </trkpt>
      <trkpt lat="58.24228590501621" lon="12.05301735647531">
        <ele>101</ele>
      </trkpt>
      <trkpt lat="58.24213236696548" lon="12.05318901392334">
        <ele>103</ele>
      </trkpt>
      <trkpt lat="58.24210852565325" lon="12.05345031470533">
        <ele>103</ele>
      </trkpt>
      <trkpt lat="58.24210852565325" lon="12.05391569711998">
        <ele>103</ele>
      </trkpt>
      <trkpt lat="58.24206181961853" lon="12.05464869590972">
        <ele>101</ele>
      </trkpt>
      <trkpt lat="58.24206181952727" lon="12.0546486957906">
        <ele>101</ele>
      </trkpt>
      <trkpt lat="58.24192256341789" lon="12.05446690825864">
        <ele>102</ele>
      </trkpt>
      <trkpt lat="58.24182242990654" lon="12.05437726492467">
        <ele>103</ele>
      </trkpt>
      <trkpt lat="58.2416431432386" lon="12.05430383368302">
        <ele>103</ele>
      </trkpt>
      <trkpt lat="58.2414171275987" lon="12.05409021552547">
        <ele>105</ele>
      </trkpt>
      <trkpt lat="58.24105283234789" lon="12.05371543009728">
        <ele>107</ele>
      </trkpt>
      <trkpt lat="58.24092885752432" lon="12.05355617013162">
        <ele>108</ele>
      </trkpt>
      <trkpt lat="58.24081441922564" lon="12.0533225252718">
        <ele>110</ele>
      </trkpt>
      <trkpt lat="58.24074384894145" lon="12.0531136753767">
        <ele>111</ele>
      </trkpt>
      <trkpt lat="58.24070856379935" lon="12.0529143620065">
        <ele>111</ele>
      </trkpt>
      <trkpt lat="58.24070188823192" lon="12.05254720579822">
        <ele>112</ele>
      </trkpt>
      <trkpt lat="58.24068186152966" lon="12.05233835590312">
        <ele>112</ele>
      </trkpt>
      <trkpt lat="58.24058744993324" lon="12.05178809841695">
        <ele>113</ele>
      </trkpt>
      <trkpt lat="58.24056456227351" lon="12.05160213618159">
        <ele>113</ele>
      </trkpt>
      <trkpt lat="58.24059031089071" lon="12.05112530993707">
        <ele>113</ele>
      </trkpt>
      <trkpt lat="58.24058649628076" lon="12.05101182529087">
        <ele>113</ele>
      </trkpt>
      <trkpt lat="58.24056265496853" lon="12.05087831394241">
        <ele>113</ele>
      </trkpt>
      <trkpt lat="58.2404958992943" lon="12.05074194163648">
        <ele>114</ele>
      </trkpt>
      <trkpt lat="58.24042056074767" lon="12.05067232500478">
        <ele>114</ele>
      </trkpt>
      <trkpt lat="58.24" lon="12.05040053404541">
        <ele>115</ele>
      </trkpt>
      <trkpt lat="58.23999999999999" lon="12.05040053404541">
        <ele>115</ele>
      </trkpt>
      <trkpt lat="58.2398941445737" lon="12.05033091741371">
        <ele>115</ele>
      </trkpt>
      <trkpt lat="58.23951649818805" lon="12.05024222773222">
        <ele>118</ele>
      </trkpt>
      <trkpt lat="58.23918653442684" lon="12.05020503528515">
        <ele>120</ele>
      </trkpt>
      <trkpt lat="58.2390864009155" lon="12.05014590883083">
        <ele>121</ele>
      </trkpt>
      <trkpt lat="58.23883749761586" lon="12.04986458134657">
        <ele>123</ele>
      </trkpt>
      <trkpt lat="58.23854281899675" lon="12.04963093648676">
        <ele>125</ele>
      </trkpt>
      <trkpt lat="58.23844840740033" lon="12.04964142666413">
        <ele>126</ele>
      </trkpt>
      <trkpt lat="58.23833683005912" lon="12.04970341407592">
        <ele>127</ele>
      </trkpt>
      <trkpt lat="58.23817757009345" lon="12.04976444783522">
        <ele>128</ele>
      </trkpt>
      <trkpt lat="58.23803738317756" lon="12.04983215716194">
        <ele>129</ele>
      </trkpt>
      <trkpt lat="58.23777608239556" lon="12.04987507152395">
        <ele>130</ele>
      </trkpt>
      <trkpt lat="58.23757581537287" lon="12.04987507152395">
        <ele>132</ele>
      </trkpt>
      <trkpt lat="58.23744325767689" lon="12.0498188060271">
        <ele>132</ele>
      </trkpt>
      <trkpt lat="58.23727922944878" lon="12.04971295060081">
        <ele>133</ele>
      </trkpt>
      <trkpt lat="58.23722201029943" lon="12.04966908258632">
        <ele>133</ele>
      </trkpt>
      <trkpt lat="58.2371375558323" lon="12.04957452245645">
        <ele>134</ele>
      </trkpt>
      <trkpt lat="58.2371375558323" lon="12.04957452245645">
        <ele>134</ele>
      </trkpt>
      <trkpt lat="58.23715027600032" lon="12.04958876469586">
        <ele>134</ele>
      </trkpt>
      <trkpt lat="58.23715027600032" lon="12.04958876469586">
        <ele>134</ele>
      </trkpt>
      <trkpt lat="58.23677307486146" lon="12.0491287583812">
        <ele>136</ele>
      </trkpt>
      <trkpt lat="58.23677307486146" lon="12.0491287583812">
        <ele>136</ele>
      </trkpt>
      <trkpt lat="58.23665267976348" lon="12.04897386992181">
        <ele>137</ele>
      </trkpt>
      <trkpt lat="58.23534999046346" lon="12.04641235933627">
        <ele>147</ele>
      </trkpt>
      <trkpt lat="58.23494850276558" lon="12.04560175472059">
        <ele>152</ele>
      </trkpt>
      <trkpt lat="58.23471581155826" lon="12.04520503528515">
        <ele>154</ele>
      </trkpt>
      <trkpt lat="58.23446500095364" lon="12.0448884226588">
        <ele>155</ele>
      </trkpt>
      <trkpt lat="58.23428189967575" lon="12.04480831584972">
        <ele>154</ele>
      </trkpt>
      <trkpt lat="58.23362292580583" lon="12.04458802212475">
        <ele>149</ele>
      </trkpt>
      <trkpt lat="58.23325290864008" lon="12.0444964714858">
        <ele>146</ele>
      </trkpt>
      <trkpt lat="58.23311558268166" lon="12.04442208659166">
        <ele>144</ele>
      </trkpt>
      <trkpt lat="58.23299065420559" lon="12.04427140949839">
        <ele>142</ele>
      </trkpt>
      <trkpt lat="58.2329124547015" lon="12.04412359336259">
        <ele>141</ele>
      </trkpt>
      <trkpt lat="58.23277417509059" lon="12.04376215906925">
        <ele>139</ele>
      </trkpt>
      <trkpt lat="58.23244516498187" lon="12.04275033377838">
        <ele>134</ele>
      </trkpt>
      <trkpt lat="58.23240606522982" lon="12.04251192065612">
        <ele>133</ele>
      </trkpt>
      <trkpt lat="58.23239843600991" lon="12.04189776845319">
        <ele>135</ele>
      </trkpt>
      <trkpt lat="58.2323555216479" lon="12.04159450696167">
        <ele>135</ele>
      </trkpt>
      <trkpt lat="58.2322515735266" lon="12.04131794773986">
        <ele>135</ele>
      </trkpt>
      <trkpt lat="58.23213236696547" lon="12.04105569330537">
        <ele>135</ele>
      </trkpt>
      <trkpt lat="58.23201602136181" lon="12.04091836734695">
        <ele>134</ele>
      </trkpt>
      <trkpt lat="58.23131508678237" lon="12.04043295823003">
        <ele>128</ele>
      </trkpt>
      <trkpt lat="58.23088975777226" lon="12.04000000000001">
        <ele>125</ele>
      </trkpt>
      <trkpt lat="58.23088975777226" lon="12.04">
        <ele>125</ele>
      </trkpt>
      <trkpt lat="58.23065420560746" lon="12.03976063322525">
        <ele>125</ele>
      </trkpt>
      <trkpt lat="58.23044535571237" lon="12.03947739843601">
        <ele>126</ele>
      </trkpt>
      <trkpt lat="58.2300162120923" lon="12.03868300591265">
        <ele>128</ele>
      </trkpt>
      <trkpt lat="58.22994278085065" lon="12.03849036810986">
        <ele>129</ele>
      </trkpt>
      <trkpt lat="58.22982357428952" lon="12.03790387182911">
        <ele>130</ele>
      </trkpt>
      <trkpt lat="58.22974156017546" lon="12.03766164409689">
        <ele>130</ele>
      </trkpt>
      <trkpt lat="58.22967385084874" lon="12.03755864962808">
        <ele>130</ele>
      </trkpt>
      <trkpt lat="58.2292771314133" lon="12.03736887278276">
        <ele>128</ele>
      </trkpt>
      <trkpt lat="58.22915124928475" lon="12.03733835590311">
        <ele>127</ele>
      </trkpt>
      <trkpt lat="58.22903013541864" lon="12.03735838260538">
        <ele>128</ele>
      </trkpt>
      <trkpt lat="58.22876597367918" lon="12.03763971008964">
        <ele>127</ele>
      </trkpt>
      <trkpt lat="58.22870493991989" lon="12.03766355140187">
        <ele>128</ele>
      </trkpt>
      <trkpt lat="58.22864581346556" lon="12.03765973679191">
        <ele>128</ele>
      </trkpt>
      <trkpt lat="58.22859622353614" lon="12.03762921991227">
        <ele>129</ele>
      </trkpt>
      <trkpt lat="58.22853614342932" lon="12.03757295441541">
        <ele>129</ele>
      </trkpt>
      <trkpt lat="58.22847320236504" lon="12.03745660881175">
        <ele>130</ele>
      </trkpt>
      <trkpt lat="58.22840453938583" lon="12.03722677856189">
        <ele>131</ele>
      </trkpt>
      <trkpt lat="58.22838737364103" lon="12.03698645813466">
        <ele>132</ele>
      </trkpt>
      <trkpt lat="58.22834541293152" lon="12.03597654014877">
        <ele>133</ele>
      </trkpt>
      <trkpt lat="58.22829773030706" lon="12.03580106809079">
        <ele>134</ele>
      </trkpt>
      <trkpt lat="58.22769979019644" lon="12.03491131031852">
        <ele>133</ele>
      </trkpt>
      <trkpt lat="58.22761872973487" lon="12.03477684531757">
        <ele>134</ele>
      </trkpt>
      <trkpt lat="58.22751382796108" lon="12.03466717528133">
        <ele>134</ele>
      </trkpt>
      <trkpt lat="58.22735456799541" lon="12.03461853900439">
        <ele>134</ele>
      </trkpt>
      <trkpt lat="58.22722582490939" lon="12.03460804882701">
        <ele>135</ele>
      </trkpt>
      <trkpt lat="58.22707133320617" lon="12.0346433339691">
        <ele>136</ele>
      </trkpt>
      <trkpt lat="58.22652012206751" lon="12.03491989319092">
        <ele>137</ele>
      </trkpt>
      <trkpt lat="58.22638851802402" lon="12.03497615868778">
        <ele>138</ele>
      </trkpt>
      <trkpt lat="58.22625023841312" lon="12.03493515163075">
        <ele>139</ele>
      </trkpt>
      <trkpt lat="58.22634369635703" lon="12.03440682815182">
        <ele>141</ele>
      </trkpt>
      <trkpt lat="58.22649341979781" lon="12.03387659736792">
        <ele>142</ele>
      </trkpt>
      <trkpt lat="58.22650867823764" lon="12.03375548350181">
        <ele>142</ele>
      </trkpt>
      <trkpt lat="58.2265029563227" lon="12.03288765973679">
        <ele>146</ele>
      </trkpt>
      <trkpt lat="58.22654205607476" lon="12.03250905969865">
        <ele>147</ele>
      </trkpt>
      <trkpt lat="58.22662979210375" lon="12.03210375739081">
        <ele>147</ele>
      </trkpt>
      <trkpt lat="58.22662979210375" lon="12.03210375739081">
        <ele>147</ele>
      </trkpt>
      <trkpt lat="58.22658497043676" lon="12.03181575433912">
        <ele>149</ele>
      </trkpt>
      <trkpt lat="58.22654873164218" lon="12.03165267976349">
        <ele>149</ele>
      </trkpt>
      <trkpt lat="58.22652775128742" lon="12.03150867823765">
        <ele>150</ele>
      </trkpt>
      <trkpt lat="58.22654396337973" lon="12.03137612054168">
        <ele>150</ele>
      </trkpt>
      <trkpt lat="58.22653653017691" lon="12.03129229053204">
        <ele>150</ele>
      </trkpt>
      <trkpt lat="58.22653653017691" lon="12.03129229053204">
        <ele>150</ele>
      </trkpt>
      <trkpt lat="58.22653332655424" lon="12.03125616078747">
        <ele>150</ele>
      </trkpt>
      <trkpt lat="58.22653332655424" lon="12.03125616078747">
        <ele>150</ele>
      </trkpt>
      <trkpt lat="58.22652679763493" lon="12.0311825290864">
        <ele>150</ele>
      </trkpt>
      <trkpt lat="58.22642189586114" lon="12.03113770741942">
        <ele>151</ele>
      </trkpt>
      <trkpt lat="58.22633606713713" lon="12.03114056837688">
        <ele>151</ele>
      </trkpt>
      <trkpt lat="58.22617871447643" lon="12.03101277894335">
        <ele>153</ele>
      </trkpt>
      <trkpt lat="58.22607285905015" lon="12.0307915315659">
        <ele>153</ele>
      </trkpt>
      <trkpt lat="58.22597081823383" lon="12.03077531947359">
        <ele>154</ele>
      </trkpt>
      <trkpt lat="58.22588498950982" lon="12.0308258630555">
        <ele>155</ele>
      </trkpt>
      <trkpt lat="58.22577722677855" lon="12.03093362578676">
        <ele>155</ele>
      </trkpt>
      <trkpt lat="58.22550829677665" lon="12.03131985504482">
        <ele>156</ele>
      </trkpt>
      <trkpt lat="58.22536334159831" lon="12.03134083539958">
        <ele>157</ele>
      </trkpt>
      <trkpt lat="58.22527560556932" lon="12.03124260919321">
        <ele>157</ele>
      </trkpt>
      <trkpt lat="58.2252250619874" lon="12.03112626358955">
        <ele>158</ele>
      </trkpt>
      <trkpt lat="58.22511634560365" lon="12.03071142475682">
        <ele>158</ele>
      </trkpt>
      <trkpt lat="58.22487888613388" lon="12.03015925996567">
        <ele>159</ele>
      </trkpt>
      <trkpt lat="58.22480068662978" lon="12.02961186343697">
        <ele>159</ele>
      </trkpt>
      <trkpt lat="58.22478924279991" lon="12.02926759488842">
        <ele>159</ele>
      </trkpt>
      <trkpt lat="58.22478542818996" lon="12.02870589357238">
        <ele>160</ele>
      </trkpt>
      <trkpt lat="58.22473583826053" lon="12.02835590310891">
        <ele>160</ele>
      </trkpt>
      <trkpt lat="58.22462044630935" lon="12.02776463856571">
        <ele>162</ele>
      </trkpt>
      <trkpt lat="58.22452222010298" lon="12.02738222391761">
        <ele>163</ele>
      </trkpt>
      <trkpt lat="58.22440396719434" lon="12.02701125309937">
        <ele>164</ele>
      </trkpt>
      <trkpt lat="58.22432004577531" lon="12.02677474728209">
        <ele>165</ele>
      </trkpt>
      <trkpt lat="58.22417127598702" lon="12.02643715430097">
        <ele>165</ele>
      </trkpt>
      <trkpt lat="58.22414362006484" lon="12.02597558649628">
        <ele>166</ele>
      </trkpt>
      <trkpt lat="58.22393763112721" lon="12.02539767308793">
        <ele>165</ele>
      </trkpt>
      <trkpt lat="58.22393667747472" lon="12.02515163074576">
        <ele>165</ele>
      </trkpt>
      <trkpt lat="58.22382033187105" lon="12.02495899294297">
        <ele>165</ele>
      </trkpt>
      <trkpt lat="58.22373545679953" lon="12.02472534808316">
        <ele>165</ele>
      </trkpt>
      <trkpt lat="58.22363150867822" lon="12.02420179286668">
        <ele>164</ele>
      </trkpt>
      <trkpt lat="58.22340167842837" lon="12.02385275605569">
        <ele>164</ele>
      </trkpt>
      <trkpt lat="58.22322811367537" lon="12.02363055502575">
        <ele>164</ele>
      </trkpt>
      <trkpt lat="58.22307171466716" lon="12.02340549303834">
        <ele>164</ele>
      </trkpt>
      <trkpt lat="58.22287621590691" lon="12.02314037764639">
        <ele>164</ele>
      </trkpt>
      <trkpt lat="58.22275128743085" lon="12.02278085065802">
        <ele>164</ele>
      </trkpt>
      <trkpt lat="58.22269502193399" lon="12.02249189395384">
        <ele>163</ele>
      </trkpt>
      <trkpt lat="58.22269502193399" lon="12.02249189395384">
        <ele>163</ele>
      </trkpt>
      <trkpt lat="58.22249189395383" lon="12.02243848941446">
        <ele>164</ele>
      </trkpt>
      <trkpt lat="58.22249189395383" lon="12.02243848941446">
        <ele>164</ele>
      </trkpt>
      <trkpt lat="58.22237554835017" lon="12.02248140377647">
        <ele>164</ele>
      </trkpt>
      <trkpt lat="58.22228876597367" lon="12.02252527179096">
        <ele>164</ele>
      </trkpt>
      <trkpt lat="58.22209135990844" lon="12.02269979019645">
        <ele>165</ele>
      </trkpt>
      <trkpt lat="58.22204749189395" lon="12.02287049399199">
        <ele>165</ele>
      </trkpt>
      <trkpt lat="58.22189204653823" lon="12.02310318519931">
        <ele>166</ele>
      </trkpt>
      <trkpt lat="58.22174327674994" lon="12.02339404920847">
        <ele>167</ele>
      </trkpt>
      <trkpt lat="58.22160308983405" lon="12.02373545679954">
        <ele>167</ele>
      </trkpt>
      <trkpt lat="58.22152202937249" lon="12.0238870875453">
        <ele>167</ele>
      </trkpt>
      <trkpt lat="58.22140377646384" lon="12.0240349036811">
        <ele>166</ele>
      </trkpt>
      <trkpt lat="58.22133034522219" lon="12.02417032233454">
        <ele>166</ele>
      </trkpt>
      <trkpt lat="58.22116250238412" lon="12.02453843219531">
        <ele>165</ele>
      </trkpt>
      <trkpt lat="58.22095651344649" lon="12.02493324432577">
        <ele>164</ele>
      </trkpt>
      <trkpt lat="58.2208516116727" lon="12.02518310127789">
        <ele>163</ele>
      </trkpt>
      <trkpt lat="58.22079725348082" lon="12.0254176997902">
        <ele>163</ele>
      </trkpt>
      <trkpt lat="58.22077818043104" lon="12.02561224489796">
        <ele>162</ele>
      </trkpt>
      <trkpt lat="58.22077150486362" lon="12.02583826053786">
        <ele>162</ele>
      </trkpt>
      <trkpt lat="58.2207905779134" lon="12.02608430288003">
        <ele>161</ele>
      </trkpt>
      <trkpt lat="58.22084016784283" lon="12.02619206561129">
        <ele>161</ele>
      </trkpt>
      <trkpt lat="58.22087068472248" lon="12.02628552355522">
        <ele>161</ele>
      </trkpt>
      <trkpt lat="58.22100228876597" lon="12.02662407018882">
        <ele>161</ele>
      </trkpt>
      <trkpt lat="58.22102994468815" lon="12.02680717146672">
        <ele>160</ele>
      </trkpt>
      <trkpt lat="58.22101373259583" lon="12.02694926568758">
        <ele>160</ele>
      </trkpt>
      <trkpt lat="58.22092504291435" lon="12.02712473774557">
        <ele>160</ele>
      </trkpt>
      <trkpt lat="58.22077627312606" lon="12.02723822239176">
        <ele>159</ele>
      </trkpt>
      <trkpt lat="58.22069235170703" lon="12.02735170703796">
        <ele>159</ele>
      </trkpt>
      <trkpt lat="58.22063513255769" lon="12.02769216097654">
        <ele>158</ele>
      </trkpt>
      <trkpt lat="58.22057791340834" lon="12.02816231165363">
        <ele>158</ele>
      </trkpt>
      <trkpt lat="58.22050734312415" lon="12.02848273888995">
        <ele>158</ele>
      </trkpt>
      <trkpt lat="58.22040720961281" lon="12.02887373641045">
        <ele>157</ele>
      </trkpt>
      <trkpt lat="58.22032424184626" lon="12.02904253290101">
        <ele>156</ele>
      </trkpt>
      <trkpt lat="58.22018405493037" lon="12.02961377074194">
        <ele>154</ele>
      </trkpt>
      <trkpt lat="58.22008201411405" lon="12.02985409116918">
        <ele>152</ele>
      </trkpt>
      <trkpt lat="58.21999999999999" lon="12.03002193400725">
        <ele>150</ele>
      </trkpt>
      <trkpt lat="58.22000000000001" lon="12.03002193400725">
        <ele>150</ele>
      </trkpt>
      <trkpt lat="58.21997615868779" lon="12.03007152393668">
        <ele>150</ele>
      </trkpt>
      <trkpt lat="58.21992847606333" lon="12.0303824146481">
        <ele>149</ele>
      </trkpt>
      <trkpt lat="58.21992370780089" lon="12.03074194163647">
        <ele>149</ele>
      </trkpt>
      <trkpt lat="58.21982548159451" lon="12.03113770741942">
        <ele>147</ele>
      </trkpt>
      <trkpt lat="58.21975586496281" lon="12.03135800114438">
        <ele>145</ele>
      </trkpt>
      <trkpt lat="58.21959851230213" lon="12.03167556742323">
        <ele>143</ele>
      </trkpt>
      <trkpt lat="58.21953366393287" lon="12.03165840167843">
        <ele>142</ele>
      </trkpt>
      <trkpt lat="58.21939347701699" lon="12.03155540720961">
        <ele>141</ele>
      </trkpt>
      <trkpt lat="58.2192618729735" lon="12.03146862483311">
        <ele>139</ele>
      </trkpt>
      <trkpt lat="58.21913217623499" lon="12.03149723440778">
        <ele>138</ele>
      </trkpt>
      <trkpt lat="58.21896814800687" lon="12.03148006866298">
        <ele>137</ele>
      </trkpt>
      <trkpt lat="58.21884321953081" lon="12.03181193972916">
        <ele>136</ele>
      </trkpt>
      <trkpt lat="58.21880793438871" lon="12.03203890902155">
        <ele>136</ele>
      </trkpt>
      <trkpt lat="58.21876406637422" lon="12.03218004958993">
        <ele>135</ele>
      </trkpt>
      <trkpt lat="58.21841502956323" lon="12.03228590501621">
        <ele>132</ele>
      </trkpt>
      <trkpt lat="58.2182786572573" lon="12.03238222391761">
        <ele>131</ele>
      </trkpt>
      <trkpt lat="58.21817947739844" lon="12.03243276749952">
        <ele>130</ele>
      </trkpt>
      <trkpt lat="58.21788670608431" lon="12.03242895288957">
        <ele>129</ele>
      </trkpt>
      <trkpt lat="58.21771218767882" lon="12.03234979973298">
        <ele>129</ele>
      </trkpt>
      <trkpt lat="58.21750905969866" lon="12.03232881937822">
        <ele>128</ele>
      </trkpt>
      <trkpt lat="58.21726301735648" lon="12.03223536143429">
        <ele>128</ele>
      </trkpt>
      <trkpt lat="58.21695498760253" lon="12.03218100324242">
        <ele>128</ele>
      </trkpt>
      <trkpt lat="58.21683005912647" lon="12.03213808888041">
        <ele>128</ele>
      </trkpt>
      <trkpt lat="58.21667366011826" lon="12.03222677856189">
        <ele>128</ele>
      </trkpt>
      <trkpt lat="58.21651630745757" lon="12.03221628838451">
        <ele>128</ele>
      </trkpt>
      <trkpt lat="58.21635037192448" lon="12.032043677284">
        <ele>127</ele>
      </trkpt>
      <trkpt lat="58.21623307266833" lon="12.03181289338165">
        <ele>126</ele>
      </trkpt>
      <trkpt lat="58.21623307266833" lon="12.03181289338165">
        <ele>126</ele>
      </trkpt>
      <trkpt lat="58.21617489986649" lon="12.03169750143048">
        <ele>126</ele>
      </trkpt>
      <trkpt lat="58.21617489986649" lon="12.03169750143048">
        <ele>126</ele>
      </trkpt>
      <trkpt lat="58.21614533663934" lon="12.03163837497616">
        <ele>126</ele>
      </trkpt>
      <trkpt lat="58.21594793057411" lon="12.0315830631318">
        <ele>126</ele>
      </trkpt>
      <trkpt lat="58.21580774365822" lon="12.03157066564944">
        <ele>125</ele>
      </trkpt>
      <trkpt lat="58.2156790005722" lon="12.03171943543773">
        <ele>125</ele>
      </trkpt>
      <trkpt lat="58.21555693305361" lon="12.03210185008583">
        <ele>126</ele>
      </trkpt>
      <trkpt lat="58.21539385847798" lon="12.0325739080679">
        <ele>127</ele>
      </trkpt>
      <trkpt lat="58.21525367156209" lon="12.03281899675758">
        <ele>127</ele>
      </trkpt>
      <trkpt lat="58.21511634560367" lon="12.03327198168987">
        <ele>127</ele>
      </trkpt>
      <trkpt lat="58.21500381460996" lon="12.03333301544917">
        <ele>127</ele>
      </trkpt>
      <trkpt lat="58.2147654014877" lon="12.03322811367538">
        <ele>128</ele>
      </trkpt>
      <trkpt lat="58.21466049971391" lon="12.03328247186725">
        <ele>128</ele>
      </trkpt>
      <trkpt lat="58.21434960900249" lon="12.03390520694259">
        <ele>129</ele>
      </trkpt>
      <trkpt lat="58.21423326339882" lon="12.03398531375167">
        <ele>130</ele>
      </trkpt>
      <trkpt lat="58.21405016212093" lon="12.03424470722869">
        <ele>130</ele>
      </trkpt>
      <trkpt lat="58.21390806790006" lon="12.03429906542056">
        <ele>129</ele>
      </trkpt>
      <trkpt lat="58.21376502002671" lon="12.03426473393096">
        <ele>128</ele>
      </trkpt>
      <trkpt lat="58.21367633034523" lon="12.03403013541866">
        <ele>128</ele>
      </trkpt>
      <trkpt lat="58.2135571237841" lon="12.03380221247378">
        <ele>128</ele>
      </trkpt>
      <trkpt lat="58.21338451268359" lon="12.03376120541675">
        <ele>127</ele>
      </trkpt>
      <trkpt lat="58.21323955750525" lon="12.03386515353805">
        <ele>126</ele>
      </trkpt>
      <trkpt lat="58.21305645622736" lon="12.03409403013542">
        <ele>124</ele>
      </trkpt>
      <trkpt lat="58.21292008392142" lon="12.03421991226397">
        <ele>123</ele>
      </trkpt>
      <trkpt lat="58.21261586877743" lon="12.03435819187488">
        <ele>119</ele>
      </trkpt>
      <trkpt lat="58.21237173374023" lon="12.03442494754911">
        <ele>117</ele>
      </trkpt>
      <trkpt lat="58.2122096128171" lon="12.03441255006676">
        <ele>116</ele>
      </trkpt>
      <trkpt lat="58.212000762922" lon="12.03437726492466">
        <ele>115</ele>
      </trkpt>
      <trkpt lat="58.21190825863057" lon="12.03441827198169">
        <ele>114</ele>
      </trkpt>
      <trkpt lat="58.21175376692734" lon="12.03460137325959">
        <ele>111</ele>
      </trkpt>
      <trkpt lat="58.2115744802594" lon="12.03469387755102">
        <ele>110</ele>
      </trkpt>
      <trkpt lat="58.21132557695977" lon="12.03488937631127">
        <ele>107</ele>
      </trkpt>
      <trkpt lat="58.21113007819951" lon="12.03494278085066">
        <ele>106</ele>
      </trkpt>
      <trkpt lat="58.21087640663743" lon="12.03481022315468">
        <ele>107</ele>
      </trkpt>
      <trkpt lat="58.21064753004006" lon="12.03452603471295">
        <ele>109</ele>
      </trkpt>
      <trkpt lat="58.21054358191876" lon="12.03448598130841">
        <ele>110</ele>
      </trkpt>
      <trkpt lat="58.21043772649247" lon="12.03441541102422">
        <ele>110</ele>
      </trkpt>
      <trkpt lat="58.21025557886707" lon="12.03416269311463">
        <ele>113</ele>
      </trkpt>
      <trkpt lat="58.21007152393668" lon="12.03395575052451">
        <ele>115</ele>
      </trkpt>
      <trkpt lat="58.2099046347511" lon="12.03381460995613">
        <ele>116</ele>
      </trkpt>
      <trkpt lat="58.20968529467863" lon="12.03371447644478">
        <ele>118</ele>
      </trkpt>
      <trkpt lat="58.20952031279803" lon="12.03365439633798">
        <ele>118</ele>
      </trkpt>
      <trkpt lat="58.20923707800878" lon="12.03349895098226">
        <ele>120</ele>
      </trkpt>
      <trkpt lat="58.20903776463857" lon="12.03349418271982">
        <ele>120</ele>
      </trkpt>
      <trkpt lat="58.20890139233264" lon="12.03354186534427">
        <ele>119</ele>
      </trkpt>
      <trkpt lat="58.20878409307649" lon="12.03363246233073">
        <ele>117</ele>
      </trkpt>
      <trkpt lat="58.2086791913027" lon="12.0338003051688">
        <ele>115</ele>
      </trkpt>
      <trkpt lat="58.20853518977685" lon="12.03395765782949">
        <ele>113</ele>
      </trkpt>
      <trkpt lat="58.20837974442114" lon="12.03398912836163">
        <ele>112</ele>
      </trkpt>
      <trkpt lat="58.20819855044822" lon="12.03393286286477">
        <ele>112</ele>
      </trkpt>
      <trkpt lat="58.20804119778754" lon="12.03384512683578">
        <ele>111</ele>
      </trkpt>
      <trkpt lat="58.20791722296396" lon="12.03374690062941">
        <ele>111</ele>
      </trkpt>
      <trkpt lat="58.20777226778563" lon="12.03368205226016">
        <ele>110</ele>
      </trkpt>
      <trkpt lat="58.20756437154301" lon="12.03370017165745">
        <ele>108</ele>
      </trkpt>
      <trkpt lat="58.20729162693115" lon="12.03361529658592">
        <ele>107</ele>
      </trkpt>
      <trkpt lat="58.20711710852566" lon="12.03326625977494">
        <ele>108</ele>
      </trkpt>
      <trkpt lat="58.20692447072287" lon="12.03291817661644">
        <ele>108</ele>
      </trkpt>
      <trkpt lat="58.20688632462331" lon="12.03274079725348">
        <ele>109</ele>
      </trkpt>
      <trkpt lat="58.20689776845318" lon="12.03244135037193">
        <ele>112</ele>
      </trkpt>
      <trkpt lat="58.20684913217625" lon="12.03217814228495">
        <ele>113</ele>
      </trkpt>
      <trkpt lat="58.20679763494184" lon="12.03170703795537">
        <ele>116</ele>
      </trkpt>
      <trkpt lat="58.20674613770743" lon="12.0315391951173">
        <ele>117</ele>
      </trkpt>
      <trkpt lat="58.2066183482739" lon="12.03140377646386">
        <ele>117</ele>
      </trkpt>
      <trkpt lat="58.20642952508107" lon="12.0313389280946">
        <ele>116</ele>
      </trkpt>
      <trkpt lat="58.20575147816137" lon="12.03148483692543">
        <ele>112</ele>
      </trkpt>
      <trkpt lat="58.20557791340836" lon="12.03159546061415">
        <ele>111</ele>
      </trkpt>
      <trkpt lat="58.20538813656304" lon="12.03166698455083">
        <ele>110</ele>
      </trkpt>
      <trkpt lat="58.20506866297922" lon="12.03163742132367">
        <ele>110</ele>
      </trkpt>
      <trkpt lat="58.20483024985696" lon="12.03154491703224">
        <ele>112</ele>
      </trkpt>
      <trkpt lat="58.2045050543582" lon="12.03146671752813">
        <ele>115</ele>
      </trkpt>
      <trkpt lat="58.20425138279612" lon="12.03131031851993">
        <ele>117</ele>
      </trkpt>
      <trkpt lat="58.2041569711997" lon="12.03117299256151">
        <ele>119</ele>
      </trkpt>
      <trkpt lat="58.20412168605761" lon="12.03105855426283">
        <ele>120</ele>
      </trkpt>
      <trkpt lat="58.20405493038338" lon="12.03078485599847">
        <ele>123</ele>
      </trkpt>
      <trkpt lat="58.2039662407019" lon="12.03047491893954">
        <ele>125</ele>
      </trkpt>
      <trkpt lat="58.20388613389282" lon="12.0303480831585">
        <ele>126</ele>
      </trkpt>
      <trkpt lat="58.20374213236698" lon="12.0302345985123">
        <ele>126</ele>
      </trkpt>
      <trkpt lat="58.2031565897387" lon="12.03005912645432">
        <ele>125</ele>
      </trkpt>
      <trkpt lat="58.20302880030518" lon="12.02989509822621">
        <ele>124</ele>
      </trkpt>
      <trkpt lat="58.2030268930002" lon="12.02960232691207">
        <ele>125</ele>
      </trkpt>
      <trkpt lat="58.20308220484456" lon="12.02909879839786">
        <ele>125</ele>
      </trkpt>
      <trkpt lat="58.20315086782377" lon="12.02864199885562">
        <ele>125</ele>
      </trkpt>
      <trkpt lat="58.20321380888805" lon="12.02831680335686">
        <ele>124</ele>
      </trkpt>
      <trkpt lat="58.20323765020027" lon="12.02807266831967">
        <ele>124</ele>
      </trkpt>
      <trkpt lat="58.20321380888805" lon="12.0278962426092">
        <ele>123</ele>
      </trkpt>
      <trkpt lat="58.20311081441923" lon="12.02777131413313">
        <ele>122</ele>
      </trkpt>
      <trkpt lat="58.20294297158117" lon="12.02766831966431">
        <ele>120</ele>
      </trkpt>
      <trkpt lat="58.20280373831776" lon="12.0275739080679">
        <ele>118</ele>
      </trkpt>
      <trkpt lat="58.20280278466527" lon="12.02750619874118">
        <ele>118</ele>
      </trkpt>
      <trkpt lat="58.20278657257296" lon="12.02743562845699">
        <ele>118</ele>
      </trkpt>
      <trkpt lat="58.20275128743087" lon="12.02734312416555">
        <ele>117</ele>
      </trkpt>
      <trkpt lat="58.20267690253672" lon="12.02734693877551">
        <ele>117</ele>
      </trkpt>
      <trkpt lat="58.20243467480451" lon="12.02721152012207">
        <ele>115</ele>
      </trkpt>
      <trkpt lat="58.20226206370399" lon="12.02695021934007">
        <ele>114</ele>
      </trkpt>
      <trkpt lat="58.20206275033379" lon="12.02652870493992">
        <ele>113</ele>
      </trkpt>
      <trkpt lat="58.20195975586497" lon="12.02623784093077">
        <ele>114</ele>
      </trkpt>
      <trkpt lat="58.20183101277895" lon="12.02591455273698">
        <ele>115</ele>
      </trkpt>
      <trkpt lat="58.20173278657258" lon="12.02584398245279">
        <ele>114</ele>
      </trkpt>
      <trkpt lat="58.20164028228115" lon="12.0258172801831">
        <ele>113</ele>
      </trkpt>
      <trkpt lat="58.20144478352089" lon="12.02573717337402">
        <ele>112</ele>
      </trkpt>
      <trkpt lat="58.20137707419417" lon="12.02566851039481">
        <ele>112</ele>
      </trkpt>
      <trkpt lat="58.20137707419417" lon="12.02566851039481">
        <ele>112</ele>
      </trkpt>
      <trkpt lat="58.20112721724205" lon="12.02546156780469">
        <ele>111</ele>
      </trkpt>
      <trkpt lat="58.20101659355332" lon="12.02538336830059">
        <ele>111</ele>
      </trkpt>
      <trkpt lat="58.20088975777227" lon="12.02538622925806">
        <ele>110</ele>
      </trkpt>
      <trkpt lat="58.20064753004006" lon="12.02541579248522">
        <ele>108</ele>
      </trkpt>
      <trkpt lat="58.2005140186916" lon="12.02536906351326">
        <ele>107</ele>
      </trkpt>
      <trkpt lat="58.20035952698837" lon="12.02507533854664">
        <ele>107</ele>
      </trkpt>
      <trkpt lat="58.20031756627885" lon="12.02482834255198">
        <ele>107</ele>
      </trkpt>
      <trkpt lat="58.20029372496663" lon="12.02450219340073">
        <ele>108</ele>
      </trkpt>
      <trkpt lat="58.20021838642" lon="12.02428952889567">
        <ele>108</ele>
      </trkpt>
      <trkpt lat="58.20012206751861" lon="12.0240959374404">
        <ele>108</ele>
      </trkpt>
      <trkpt lat="58.20000000000001" lon="12.02380316612626">
        <ele>106</ele>
      </trkpt>
      <trkpt lat="58.2" lon="12.02380316612626">
        <ele>106</ele>
      </trkpt>
      <trkpt lat="58.19987983978638" lon="12.0235132557696">
        <ele>106</ele>
      </trkpt>
      <trkpt lat="58.1997825672325" lon="12.02325576959756">
        <ele>105</ele>
      </trkpt>
      <trkpt lat="58.1997825672325" lon="12.02325576959756">
        <ele>105</ele>
      </trkpt>
      <trkpt lat="58.19975681861529" lon="12.02310699980927">
        <ele>104</ele>
      </trkpt>
      <trkpt lat="58.1997654014877" lon="12.0228695403395">
        <ele>103</ele>
      </trkpt>
      <trkpt lat="58.19970055311844" lon="12.02257962998284">
        <ele>102</ele>
      </trkpt>
      <trkpt lat="58.19962139996185" lon="12.02229448788862">
        <ele>101</ele>
      </trkpt>
      <trkpt lat="58.19959660499714" lon="12.02199790196453">
        <ele>101</ele>
      </trkpt>
      <trkpt lat="58.19973583826054" lon="12.02151821476254">
        <ele>101</ele>
      </trkpt>
      <trkpt lat="58.19992656875834" lon="12.02097081823384">
        <ele>103</ele>
      </trkpt>
      <trkpt lat="58.2" lon="12.02084493610528">
        <ele>103</ele>
      </trkpt>
      <trkpt lat="58.20000000000001" lon="12.02084493610528">
        <ele>103</ele>
      </trkpt>
      <trkpt lat="58.20019645241275" lon="12.02051020408163">
        <ele>105</ele>
      </trkpt>
      <trkpt lat="58.20022124737746" lon="12.02042342170513">
        <ele>106</ele>
      </trkpt>
      <trkpt lat="58.20020694259013" lon="12.02036715620828">
        <ele>106</ele>
      </trkpt>
      <trkpt lat="58.20016402822812" lon="12.02030802975396">
        <ele>106</ele>
      </trkpt>
      <trkpt lat="58.20000000000001" lon="12.02021838641999">
        <ele>106</ele>
      </trkpt>
      <trkpt lat="58.2" lon="12.02021838641999">
        <ele>106</ele>
      </trkpt>
      <trkpt lat="58.19992847606332" lon="12.02018024032043">
        <ele>106</ele>
      </trkpt>
      <trkpt lat="58.19982738889949" lon="12.02008964333397">
        <ele>106</ele>
      </trkpt>
      <trkpt lat="58.19972630173564" lon="12.02">
        <ele>106</ele>
      </trkpt>
      <trkpt lat="58.19972630173564" lon="12.01999999999999">
        <ele>106</ele>
      </trkpt>
      <trkpt lat="58.19963856570666" lon="12.01992180049589">
        <ele>106</ele>
      </trkpt>
      <trkpt lat="58.19951077627312" lon="12.01987125691397">
        <ele>106</ele>
      </trkpt>
      <trkpt lat="58.19936677474728" lon="12.01974918939537">
        <ele>106</ele>
      </trkpt>
      <trkpt lat="58.19925710471104" lon="12.01956036620255">
        <ele>106</ele>
      </trkpt>
      <trkpt lat="58.19919607095174" lon="12.01936868205225">
        <ele>107</ele>
      </trkpt>
      <trkpt lat="58.19916650772458" lon="12.01920274651916">
        <ele>107</ele>
      </trkpt>
      <trkpt lat="58.19916364676712" lon="12.01906637421323">
        <ele>108</ele>
      </trkpt>
      <trkpt lat="58.1992256341789" lon="12.01857047491893">
        <ele>111</ele>
      </trkpt>
      <trkpt lat="58.19921132939157" lon="12.01830154491702">
        <ele>113</ele>
      </trkpt>
      <trkpt lat="58.19911882510013" lon="12.01788861338927">
        <ele>114</ele>
      </trkpt>
      <trkpt lat="58.19904539385848" lon="12.01769788289146">
        <ele>114</ele>
      </trkpt>
      <trkpt lat="58.19897577722678" lon="12.01755292771313">
        <ele>115</ele>
      </trkpt>
      <trkpt lat="58.19873164218959" lon="12.01732786572572">
        <ele>115</ele>
      </trkpt>
      <trkpt lat="58.19863341598322" lon="12.0171905397673">
        <ele>116</ele>
      </trkpt>
      <trkpt lat="58.19840740034331" lon="12.01677570093457">
        <ele>120</ele>
      </trkpt>
      <trkpt lat="58.19820904062559" lon="12.01661548731641">
        <ele>121</ele>
      </trkpt>
      <trkpt lat="58.19804119778752" lon="12.0165906923517">
        <ele>121</ele>
      </trkpt>
      <trkpt lat="58.19793724966622" lon="12.01659736791912">
        <ele>121</ele>
      </trkpt>
      <trkpt lat="58.1976177760824" lon="12.01658497043676">
        <ele>120</ele>
      </trkpt>
      <trkpt lat="58.19731069998092" lon="12.01647530040053">
        <ele>120</ele>
      </trkpt>
      <trkpt lat="58.1969998092695" lon="12.01637802784664">
        <ele>121</ele>
      </trkpt>
      <trkpt lat="58.19680240320427" lon="12.01642761777607">
        <ele>119</ele>
      </trkpt>
      <trkpt lat="58.19665267976349" lon="12.01654300972725">
        <ele>117</ele>
      </trkpt>
      <trkpt lat="58.19647530040053" lon="12.01663456036619">
        <ele>114</ele>
      </trkpt>
      <trkpt lat="58.19629887469006" lon="12.01676521075719">
        <ele>112</ele>
      </trkpt>
      <trkpt lat="58.19609670036238" lon="12.01679858859431">
        <ele>110</ele>
      </trkpt>
      <trkpt lat="58.19566374213237" lon="12.01668891855807">
        <ele>110</ele>
      </trkpt>
      <trkpt lat="58.19542723631508" lon="12.0165382414648">
        <ele>112</ele>
      </trkpt>
      <trkpt lat="58.19507915315658" lon="12.01610432958229">
        <ele>117</ele>
      </trkpt>
      <trkpt lat="58.19467003623879" lon="12.01596509631889">
        <ele>116</ele>
      </trkpt>
      <trkpt lat="58.19393477016975" lon="12.01583539958038">
        <ele>113</ele>
      </trkpt>
      <trkpt lat="58.19364295250811" lon="12.01562654968528">
        <ele>114</ele>
      </trkpt>
      <trkpt lat="58.19329963761205" lon="12.01544630936486">
        <ele>113</ele>
      </trkpt>
      <trkpt lat="58.19321380888804" lon="12.01534045393858">
        <ele>113</ele>
      </trkpt>
      <trkpt lat="58.19321380888804" lon="12.01534045393858">
        <ele>113</ele>
      </trkpt>
      <trkpt lat="58.19314896051878" lon="12.01524890329963">
        <ele>113</ele>
      </trkpt>
      <trkpt lat="58.19286000381461" lon="12.01501335113484">
        <ele>112</ele>
      </trkpt>
      <trkpt lat="58.19286000381461" lon="12.01501335113484">
        <ele>112</ele>
      </trkpt>
      <trkpt lat="58.19277798970055" lon="12.0153385466336">
        <ele>109</ele>
      </trkpt>
      <trkpt lat="58.19269216097653" lon="12.01591359908448">
        <ele>106</ele>
      </trkpt>
      <trkpt lat="58.19266164409689" lon="12.01615868777417">
        <ele>106</ele>
      </trkpt>
      <trkpt lat="58.1926778561892" lon="12.01635514018691">
        <ele>106</ele>
      </trkpt>
      <trkpt lat="58.19273984360099" lon="12.01659832157161">
        <ele>106</ele>
      </trkpt>
      <trkpt lat="58.19276654587068" lon="12.01678905206942">
        <ele>106</ele>
      </trkpt>
      <trkpt lat="58.19276654587068" lon="12.01678905206942">
        <ele>106</ele>
      </trkpt>
      <trkpt lat="58.19276463856571" lon="12.01690921228304">
        <ele>105</ele>
      </trkpt>
      <trkpt lat="58.19276463856571" lon="12.01690921228304">
        <ele>105</ele>
      </trkpt>
      <trkpt lat="58.19272649246614" lon="12.01709135990844">
        <ele>105</ele>
      </trkpt>
      <trkpt lat="58.19260156399008" lon="12.01722010299446">
        <ele>105</ele>
      </trkpt>
      <trkpt lat="58.19254434484074" lon="12.01730211710852">
        <ele>105</ele>
      </trkpt>
      <trkpt lat="58.19239366774747" lon="12.01742609193209">
        <ele>105</ele>
      </trkpt>
      <trkpt lat="58.19224680526416" lon="12.01765878313942">
        <ele>104</ele>
      </trkpt>
      <trkpt lat="58.19211806217814" lon="12.0176425710471">
        <ele>104</ele>
      </trkpt>
      <trkpt lat="58.19204081632653" lon="12.01759679572763">
        <ele>105</ele>
      </trkpt>
      <trkpt lat="58.19195212664505" lon="12.01755769597558">
        <ele>105</ele>
      </trkpt>
      <trkpt lat="58.19186534426855" lon="12.01751096700361">
        <ele>106</ele>
      </trkpt>
      <trkpt lat="58.19174041579248" lon="12.01741464810222">
        <ele>106</ele>
      </trkpt>
      <trkpt lat="58.19161644096891" lon="12.01730116345603">
        <ele>107</ele>
      </trkpt>
      <trkpt lat="58.19145241274079" lon="12.01720579820712">
        <ele>108</ele>
      </trkpt>
      <trkpt lat="58.19129792103757" lon="12.01718291054739">
        <ele>108</ele>
      </trkpt>
      <trkpt lat="58.19115010490177" lon="12.01712187678809">
        <ele>108</ele>
      </trkpt>
      <trkpt lat="58.19097081823384" lon="12.01710947930573">
        <ele>108</ele>
      </trkpt>
      <trkpt lat="58.19088594316231" lon="12.01715906923516">
        <ele>108</ele>
      </trkpt>
      <trkpt lat="58.19071047110432" lon="12.01690253671561">
        <ele>109</ele>
      </trkpt>
      <trkpt lat="58.1904958992943" lon="12.01691016593552">
        <ele>109</ele>
      </trkpt>
      <trkpt lat="58.19044154110242" lon="12.0167995422468">
        <ele>109</ele>
      </trkpt>
      <trkpt lat="58.19036238794583" lon="12.01677856189204">
        <ele>109</ele>
      </trkpt>
      <trkpt lat="58.19022983024986" lon="12.0168167079916">
        <ele>108</ele>
      </trkpt>
      <trkpt lat="58.19007629219912" lon="12.01689967575814">
        <ele>107</ele>
      </trkpt>
      <trkpt lat="58.18998664886515" lon="12.01696738508487">
        <ele>107</ele>
      </trkpt>
      <trkpt lat="58.18982929620446" lon="12.01689395384321">
        <ele>106</ele>
      </trkpt>
      <trkpt lat="58.18971581155827" lon="12.01675376692732">
        <ele>107</ele>
      </trkpt>
      <trkpt lat="58.18964524127408" lon="12.01672611100514">
        <ele>107</ele>
      </trkpt>
      <trkpt lat="58.18946404730116" lon="12.01687392714094">
        <ele>105</ele>
      </trkpt>
      <trkpt lat="58.18932004577532" lon="12.01684054930382">
        <ele>105</ele>
      </trkpt>
      <trkpt lat="58.18919416364677" lon="12.01673755483501">
        <ele>105</ele>
      </trkpt>
      <trkpt lat="58.18904825481594" lon="12.01637135227922">
        <ele>107</ele>
      </trkpt>
      <trkpt lat="58.18889948502765" lon="12.01613389280945">
        <ele>109</ele>
      </trkpt>
      <trkpt lat="58.18871447644478" lon="12.01592504291435">
        <ele>109</ele>
      </trkpt>
      <trkpt lat="58.18836353232881" lon="12.01558363532328">
        <ele>110</ele>
      </trkpt>
      <trkpt lat="58.18820617966813" lon="12.01549113103184">
        <ele>110</ele>
      </trkpt>
      <trkpt lat="58.18807076101469" lon="12.01549208468433">
        <ele>109</ele>
      </trkpt>
      <trkpt lat="58.1879477398436" lon="12.01554453557123">
        <ele>108</ele>
      </trkpt>
      <trkpt lat="58.18784093076483" lon="12.01545298493228">
        <ele>108</ele>
      </trkpt>
      <trkpt lat="58.18771314133129" lon="12.01530516879648">
        <ele>108</ele>
      </trkpt>
      <trkpt lat="58.18754815945069" lon="12.01519645241273">
        <ele>108</ele>
      </trkpt>
      <trkpt lat="58.18720675185962" lon="12.0151640282281">
        <ele>107</ele>
      </trkpt>
      <trkpt lat="58.1868262445165" lon="12.01523650581727">
        <ele>107</ele>
      </trkpt>
      <trkpt lat="58.18665649437344" lon="12.01526225443448">
        <ele>106</ele>
      </trkpt>
      <trkpt lat="58.18656780469197" lon="12.01532233454128">
        <ele>106</ele>
      </trkpt>
      <trkpt lat="58.18645622735075" lon="12.01549876025176">
        <ele>106</ele>
      </trkpt>
      <trkpt lat="58.186347510967" lon="12.01571142475681">
        <ele>106</ele>
      </trkpt>
      <trkpt lat="58.18632271600229" lon="12.01597940110623">
        <ele>106</ele>
      </trkpt>
      <trkpt lat="58.18634655731451" lon="12.01620541674613">
        <ele>105</ele>
      </trkpt>
      <trkpt lat="58.18623021171085" lon="12.01660976540148">
        <ele>105</ele>
      </trkpt>
      <trkpt lat="58.18608239557505" lon="12.01683292008391">
        <ele>106</ele>
      </trkpt>
      <trkpt lat="58.18589166507724" lon="12.01695021934006">
        <ele>108</ele>
      </trkpt>
      <trkpt lat="58.18572477589166" lon="12.01709040625595">
        <ele>110</ele>
      </trkpt>
      <trkpt lat="58.18545107762731" lon="12.01738317757008">
        <ele>113</ele>
      </trkpt>
      <trkpt lat="58.18498283425519" lon="12.01804787335494">
        <ele>121</ele>
      </trkpt>
      <trkpt lat="58.18483978638184" lon="12.01816326530611">
        <ele>123</ele>
      </trkpt>
      <trkpt lat="58.18469483120351" lon="12.01821380888803">
        <ele>125</ele>
      </trkpt>
      <trkpt lat="58.18461853900438" lon="12.01818901392332">
        <ele>126</ele>
      </trkpt>
      <trkpt lat="58.1845126835781" lon="12.01817661644096">
        <ele>127</ele>
      </trkpt>
      <trkpt lat="58.18441827198168" lon="12.01825290864008">
        <ele>128</ele>
      </trkpt>
      <trkpt lat="58.18429048254816" lon="12.01831394239938">
        <ele>130</ele>
      </trkpt>
      <trkpt lat="58.1841913026893" lon="12.01842456608811">
        <ele>132</ele>
      </trkpt>
      <trkpt lat="58.18405683768835" lon="12.01841789052069">
        <ele>133</ele>
      </trkpt>
      <trkpt lat="58.18387278275796" lon="12.01864676711805">
        <ele>137</ele>
      </trkpt>
      <trkpt lat="58.18368491321762" lon="12.01885561701315">
        <ele>140</ele>
      </trkpt>
      <trkpt lat="58.18352565325196" lon="12.01923707800876">
        <ele>144</ele>
      </trkpt>
      <trkpt lat="58.18348178523745" lon="12.01921037573907">
        <ele>145</ele>
      </trkpt>
      <trkpt lat="58.18349799732977" lon="12.01907877169558">
        <ele>144</ele>
      </trkpt>
      <trkpt lat="58.1834608048827" lon="12.01882033187106">
        <ele>143</ele>
      </trkpt>
      <trkpt lat="58.18327102803738" lon="12.01845317566278">
        <ele>143</ele>
      </trkpt>
      <trkpt lat="58.18313751668892" lon="12.01836830059126">
        <ele>143</ele>
      </trkpt>
      <trkpt lat="58.1829477398436" lon="12.01817089452603">
        <ele>142</ele>
      </trkpt>
      <trkpt lat="58.18263112721724" lon="12.01799446881556">
        <ele>141</ele>
      </trkpt>
      <trkpt lat="58.18243372115201" lon="12.01791436200648">
        <ele>140</ele>
      </trkpt>
      <trkpt lat="58.18229734884608" lon="12.01794583253861">
        <ele>140</ele>
      </trkpt>
      <trkpt lat="58.18212664505054" lon="12.01792389853137">
        <ele>140</ele>
      </trkpt>
      <trkpt lat="58.18204558458898" lon="12.01801258821285">
        <ele>141</ele>
      </trkpt>
      <trkpt lat="58.18201125309937" lon="12.01802212473774">
        <ele>142</ele>
      </trkpt>
      <trkpt lat="58.18190635132557" lon="12.01781804310508">
        <ele>139</ele>
      </trkpt>
      <trkpt lat="58.18173946213999" lon="12.01760251764256">
        <ele>137</ele>
      </trkpt>
      <trkpt lat="58.18155826816708" lon="12.01743658210947">
        <ele>136</ele>
      </trkpt>
      <trkpt lat="58.18144001525844" lon="12.01743276749951">
        <ele>137</ele>
      </trkpt>
      <trkpt lat="58.18131985504482" lon="12.01729162693114">
        <ele>136</ele>
      </trkpt>
      <trkpt lat="58.18111577341217" lon="12.0171123402632">
        <ele>135</ele>
      </trkpt>
      <trkpt lat="58.1808601945451" lon="12.0169206561129">
        <ele>135</ele>
      </trkpt>
      <trkpt lat="58.1807123784093" lon="12.01700076292198">
        <ele>137</ele>
      </trkpt>
      <trkpt lat="58.18013446500095" lon="12.01683959565134">
        <ele>139</ele>
      </trkpt>
      <trkpt lat="58.18009917985886" lon="12.01663169940873">
        <ele>138</ele>
      </trkpt>
      <trkpt lat="58.18007247758916" lon="12.01639137898149">
        <ele>136</ele>
      </trkpt>
      <trkpt lat="58.18007057028419" lon="12.01574766355139">
        <ele>133</ele>
      </trkpt>
      <trkpt lat="58.18" lon="12.01531279801639">
        <ele>134</ele>
      </trkpt>
      <trkpt lat="58.18000000000001" lon="12.01531279801639">
        <ele>134</ele>
      </trkpt>
      <trkpt lat="58.17999427808508" lon="12.01527942017928">
        <ele>134</ele>
      </trkpt>
      <trkpt lat="58.17999427808508" lon="12.01527942017928">
        <ele>134</ele>
      </trkpt>
      <trkpt lat="58.17978447453749" lon="12.01506770932671">
        <ele>134</ele>
      </trkpt>
      <trkpt lat="58.17968338737366" lon="12.01502765592217">
        <ele>134</ele>
      </trkpt>
      <trkpt lat="58.17954796872021" lon="12.01502384131222">
        <ele>134</ele>
      </trkpt>
      <trkpt lat="58.17899389662409" lon="12.01524985695212">
        <ele>135</ele>
      </trkpt>
      <trkpt lat="58.17874690062943" lon="12.01551974060651">
        <ele>136</ele>
      </trkpt>
      <trkpt lat="58.17848273888996" lon="12.01558554262826">
        <ele>136</ele>
      </trkpt>
      <trkpt lat="58.17823955750526" lon="12.01568567613961">
        <ele>136</ele>
      </trkpt>
      <trkpt lat="58.17809555597942" lon="12.01562082777035">
        <ele>134</ele>
      </trkpt>
      <trkpt lat="58.1774537478543" lon="12.01571714667174">
        <ele>131</ele>
      </trkpt>
      <trkpt lat="58.17699885561703" lon="12.01596223536142">
        <ele>132</ele>
      </trkpt>
      <trkpt lat="58.17648388327295" lon="12.01603566660308">
        <ele>130</ele>
      </trkpt>
      <trkpt lat="58.17624642380319" lon="12.01614819759679">
        <ele>131</ele>
      </trkpt>
      <trkpt lat="58.17603280564564" lon="12.01642475681861">
        <ele>134</ele>
      </trkpt>
      <trkpt lat="58.17555311844365" lon="12.01664409689108">
        <ele>135</ele>
      </trkpt>
      <trkpt lat="58.17523364485983" lon="12.01653728781231">
        <ele>131</ele>
      </trkpt>
      <trkpt lat="58.17506103375931" lon="12.01647243944306">
        <ele>130</ele>
      </trkpt>
      <trkpt lat="58.17479591836737" lon="12.01663646767117">
        <ele>130</ele>
      </trkpt>
      <trkpt lat="58.17455369063515" lon="12.01675090596986">
        <ele>130</ele>
      </trkpt>
      <trkpt lat="58.17413408353998" lon="12.01686534426854">
        <ele>128</ele>
      </trkpt>
      <trkpt lat="58.17380221282303" lon="12.01703127962701">
        <ele>127</ele>
      </trkpt>
      <trkpt lat="58.17380221282303" lon="12.01703127962701">
        <ele>127</ele>
      </trkpt>
      <trkpt lat="58.17371066183485" lon="12.0170770551211">
        <ele>126</ele>
      </trkpt>
      <trkpt lat="58.17340930764831" lon="12.01727922944878">
        <ele>125</ele>
      </trkpt>
      <trkpt lat="58.17315754339121" lon="12.01753385466335">
        <ele>124</ele>
      </trkpt>
      <trkpt lat="58.17304978065994" lon="12.01772649246614">
        <ele>123</ele>
      </trkpt>
      <trkpt lat="58.17296013732597" lon="12.01802212473774">
        <ele>123</ele>
      </trkpt>
      <trkpt lat="58.17294011062371" lon="12.0184169368682">
        <ele>124</ele>
      </trkpt>
      <trkpt lat="58.17300781995043" lon="12.01872401296967">
        <ele>126</ele>
      </trkpt>
      <trkpt lat="58.17311272172422" lon="12.01908258630554">
        <ele>127</ele>
      </trkpt>
      <trkpt lat="58.17331203509443" lon="12.0193906160595">
        <ele>130</ele>
      </trkpt>
      <trkpt lat="58.1733749761587" lon="12.01964524127407">
        <ele>131</ele>
      </trkpt>
      <trkpt lat="58.17346461949267" lon="12.01991035666602">
        <ele>133</ele>
      </trkpt>
      <trkpt lat="58.1734617585352" lon="12.01999999999999">
        <ele>133</ele>
      </trkpt>
      <trkpt lat="58.1734617585352" lon="12.02">
        <ele>133</ele>
      </trkpt>
      <trkpt lat="58.17345699027276" lon="12.02012874308602">
        <ele>133</ele>
      </trkpt>
      <trkpt lat="58.17332061796683" lon="12.02040053404539">
        <ele>133</ele>
      </trkpt>
      <trkpt lat="58.17318806027085" lon="12.02078962426092">
        <ele>134</ele>
      </trkpt>
      <trkpt lat="58.17305264161741" lon="12.02099179858859">
        <ele>135</ele>
      </trkpt>
      <trkpt lat="58.17288765973681" lon="12.02155731451459">
        <ele>138</ele>
      </trkpt>
      <trkpt lat="58.17283711615489" lon="12.02193877551021">
        <ele>139</ele>
      </trkpt>
      <trkpt lat="58.17277322143812" lon="12.02222677856189">
        <ele>140</ele>
      </trkpt>
      <trkpt lat="58.17263208086975" lon="12.02250810604616">
        <ele>141</ele>
      </trkpt>
      <trkpt lat="58.17236219721535" lon="12.02279229448789">
        <ele>143</ele>
      </trkpt>
      <trkpt lat="58.17176997901966" lon="12.02351134846462">
        <ele>145</ele>
      </trkpt>
      <trkpt lat="58.17149341979784" lon="12.02397482357429">
        <ele>144</ele>
      </trkpt>
      <trkpt lat="58.17129219912265" lon="12.02467575815373">
        <ele>143</ele>
      </trkpt>
      <trkpt lat="58.17113293915699" lon="12.02511539195117">
        <ele>141</ele>
      </trkpt>
      <trkpt lat="58.17108209641364" lon="12.02542044841127">
        <ele>140</ele>
      </trkpt>
      <trkpt lat="58.17108209641364" lon="12.02542044841127">
        <ele>140</ele>
      </trkpt>
      <trkpt lat="58.17107190539769" lon="12.02548159450696">
        <ele>140</ele>
      </trkpt>
      <trkpt lat="58.17107190539769" lon="12.02548159450696">
        <ele>140</ele>
      </trkpt>
      <trkpt lat="58.17102994468817" lon="12.0255569330536">
        <ele>140</ele>
      </trkpt>
      <trkpt lat="58.17098893763114" lon="12.02563227160023">
        <ele>139</ele>
      </trkpt>
      <trkpt lat="58.17091359908451" lon="12.02565706656494">
        <ele>138</ele>
      </trkpt>
      <trkpt lat="58.17065611291247" lon="12.02566278847988">
        <ele>135</ele>
      </trkpt>
      <trkpt lat="58.170349036811" lon="12.02569902727446">
        <ele>132</ele>
      </trkpt>
      <trkpt lat="58.17028228113677" lon="12.02573621972154">
        <ele>131</ele>
      </trkpt>
      <trkpt lat="58.17021552546254" lon="12.0257743658211">
        <ele>131</ele>
      </trkpt>
      <trkpt lat="58.17014114056839" lon="12.02584779706275">
        <ele>130</ele>
      </trkpt>
      <trkpt lat="58.17006675567425" lon="12.02592122830441">
        <ele>129</ele>
      </trkpt>
      <trkpt lat="58.16997997329775" lon="12.02591359908449">
        <ele>129</ele>
      </trkpt>
      <trkpt lat="58.16991893953845" lon="12.02593362578676">
        <ele>128</ele>
      </trkpt>
      <trkpt lat="58.16988937631129" lon="12.02601087163838">
        <ele>128</ele>
      </trkpt>
      <trkpt lat="58.16986076673662" lon="12.02608811748999">
        <ele>128</ele>
      </trkpt>
      <trkpt lat="58.16988460804884" lon="12.02618729734885">
        <ele>128</ele>
      </trkpt>
      <trkpt lat="58.16990654205609" lon="12.02624070188823">
        <ele>128</ele>
      </trkpt>
      <trkpt lat="58.16991512492849" lon="12.02630078199504">
        <ele>128</ele>
      </trkpt>
      <trkpt lat="58.1698884226588" lon="12.02636753766927">
        <ele>128</ele>
      </trkpt>
      <trkpt lat="58.1698884226588" lon="12.02636753766927">
        <ele>128</ele>
      </trkpt>
      <trkpt lat="58.16983120350946" lon="12.02671085256533">
        <ele>128</ele>
      </trkpt>
      <trkpt lat="58.16983120350946" lon="12.02671085256533">
        <ele>128</ele>
      </trkpt>
      <trkpt lat="58.16980736219723" lon="12.02686248331108">
        <ele>129</ele>
      </trkpt>
      <trkpt lat="58.16969387755103" lon="12.02689967575816">
        <ele>130</ele>
      </trkpt>
      <trkpt lat="58.16957467098991" lon="12.02680335685676">
        <ele>129</ele>
      </trkpt>
      <trkpt lat="58.16950410070572" lon="12.02678905206943">
        <ele>129</ele>
      </trkpt>
      <trkpt lat="58.16936391378983" lon="12.02670131604044">
        <ele>129</ele>
      </trkpt>
      <trkpt lat="58.16923993896626" lon="12.02674995231738">
        <ele>130</ele>
      </trkpt>
      <trkpt lat="58.16914552736984" lon="12.02673755483502">
        <ele>130</ele>
      </trkpt>
      <trkpt lat="58.16907018882321" lon="12.02662311653634">
        <ele>129</ele>
      </trkpt>
      <trkpt lat="58.16900438680147" lon="12.0265563608621">
        <ele>128</ele>
      </trkpt>
      <trkpt lat="58.16894812130461" lon="12.02654873164219">
        <ele>128</ele>
      </trkpt>
      <trkpt lat="58.16883177570095" lon="12.02668796490559">
        <ele>128</ele>
      </trkpt>
      <trkpt lat="58.16869444974253" lon="12.02704176997902">
        <ele>129</ele>
      </trkpt>
      <trkpt lat="58.16843219530804" lon="12.02752527179096">
        <ele>129</ele>
      </trkpt>
      <trkpt lat="58.16838832729355" lon="12.0277045584589">
        <ele>129</ele>
      </trkpt>
      <trkpt lat="58.1683148960519" lon="12.02774175090597">
        <ele>128</ele>
      </trkpt>
      <trkpt lat="58.16811939729164" lon="12.02807648292962">
        <ele>128</ele>
      </trkpt>
      <trkpt lat="58.16805814461107" lon="12.02819170043643">
        <ele>128</ele>
      </trkpt>
      <trkpt lat="58.16805814461107" lon="12.02819170043643">
        <ele>128</ele>
      </trkpt>
      <trkpt lat="58.16796451831534" lon="12.02804562857695">
        <ele>126</ele>
      </trkpt>
      <trkpt lat="58.16796451831534" lon="12.02804562857695">
        <ele>126</ele>
      </trkpt>
      <trkpt lat="58.1678533282472" lon="12.02798397863818">
        <ele>125</ele>
      </trkpt>
      <trkpt lat="58.16775414838834" lon="12.02798588594316">
        <ele>124</ele>
      </trkpt>
      <trkpt lat="58.1676625977494" lon="12.02814514590883">
        <ele>124</ele>
      </trkpt>
      <trkpt lat="58.16760823955752" lon="12.02834255197406">
        <ele>123</ele>
      </trkpt>
      <trkpt lat="58.16745756246426" lon="12.02863055502575">
        <ele>122</ele>
      </trkpt>
      <trkpt lat="58.16743562845701" lon="12.02893190921228">
        <ele>123</ele>
      </trkpt>
      <trkpt lat="58.1673574289529" lon="12.02913122258249">
        <ele>122</ele>
      </trkpt>
      <trkpt lat="58.16718863246235" lon="12.02964428762159">
        <ele>121</ele>
      </trkpt>
      <trkpt lat="58.16718863246235" lon="12.02964428762159">
        <ele>121</ele>
      </trkpt>
      <trkpt lat="58.16687432497213" lon="12.0300373669642">
        <ele>118</ele>
      </trkpt>
      <trkpt lat="58.16687432497213" lon="12.0300373669642">
        <ele>118</ele>
      </trkpt>
      <trkpt lat="58.16685756263902" lon="12.03005833027905">
        <ele>118</ele>
      </trkpt>
      <trkpt lat="58.16685756263902" lon="12.03005833027905">
        <ele>118</ele>
      </trkpt>
      <trkpt lat="58.16680431050926" lon="12.03012492847606">
        <ele>117</ele>
      </trkpt>
      <trkpt lat="58.16662788479879" lon="12.03017451840549">
        <ele>116</ele>
      </trkpt>
      <trkpt lat="58.16634655731453" lon="12.03036906351326">
        <ele>115</ele>
      </trkpt>
      <trkpt lat="58.16547777989702" lon="12.03156303642953">
        <ele>116</ele>
      </trkpt>
      <trkpt lat="58.16533309016865" lon="12.03170323578702">
        <ele>117</ele>
      </trkpt>
      <trkpt lat="58.16533309016865" lon="12.03170323578702">
        <ele>117</ele>
      </trkpt>
      <trkpt lat="58.16492466145338" lon="12.03209898912836">
        <ele>118</ele>
      </trkpt>
      <trkpt lat="58.1647663551402" lon="12.03219435437727">
        <ele>117</ele>
      </trkpt>
      <trkpt lat="58.16466526797637" lon="12.0323650581728">
        <ele>119</ele>
      </trkpt>
      <trkpt lat="58.16391283616252" lon="12.0331394239939">
        <ele>121</ele>
      </trkpt>
      <trkpt lat="58.16373068853711" lon="12.03343982452794">
        <ele>121</ele>
      </trkpt>
      <trkpt lat="58.16363532328821" lon="12.03345699027275">
        <ele>120</ele>
      </trkpt>
      <trkpt lat="58.16353995803931" lon="12.03353805073431">
        <ele>120</ele>
      </trkpt>
      <trkpt lat="58.16331394239941" lon="12.03354567995423">
        <ele>117</ele>
      </trkpt>
      <trkpt lat="58.16324241846273" lon="12.03347606332253">
        <ele>116</ele>
      </trkpt>
      <trkpt lat="58.16302307839025" lon="12.03369826435247">
        <ele>116</ele>
      </trkpt>
      <trkpt lat="58.16294297158117" lon="12.03375357619684">
        <ele>115</ele>
      </trkpt>
      <trkpt lat="58.16273793629603" lon="12.03385275605569">
        <ele>113</ele>
      </trkpt>
      <trkpt lat="58.16255102040818" lon="12.03416364676712">
        <ele>110</ele>
      </trkpt>
      <trkpt lat="58.16220961281711" lon="12.03439061605951">
        <ele>113</ele>
      </trkpt>
      <trkpt lat="58.1619664314324" lon="12.03481499141713">
        <ele>112</ele>
      </trkpt>
      <trkpt lat="58.16181766164411" lon="12.03505626549685">
        <ele>111</ele>
      </trkpt>
      <trkpt lat="58.16158497043679" lon="12.03529753957658">
        <ele>111</ele>
      </trkpt>
      <trkpt lat="58.16154964734417" lon="12.03526928110248">
        <ele>112</ele>
      </trkpt>
      <trkpt lat="58.16154964748969" lon="12.03526928051314">
        <ele>112</ele>
      </trkpt>
      <trkpt lat="58.16144192256343" lon="12.03555979401106">
        <ele>111</ele>
      </trkpt>
      <trkpt lat="58.16136654289767" lon="12.0358377244794">
        <ele>110</ele>
      </trkpt>
      <trkpt lat="58.16136654289767" lon="12.0358377244794">
        <ele>110</ele>
      </trkpt>
      <trkpt lat="58.16130173564755" lon="12.03607667366012">
        <ele>110</ele>
      </trkpt>
      <trkpt lat="58.1612445164982" lon="12.03632271600229">
        <ele>109</ele>
      </trkpt>
      <trkpt lat="58.16108239557507" lon="12.0369387755102">
        <ele>107</ele>
      </trkpt>
      <trkpt lat="58.16099665653609" lon="12.0372176075109">
        <ele>106</ele>
      </trkpt>
      <trkpt lat="58.16099665653609" lon="12.0372176075109">
        <ele>106</ele>
      </trkpt>
      <trkpt lat="58.16096891092887" lon="12.03730783902346">
        <ele>105</ele>
      </trkpt>
      <trkpt lat="58.16080583635325" lon="12.03771886324623">
        <ele>102</ele>
      </trkpt>
      <trkpt lat="58.16067137135229" lon="12.03798874690063">
        <ele>103</ele>
      </trkpt>
      <trkpt lat="58.1603532074673" lon="12.0385261003939">
        <ele>103</ele>
      </trkpt>
      <trkpt lat="58.1603532074673" lon="12.0385261003939">
        <ele>103</ele>
      </trkpt>
      <trkpt lat="58.16031102278274" lon="12.03859707455041">
        <ele>102</ele>
      </trkpt>
      <trkpt lat="58.16031102278274" lon="12.03859707455041">
        <ele>102</ele>
      </trkpt>
      <trkpt lat="58.16031109077978" lon="12.03859723213086">
        <ele>102</ele>
      </trkpt>
      <trkpt lat="58.16031109163968" lon="12.03859723067661">
        <ele>102</ele>
      </trkpt>
      <trkpt lat="58.16000000000002" lon="12.03912263971009">
        <ele>95</ele>
      </trkpt>
      <trkpt lat="58.16" lon="12.03912263971009">
        <ele>95</ele>
      </trkpt>
      <trkpt lat="58.1598350181194" lon="12.03940587449933">
        <ele>98</ele>
      </trkpt>
      <trkpt lat="58.15965477779898" lon="12.03973106999809">
        <ele>98</ele>
      </trkpt>
      <trkpt lat="58.15952126645051" lon="12.04">
        <ele>97</ele>
      </trkpt>
      <trkpt lat="58.15952126645051" lon="12.04000000000001">
        <ele>97</ele>
      </trkpt>
      <trkpt lat="58.15940454910463" lon="12.04024510642637">
        <ele>95</ele>
      </trkpt>
      <trkpt lat="58.1594045491285" lon="12.04024510637623">
        <ele>95</ele>
      </trkpt>
      <trkpt lat="58.15932099942781" lon="12.04042056074768">
        <ele>93</ele>
      </trkpt>
      <trkpt lat="58.15917509059699" lon="12.04076769025368">
        <ele>87</ele>
      </trkpt>
      <trkpt lat="58.15900343314897" lon="12.04120732405113">
        <ele>87</ele>
      </trkpt>
      <trkpt lat="58.15884608048827" lon="12.04156303642954">
        <ele>86</ele>
      </trkpt>
      <trkpt lat="58.15859622353615" lon="12.04205988937632">
        <ele>88</ele>
      </trkpt>
      <trkpt lat="58.15843791722297" lon="12.04230974632845">
        <ele>88</ele>
      </trkpt>
      <trkpt lat="58.15798588594317" lon="12.04296299828344">
        <ele>91</ele>
      </trkpt>
      <trkpt lat="58.15781327484265" lon="12.04322620637041">
        <ele>92</ele>
      </trkpt>
      <trkpt lat="58.15762349799733" lon="12.04359717718864">
        <ele>93</ele>
      </trkpt>
      <trkpt lat="58.15754148388328" lon="12.04381365630366">
        <ele>93</ele>
      </trkpt>
      <trkpt lat="58.15747282090407" lon="12.0440358573336">
        <ele>93</ele>
      </trkpt>
      <trkpt lat="58.15731546824338" lon="12.04459183673471">
        <ele>94</ele>
      </trkpt>
      <trkpt lat="58.15706751859623" lon="12.04560366202557">
        <ele>92</ele>
      </trkpt>
      <trkpt lat="58.15688823192829" lon="12.04609860766738">
        <ele>91</ele>
      </trkpt>
      <trkpt lat="58.1567566278848" lon="12.04640186915889">
        <ele>90</ele>
      </trkpt>
      <trkpt lat="58.15662979210376" lon="12.04664981880604">
        <ele>90</ele>
      </trkpt>
      <trkpt lat="58.15646862483312" lon="12.04694354377266">
        <ele>90</ele>
      </trkpt>
      <trkpt lat="58.15613484646195" lon="12.04749094030137">
        <ele>88</ele>
      </trkpt>
      <trkpt lat="58.15568186152966" lon="12.04819092122831">
        <ele>80</ele>
      </trkpt>
      <trkpt lat="58.15557219149343" lon="12.04834636658403">
        <ele>79</ele>
      </trkpt>
      <trkpt lat="58.15532614915126" lon="12.04864676711807">
        <ele>80</ele>
      </trkpt>
      <trkpt lat="58.15513637230594" lon="12.04883845126837">
        <ele>81</ele>
      </trkpt>
      <trkpt lat="58.1549914171276" lon="12.0490005721915">
        <ele>81</ele>
      </trkpt>
      <trkpt lat="58.15486458134657" lon="12.04916269311464">
        <ele>79</ele>
      </trkpt>
      <trkpt lat="58.15454129315278" lon="12.04960804882702">
        <ele>76</ele>
      </trkpt>
      <trkpt lat="58.15370112530994" lon="12.05061033759299">
        <ele>72</ele>
      </trkpt>
      <trkpt lat="58.15355521647912" lon="12.0508353995804">
        <ele>70</ele>
      </trkpt>
      <trkpt lat="58.15345985123022" lon="12.05103471295061">
        <ele>70</ele>
      </trkpt>
      <trkpt lat="58.15339786381843" lon="12.05122162883846">
        <ele>69</ele>
      </trkpt>
      <trkpt lat="58.15334541293154" lon="12.0514533663933">
        <ele>69</ele>
      </trkpt>
      <trkpt lat="58.15331203509442" lon="12.05167366011827">
        <ele>69</ele>
      </trkpt>
      <trkpt lat="58.15328342551975" lon="12.05194259012017">
        <ele>69</ele>
      </trkpt>
      <trkpt lat="58.15322239176045" lon="12.05299160785811">
        <ele>65</ele>
      </trkpt>
      <trkpt lat="58.15319664314325" lon="12.05321666984552">
        <ele>64</ele>
      </trkpt>
      <trkpt lat="58.15315086782377" lon="12.05344363913791">
        <ele>63</ele>
      </trkpt>
      <trkpt lat="58.15310413885181" lon="12.05361625023842">
        <ele>62</ele>
      </trkpt>
      <trkpt lat="58.15296395193592" lon="12.05406065229831">
        <ele>60</ele>
      </trkpt>
      <trkpt lat="58.15245660881175" lon="12.05557695975588">
        <ele>61</ele>
      </trkpt>
      <trkpt lat="58.15236696547779" lon="12.05579820713333">
        <ele>62</ele>
      </trkpt>
      <trkpt lat="58.15230116345604" lon="12.05592027465193">
        <ele>62</ele>
      </trkpt>
      <trkpt lat="58.15199408735457" lon="12.05638470341409">
        <ele>61</ele>
      </trkpt>
      <trkpt lat="58.15193877551021" lon="12.05648483692543">
        <ele>61</ele>
      </trkpt>
      <trkpt lat="58.15187488079344" lon="12.0566355140187">
        <ele>60</ele>
      </trkpt>
      <trkpt lat="58.15185186839754" lon="12.05670338108458">
        <ele>60</ele>
      </trkpt>
      <trkpt lat="58.15185186839754" lon="12.05670338108458">
        <ele>60</ele>
      </trkpt>
      <trkpt lat="58.1517441903565" lon="12.05713794080352">
        <ele>59</ele>
      </trkpt>
      <trkpt lat="58.1517441903565" lon="12.05713794080352">
        <ele>59</ele>
      </trkpt>
      <trkpt lat="58.15171657448027" lon="12.05728876597369">
        <ele>59</ele>
      </trkpt>
      <trkpt lat="58.15164981880604" lon="12.05787240129698">
        <ele>58</ele>
      </trkpt>
      <trkpt lat="58.15159069235171" lon="12.05819092122832">
        <ele>58</ele>
      </trkpt>
      <trkpt lat="58.1515401487698" lon="12.05838546633608">
        <ele>58</ele>
      </trkpt>
      <trkpt lat="58.15119015830632" lon="12.05955941255008">
        <ele>57</ele>
      </trkpt>
      <trkpt lat="58.15111577341217" lon="12.05977112340264">
        <ele>57</ele>
      </trkpt>
      <trkpt lat="58.15101563990083" lon="12.06000000000001">
        <ele>57</ele>
      </trkpt>
      <trkpt lat="58.15101563990083" lon="12.05999999999999">
        <ele>57</ele>
      </trkpt>
      <trkpt lat="58.15080679000572" lon="12.06041769979019">
        <ele>57</ele>
      </trkpt>
      <trkpt lat="58.15068281518215" lon="12.06068949074956">
        <ele>58</ele>
      </trkpt>
      <trkpt lat="58.15058077436583" lon="12.06094602326911">
        <ele>58</ele>
      </trkpt>
      <trkpt lat="58.15050543581919" lon="12.0612082777036">
        <ele>59</ele>
      </trkpt>
      <trkpt lat="58.15044154110243" lon="12.06147720770551">
        <ele>60</ele>
      </trkpt>
      <trkpt lat="58.15039767308793" lon="12.06172229639519">
        <ele>60</ele>
      </trkpt>
      <trkpt lat="58.15035475872592" lon="12.06201029944688">
        <ele>62</ele>
      </trkpt>
      <trkpt lat="58.1503309174137" lon="12.06229258058363">
        <ele>63</ele>
      </trkpt>
      <trkpt lat="58.15029372496663" lon="12.06296013732595">
        <ele>64</ele>
      </trkpt>
      <trkpt lat="58.15023841312227" lon="12.06342265878313">
        <ele>65</ele>
      </trkpt>
      <trkpt lat="58.15019835971773" lon="12.06361625023841">
        <ele>66</ele>
      </trkpt>
      <trkpt lat="58.15013351134847" lon="12.06385275605569">
        <ele>67</ele>
      </trkpt>
      <trkpt lat="58.1498445546443" lon="12.06475014304787">
        <ele>70</ele>
      </trkpt>
      <trkpt lat="58.14978924279993" lon="12.06498950982261">
        <ele>71</ele>
      </trkpt>
      <trkpt lat="58.14975395765784" lon="12.06517737936295">
        <ele>72</ele>
      </trkpt>
      <trkpt lat="58.1496967385085" lon="12.06579534617585">
        <ele>74</ele>
      </trkpt>
      <trkpt lat="58.14966431432386" lon="12.06672706465763">
        <ele>76</ele>
      </trkpt>
      <trkpt lat="58.14966431432386" lon="12.0670598893763">
        <ele>75</ele>
      </trkpt>
      <trkpt lat="58.14965477779898" lon="12.06728399771123">
        <ele>75</ele>
      </trkpt>
      <trkpt lat="58.14963856570666" lon="12.06744897959183">
        <ele>75</ele>
      </trkpt>
      <trkpt lat="58.14963017327081" lon="12.06750922529201">
        <ele>75</ele>
      </trkpt>
      <trkpt lat="58.14963017327081" lon="12.06750922529201">
        <ele>75</ele>
      </trkpt>
      <trkpt lat="58.14961186343697" lon="12.06764066374213">
        <ele>75</ele>
      </trkpt>
      <trkpt lat="58.14954320045776" lon="12.0680164028228">
        <ele>74</ele>
      </trkpt>
      <trkpt lat="58.14941159641428" lon="12.06855426282662">
        <ele>74</ele>
      </trkpt>
      <trkpt lat="58.14908830822049" lon="12.0699389662407">
        <ele>73</ele>
      </trkpt>
      <trkpt lat="58.14899866488652" lon="12.0704081632653">
        <ele>73</ele>
      </trkpt>
      <trkpt lat="58.14896051878696" lon="12.07066851039481">
        <ele>73</ele>
      </trkpt>
      <trkpt lat="58.14892523364487" lon="12.07103089834064">
        <ele>73</ele>
      </trkpt>
      <trkpt lat="58.14889471676522" lon="12.07142380316612">
        <ele>73</ele>
      </trkpt>
      <trkpt lat="58.14887278275797" lon="12.07197596795727">
        <ele>72</ele>
      </trkpt>
      <trkpt lat="58.14883845126836" lon="12.07236887278275">
        <ele>72</ele>
      </trkpt>
      <trkpt lat="58.14878695403396" lon="12.07272553881365">
        <ele>72</ele>
      </trkpt>
      <trkpt lat="58.14873831775702" lon="12.07299256151058">
        <ele>72</ele>
      </trkpt>
      <trkpt lat="58.14869731069999" lon="12.07316994087354">
        <ele>72</ele>
      </trkpt>
      <trkpt lat="58.14856379935152" lon="12.07361815754338">
        <ele>72</ele>
      </trkpt>
      <trkpt lat="58.14831584970437" lon="12.07430478733549">
        <ele>72</ele>
      </trkpt>
      <trkpt lat="58.14792485218387" lon="12.07534045393858">
        <ele>77</ele>
      </trkpt>
      <trkpt lat="58.14741083349228" lon="12.07673564753003">
        <ele>76</ele>
      </trkpt>
      <trkpt lat="58.14730593171848" lon="12.07710471104329">
        <ele>76</ele>
      </trkpt>
      <trkpt lat="58.14717718863247" lon="12.0777474728209">
        <ele>75</ele>
      </trkpt>
      <trkpt lat="58.14707514781614" lon="12.07816421895861">
        <ele>74</ele>
      </trkpt>
      <trkpt lat="58.1470179286668" lon="12.07836925424375">
        <ele>74</ele>
      </trkpt>
      <trkpt lat="58.14685962235362" lon="12.07880507343124">
        <ele>72</ele>
      </trkpt>
      <trkpt lat="58.14673469387755" lon="12.0790511157734">
        <ele>71</ele>
      </trkpt>
      <trkpt lat="58.14662025557887" lon="12.07923803166126">
        <ele>70</ele>
      </trkpt>
      <trkpt lat="58.14631413312989" lon="12.0796337974442">
        <ele>69</ele>
      </trkpt>
      <trkpt lat="58.14598035475873" lon="12.07999999999999">
        <ele>66</ele>
      </trkpt>
      <trkpt lat="58.14598035475873" lon="12.08">
        <ele>66</ele>
      </trkpt>
      <trkpt lat="58.1456351325577" lon="12.08040434865535">
        <ele>65</ele>
      </trkpt>
      <trkpt lat="58.14547491893954" lon="12.08062464238032">
        <ele>64</ele>
      </trkpt>
      <trkpt lat="58.14532614915125" lon="12.0808783139424">
        <ele>64</ele>
      </trkpt>
      <trkpt lat="58.14519931337021" lon="12.08119206561129">
        <ele>64</ele>
      </trkpt>
      <trkpt lat="58.14515639900821" lon="12.0813303452222">
        <ele>64</ele>
      </trkpt>
      <trkpt lat="58.14511062368874" lon="12.08152870493992">
        <ele>64</ele>
      </trkpt>
      <trkpt lat="58.14508010680908" lon="12.08173850848751">
        <ele>65</ele>
      </trkpt>
      <trkpt lat="58.14506484836926" lon="12.0820093457944">
        <ele>65</ele>
      </trkpt>
      <trkpt lat="58.14507438489415" lon="12.0822353614343">
        <ele>65</ele>
      </trkpt>
      <trkpt lat="58.14512492847607" lon="12.0829305740988">
        <ele>65</ele>
      </trkpt>
      <trkpt lat="58.14518119397292" lon="12.08354854091169">
        <ele>64</ele>
      </trkpt>
      <trkpt lat="58.1452355521648" lon="12.08406923517071">
        <ele>63</ele>
      </trkpt>
      <trkpt lat="58.14530898340645" lon="12.08449933244326">
        <ele>61</ele>
      </trkpt>
      <trkpt lat="58.14562273507534" lon="12.08585447263018">
        <ele>51</ele>
      </trkpt>
      <trkpt lat="58.14567900057219" lon="12.08612530993706">
        <ele>49</ele>
      </trkpt>
      <trkpt lat="58.14571237840931" lon="12.08634369635705">
        <ele>48</ele>
      </trkpt>
      <trkpt lat="58.14573526606905" lon="12.08661453366394">
        <ele>46</ele>
      </trkpt>
      <trkpt lat="58.14582300209804" lon="12.08842075147816">
        <ele>36</ele>
      </trkpt>
      <trkpt lat="58.14583444592791" lon="12.08877932481404">
        <ele>37</ele>
      </trkpt>
      <trkpt lat="58.14581251192066" lon="12.08909975205036">
        <ele>37</ele>
      </trkpt>
      <trkpt lat="58.14573621972154" lon="12.08952984932291">
        <ele>36</ele>
      </trkpt>
      <trkpt lat="58.14568376883464" lon="12.08973011634561">
        <ele>35</ele>
      </trkpt>
      <trkpt lat="58.14562368872783" lon="12.08989795918368">
        <ele>35</ele>
      </trkpt>
      <trkpt lat="58.14551783330155" lon="12.0901134846462">
        <ele>34</ele>
      </trkpt>
      <trkpt lat="58.14479305740988" lon="12.09139805454893">
        <ele>32</ele>
      </trkpt>
      <trkpt lat="58.14440778180432" lon="12.09209994278085">
        <ele>30</ele>
      </trkpt>
      <trkpt lat="58.14392046538242" lon="12.09301449551784">
        <ele>29</ele>
      </trkpt>
      <trkpt lat="58.14368109860767" lon="12.09344459279039">
        <ele>28</ele>
      </trkpt>
      <trkpt lat="58.14351993133702" lon="12.09371256913981">
        <ele>28</ele>
      </trkpt>
      <trkpt lat="58.14340453938586" lon="12.09387755102041">
        <ele>28</ele>
      </trkpt>
      <trkpt lat="58.14327674995232" lon="12.09404539385848">
        <ele>27</ele>
      </trkpt>
      <trkpt lat="58.14318138470342" lon="12.09415983215717">
        <ele>27</ele>
      </trkpt>
      <trkpt lat="58.14305359526989" lon="12.09427999237078">
        <ele>27</ele>
      </trkpt>
      <trkpt lat="58.14286572572955" lon="12.0944268548541">
        <ele>27</ele>
      </trkpt>
      <trkpt lat="58.14265878313943" lon="12.09460709517452">
        <ele>27</ele>
      </trkpt>
      <trkpt lat="58.14247663551402" lon="12.09481022315469">
        <ele>27</ele>
      </trkpt>
      <trkpt lat="58.14232786572573" lon="12.09501716574481">
        <ele>27</ele>
      </trkpt>
      <trkpt lat="58.14183292008393" lon="12.09589357238223">
        <ele>30</ele>
      </trkpt>
      <trkpt lat="58.14125786763304" lon="12.09693686820523">
        <ele>32</ele>
      </trkpt>
      <trkpt lat="58.14101945451078" lon="12.09730593171849">
        <ele>33</ele>
      </trkpt>
      <trkpt lat="58.14077818043106" lon="12.09763780278467">
        <ele>32</ele>
      </trkpt>
      <trkpt lat="58.14036810986077" lon="12.09810699980927">
        <ele>31</ele>
      </trkpt>
      <trkpt lat="58.14000000000001" lon="12.09842456608812">
        <ele>30</ele>
      </trkpt>
      <trkpt lat="58.13999999999999" lon="12.09842456608812">
        <ele>30</ele>
      </trkpt>
      <trkpt lat="58.13993705893572" lon="12.09847987793249">
        <ele>30</ele>
      </trkpt>
      <trkpt lat="58.13966336067136" lon="12.09866488651536">
        <ele>30</ele>
      </trkpt>
      <trkpt lat="58.13936296013732" lon="12.09882128552356">
        <ele>31</ele>
      </trkpt>
      <trkpt lat="58.13888041197787" lon="12.09900247949648">
        <ele>31</ele>
      </trkpt>
      <trkpt lat="58.13828151821476" lon="12.09918176616441">
        <ele>31</ele>
      </trkpt>
      <trkpt lat="58.13792866679382" lon="12.09930001907305">
        <ele>31</ele>
      </trkpt>
      <trkpt lat="58.13767880984169" lon="12.0994087354568">
        <ele>31</ele>
      </trkpt>
      <trkpt lat="58.13741431433259" lon="12.09956945071165">
        <ele>31</ele>
      </trkpt>
      <trkpt lat="58.13741431433259" lon="12.09956945071165">
        <ele>31</ele>
      </trkpt>
      <trkpt lat="58.1374069513807" lon="12.09957392465789">
        <ele>31</ele>
      </trkpt>
      <trkpt lat="58.1374069513807" lon="12.09957392465789">
        <ele>31</ele>
      </trkpt>
      <trkpt lat="58.13732881937821" lon="12.09962139996186">
        <ele>31</ele>
      </trkpt>
      <trkpt lat="58.13732705318902" lon="12.09962281291321">
        <ele>31</ele>
      </trkpt>
      <trkpt lat="58.13732705306352" lon="12.09962281200374">
        <ele>31</ele>
      </trkpt>
      <trkpt lat="58.13731165363341" lon="12.09954033950029">
        <ele>31</ele>
      </trkpt>
      <trkpt lat="58.13729488289858" lon="12.09944530533626">
        <ele>31</ele>
      </trkpt>
      <trkpt lat="58.13729488268099" lon="12.09944530412552">
        <ele>31</ele>
      </trkpt>
      <trkpt lat="58.13705702841884" lon="12.09964714857906">
        <ele>31</ele>
      </trkpt>
      <trkpt lat="58.13673278657257" lon="12.1">
        <ele>32</ele>
      </trkpt>
      <trkpt lat="58.13673278657257" lon="12.10000000000001">
        <ele>32</ele>
      </trkpt>
      <trkpt lat="58.13670455870408" lon="12.10003054609924">
        <ele>32</ele>
      </trkpt>
      <trkpt lat="58.13670455870408" lon="12.10003054609924">
        <ele>32</ele>
      </trkpt>
      <trkpt lat="58.13653538050734" lon="12.10021361815756">
        <ele>32</ele>
      </trkpt>
      <trkpt lat="58.13625023841312" lon="12.10060938394051">
        <ele>31</ele>
      </trkpt>
      <trkpt lat="58.13623103142512" lon="12.10064555294388">
        <ele>31</ele>
      </trkpt>
      <trkpt lat="58.13623103142512" lon="12.10064555294388">
        <ele>31</ele>
      </trkpt>
      <trkpt lat="58.13610731802981" lon="12.10087851972725">
        <ele>31</ele>
      </trkpt>
      <trkpt lat="58.13610731802981" lon="12.10087851972725">
        <ele>31</ele>
      </trkpt>
      <trkpt lat="58.13588308220484" lon="12.10130078199505">
        <ele>30</ele>
      </trkpt>
      <trkpt lat="58.13573629075508" lon="12.10165965557009">
        <ele>30</ele>
      </trkpt>
      <trkpt lat="58.13573629075508" lon="12.10165965557009">
        <ele>30</ele>
      </trkpt>
      <trkpt lat="58.13571771378119" lon="12.10160135924928">
        <ele>30</ele>
      </trkpt>
      <trkpt lat="58.13571771378119" lon="12.10160135924928">
        <ele>30</ele>
      </trkpt>
      <trkpt lat="58.13571669108718" lon="12.10170757254959">
        <ele>30</ele>
      </trkpt>
      <trkpt lat="58.13571669108718" lon="12.10170757254959">
        <ele>30</ele>
      </trkpt>
      <trkpt lat="58.13557219149342" lon="12.10206084302881">
        <ele>30</ele>
      </trkpt>
      <trkpt lat="58.13541102422277" lon="12.10253671562084">
        <ele>30</ele>
      </trkpt>
      <trkpt lat="58.13539895709043" lon="12.10257968638478">
        <ele>30</ele>
      </trkpt>
      <trkpt lat="58.13539895709043" lon="12.10257968638478">
        <ele>30</ele>
      </trkpt>
      <trkpt lat="58.13525462521456" lon="12.10309364867444">
        <ele>29</ele>
      </trkpt>
      <trkpt lat="58.13516688918558" lon="12.10352088498952">
        <ele>28</ele>
      </trkpt>
      <trkpt lat="58.13516370361687" lon="12.10354250438247">
        <ele>28</ele>
      </trkpt>
      <trkpt lat="58.13516370361687" lon="12.10354250438247">
        <ele>28</ele>
      </trkpt>
      <trkpt lat="58.1350953652489" lon="12.10400629410644">
        <ele>28</ele>
      </trkpt>
      <trkpt lat="58.13499278729548" lon="12.10460415969296">
        <ele>27</ele>
      </trkpt>
      <trkpt lat="58.13499278729548" lon="12.10460415969296">
        <ele>27</ele>
      </trkpt>
      <trkpt lat="58.13493419797825" lon="12.10494564180814">
        <ele>27</ele>
      </trkpt>
      <trkpt lat="58.13479401106236" lon="12.10566564943736">
        <ele>26</ele>
      </trkpt>
      <trkpt lat="58.13478648746511" lon="12.10570160780658">
        <ele>26</ele>
      </trkpt>
      <trkpt lat="58.13478648746511" lon="12.10570160780658">
        <ele>26</ele>
      </trkpt>
      <trkpt lat="58.13466431432386" lon="12.10628552355523">
        <ele>25</ele>
      </trkpt>
      <trkpt lat="58.13462807552927" lon="12.10663932862866">
        <ele>24</ele>
      </trkpt>
      <trkpt lat="58.1345795717072" lon="12.10696148295407">
        <ele>24</ele>
      </trkpt>
      <trkpt lat="58.1345795717072" lon="12.10696148295407">
        <ele>24</ele>
      </trkpt>
      <trkpt lat="58.13441799059046" lon="12.10803467787839">
        <ele>21</ele>
      </trkpt>
      <trkpt lat="58.13441799059046" lon="12.10803467787839">
        <ele>21</ele>
      </trkpt>
      <trkpt lat="58.1342952508106" lon="12.10884989509824">
        <ele>20</ele>
      </trkpt>
      <trkpt lat="58.13429301770661" lon="12.10904417514529">
        <ele>20</ele>
      </trkpt>
      <trkpt lat="58.13429301770661" lon="12.10904417514529">
        <ele>20</ele>
      </trkpt>
      <trkpt lat="58.13429048254815" lon="12.10926473393097">
        <ele>20</ele>
      </trkpt>
      <trkpt lat="58.13425615105855" lon="12.10957943925235">
        <ele>20</ele>
      </trkpt>
      <trkpt lat="58.13422849513637" lon="12.10970913599086">
        <ele>20</ele>
      </trkpt>
      <trkpt lat="58.13415983215716" lon="12.10989128361626">
        <ele>19</ele>
      </trkpt>
      <trkpt lat="58.13416364676711" lon="12.10997425138281">
        <ele>19</ele>
      </trkpt>
      <trkpt lat="58.13415896214352" lon="12.11001862517847">
        <ele>19</ele>
      </trkpt>
      <trkpt lat="58.13415896214352" lon="12.11001862517847">
        <ele>19</ele>
      </trkpt>
      <trkpt lat="58.13412931527751" lon="12.11029944688157">
        <ele>19</ele>
      </trkpt>
      <trkpt lat="58.13412836162502" lon="12.11048445546444">
        <ele>19</ele>
      </trkpt>
      <trkpt lat="58.1341080138123" lon="12.11069942412113">
        <ele>19</ele>
      </trkpt>
      <trkpt lat="58.1341080138123" lon="12.11069942412113">
        <ele>19</ele>
      </trkpt>
      <trkpt lat="58.13404730116345" lon="12.11134083539959">
        <ele>18</ele>
      </trkpt>
      <trkpt lat="58.13404226761793" lon="12.11140469381289">
        <ele>18</ele>
      </trkpt>
      <trkpt lat="58.13404226761793" lon="12.11140469381289">
        <ele>18</ele>
      </trkpt>
      <trkpt lat="58.13399157962475" lon="12.11204775044284">
        <ele>17</ele>
      </trkpt>
      <trkpt lat="58.13399157962475" lon="12.11204775044284">
        <ele>17</ele>
      </trkpt>
      <trkpt lat="58.13398340644669" lon="12.11215144001527">
        <ele>16</ele>
      </trkpt>
      <trkpt lat="58.13392639803381" lon="12.11271090878438">
        <ele>16</ele>
      </trkpt>
      <trkpt lat="58.13392639803381" lon="12.11271090878438">
        <ele>16</ele>
      </trkpt>
      <trkpt lat="58.13385850095678" lon="12.1133772366507">
        <ele>15</ele>
      </trkpt>
      <trkpt lat="58.13385850095678" lon="12.1133772366507">
        <ele>15</ele>
      </trkpt>
      <trkpt lat="58.13384512683577" lon="12.11350848750717">
        <ele>14</ele>
      </trkpt>
      <trkpt lat="58.13380259734089" lon="12.11405903415522">
        <ele>12</ele>
      </trkpt>
      <trkpt lat="58.13380259734089" lon="12.11405903415522">
        <ele>12</ele>
      </trkpt>
      <trkpt lat="58.13375834445927" lon="12.11463189013925">
        <ele>10</ele>
      </trkpt>
      <trkpt lat="58.13375832909703" lon="12.11463208900684">
        <ele>10</ele>
      </trkpt>
      <trkpt lat="58.13375832382214" lon="12.11463208712295">
        <ele>10</ele>
      </trkpt>
      <trkpt lat="58.13375832382558" lon="12.11463208709718">
        <ele>10</ele>
      </trkpt>
      <trkpt lat="58.13373557667183" lon="12.11484921901936">
        <ele>9</ele>
      </trkpt>
      <trkpt lat="58.13373557667183" lon="12.11484921901936">
        <ele>9</ele>
      </trkpt>
      <trkpt lat="58.13365647590514" lon="12.11560427179232">
        <ele>6</ele>
      </trkpt>
      <trkpt lat="58.13365647590514" lon="12.11560427179232">
        <ele>6</ele>
      </trkpt>
      <trkpt lat="58.13365344268548" lon="12.11563322525273">
        <ele>5</ele>
      </trkpt>
      <trkpt lat="58.13365344268548" lon="12.11563322525273">
        <ele>5</ele>
      </trkpt>
      <trkpt lat="58.1335898165477" lon="12.11627350512351">
        <ele>4</ele>
      </trkpt>
      <trkpt lat="58.1335898165477" lon="12.11627350512351">
        <ele>4</ele>
      </trkpt>
      <trkpt lat="58.13356284569902" lon="12.11654491703225">
        <ele>3</ele>
      </trkpt>
      <trkpt lat="58.13356284569902" lon="12.11654491703225">
        <ele>3</ele>
      </trkpt>
      <trkpt lat="58.1335126542995" lon="12.11703403053634">
        <ele>3</ele>
      </trkpt>
      <trkpt lat="58.1335126542995" lon="12.11703403053634">
        <ele>3</ele>
      </trkpt>
      <trkpt lat="58.1334360320382" lon="12.11778071190142">
        <ele>2</ele>
      </trkpt>
      <trkpt lat="58.1334360320382" lon="12.11778071190142">
        <ele>2</ele>
      </trkpt>
      <trkpt lat="58.13342075147816" lon="12.11792962044632">
        <ele>2</ele>
      </trkpt>
      <trkpt lat="58.13340358573335" lon="12.11818233835592">
        <ele>2</ele>
      </trkpt>
      <trkpt lat="58.13339881747091" lon="12.11847129506009">
        <ele>2</ele>
      </trkpt>
      <trkpt lat="58.13339922260515" lon="12.11850107242652">
        <ele>2</ele>
      </trkpt>
      <trkpt lat="58.13339922260515" lon="12.11850107242652">
        <ele>2</ele>
      </trkpt>
      <trkpt lat="58.13340263208087" lon="12.11875166889187">
        <ele>2</ele>
      </trkpt>
      <trkpt lat="58.13342075147816" lon="12.1190272744612">
        <ele>2</ele>
      </trkpt>
      <trkpt lat="58.13345031470531" lon="12.11931241655542">
        <ele>2</ele>
      </trkpt>
      <trkpt lat="58.13345767177619" lon="12.11935891879588">
        <ele>2</ele>
      </trkpt>
      <trkpt lat="58.13345767177619" lon="12.11935891879588">
        <ele>2</ele>
      </trkpt>
      <trkpt lat="58.13350085828723" lon="12.11963189013925">
        <ele>2</ele>
      </trkpt>
      <trkpt lat="58.13358001144383" lon="12.12000000000001">
        <ele>2</ele>
      </trkpt>
      <trkpt lat="58.13358001144383" lon="12.12">
        <ele>2</ele>
      </trkpt>
      <trkpt lat="58.13359717718863" lon="12.12006484836925">
        <ele>3</ele>
      </trkpt>
      <trkpt lat="58.13360122342248" lon="12.12007932962726">
        <ele>3</ele>
      </trkpt>
      <trkpt lat="58.13360122342248" lon="12.12007932962726">
        <ele>3</ele>
      </trkpt>
      <trkpt lat="58.13361529658592" lon="12.1201296967385">
        <ele>3</ele>
      </trkpt>
      <trkpt lat="58.13371829105473" lon="12.12044154110242">
        <ele>4</ele>
      </trkpt>
      <trkpt lat="58.13385847797062" lon="12.12078867060842">
        <ele>5</ele>
      </trkpt>
      <trkpt lat="58.13385847797062" lon="12.12078867060842">
        <ele>5</ele>
      </trkpt>
      <trkpt lat="58.13391092885752" lon="12.12089643333969">
        <ele>5</ele>
      </trkpt>
      <trkpt lat="58.13396337974442" lon="12.12100514972344">
        <ele>6</ele>
      </trkpt>
      <trkpt lat="58.13396337974442" lon="12.12100514972344">
        <ele>6</ele>
      </trkpt>
      <trkpt lat="58.13402155254625" lon="12.12111481975968">
        <ele>7</ele>
      </trkpt>
      <trkpt lat="58.13407972534808" lon="12.12122448979591">
        <ele>7</ele>
      </trkpt>
      <trkpt lat="58.13410165935532" lon="12.12128456990272">
        <ele>8</ele>
      </trkpt>
      <trkpt lat="58.13411405683768" lon="12.12134655731451">
        <ele>8</ele>
      </trkpt>
      <trkpt lat="58.13411501049017" lon="12.12140568376883">
        <ele>8</ele>
      </trkpt>
      <trkpt lat="58.13409975205035" lon="12.12149914171276">
        <ele>9</ele>
      </trkpt>
      <trkpt lat="58.13407972534808" lon="12.12156685103948">
        <ele>9</ele>
      </trkpt>
      <trkpt lat="58.1340606522983" lon="12.1216345603662">
        <ele>10</ele>
      </trkpt>
      <trkpt lat="58.1340082014114" lon="12.12175662788479">
        <ele>10</ele>
      </trkpt>
      <trkpt lat="58.133956704177" lon="12.12184150295632">
        <ele>11</ele>
      </trkpt>
      <trkpt lat="58.13390711424756" lon="12.1219034903681">
        <ele>11</ele>
      </trkpt>
      <trkpt lat="58.13385752431813" lon="12.12196643143238">
        <ele>11</ele>
      </trkpt>
      <trkpt lat="58.13359622353614" lon="12.12221533473202">
        <ele>12</ele>
      </trkpt>
      <trkpt lat="58.13348178523746" lon="12.12233454129315">
        <ele>12</ele>
      </trkpt>
      <trkpt lat="58.13342075147816" lon="12.12241083349227">
        <ele>13</ele>
      </trkpt>
      <trkpt lat="58.1333740225062" lon="12.12249761586877">
        <ele>13</ele>
      </trkpt>
      <trkpt lat="58.1333387373641" lon="12.12259393477017">
        <ele>13</ele>
      </trkpt>
      <trkpt lat="58.13331571599078" lon="12.12265677689732">
        <ele>14</ele>
      </trkpt>
      <trkpt lat="58.13331571599084" lon="12.12265677689722">
        <ele>14</ele>
      </trkpt>
      <trkpt lat="58.13339110176352" lon="12.12273364082231">
        <ele>14</ele>
      </trkpt>
      <trkpt lat="58.13339110178003" lon="12.12273364076172">
        <ele>14</ele>
      </trkpt>
      <trkpt lat="58.13335304215143" lon="12.12289052069425">
        <ele>15</ele>
      </trkpt>
      <trkpt lat="58.13332443257676" lon="12.12313465573145">
        <ele>16</ele>
      </trkpt>
      <trkpt lat="58.13331775700934" lon="12.12354663360671">
        <ele>18</ele>
      </trkpt>
      <trkpt lat="58.13332729353423" lon="12.12468148006866">
        <ele>21</ele>
      </trkpt>
      <trkpt lat="58.13332729353423" lon="12.12468148006866">
        <ele>21</ele>
      </trkpt>
      <trkpt lat="58.1333301544917" lon="12.12566851039481">
        <ele>24</ele>
      </trkpt>
      <trkpt lat="58.1333301544917" lon="12.12566851039481">
        <ele>24</ele>
      </trkpt>
      <trkpt lat="58.13339786381842" lon="12.12567137135227">
        <ele>24</ele>
      </trkpt>
      <trkpt lat="58.13384703414076" lon="12.12581537287812">
        <ele>25</ele>
      </trkpt>
      <trkpt lat="58.13392714094984" lon="12.12584684341026">
        <ele>25</ele>
      </trkpt>
      <trkpt lat="58.13395677453754" lon="12.12585834821489">
        <ele>25</ele>
      </trkpt>
      <trkpt lat="58.13395677453754" lon="12.12585834821489">
        <ele>25</ele>
      </trkpt>
      <trkpt lat="58.1340082014114" lon="12.12587831394239">
        <ele>25</ele>
      </trkpt>
      <trkpt lat="58.13410642761777" lon="12.12592313560938">
        <ele>25</ele>
      </trkpt>
      <trkpt lat="58.13420465382414" lon="12.12596795727636">
        <ele>25</ele>
      </trkpt>
      <trkpt lat="58.13430097272553" lon="12.12598893763112">
        <ele>25</ele>
      </trkpt>
      <trkpt lat="58.13433339691016" lon="12.12598893763112">
        <ele>25</ele>
      </trkpt>
      <trkpt lat="58.13439443066946" lon="12.12596891092885">
        <ele>24</ele>
      </trkpt>
      <trkpt lat="58.13439443066946" lon="12.12596891092885">
        <ele>24</ele>
      </trkpt>
      <trkpt lat="58.13444878886133" lon="12.12610623688727">
        <ele>25</ele>
      </trkpt>
      <trkpt lat="58.13471202740227" lon="12.12621954691539">
        <ele>24</ele>
      </trkpt>
      <trkpt lat="58.13471202741744" lon="12.12621954692191">
        <ele>24</ele>
      </trkpt>
      <trkpt lat="58.13473679191302" lon="12.1260776273126">
        <ele>24</ele>
      </trkpt>
      <trkpt lat="58.13473679191302" lon="12.1260776273126">
        <ele>24</ele>
      </trkpt>
      <trkpt lat="58.13475565827349" lon="12.12592591033048">
        <ele>23</ele>
      </trkpt>
      <trkpt lat="58.13475586496281" lon="12.12592599656685">
        <ele>23</ele>
      </trkpt>
      <trkpt lat="58.13489986648865" lon="12.12598607667366">
        <ele>23</ele>
      </trkpt>
      <trkpt lat="58.13504672897196" lon="12.12604711043295">
        <ele>23</ele>
      </trkpt>
      <trkpt lat="58.13518024032042" lon="12.12610337592981">
        <ele>22</ele>
      </trkpt>
      <trkpt lat="58.13518024032042" lon="12.12610337592981">
        <ele>22</ele>
      </trkpt>
      <trkpt lat="58.13513160404348" lon="12.12785809650963">
        <ele>28</ele>
      </trkpt>
      <trkpt lat="58.13513160404348" lon="12.12785809650963">
        <ele>28</ele>
      </trkpt>
      <trkpt lat="58.13447358382605" lon="12.12769883654396">
        <ele>31</ele>
      </trkpt>
      <trkpt lat="58.13440492084684" lon="12.1276778561892">
        <ele>31</ele>
      </trkpt>
      <trkpt lat="58.13440492084684" lon="12.1276778561892">
        <ele>31</ele>
      </trkpt>
      <trkpt lat="58.13439347701697" lon="12.12756627884798">
        <ele>31</ele>
      </trkpt>
      <trkpt lat="58.13423707800877" lon="12.12683292008392">
        <ele>28</ele>
      </trkpt>
      <trkpt lat="58.13423707800877" lon="12.12683292008392">
        <ele>28</ele>
      </trkpt>
      <trkpt lat="58.13421037573907" lon="12.12649341979782">
        <ele>27</ele>
      </trkpt>
      <trkpt lat="58.1341998855617" lon="12.12608430288003">
        <ele>25</ele>
      </trkpt>
      <trkpt lat="58.13420465382414" lon="12.12596795727636">
        <ele>25</ele>
      </trkpt>
      <trkpt lat="58.13420465382414" lon="12.12596795727636">
        <ele>25</ele>
      </trkpt>
      <trkpt lat="58.13410642761777" lon="12.12592313560938">
        <ele>25</ele>
      </trkpt>
      <trkpt lat="58.1340082014114" lon="12.12587831394239">
        <ele>25</ele>
      </trkpt>
      <trkpt lat="58.13392714094984" lon="12.12584684341026">
        <ele>25</ele>
      </trkpt>
      <trkpt lat="58.13384703414076" lon="12.12581537287812">
        <ele>25</ele>
      </trkpt>
      <trkpt lat="58.13339786381842" lon="12.12567137135227">
        <ele>24</ele>
      </trkpt>
      <trkpt lat="58.1333301544917" lon="12.12566851039481">
        <ele>24</ele>
      </trkpt>
      <trkpt lat="58.1333301544917" lon="12.12566851039481">
        <ele>24</ele>
      </trkpt>
      <trkpt lat="58.13332729353423" lon="12.12468148006866">
        <ele>21</ele>
      </trkpt>
      <trkpt lat="58.13332729353423" lon="12.12468148006866">
        <ele>21</ele>
      </trkpt>
      <trkpt lat="58.13331775700934" lon="12.12354663360671">
        <ele>18</ele>
      </trkpt>
      <trkpt lat="58.13332443257676" lon="12.12313465573145">
        <ele>16</ele>
      </trkpt>
      <trkpt lat="58.13335304215143" lon="12.12289052069425">
        <ele>15</ele>
      </trkpt>
      <trkpt lat="58.13339110178003" lon="12.12273364076172">
        <ele>14</ele>
      </trkpt>
      <trkpt lat="58.13339110176352" lon="12.12273364082231">
        <ele>14</ele>
      </trkpt>
      <trkpt lat="58.13331571599084" lon="12.12265677689722">
        <ele>14</ele>
      </trkpt>
      <trkpt lat="58.13331571599078" lon="12.12265677689732">
        <ele>14</ele>
      </trkpt>
      <trkpt lat="58.1333387373641" lon="12.12259393477017">
        <ele>13</ele>
      </trkpt>
      <trkpt lat="58.1333740225062" lon="12.12249761586877">
        <ele>13</ele>
      </trkpt>
      <trkpt lat="58.13342075147816" lon="12.12241083349227">
        <ele>13</ele>
      </trkpt>
      <trkpt lat="58.13348178523746" lon="12.12233454129315">
        <ele>12</ele>
      </trkpt>
      <trkpt lat="58.13359622353614" lon="12.12221533473202">
        <ele>12</ele>
      </trkpt>
      <trkpt lat="58.13385752431813" lon="12.12196643143238">
        <ele>11</ele>
      </trkpt>
      <trkpt lat="58.13390711424756" lon="12.1219034903681">
        <ele>11</ele>
      </trkpt>
      <trkpt lat="58.133956704177" lon="12.12184150295632">
        <ele>11</ele>
      </trkpt>
      <trkpt lat="58.1340082014114" lon="12.12175662788479">
        <ele>10</ele>
      </trkpt>
      <trkpt lat="58.1340606522983" lon="12.1216345603662">
        <ele>10</ele>
      </trkpt>
      <trkpt lat="58.13407972534808" lon="12.12156685103948">
        <ele>9</ele>
      </trkpt>
      <trkpt lat="58.13409975205035" lon="12.12149914171276">
        <ele>9</ele>
      </trkpt>
      <trkpt lat="58.13411501049017" lon="12.12140568376883">
        <ele>8</ele>
      </trkpt>
      <trkpt lat="58.13411405683768" lon="12.12134655731451">
        <ele>8</ele>
      </trkpt>
      <trkpt lat="58.13410165935532" lon="12.12128456990272">
        <ele>8</ele>
      </trkpt>
      <trkpt lat="58.13407972534808" lon="12.12122448979591">
        <ele>7</ele>
      </trkpt>
      <trkpt lat="58.13402155254625" lon="12.12111481975968">
        <ele>7</ele>
      </trkpt>
      <trkpt lat="58.13396337974442" lon="12.12100514972344">
        <ele>6</ele>
      </trkpt>
      <trkpt lat="58.13396337974442" lon="12.12100514972344">
        <ele>6</ele>
      </trkpt>
      <trkpt lat="58.13391092885752" lon="12.12089643333969">
        <ele>5</ele>
      </trkpt>
      <trkpt lat="58.13385847797062" lon="12.12078867060842">
        <ele>5</ele>
      </trkpt>
      <trkpt lat="58.1337977828728" lon="12.12063837798524">
        <ele>4</ele>
      </trkpt>
      <trkpt lat="58.1337977828728" lon="12.12063837798524">
        <ele>4</ele>
      </trkpt>
      <trkpt lat="58.133689691477" lon="12.1201695365622">
        <ele>3</ele>
      </trkpt>
      <trkpt lat="58.133689691477" lon="12.1201695365622">
        <ele>3</ele>
      </trkpt>
      <trkpt lat="58.13367156208277" lon="12.12011634560366">
        <ele>3</ele>
      </trkpt>
      <trkpt lat="58.13364104520312" lon="12.12">
        <ele>2</ele>
      </trkpt>
      <trkpt lat="58.13364104520312" lon="12.12000000000001">
        <ele>2</ele>
      </trkpt>
      <trkpt lat="58.13361911119588" lon="12.11991703223347">
        <ele>2</ele>
      </trkpt>
      <trkpt lat="58.13359717718863" lon="12.11983406446692">
        <ele>2</ele>
      </trkpt>
      <trkpt lat="58.13354854091169" lon="12.11957753194737">
        <ele>2</ele>
      </trkpt>
      <trkpt lat="58.13350658020217" lon="12.11930288003053">
        <ele>2</ele>
      </trkpt>
      <trkpt lat="58.13347224871256" lon="12.11895670417701">
        <ele>2</ele>
      </trkpt>
      <trkpt lat="58.13345699027274" lon="12.11866965477781">
        <ele>2</ele>
      </trkpt>
      <trkpt lat="58.13345508296776" lon="12.11857619683389">
        <ele>2</ele>
      </trkpt>
      <trkpt lat="58.13345412931528" lon="12.11848273888996">
        <ele>2</ele>
      </trkpt>
      <trkpt lat="58.13345508296776" lon="12.1183663932863">
        <ele>2</ele>
      </trkpt>
      <trkpt lat="58.13345603662025" lon="12.11825100133513">
        <ele>2</ele>
      </trkpt>
      <trkpt lat="58.13346271218767" lon="12.118131794774">
        <ele>2</ele>
      </trkpt>
      <trkpt lat="58.13347034140759" lon="12.11801258821287">
        <ele>2</ele>
      </trkpt>
      <trkpt lat="58.13361529658592" lon="12.11655922181958">
        <ele>3</ele>
      </trkpt>
      <trkpt lat="58.13361529658592" lon="12.11655922181958">
        <ele>3</ele>
      </trkpt>
      <trkpt lat="58.13370780087735" lon="12.11565229830251">
        <ele>5</ele>
      </trkpt>
      <trkpt lat="58.13370780087735" lon="12.11565229830251">
        <ele>5</ele>
      </trkpt>
      <trkpt lat="58.13381174899866" lon="12.11465096318903">
        <ele>10</ele>
      </trkpt>
      <trkpt lat="58.13381174899866" lon="12.11465096318903">
        <ele>10</ele>
      </trkpt>
      <trkpt lat="58.13404253290101" lon="12.11241560175473">
        <ele>16</ele>
      </trkpt>
      <trkpt lat="58.13404253290101" lon="12.11241560175473">
        <ele>16</ele>
      </trkpt>
      <trkpt lat="58.13410165935532" lon="12.11206084302881">
        <ele>17</ele>
      </trkpt>
      <trkpt lat="58.13417222963952" lon="12.11151249284762">
        <ele>18</ele>
      </trkpt>
      <trkpt lat="58.13417222963952" lon="12.11151249284762">
        <ele>18</ele>
      </trkpt>
      <trkpt lat="58.13421419034903" lon="12.11105473965288">
        <ele>19</ele>
      </trkpt>
      <trkpt lat="58.13430574098798" lon="12.1101840549304">
        <ele>20</ele>
      </trkpt>
      <trkpt lat="58.13430574098798" lon="12.1101840549304">
        <ele>20</ele>
      </trkpt>
      <trkpt lat="58.13423135609384" lon="12.11015449170324">
        <ele>19</ele>
      </trkpt>
      <trkpt lat="58.13423135609384" lon="12.11015449170324">
        <ele>19</ele>
      </trkpt>
      <trkpt lat="58.13386992180049" lon="12.11001239748237">
        <ele>19</ele>
      </trkpt>
      <trkpt lat="58.13361625023841" lon="12.10994945641809">
        <ele>18</ele>
      </trkpt>
      <trkpt lat="58.13353518977684" lon="12.10993610528325">
        <ele>18</ele>
      </trkpt>
      <trkpt lat="58.13284665267976" lon="12.10994373450316">
        <ele>17</ele>
      </trkpt>
      <trkpt lat="58.13260061033759" lon="12.10995899294299">
        <ele>17</ele>
      </trkpt>
      <trkpt lat="58.13200171657448" lon="12.11008296776656">
        <ele>16</ele>
      </trkpt>
      <trkpt lat="58.13170703795537" lon="12.11017261110053">
        <ele>16</ele>
      </trkpt>
      <trkpt lat="58.13142475681861" lon="12.11028132748428">
        <ele>16</ele>
      </trkpt>
      <trkpt lat="58.1313131794774" lon="12.11028037383179">
        <ele>16</ele>
      </trkpt>
      <trkpt lat="58.13121399961854" lon="12.11029372496664">
        <ele>17</ele>
      </trkpt>
      <trkpt lat="58.13112626358954" lon="12.11033377837117">
        <ele>17</ele>
      </trkpt>
      <trkpt lat="58.13063227160023" lon="12.11048636276942">
        <ele>17</ele>
      </trkpt>
      <trkpt lat="58.13022220102994" lon="12.11060366202557">
        <ele>16</ele>
      </trkpt>
      <trkpt lat="58.12940205988937" lon="12.11082109479307">
        <ele>15</ele>
      </trkpt>
      <trkpt lat="58.12926759488842" lon="12.11086877741752">
        <ele>15</ele>
      </trkpt>
      <trkpt lat="58.12908926187297" lon="12.11087545298495">
        <ele>15</ele>
      </trkpt>
      <trkpt lat="58.12901869158878" lon="12.11090501621211">
        <ele>15</ele>
      </trkpt>
      <trkpt lat="58.12742609193209" lon="12.11129792103759">
        <ele>14</ele>
      </trkpt>
      <trkpt lat="58.12735266069044" lon="12.11131699408737">
        <ele>14</ele>
      </trkpt>
      <trkpt lat="58.12726397100896" lon="12.11135514018693">
        <ele>13</ele>
      </trkpt>
      <trkpt lat="58.127217242037" lon="12.11136849132178">
        <ele>13</ele>
      </trkpt>
      <trkpt lat="58.12705988937631" lon="12.11135895479689">
        <ele>13</ele>
      </trkpt>
      <trkpt lat="58.12692447072286" lon="12.11141426664125">
        <ele>13</ele>
      </trkpt>
      <trkpt lat="58.12684817852374" lon="12.11143715430099">
        <ele>13</ele>
      </trkpt>
      <trkpt lat="58.12665840167843" lon="12.11147625405304">
        <ele>13</ele>
      </trkpt>
      <trkpt lat="58.12665840167843" lon="12.11147625405304">
        <ele>13</ele>
      </trkpt>
      <trkpt lat="58.12585733358764" lon="12.11165458706849">
        <ele>13</ele>
      </trkpt>
      <trkpt lat="58.12490272744611" lon="12.11185008582874">
        <ele>13</ele>
      </trkpt>
      <trkpt lat="58.12410833492275" lon="12.11202269692925">
        <ele>12</ele>
      </trkpt>
      <trkpt lat="58.12351897768453" lon="12.11222582490942">
        <ele>12</ele>
      </trkpt>
      <trkpt lat="58.12330249856952" lon="12.11233549494566">
        <ele>12</ele>
      </trkpt>
      <trkpt lat="58.12227255388136" lon="12.11302784665269">
        <ele>13</ele>
      </trkpt>
      <trkpt lat="58.12195596496953" lon="12.1132005972233">
        <ele>13</ele>
      </trkpt>
      <trkpt lat="58.12195596496953" lon="12.1132005972233">
        <ele>13</ele>
      </trkpt>
      <trkpt lat="58.12191556734459" lon="12.11322264067618">
        <ele>13</ele>
      </trkpt>
      <trkpt lat="58.12191556734459" lon="12.11322264067618">
        <ele>13</ele>
      </trkpt>
      <trkpt lat="58.12185485409116" lon="12.11325576959757">
        <ele>13</ele>
      </trkpt>
      <trkpt lat="58.12167366011825" lon="12.11332824718674">
        <ele>13</ele>
      </trkpt>
      <trkpt lat="58.12136756339783" lon="12.11342472466309">
        <ele>13</ele>
      </trkpt>
      <trkpt lat="58.12136753766927" lon="12.11342456608813">
        <ele>13</ele>
      </trkpt>
      <trkpt lat="58.12130078199504" lon="12.11301258821287">
        <ele>13</ele>
      </trkpt>
      <trkpt lat="58.12116917795155" lon="12.11229448788863">
        <ele>12</ele>
      </trkpt>
      <trkpt lat="58.121043295823" lon="12.11165744802595">
        <ele>11</ele>
      </trkpt>
      <trkpt lat="58.12103375929811" lon="12.11157352660692">
        <ele>11</ele>
      </trkpt>
      <trkpt lat="58.1210347129506" lon="12.11143810795348">
        <ele>11</ele>
      </trkpt>
      <trkpt lat="58.12105855426282" lon="12.1111834827389">
        <ele>11</ele>
      </trkpt>
      <trkpt lat="58.12108621018501" lon="12.11104234217053">
        <ele>11</ele>
      </trkpt>
      <trkpt lat="58.12110528323478" lon="12.11089071142477">
        <ele>11</ele>
      </trkpt>
      <trkpt lat="58.12110146862483" lon="12.11064276177762">
        <ele>11</ele>
      </trkpt>
      <trkpt lat="58.12106999809269" lon="12.11044726301737">
        <ele>11</ele>
      </trkpt>
      <trkpt lat="58.12105744264109" lon="12.11039670187442">
        <ele>11</ele>
      </trkpt>
      <trkpt lat="58.12105744262847" lon="12.1103967018236">
        <ele>11</ele>
      </trkpt>
      <trkpt lat="58.1210347129506" lon="12.1103051687965">
        <ele>11</ele>
      </trkpt>
      <trkpt lat="58.12096604997139" lon="12.11006675567425">
        <ele>11</ele>
      </trkpt>
      <trkpt lat="58.12078962426092" lon="12.10951745184056">
        <ele>11</ele>
      </trkpt>
      <trkpt lat="58.12067900057219" lon="12.1092189586115">
        <ele>12</ele>
      </trkpt>
      <trkpt lat="58.12057886706084" lon="12.1089748235743">
        <ele>12</ele>
      </trkpt>
      <trkpt lat="58.12043677283997" lon="12.10866107190541">
        <ele>12</ele>
      </trkpt>
      <trkpt lat="58.12030135418653" lon="12.10845889757774">
        <ele>12</ele>
      </trkpt>
      <trkpt lat="58.12014209422086" lon="12.10825386229259">
        <ele>12</ele>
      </trkpt>
      <trkpt lat="58.12" lon="12.10812130459662">
        <ele>12</ele>
      </trkpt>
      <trkpt lat="58.12000000000001" lon="12.10812130459662">
        <ele>12</ele>
      </trkpt>
      <trkpt lat="58.11991798588596" lon="12.10804596604999">
        <ele>12</ele>
      </trkpt>
      <trkpt lat="58.11984360099181" lon="12.10800400534047">
        <ele>12</ele>
      </trkpt>
      <trkpt lat="58.11971676521077" lon="12.10789814991418">
        <ele>12</ele>
      </trkpt>
      <trkpt lat="58.11961567804693" lon="12.10774079725349">
        <ele>13</ele>
      </trkpt>
      <trkpt lat="58.11956036620257" lon="12.10759488842267">
        <ele>13</ele>
      </trkpt>
      <trkpt lat="58.1195136372306" lon="12.10740034331491">
        <ele>13</ele>
      </trkpt>
      <trkpt lat="58.11942304024415" lon="12.10707514781615">
        <ele>13</ele>
      </trkpt>
      <trkpt lat="58.11935819187489" lon="12.10679382033188">
        <ele>14</ele>
      </trkpt>
      <trkpt lat="58.11930764829297" lon="12.10638851802405">
        <ele>14</ele>
      </trkpt>
      <trkpt lat="58.11903776463858" lon="12.10308220484457">
        <ele>24</ele>
      </trkpt>
      <trkpt lat="58.11898054548924" lon="12.10246423803168">
        <ele>30</ele>
      </trkpt>
      <trkpt lat="58.11897196261683" lon="12.10228971962618">
        <ele>32</ele>
      </trkpt>
      <trkpt lat="58.11899675758155" lon="12.10224203700173">
        <ele>32</ele>
      </trkpt>
      <trkpt lat="58.11902155254626" lon="12.10221056646959">
        <ele>32</ele>
      </trkpt>
      <trkpt lat="58.1191407591074" lon="12.10215716193021">
        <ele>31</ele>
      </trkpt>
      <trkpt lat="58.11948693496091" lon="12.1020532138089">
        <ele>28</ele>
      </trkpt>
      <trkpt lat="58.11965477779898" lon="12.10197215334733">
        <ele>27</ele>
      </trkpt>
      <trkpt lat="58.11980926950221" lon="12.10188632462332">
        <ele>26</ele>
      </trkpt>
      <trkpt lat="58.11989986648867" lon="12.1017489986649">
        <ele>25</ele>
      </trkpt>
      <trkpt lat="58.11993610528325" lon="12.10166316994089">
        <ele>25</ele>
      </trkpt>
      <trkpt lat="58.12000000000001" lon="12.10144287621592">
        <ele>26</ele>
      </trkpt>
      <trkpt lat="58.12" lon="12.10144287621592">
        <ele>26</ele>
      </trkpt>
      <trkpt lat="58.12009155063894" lon="12.10112912454703">
        <ele>28</ele>
      </trkpt>
      <trkpt lat="58.12018977684532" lon="12.10085637993516">
        <ele>29</ele>
      </trkpt>
      <trkpt lat="58.12042437535762" lon="12.10035189776847">
        <ele>27</ele>
      </trkpt>
      <trkpt lat="58.12055693305359" lon="12.10000000000001">
        <ele>26</ele>
      </trkpt>
      <trkpt lat="58.12055693305359" lon="12.1">
        <ele>26</ele>
      </trkpt>
      <trkpt lat="58.12065897386992" lon="12.09973297730307">
        <ele>26</ele>
      </trkpt>
      <trkpt lat="58.12070951745184" lon="12.0995565515926">
        <ele>26</ele>
      </trkpt>
      <trkpt lat="58.1207648292962" lon="12.09918939538433">
        <ele>27</ele>
      </trkpt>
      <trkpt lat="58.12076864390615" lon="12.09895288956704">
        <ele>27</ele>
      </trkpt>
      <trkpt lat="58.1206952126645" lon="12.09838737364105">
        <ele>29</ele>
      </trkpt>
      <trkpt lat="58.12069616631699" lon="12.09819092122831">
        <ele>30</ele>
      </trkpt>
      <trkpt lat="58.12071428571428" lon="12.09802593934771">
        <ele>30</ele>
      </trkpt>
      <trkpt lat="58.1208773602899" lon="12.09749666221629">
        <ele>31</ele>
      </trkpt>
      <trkpt lat="58.12092313560938" lon="12.09723345412932">
        <ele>36</ele>
      </trkpt>
      <trkpt lat="58.12094411596414" lon="12.09679668128934">
        <ele>45</ele>
      </trkpt>
      <trkpt lat="58.12094888422659" lon="12.09648579057792">
        <ele>50</ele>
      </trkpt>
      <trkpt lat="58.12089071142475" lon="12.09470341407591">
        <ele>64</ele>
      </trkpt>
      <trkpt lat="58.12088880411977" lon="12.09390520694259">
        <ele>69</ele>
      </trkpt>
      <trkpt lat="58.12084493610528" lon="12.09331203509442">
        <ele>71</ele>
      </trkpt>
      <trkpt lat="58.12074003433148" lon="12.09228495136373">
        <ele>74</ele>
      </trkpt>
      <trkpt lat="58.12057791340835" lon="12.09135132557696">
        <ele>75</ele>
      </trkpt>
      <trkpt lat="58.12041579248521" lon="12.09062464238032">
        <ele>76</ele>
      </trkpt>
      <trkpt lat="58.12034808315849" lon="12.09041007057029">
        <ele>77</ele>
      </trkpt>
      <trkpt lat="58.12025748617204" lon="12.09017642571047">
        <ele>79</ele>
      </trkpt>
      <trkpt lat="58.12012397482357" lon="12.08995136372306">
        <ele>81</ele>
      </trkpt>
      <trkpt lat="58.12" lon="12.08990654205608">
        <ele>82</ele>
      </trkpt>
      <trkpt lat="58.12000000000001" lon="12.08990654205608">
        <ele>82</ele>
      </trkpt>
      <trkpt lat="58.1199666221629" lon="12.08989509822621">
        <ele>83</ele>
      </trkpt>
      <trkpt lat="58.11988937631128" lon="12.0899303833683">
        <ele>84</ele>
      </trkpt>
      <trkpt lat="58.11974442113295" lon="12.09006866297921">
        <ele>87</ele>
      </trkpt>
      <trkpt lat="58.11883749761589" lon="12.09187964905589">
        <ele>100</ele>
      </trkpt>
      <trkpt lat="58.11872687392715" lon="12.09205416746138">
        <ele>102</ele>
      </trkpt>
      <trkpt lat="58.11862578676332" lon="12.09217909593744">
        <ele>104</ele>
      </trkpt>
      <trkpt lat="58.11852660690446" lon="12.09223059317185">
        <ele>105</ele>
      </trkpt>
      <trkpt lat="58.11839977112341" lon="12.09223059317185">
        <ele>107</ele>
      </trkpt>
      <trkpt lat="58.11785714285715" lon="12.0921132939157">
        <ele>117</ele>
      </trkpt>
      <trkpt lat="58.11745756246425" lon="12.09200362387946">
        <ele>125</ele>
      </trkpt>
      <trkpt lat="58.11718958611483" lon="12.09192256341789">
        <ele>128</ele>
      </trkpt>
      <trkpt lat="58.11701411405685" lon="12.09189300019073">
        <ele>130</ele>
      </trkpt>
      <trkpt lat="58.11683387373643" lon="12.0919568949075">
        <ele>133</ele>
      </trkpt>
      <trkpt lat="58.11659069235172" lon="12.09202460423422">
        <ele>135</ele>
      </trkpt>
      <trkpt lat="58.11646004196072" lon="12.09200362387946">
        <ele>136</ele>
      </trkpt>
      <trkpt lat="58.11637039862676" lon="12.09192256341789">
        <ele>137</ele>
      </trkpt>
      <trkpt lat="58.11627121876789" lon="12.0916784283807">
        <ele>137</ele>
      </trkpt>
      <trkpt lat="58.11601945451079" lon="12.09081823383559">
        <ele>139</ele>
      </trkpt>
      <trkpt lat="58.11597654014879" lon="12.09053881365631">
        <ele>139</ele>
      </trkpt>
      <trkpt lat="58.11592981117682" lon="12.08988460804883">
        <ele>139</ele>
      </trkpt>
      <trkpt lat="58.11588308220486" lon="12.08953843219531">
        <ele>140</ele>
      </trkpt>
      <trkpt lat="58.11548540911693" lon="12.08740606522983">
        <ele>131</ele>
      </trkpt>
      <trkpt lat="58.11540339500287" lon="12.0871132939157">
        <ele>129</ele>
      </trkpt>
      <trkpt lat="58.11529944688157" lon="12.0869044440206">
        <ele>127</ele>
      </trkpt>
      <trkpt lat="58.11517070379555" lon="12.08675472057982">
        <ele>126</ele>
      </trkpt>
      <trkpt lat="58.1149752050353" lon="12.08659355330918">
        <ele>124</ele>
      </trkpt>
      <trkpt lat="58.1148703032615" lon="12.08658020217433">
        <ele>124</ele>
      </trkpt>
      <trkpt lat="58.1147663551402" lon="12.0866612626359">
        <ele>125</ele>
      </trkpt>
      <trkpt lat="58.11446309364869" lon="12.08691874880794">
        <ele>127</ele>
      </trkpt>
      <trkpt lat="58.11436296013734" lon="12.08697024604234">
        <ele>128</ele>
      </trkpt>
      <trkpt lat="58.11426282662599" lon="12.08698645813466">
        <ele>128</ele>
      </trkpt>
      <trkpt lat="58.11397291626933" lon="12.08697978256724">
        <ele>129</ele>
      </trkpt>
      <trkpt lat="58.11326530612246" lon="12.08684436391379">
        <ele>131</ele>
      </trkpt>
      <trkpt lat="58.11319950410072" lon="12.08676997901965">
        <ele>131</ele>
      </trkpt>
      <trkpt lat="58.11315658973871" lon="12.08665458706847">
        <ele>131</ele>
      </trkpt>
      <trkpt lat="58.11315945069618" lon="12.08647243944307">
        <ele>130</ele>
      </trkpt>
      <trkpt lat="58.11318901392334" lon="12.08636944497425">
        <ele>129</ele>
      </trkpt>
      <trkpt lat="58.1132796109098" lon="12.08623021171086">
        <ele>127</ele>
      </trkpt>
      <trkpt lat="58.11334636658403" lon="12.08608621018501">
        <ele>126</ele>
      </trkpt>
      <trkpt lat="58.1133835590311" lon="12.0858868968148">
        <ele>124</ele>
      </trkpt>
      <trkpt lat="58.11337211520124" lon="12.08565897386993">
        <ele>124</ele>
      </trkpt>
      <trkpt lat="58.11333778371163" lon="12.08543105092505">
        <ele>124</ele>
      </trkpt>
      <trkpt lat="58.1132710280374" lon="12.08521647911501">
        <ele>124</ele>
      </trkpt>
      <trkpt lat="58.11300019073051" lon="12.08423230974633">
        <ele>130</ele>
      </trkpt>
      <trkpt lat="58.11294773984361" lon="12.08397196261683">
        <ele>131</ele>
      </trkpt>
      <trkpt lat="58.11290101087165" lon="12.08378695403395">
        <ele>133</ele>
      </trkpt>
      <trkpt lat="58.11280755292773" lon="12.08366870112531">
        <ele>133</ele>
      </trkpt>
      <trkpt lat="58.11218004958994" lon="12.0831651726111">
        <ele>133</ele>
      </trkpt>
      <trkpt lat="58.11197310699982" lon="12.08295823002098">
        <ele>132</ele>
      </trkpt>
      <trkpt lat="58.11189586114821" lon="12.08277608239558">
        <ele>131</ele>
      </trkpt>
      <trkpt lat="58.11186725157354" lon="12.08257962998284">
        <ele>131</ele>
      </trkpt>
      <trkpt lat="58.11187392714096" lon="12.08235456799543">
        <ele>131</ele>
      </trkpt>
      <trkpt lat="58.11193686820524" lon="12.08201697501431">
        <ele>131</ele>
      </trkpt>
      <trkpt lat="58.11213332061798" lon="12.0814695784856">
        <ele>133</ele>
      </trkpt>
      <trkpt lat="58.11216288384514" lon="12.08126835781042">
        <ele>133</ele>
      </trkpt>
      <trkpt lat="58.11215620827772" lon="12.08104901773794">
        <ele>133</ele>
      </trkpt>
      <trkpt lat="58.11212378409309" lon="12.08090120160214">
        <ele>133</ele>
      </trkpt>
      <trkpt lat="58.11201697501432" lon="12.08076387564372">
        <ele>131</ele>
      </trkpt>
      <trkpt lat="58.11183292008393" lon="12.08065134465001">
        <ele>130</ele>
      </trkpt>
      <trkpt lat="58.11131127217244" lon="12.08026702269693">
        <ele>127</ele>
      </trkpt>
      <trkpt lat="58.1111405683769" lon="12.08">
        <ele>126</ele>
      </trkpt>
      <trkpt lat="58.1111405683769" lon="12.07999999999999">
        <ele>126</ele>
      </trkpt>
      <trkpt lat="58.11095651344652" lon="12.07965859240892">
        <ele>126</ele>
      </trkpt>
      <trkpt lat="58.11070379553692" lon="12.07925329010108">
        <ele>126</ele>
      </trkpt>
      <trkpt lat="58.11052927713143" lon="12.07911024222773">
        <ele>126</ele>
      </trkpt>
      <trkpt lat="58.11033663932864" lon="12.07896624070188">
        <ele>126</ele>
      </trkpt>
      <trkpt lat="58.11013541865346" lon="12.078868968148">
        <ele>127</ele>
      </trkpt>
      <trkpt lat="58.10965382414649" lon="12.07870589357237">
        <ele>127</ele>
      </trkpt>
      <trkpt lat="58.10954224680528" lon="12.07863818424565">
        <ele>128</ele>
      </trkpt>
      <trkpt lat="58.10944592790388" lon="12.07855807743658">
        <ele>128</ele>
      </trkpt>
      <trkpt lat="58.10933816517262" lon="12.07839214190348">
        <ele>128</ele>
      </trkpt>
      <trkpt lat="58.10926568758346" lon="12.07820999427808">
        <ele>128</ele>
      </trkpt>
      <trkpt lat="58.10912645432006" lon="12.07755197406065">
        <ele>126</ele>
      </trkpt>
      <trkpt lat="58.10904348655351" lon="12.07723250047682">
        <ele>125</ele>
      </trkpt>
      <trkpt lat="58.10896242609195" lon="12.07699122639709">
        <ele>123</ele>
      </trkpt>
      <trkpt lat="58.1088012588213" lon="12.07662883845126">
        <ele>121</ele>
      </trkpt>
      <trkpt lat="58.10860480640856" lon="12.07637707419416">
        <ele>119</ele>
      </trkpt>
      <trkpt lat="58.10822811367539" lon="12.07602708373068">
        <ele>115</ele>
      </trkpt>
      <trkpt lat="58.10814609956133" lon="12.07589834064466">
        <ele>114</ele>
      </trkpt>
      <trkpt lat="58.10810127789435" lon="12.07576101468624">
        <ele>114</ele>
      </trkpt>
      <trkpt lat="58.10807362197217" lon="12.07554644287621">
        <ele>114</ele>
      </trkpt>
      <trkpt lat="58.10809174136946" lon="12.07526320808697">
        <ele>113</ele>
      </trkpt>
      <trkpt lat="58.10813751668893" lon="12.07510013351134">
        <ele>113</ele>
      </trkpt>
      <trkpt lat="58.10820522601566" lon="12.07495422468052">
        <ele>114</ele>
      </trkpt>
      <trkpt lat="58.10838260537862" lon="12.07471390425328">
        <ele>117</ele>
      </trkpt>
      <trkpt lat="58.10872687392715" lon="12.07428476063322">
        <ele>119</ele>
      </trkpt>
      <trkpt lat="58.10892904825483" lon="12.07400724775891">
        <ele>118</ele>
      </trkpt>
      <trkpt lat="58.10899485027657" lon="12.07380888804119">
        <ele>118</ele>
      </trkpt>
      <trkpt lat="58.10904157924853" lon="12.07354854091169">
        <ele>120</ele>
      </trkpt>
      <trkpt lat="58.10904730116347" lon="12.07334541293152">
        <ele>121</ele>
      </trkpt>
      <trkpt lat="58.1090272744612" lon="12.07308506580202">
        <ele>122</ele>
      </trkpt>
      <trkpt lat="58.10898960524791" lon="12.07269047146872">
        <ele>122</ele>
      </trkpt>
      <trkpt lat="58.10898960524791" lon="12.07269047146872">
        <ele>122</ele>
      </trkpt>
      <trkpt lat="58.10893095555981" lon="12.07207610146862">
        <ele>120</ele>
      </trkpt>
      <trkpt lat="58.10889567041772" lon="12.07190730497806">
        <ele>120</ele>
      </trkpt>
      <trkpt lat="58.10884035857335" lon="12.07175948884226">
        <ele>120</ele>
      </trkpt>
      <trkpt lat="58.10874690062943" lon="12.0715906923517">
        <ele>120</ele>
      </trkpt>
      <trkpt lat="58.1086448598131" lon="12.0714514590883">
        <ele>121</ele>
      </trkpt>
      <trkpt lat="58.10846175853521" lon="12.0713036429525">
        <ele>122</ele>
      </trkpt>
      <trkpt lat="58.10825386229259" lon="12.07124737745565">
        <ele>124</ele>
      </trkpt>
      <trkpt lat="58.10804978065994" lon="12.07122925805836">
        <ele>126</ele>
      </trkpt>
      <trkpt lat="58.10779610909786" lon="12.07125023841312">
        <ele>128</ele>
      </trkpt>
      <trkpt lat="58.10713522792296" lon="12.07139805454892">
        <ele>133</ele>
      </trkpt>
      <trkpt lat="58.1069750143048" lon="12.07140282281136">
        <ele>133</ele>
      </trkpt>
      <trkpt lat="58.10674709135992" lon="12.0713389280946">
        <ele>133</ele>
      </trkpt>
      <trkpt lat="58.10646385657068" lon="12.07109193209994">
        <ele>131</ele>
      </trkpt>
      <trkpt lat="58.10636086210187" lon="12.07096986458134">
        <ele>130</ele>
      </trkpt>
      <trkpt lat="58.10624928476064" lon="12.07079248521838">
        <ele>128</ele>
      </trkpt>
      <trkpt lat="58.10612530993707" lon="12.07051115773412">
        <ele>126</ele>
      </trkpt>
      <trkpt lat="58.10599561319857" lon="12.07016021361815">
        <ele>124</ele>
      </trkpt>
      <trkpt lat="58.1057572000763" lon="12.06944402059889">
        <ele>120</ele>
      </trkpt>
      <trkpt lat="58.10561701316042" lon="12.06897673087926">
        <ele>118</ele>
      </trkpt>
      <trkpt lat="58.10541293152777" lon="12.06825576959755">
        <ele>117</ele>
      </trkpt>
      <trkpt lat="58.10518214762542" lon="12.06749380125881">
        <ele>117</ele>
      </trkpt>
      <trkpt lat="58.10500286095748" lon="12.06708373068853">
        <ele>123</ele>
      </trkpt>
      <trkpt lat="58.10479973297732" lon="12.06679191302689">
        <ele>126</ele>
      </trkpt>
      <trkpt lat="58.10453080297541" lon="12.06652679763494">
        <ele>126</ele>
      </trkpt>
      <trkpt lat="58.10441636467672" lon="12.06636849132176">
        <ele>126</ele>
      </trkpt>
      <trkpt lat="58.10435723822241" lon="12.06616250238412">
        <ele>126</ele>
      </trkpt>
      <trkpt lat="58.10428952889568" lon="12.06580011443829">
        <ele>127</ele>
      </trkpt>
      <trkpt lat="58.10425042914363" lon="12.06534140759107">
        <ele>130</ele>
      </trkpt>
      <trkpt lat="58.10426378027848" lon="12.06507057028418">
        <ele>133</ele>
      </trkpt>
      <trkpt lat="58.10433530421516" lon="12.0645126835781">
        <ele>135</ele>
      </trkpt>
      <trkpt lat="58.10444306694642" lon="12.062868586687">
        <ele>139</ele>
      </trkpt>
      <trkpt lat="58.1044192256342" lon="12.06267404157924">
        <ele>139</ele>
      </trkpt>
      <trkpt lat="58.10435246995996" lon="12.06253385466335">
        <ele>139</ele>
      </trkpt>
      <trkpt lat="58.10428476063324" lon="12.06244802593934">
        <ele>139</ele>
      </trkpt>
      <trkpt lat="58.10411024222775" lon="12.06238889948502">
        <ele>139</ele>
      </trkpt>
      <trkpt lat="58.1039662407019" lon="12.06235647530039">
        <ele>139</ele>
      </trkpt>
      <trkpt lat="58.10381651726112" lon="12.06235361434293">
        <ele>139</ele>
      </trkpt>
      <trkpt lat="58.1036534426855" lon="12.06227541483883">
        <ele>139</ele>
      </trkpt>
      <trkpt lat="58.10354663360673" lon="12.06214953271027">
        <ele>139</ele>
      </trkpt>
      <trkpt lat="58.10344840740036" lon="12.06201125309936">
        <ele>139</ele>
      </trkpt>
      <trkpt lat="58.10322143810797" lon="12.06154777798969">
        <ele>139</ele>
      </trkpt>
      <trkpt lat="58.10306694640474" lon="12.06118729734884">
        <ele>139</ele>
      </trkpt>
      <trkpt lat="58.1029486934961" lon="12.06077245851611">
        <ele>139</ele>
      </trkpt>
      <trkpt lat="58.10277989700555" lon="12.06022792294487">
        <ele>139</ele>
      </trkpt>
      <trkpt lat="58.10270265115393" lon="12.05999999999999">
        <ele>139</ele>
      </trkpt>
      <trkpt lat="58.10270265115393" lon="12.06000000000001">
        <ele>139</ele>
      </trkpt>
      <trkpt lat="58.10254815945071" lon="12.05954606141523">
        <ele>140</ele>
      </trkpt>
      <trkpt lat="58.10211043295824" lon="12.05817566278849">
        <ele>145</ele>
      </trkpt>
      <trkpt lat="58.10199980926951" lon="12.05768262445166">
        <ele>147</ele>
      </trkpt>
      <trkpt lat="58.101696547778" lon="12.05716193019265">
        <ele>146</ele>
      </trkpt>
      <trkpt lat="58.10164886515355" lon="12.05704939919894">
        <ele>146</ele>
      </trkpt>
      <trkpt lat="58.10162883845128" lon="12.05694735838262">
        <ele>146</ele>
      </trkpt>
      <trkpt lat="58.10162883845128" lon="12.05644859813085">
        <ele>147</ele>
      </trkpt>
      <trkpt lat="58.1018100324242" lon="12.05568090787718">
        <ele>148</ele>
      </trkpt>
      <trkpt lat="58.10204272363152" lon="12.05475300400535">
        <ele>152</ele>
      </trkpt>
      <trkpt lat="58.10217814228496" lon="12.05442304024415">
        <ele>154</ele>
      </trkpt>
      <trkpt lat="58.10251859622355" lon="12.05383940492086">
        <ele>159</ele>
      </trkpt>
      <trkpt lat="58.10265210757201" lon="12.05355330917415">
        <ele>161</ele>
      </trkpt>
      <trkpt lat="58.10291150104903" lon="12.05282185771506">
        <ele>164</ele>
      </trkpt>
      <trkpt lat="58.10304024413505" lon="12.05253194735839">
        <ele>165</ele>
      </trkpt>
      <trkpt lat="58.10352088498952" lon="12.05195117299257">
        <ele>168</ele>
      </trkpt>
      <trkpt lat="58.10380698073623" lon="12.05157352660692">
        <ele>169</ele>
      </trkpt>
      <trkpt lat="58.10413312988748" lon="12.05102422277323">
        <ele>168</ele>
      </trkpt>
      <trkpt lat="58.10426282662599" lon="12.05078104138853">
        <ele>168</ele>
      </trkpt>
      <trkpt lat="58.10434197978258" lon="12.05054358191876">
        <ele>167</ele>
      </trkpt>
      <trkpt lat="58.10433625786764" lon="12.05031851993135">
        <ele>166</ele>
      </trkpt>
      <trkpt lat="58.1042962044631" lon="12.05006294106429">
        <ele>165</ele>
      </trkpt>
      <trkpt lat="58.10415347051104" lon="12.04937680374138">
        <ele>160</ele>
      </trkpt>
      <trkpt lat="58.10415347051104" lon="12.04937680374138">
        <ele>160</ele>
      </trkpt>
      <trkpt lat="58.10414539010841" lon="12.04933796038457">
        <ele>160</ele>
      </trkpt>
      <trkpt lat="58.10414539010841" lon="12.04933796038457">
        <ele>160</ele>
      </trkpt>
      <trkpt lat="58.10410833492277" lon="12.04915983215717">
        <ele>159</ele>
      </trkpt>
      <trkpt lat="58.10405969864583" lon="12.04852946786192">
        <ele>157</ele>
      </trkpt>
      <trkpt lat="58.1040186915888" lon="12.04831203509442">
        <ele>157</ele>
      </trkpt>
      <trkpt lat="58.10392523364487" lon="12.04811844363915">
        <ele>158</ele>
      </trkpt>
      <trkpt lat="58.10370875452986" lon="12.04782090406257">
        <ele>159</ele>
      </trkpt>
      <trkpt lat="58.10360480640855" lon="12.04762540530232">
        <ele>159</ele>
      </trkpt>
      <trkpt lat="58.10354186534428" lon="12.04739462139997">
        <ele>160</ele>
      </trkpt>
      <trkpt lat="58.10349637323861" lon="12.04713658421045">
        <ele>161</ele>
      </trkpt>
      <trkpt lat="58.10349637323861" lon="12.04713658421045">
        <ele>161</ele>
      </trkpt>
      <trkpt lat="58.10349338588167" lon="12.0471196395301">
        <ele>161</ele>
      </trkpt>
      <trkpt lat="58.10349338588167" lon="12.0471196395301">
        <ele>161</ele>
      </trkpt>
      <trkpt lat="58.10342551974062" lon="12.04673469387756">
        <ele>162</ele>
      </trkpt>
      <trkpt lat="58.10329868395958" lon="12.04619874117873">
        <ele>163</ele>
      </trkpt>
      <trkpt lat="58.10315849704369" lon="12.04583921419036">
        <ele>165</ele>
      </trkpt>
      <trkpt lat="58.10301544917034" lon="12.04553309174138">
        <ele>166</ele>
      </trkpt>
      <trkpt lat="58.10292962044633" lon="12.04525462521458">
        <ele>167</ele>
      </trkpt>
      <trkpt lat="58.10267022696931" lon="12.04396719435439">
        <ele>166</ele>
      </trkpt>
      <trkpt lat="58.10256246423805" lon="12.04333396910167">
        <ele>167</ele>
      </trkpt>
      <trkpt lat="58.10250143047875" lon="12.04315658973871">
        <ele>166</ele>
      </trkpt>
      <trkpt lat="58.10241178714478" lon="12.04298207133322">
        <ele>165</ele>
      </trkpt>
      <trkpt lat="58.10231737554837" lon="12.04283997711235">
        <ele>165</ele>
      </trkpt>
      <trkpt lat="58.10216669845509" lon="12.04274651916843">
        <ele>163</ele>
      </trkpt>
      <trkpt lat="58.10154777798972" lon="12.04270074384895">
        <ele>158</ele>
      </trkpt>
      <trkpt lat="58.10129315277514" lon="12.04275224108336">
        <ele>156</ele>
      </trkpt>
      <trkpt lat="58.10045966049973" lon="12.04299732977304">
        <ele>150</ele>
      </trkpt>
      <trkpt lat="58.10000000000002" lon="12.043174709136">
        <ele>148</ele>
      </trkpt>
      <trkpt lat="58.1" lon="12.043174709136">
        <ele>148</ele>
      </trkpt>
      <trkpt lat="58.09902822811368" lon="12.04354949456419">
        <ele>144</ele>
      </trkpt>
      <trkpt lat="58.09876692733168" lon="12.04362197215336">
        <ele>143</ele>
      </trkpt>
      <trkpt lat="58.09876692733168" lon="12.04362197215336">
        <ele>143</ele>
      </trkpt>
      <trkpt lat="58.09870207896243" lon="12.04364295250812">
        <ele>143</ele>
      </trkpt>
      <trkpt lat="58.09789433530422" lon="12.04354091169179">
        <ele>141</ele>
      </trkpt>
      <trkpt lat="58.09583372192849" lon="12.04326172623862">
        <ele>146</ele>
      </trkpt>
      <trkpt lat="58.09583372192849" lon="12.04326172623862">
        <ele>146</ele>
      </trkpt>
      <trkpt lat="58.09562082777036" lon="12.04323288193783">
        <ele>147</ele>
      </trkpt>
      <trkpt lat="58.09546633606714" lon="12.04326625977495">
        <ele>147</ele>
      </trkpt>
      <trkpt lat="58.09533187106619" lon="12.04337592981119">
        <ele>148</ele>
      </trkpt>
      <trkpt lat="58.09503909975206" lon="12.04378600038147">
        <ele>149</ele>
      </trkpt>
      <trkpt lat="58.09488270074385" lon="12.04397673087928">
        <ele>150</ele>
      </trkpt>
      <trkpt lat="58.09462998283426" lon="12.0441226397101">
        <ele>151</ele>
      </trkpt>
      <trkpt lat="58.09400820141141" lon="12.0443839404921">
        <ele>152</ele>
      </trkpt>
      <trkpt lat="58.09309746328438" lon="12.0450267022697">
        <ele>150</ele>
      </trkpt>
      <trkpt lat="58.09198550448217" lon="12.04591646004197">
        <ele>139</ele>
      </trkpt>
      <trkpt lat="58.09198550448217" lon="12.04591646004197">
        <ele>139</ele>
      </trkpt>
      <trkpt lat="58.09189677123689" lon="12.04595448857566">
        <ele>137</ele>
      </trkpt>
      <trkpt lat="58.09189677123689" lon="12.04595448857566">
        <ele>137</ele>
      </trkpt>
      <trkpt lat="58.09175210504206" lon="12.04541251505057">
        <ele>132</ele>
      </trkpt>
      <trkpt lat="58.09175210504206" lon="12.04541251505057">
        <ele>132</ele>
      </trkpt>
      <trkpt lat="58.09171562082777" lon="12.04535857333589">
        <ele>131</ele>
      </trkpt>
      <trkpt lat="58.09167270646576" lon="12.04512492847607">
        <ele>129</ele>
      </trkpt>
      <trkpt lat="58.09152679763495" lon="12.044783520885">
        <ele>127</ele>
      </trkpt>
      <trkpt lat="58.09144669082587" lon="12.04464524127409">
        <ele>126</ele>
      </trkpt>
      <trkpt lat="58.0912263971009" lon="12.04449361052833">
        <ele>125</ele>
      </trkpt>
      <trkpt lat="58.09107572000763" lon="12.04448312035096">
        <ele>123</ele>
      </trkpt>
      <trkpt lat="58.09102422277323" lon="12.04439347701699">
        <ele>123</ele>
      </trkpt>
      <trkpt lat="58.09098989128362" lon="12.04425424375359">
        <ele>124</ele>
      </trkpt>
      <trkpt lat="58.0910871638375" lon="12.04384226587833">
        <ele>125</ele>
      </trkpt>
      <trkpt lat="58.09106618348275" lon="12.04369540339501">
        <ele>124</ele>
      </trkpt>
      <trkpt lat="58.09100514972344" lon="12.04361911119589">
        <ele>124</ele>
      </trkpt>
      <trkpt lat="58.09083253862293" lon="12.04360003814611">
        <ele>123</ele>
      </trkpt>
      <trkpt lat="58.09052450886897" lon="12.04351802403205">
        <ele>121</ele>
      </trkpt>
      <trkpt lat="58.09046728971963" lon="12.04345508296778">
        <ele>121</ele>
      </trkpt>
      <trkpt lat="58.09039862674042" lon="12.04345699027276">
        <ele>121</ele>
      </trkpt>
      <trkpt lat="58.09022506198742" lon="12.04327865725731">
        <ele>120</ele>
      </trkpt>
      <trkpt lat="58.090130650391" lon="12.04312702651155">
        <ele>120</ele>
      </trkpt>
      <trkpt lat="58.09005435819188" lon="12.04297921037575">
        <ele>120</ele>
      </trkpt>
      <trkpt lat="58.0899132176235" lon="12.04282853328248">
        <ele>120</ele>
      </trkpt>
      <trkpt lat="58.08980354758727" lon="12.04244516498189">
        <ele>120</ele>
      </trkpt>
      <trkpt lat="58.08970722868587" lon="12.04233358764067">
        <ele>120</ele>
      </trkpt>
      <trkpt lat="58.08954606141523" lon="12.04230020980356">
        <ele>119</ele>
      </trkpt>
      <trkpt lat="58.0894526034713" lon="12.04222582490941">
        <ele>118</ele>
      </trkpt>
      <trkpt lat="58.08938584779707" lon="12.04211520122069">
        <ele>118</ele>
      </trkpt>
      <trkpt lat="58.08922086591647" lon="12.04206370398628">
        <ele>117</ele>
      </trkpt>
      <trkpt lat="58.08911214953272" lon="12.04193305359528">
        <ele>116</ele>
      </trkpt>
      <trkpt lat="58.08909689109289" lon="12.04174423040245">
        <ele>117</ele>
      </trkpt>
      <trkpt lat="58.08901678428381" lon="12.04135990844937">
        <ele>117</ele>
      </trkpt>
      <trkpt lat="58.089000206603" lon="12.04131861495354">
        <ele>117</ele>
      </trkpt>
      <trkpt lat="58.089000206603" lon="12.04131861495354">
        <ele>117</ele>
      </trkpt>
      <trkpt lat="58.08891264260464" lon="12.04124628904461">
        <ele>116</ele>
      </trkpt>
      <trkpt lat="58.08891264260464" lon="12.04124628904461">
        <ele>116</ele>
      </trkpt>
      <trkpt lat="58.08882319282854" lon="12.04000000000001">
        <ele>116</ele>
      </trkpt>
      <trkpt lat="58.08882319282854" lon="12.04">
        <ele>116</ele>
      </trkpt>
      <trkpt lat="58.08879935151631" lon="12.03962139996185">
        <ele>116</ele>
      </trkpt>
      <trkpt lat="58.08876406637422" lon="12.03925042914362">
        <ele>116</ele>
      </trkpt>
      <trkpt lat="58.08873450314706" lon="12.03903299637612">
        <ele>115</ele>
      </trkpt>
      <trkpt lat="58.08868109860767" lon="12.03878218577151">
        <ele>114</ele>
      </trkpt>
      <trkpt lat="58.08859908449362" lon="12.03847034140759">
        <ele>113</ele>
      </trkpt>
      <trkpt lat="58.08855330917414" lon="12.03833301544917">
        <ele>112</ele>
      </trkpt>
      <trkpt lat="58.0884960900248" lon="12.03819092122831">
        <ele>112</ele>
      </trkpt>
      <trkpt lat="58.08835208849896" lon="12.03788479877933">
        <ele>112</ele>
      </trkpt>
      <trkpt lat="58.08829296204463" lon="12.03778657257295">
        <ele>112</ele>
      </trkpt>
      <trkpt lat="58.088217623498" lon="12.0376788098417">
        <ele>113</ele>
      </trkpt>
      <trkpt lat="58.08812988746901" lon="12.03757009345795">
        <ele>113</ele>
      </trkpt>
      <trkpt lat="58.08812988746901" lon="12.03757009345795">
        <ele>113</ele>
      </trkpt>
      <trkpt lat="58.08802880030517" lon="12.03747377455655">
        <ele>114</ele>
      </trkpt>
      <trkpt lat="58.08792771314133" lon="12.03737745565516">
        <ele>114</ele>
      </trkpt>
      <trkpt lat="58.08792771314133" lon="12.03737745565516">
        <ele>114</ele>
      </trkpt>
      <trkpt lat="58.08782342671494" lon="12.03728870124972">
        <ele>115</ele>
      </trkpt>
      <trkpt lat="58.08782342671494" lon="12.03728870124972">
        <ele>115</ele>
      </trkpt>
      <trkpt lat="58.08780378399518" lon="12.03727198404141">
        <ele>115</ele>
      </trkpt>
      <trkpt lat="58.08780378399518" lon="12.03727198404141">
        <ele>115</ele>
      </trkpt>
      <trkpt lat="58.08774422401466" lon="12.03722129469629">
        <ele>115</ele>
      </trkpt>
      <trkpt lat="58.08774422370427" lon="12.03722129443215">
        <ele>115</ele>
      </trkpt>
      <trkpt lat="58.08772649246615" lon="12.03731928285333">
        <ele>115</ele>
      </trkpt>
      <trkpt lat="58.08769788289148" lon="12.03737745565516">
        <ele>115</ele>
      </trkpt>
      <trkpt lat="58.08768044157199" lon="12.03740023507545">
        <ele>115</ele>
      </trkpt>
      <trkpt lat="58.08768044157199" lon="12.03740023507545">
        <ele>115</ele>
      </trkpt>
      <trkpt lat="58.08745425965253" lon="12.03769564237027">
        <ele>116</ele>
      </trkpt>
      <trkpt lat="58.08745425965253" lon="12.03769564237027">
        <ele>116</ele>
      </trkpt>
      <trkpt lat="58.0873831775701" lon="12.03778847987793">
        <ele>116</ele>
      </trkpt>
      <trkpt lat="58.08733168033569" lon="12.03786381842457">
        <ele>117</ele>
      </trkpt>
      <trkpt lat="58.08728113675377" lon="12.03794011062369">
        <ele>117</ele>
      </trkpt>
      <trkpt lat="58.08709708182339" lon="12.03829200839214">
        <ele>118</ele>
      </trkpt>
      <trkpt lat="58.08689776845318" lon="12.03869254243754">
        <ele>118</ele>
      </trkpt>
      <trkpt lat="58.08684436391379" lon="12.03877837116155">
        <ele>118</ele>
      </trkpt>
      <trkpt lat="58.08667491862457" lon="12.0390299858102">
        <ele>119</ele>
      </trkpt>
      <trkpt lat="58.08667491862457" lon="12.0390299858102">
        <ele>119</ele>
      </trkpt>
      <trkpt lat="58.0864962807553" lon="12.03929525081061">
        <ele>119</ele>
      </trkpt>
      <trkpt lat="58.08640568376884" lon="12.03941541102422">
        <ele>119</ele>
      </trkpt>
      <trkpt lat="58.08633702078963" lon="12.03948979591837">
        <ele>120</ele>
      </trkpt>
      <trkpt lat="58.0862178142285" lon="12.03958706847225">
        <ele>120</ele>
      </trkpt>
      <trkpt lat="58.08609860766737" lon="12.03968434102613">
        <ele>121</ele>
      </trkpt>
      <trkpt lat="58.08606904444021" lon="12.0397215334732">
        <ele>121</ele>
      </trkpt>
      <trkpt lat="58.08605546603238" lon="12.03976103429596">
        <ele>121</ele>
      </trkpt>
      <trkpt lat="58.08605187869541" lon="12.03976349418272">
        <ele>121</ele>
      </trkpt>
      <trkpt lat="58.08598512302117" lon="12.03980926950219">
        <ele>122</ele>
      </trkpt>
      <trkpt lat="58.08592408926187" lon="12.0399046347511">
        <ele>122</ele>
      </trkpt>
      <trkpt lat="58.08586305550258" lon="12.04">
        <ele>122</ele>
      </trkpt>
      <trkpt lat="58.08586305550258" lon="12.04000000000001">
        <ele>122</ele>
      </trkpt>
      <trkpt lat="58.08578867060844" lon="12.04011157734123">
        <ele>123</ele>
      </trkpt>
      <trkpt lat="58.08571428571429" lon="12.04022410833493">
        <ele>124</ele>
      </trkpt>
      <trkpt lat="58.08561415220294" lon="12.04033282471868">
        <ele>126</ele>
      </trkpt>
      <trkpt lat="58.08554930383369" lon="12.04035380507344">
        <ele>127</ele>
      </trkpt>
      <trkpt lat="58.08548445546443" lon="12.04037573908069">
        <ele>128</ele>
      </trkpt>
      <trkpt lat="58.08540339500286" lon="12.04034522220104">
        <ele>128</ele>
      </trkpt>
      <trkpt lat="58.0853223345413" lon="12.04031565897388">
        <ele>129</ele>
      </trkpt>
      <trkpt lat="58.08513446500096" lon="12.04006008010682">
        <ele>129</ele>
      </trkpt>
      <trkpt lat="58.08503337783712" lon="12.04007819950411">
        <ele>130</ele>
      </trkpt>
      <trkpt lat="58.08496090024795" lon="12.0400619874118">
        <ele>130</ele>
      </trkpt>
      <trkpt lat="58.08488937631127" lon="12.04004672897197">
        <ele>131</ele>
      </trkpt>
      <trkpt lat="58.0844878886134" lon="12.04016021361817">
        <ele>135</ele>
      </trkpt>
      <trkpt lat="58.08407877169559" lon="12.04046633606715">
        <ele>138</ele>
      </trkpt>
      <trkpt lat="58.08403299637612" lon="12.0405664695785">
        <ele>138</ele>
      </trkpt>
      <trkpt lat="58.08398817470914" lon="12.04066755674233">
        <ele>138</ele>
      </trkpt>
      <trkpt lat="58.08391092885753" lon="12.0407314514591">
        <ele>138</ele>
      </trkpt>
      <trkpt lat="58.08386801449552" lon="12.04084493610529">
        <ele>139</ele>
      </trkpt>
      <trkpt lat="58.08382128552356" lon="12.04094220865918">
        <ele>139</ele>
      </trkpt>
      <trkpt lat="58.0837745565516" lon="12.04104043486555">
        <ele>140</ele>
      </trkpt>
      <trkpt lat="58.08375548350182" lon="12.0413141331299">
        <ele>141</ele>
      </trkpt>
      <trkpt lat="58.08376978828915" lon="12.04170799160787">
        <ele>143</ele>
      </trkpt>
      <trkpt lat="58.08374976158688" lon="12.04179477398437">
        <ele>144</ele>
      </trkpt>
      <trkpt lat="58.0837306885371" lon="12.04188251001336">
        <ele>144</ele>
      </trkpt>
      <trkpt lat="58.08364867442305" lon="12.04198168987222">
        <ele>144</ele>
      </trkpt>
      <trkpt lat="58.08348464619493" lon="12.042262063704">
        <ele>145</ele>
      </trkpt>
      <trkpt lat="58.08347320236506" lon="12.04234503147054">
        <ele>145</ele>
      </trkpt>
      <trkpt lat="58.08346175853519" lon="12.04242895288958">
        <ele>146</ele>
      </trkpt>
      <trkpt lat="58.08347510967004" lon="12.04249380125883">
        <ele>146</ele>
      </trkpt>
      <trkpt lat="58.08348846080489" lon="12.04255960328058">
        <ele>146</ele>
      </trkpt>
      <trkpt lat="58.08352565325196" lon="12.04266545870686">
        <ele>146</ele>
      </trkpt>
      <trkpt lat="58.08354281899676" lon="12.04275891665078">
        <ele>146</ele>
      </trkpt>
      <trkpt lat="58.08356093839405" lon="12.04285237459471">
        <ele>146</ele>
      </trkpt>
      <trkpt lat="58.08351611672707" lon="12.04292866679383">
        <ele>146</ele>
      </trkpt>
      <trkpt lat="58.08345699027275" lon="12.04297921037575">
        <ele>146</ele>
      </trkpt>
      <trkpt lat="58.08333587640664" lon="12.04293534236126">
        <ele>146</ele>
      </trkpt>
      <trkpt lat="58.0832347892428" lon="12.04293057409881">
        <ele>146</ele>
      </trkpt>
      <trkpt lat="58.08313465573146" lon="12.04292675948885">
        <ele>146</ele>
      </trkpt>
      <trkpt lat="58.08308506580202" lon="12.04302403204274">
        <ele>146</ele>
      </trkpt>
      <trkpt lat="58.08303642952509" lon="12.04312130459662">
        <ele>146</ele>
      </trkpt>
      <trkpt lat="58.08292008392142" lon="12.04305740987985">
        <ele>146</ele>
      </trkpt>
      <trkpt lat="58.08283616250239" lon="12.04309460232692">
        <ele>146</ele>
      </trkpt>
      <trkpt lat="58.08271790959375" lon="12.04303929048256">
        <ele>147</ele>
      </trkpt>
      <trkpt lat="58.0826263589548" lon="12.04298779324815">
        <ele>147</ele>
      </trkpt>
      <trkpt lat="58.08253480831586" lon="12.04293724966623">
        <ele>147</ele>
      </trkpt>
      <trkpt lat="58.0824442113294" lon="12.04282948693497">
        <ele>148</ele>
      </trkpt>
      <trkpt lat="58.08237840930765" lon="12.04276368491323">
        <ele>149</ele>
      </trkpt>
      <trkpt lat="58.08231260728591" lon="12.04269883654398">
        <ele>150</ele>
      </trkpt>
      <trkpt lat="58.0821914934198" lon="12.04281613580013">
        <ele>151</ele>
      </trkpt>
      <trkpt lat="58.08212092313561" lon="12.04292389853139">
        <ele>152</ele>
      </trkpt>
      <trkpt lat="58.08205130650391" lon="12.04303261491514">
        <ele>154</ele>
      </trkpt>
      <trkpt lat="58.08182815182148" lon="12.04347415601756">
        <ele>156</ele>
      </trkpt>
      <trkpt lat="58.08164981880603" lon="12.04373736410453">
        <ele>157</ele>
      </trkpt>
      <trkpt lat="58.08156208277704" lon="12.0438355903109">
        <ele>158</ele>
      </trkpt>
      <trkpt lat="58.0814867442304" lon="12.04435533091742">
        <ele>155</ele>
      </trkpt>
      <trkpt lat="58.08138947167652" lon="12.04473011634562">
        <ele>153</ele>
      </trkpt>
      <trkpt lat="58.08126835781042" lon="12.04509822620638">
        <ele>151</ele>
      </trkpt>
      <trkpt lat="58.08105760061034" lon="12.04541579248523">
        <ele>150</ele>
      </trkpt>
      <trkpt lat="58.08094125500668" lon="12.04545107762732">
        <ele>152</ele>
      </trkpt>
      <trkpt lat="58.08082490940302" lon="12.04548636276942">
        <ele>153</ele>
      </trkpt>
      <trkpt lat="58.08076482929621" lon="12.04558744993326">
        <ele>153</ele>
      </trkpt>
      <trkpt lat="58.08070379553691" lon="12.04560366202557">
        <ele>153</ele>
      </trkpt>
      <trkpt lat="58.08064276177761" lon="12.04561987411788">
        <ele>153</ele>
      </trkpt>
      <trkpt lat="58.08056265496853" lon="12.04557028418845">
        <ele>154</ele>
      </trkpt>
      <trkpt lat="58.08048350181194" lon="12.04552164791151">
        <ele>155</ele>
      </trkpt>
      <trkpt lat="58.08041579248522" lon="12.04540720961283">
        <ele>156</ele>
      </trkpt>
      <trkpt lat="58.0803480831585" lon="12.04529277131414">
        <ele>157</ele>
      </trkpt>
      <trkpt lat="58.08028514209423" lon="12.04519931337022">
        <ele>158</ele>
      </trkpt>
      <trkpt lat="58.08022220102995" lon="12.04510680907878">
        <ele>158</ele>
      </trkpt>
      <trkpt lat="58.08011062368873" lon="12.04502956322717">
        <ele>159</ele>
      </trkpt>
      <trkpt lat="58.08000000000001" lon="12.04495231737556">
        <ele>159</ele>
      </trkpt>
      <trkpt lat="58.07999999999999" lon="12.04495231737556">
        <ele>159</ele>
      </trkpt>
      <trkpt lat="58.07978352088498" lon="12.04475395765784">
        <ele>161</ele>
      </trkpt>
      <trkpt lat="58.07960614152202" lon="12.04468338737365">
        <ele>161</ele>
      </trkpt>
      <trkpt lat="58.07940110623688" lon="12.04473583826055">
        <ele>161</ele>
      </trkpt>
      <trkpt lat="58.07919607095174" lon="12.04470055311845">
        <ele>161</ele>
      </trkpt>
      <trkpt lat="58.07905683768834" lon="12.04473393095557">
        <ele>161</ele>
      </trkpt>
      <trkpt lat="58.07893477016975" lon="12.04481975967958">
        <ele>160</ele>
      </trkpt>
      <trkpt lat="58.07888708754529" lon="12.04471867251575">
        <ele>161</ele>
      </trkpt>
      <trkpt lat="58.07878981499141" lon="12.04456894907497">
        <ele>162</ele>
      </trkpt>
      <trkpt lat="58.07858859431622" lon="12.04449742513829">
        <ele>163</ele>
      </trkpt>
      <trkpt lat="58.07839309555597" lon="12.04443639137899">
        <ele>163</ele>
      </trkpt>
      <trkpt lat="58.07821094793056" lon="12.04439347701699">
        <ele>163</ele>
      </trkpt>
      <trkpt lat="58.07814991417127" lon="12.04431241655542">
        <ele>163</ele>
      </trkpt>
      <trkpt lat="58.07791626931146" lon="12.04421514400154">
        <ele>162</ele>
      </trkpt>
      <trkpt lat="58.07784188441731" lon="12.04400343314897">
        <ele>162</ele>
      </trkpt>
      <trkpt lat="58.07779992370779" lon="12.04379935151632">
        <ele>163</ele>
      </trkpt>
      <trkpt lat="58.07784665267976" lon="12.04368586687012">
        <ele>164</ele>
      </trkpt>
      <trkpt lat="58.07793534236124" lon="12.04331489605189">
        <ele>165</ele>
      </trkpt>
      <trkpt lat="58.07814991417127" lon="12.04271504863629">
        <ele>168</ele>
      </trkpt>
      <trkpt lat="58.07835113484646" lon="12.04201697501432">
        <ele>169</ele>
      </trkpt>
      <trkpt lat="58.07836925424375" lon="12.04175281327485">
        <ele>169</ele>
      </trkpt>
      <trkpt lat="58.07843028800305" lon="12.04155826816709">
        <ele>169</ele>
      </trkpt>
      <trkpt lat="58.07836925424375" lon="12.04140854472631">
        <ele>168</ele>
      </trkpt>
      <trkpt lat="58.07840644669082" lon="12.04131127217243">
        <ele>167</ele>
      </trkpt>
      <trkpt lat="58.07834159832156" lon="12.04105473965288">
        <ele>166</ele>
      </trkpt>
      <trkpt lat="58.07833683005912" lon="12.0409050162121">
        <ele>165</ele>
      </trkpt>
      <trkpt lat="58.07822906732786" lon="12.04072859050163">
        <ele>163</ele>
      </trkpt>
      <trkpt lat="58.07811939729162" lon="12.04058077436583">
        <ele>161</ele>
      </trkpt>
      <trkpt lat="58.07783139423993" lon="12.04044344840741">
        <ele>156</ele>
      </trkpt>
      <trkpt lat="58.07774365821094" lon="12.04025176425712">
        <ele>154</ele>
      </trkpt>
      <trkpt lat="58.07750524508868" lon="12.04007152393669">
        <ele>149</ele>
      </trkpt>
      <trkpt lat="58.07729734884607" lon="12.04002002670228">
        <ele>146</ele>
      </trkpt>
      <trkpt lat="58.07711329391569" lon="12.04004005340455">
        <ele>144</ele>
      </trkpt>
      <trkpt lat="58.07704844554644" lon="12.04001525843984">
        <ele>143</ele>
      </trkpt>
      <trkpt lat="58.0770341407591" lon="12.04000000000001">
        <ele>143</ele>
      </trkpt>
      <trkpt lat="58.0770341407591" lon="12.04">
        <ele>143</ele>
      </trkpt>
      <trkpt lat="58.07699694831203" lon="12.03995994659546">
        <ele>142</ele>
      </trkpt>
      <trkpt lat="58.07698741178714" lon="12.03973106999809">
        <ele>140</ele>
      </trkpt>
      <trkpt lat="58.07692733168033" lon="12.03967098989128">
        <ele>138</ele>
      </trkpt>
      <trkpt lat="58.07680717146671" lon="12.03963856570666">
        <ele>137</ele>
      </trkpt>
      <trkpt lat="58.07662693114629" lon="12.03953843219531">
        <ele>134</ele>
      </trkpt>
      <trkpt lat="58.07646671752813" lon="12.03955559794011">
        <ele>133</ele>
      </trkpt>
      <trkpt lat="58.07626454320045" lon="12.03942780850658">
        <ele>130</ele>
      </trkpt>
      <trkpt lat="58.07617108525653" lon="12.03932481403777">
        <ele>128</ele>
      </trkpt>
      <trkpt lat="58.07615487316421" lon="12.03910070570284">
        <ele>127</ele>
      </trkpt>
      <trkpt lat="58.07605760061033" lon="12.03889948502766">
        <ele>127</ele>
      </trkpt>
      <trkpt lat="58.07605569330535" lon="12.03874117871448">
        <ele>127</ele>
      </trkpt>
      <trkpt lat="58.07610432958229" lon="12.03800591264543">
        <ele>130</ele>
      </trkpt>
      <trkpt lat="58.07619874117871" lon="12.03778180431051">
        <ele>131</ele>
      </trkpt>
      <trkpt lat="58.07646671752813" lon="12.03755292771314">
        <ele>130</ele>
      </trkpt>
      <trkpt lat="58.07665744802593" lon="12.03722296395194">
        <ele>130</ele>
      </trkpt>
      <trkpt lat="58.07680907877169" lon="12.03700648483693">
        <ele>129</ele>
      </trkpt>
      <trkpt lat="58.07690825863055" lon="12.0367652107572">
        <ele>128</ele>
      </trkpt>
      <trkpt lat="58.076825290864" lon="12.03648006866298">
        <ele>128</ele>
      </trkpt>
      <trkpt lat="58.07664218958611" lon="12.0362874308602">
        <ele>129</ele>
      </trkpt>
      <trkpt lat="58.07660690444401" lon="12.03595174518406">
        <ele>126</ele>
      </trkpt>
      <trkpt lat="58.07660976540148" lon="12.03572096128171">
        <ele>125</ele>
      </trkpt>
      <trkpt lat="58.07676616440968" lon="12.03534140759107">
        <ele>121</ele>
      </trkpt>
      <trkpt lat="58.07696070951744" lon="12.03511634560366">
        <ele>118</ele>
      </trkpt>
      <trkpt lat="58.07707324051115" lon="12.034869349609">
        <ele>116</ele>
      </trkpt>
      <trkpt lat="58.07705988937631" lon="12.0345565515926">
        <ele>116</ele>
      </trkpt>
      <trkpt lat="58.07683864199885" lon="12.03412550066756">
        <ele>117</ele>
      </trkpt>
      <trkpt lat="58.07681003242418" lon="12.03397482357429">
        <ele>116</ele>
      </trkpt>
      <trkpt lat="58.07667461377073" lon="12.03376311272173">
        <ele>116</ele>
      </trkpt>
      <trkpt lat="58.07643715430097" lon="12.03325100133512">
        <ele>114</ele>
      </trkpt>
      <trkpt lat="58.07624070188822" lon="12.03281041388518">
        <ele>115</ele>
      </trkpt>
      <trkpt lat="58.07615678046919" lon="12.03243276749952">
        <ele>116</ele>
      </trkpt>
      <trkpt lat="58.07609097844745" lon="12.03226397100897">
        <ele>118</ele>
      </trkpt>
      <trkpt lat="58.07601850085828" lon="12.032174327675">
        <ele>119</ele>
      </trkpt>
      <trkpt lat="58.07601850085828" lon="12.032174327675">
        <ele>119</ele>
      </trkpt>
      <trkpt lat="58.0758430288003" lon="12.03253099370589">
        <ele>118</ele>
      </trkpt>
      <trkpt lat="58.07573431241655" lon="12.03272839977113">
        <ele>119</ele>
      </trkpt>
      <trkpt lat="58.07552546252145" lon="12.03305454892237">
        <ele>121</ele>
      </trkpt>
      <trkpt lat="58.07513541865344" lon="12.03356952126645">
        <ele>122</ele>
      </trkpt>
      <trkpt lat="58.07513541865344" lon="12.03356952126645">
        <ele>122</ele>
      </trkpt>
      <trkpt lat="58.07506762421815" lon="12.03366137179168">
        <ele>122</ele>
      </trkpt>
      <trkpt lat="58.07506762421815" lon="12.03366137179168">
        <ele>122</ele>
      </trkpt>
      <trkpt lat="58.07478065992751" lon="12.03405016212092">
        <ele>123</ele>
      </trkpt>
      <trkpt lat="58.07444497425138" lon="12.03448788861339">
        <ele>125</ele>
      </trkpt>
      <trkpt lat="58.07425710471104" lon="12.03470913599085">
        <ele>126</ele>
      </trkpt>
      <trkpt lat="58.07413789814991" lon="12.03479877932481">
        <ele>126</ele>
      </trkpt>
      <trkpt lat="58.07400534045393" lon="12.03485027655922">
        <ele>126</ele>
      </trkpt>
      <trkpt lat="58.07368777417508" lon="12.03487411787145">
        <ele>125</ele>
      </trkpt>
      <trkpt lat="58.07299637612054" lon="12.03501525843983">
        <ele>124</ele>
      </trkpt>
      <trkpt lat="58.07260251764257" lon="12.03507152393668">
        <ele>124</ele>
      </trkpt>
      <trkpt lat="58.07240511157733" lon="12.03507247758917">
        <ele>124</ele>
      </trkpt>
      <trkpt lat="58.07222391760442" lon="12.03506484836926">
        <ele>124</ele>
      </trkpt>
      <trkpt lat="58.07191016593553" lon="12.03500572191493">
        <ele>125</ele>
      </trkpt>
      <trkpt lat="58.07178809841693" lon="12.03500572191493">
        <ele>125</ele>
      </trkpt>
      <trkpt lat="58.07170703795536" lon="12.03508487507153">
        <ele>125</ele>
      </trkpt>
      <trkpt lat="58.07157734121685" lon="12.03530040053405">
        <ele>124</ele>
      </trkpt>
      <trkpt lat="58.07137230593171" lon="12.03572382223918">
        <ele>123</ele>
      </trkpt>
      <trkpt lat="58.07121781422849" lon="12.03601563990082">
        <ele>123</ele>
      </trkpt>
      <trkpt lat="58.07111005149723" lon="12.03614056837688">
        <ele>123</ele>
      </trkpt>
      <trkpt lat="58.07106427617775" lon="12.0361825290864">
        <ele>123</ele>
      </trkpt>
      <trkpt lat="58.07106427617775" lon="12.0361825290864">
        <ele>123</ele>
      </trkpt>
      <trkpt lat="58.07100133511348" lon="12.03607953461759">
        <ele>123</ele>
      </trkpt>
      <trkpt lat="58.07065897386992" lon="12.03570665649437">
        <ele>125</ele>
      </trkpt>
      <trkpt lat="58.07061415220293" lon="12.03563227160023">
        <ele>125</ele>
      </trkpt>
      <trkpt lat="58.07057028418843" lon="12.03555884035857">
        <ele>125</ele>
      </trkpt>
      <trkpt lat="58.07040720961281" lon="12.03520598893763">
        <ele>126</ele>
      </trkpt>
      <trkpt lat="58.07035952698836" lon="12.03508868968148">
        <ele>127</ele>
      </trkpt>
      <trkpt lat="58.0703127980164" lon="12.03497234407782">
        <ele>127</ele>
      </trkpt>
      <trkpt lat="58.07026702269692" lon="12.03491035666603">
        <ele>128</ele>
      </trkpt>
      <trkpt lat="58.07022124737745" lon="12.03484836925425">
        <ele>129</ele>
      </trkpt>
      <trkpt lat="58.07014209422086" lon="12.03479877932481">
        <ele>129</ele>
      </trkpt>
      <trkpt lat="58.07005245088689" lon="12.03481499141713">
        <ele>129</ele>
      </trkpt>
      <trkpt lat="58.06993610528323" lon="12.0348960518787">
        <ele>129</ele>
      </trkpt>
      <trkpt lat="58.06981975967957" lon="12.03497711234026">
        <ele>128</ele>
      </trkpt>
      <trkpt lat="58.06969769216097" lon="12.03505435819188">
        <ele>128</ele>
      </trkpt>
      <trkpt lat="58.06957562464238" lon="12.03513255769598">
        <ele>128</ele>
      </trkpt>
      <trkpt lat="58.06932958230021" lon="12.03532901010872">
        <ele>128</ele>
      </trkpt>
      <trkpt lat="58.06921895861147" lon="12.03532996376121">
        <ele>128</ele>
      </trkpt>
      <trkpt lat="58.06913980545489" lon="12.03532042723632">
        <ele>128</ele>
      </trkpt>
      <trkpt lat="58.06906160595079" lon="12.03531184436392">
        <ele>130</ele>
      </trkpt>
      <trkpt lat="58.06896910165935" lon="12.03528514209422">
        <ele>131</ele>
      </trkpt>
      <trkpt lat="58.0688775510204" lon="12.03525939347702">
        <ele>132</ele>
      </trkpt>
      <trkpt lat="58.06858477970627" lon="12.03514400152585">
        <ele>135</ele>
      </trkpt>
      <trkpt lat="58.0684951363723" lon="12.03508487507153">
        <ele>136</ele>
      </trkpt>
      <trkpt lat="58.06840644669082" lon="12.03502670226969">
        <ele>136</ele>
      </trkpt>
      <trkpt lat="58.0681556360862" lon="12.03482166698455">
        <ele>141</ele>
      </trkpt>
      <trkpt lat="58.06808792675948" lon="12.0347654014877">
        <ele>142</ele>
      </trkpt>
      <trkpt lat="58.06802021743276" lon="12.03471008964333">
        <ele>143</ele>
      </trkpt>
      <trkpt lat="58.0679553690635" lon="12.03464047301164">
        <ele>144</ele>
      </trkpt>
      <trkpt lat="58.06789147434674" lon="12.03457181003242">
        <ele>145</ele>
      </trkpt>
      <trkpt lat="58.06783616250237" lon="12.03447167652108">
        <ele>145</ele>
      </trkpt>
      <trkpt lat="58.0677818043105" lon="12.03437154300973">
        <ele>145</ele>
      </trkpt>
      <trkpt lat="58.06767404157925" lon="12.03406255960328">
        <ele>144</ele>
      </trkpt>
      <trkpt lat="58.06759107381269" lon="12.03375834445928">
        <ele>144</ele>
      </trkpt>
      <trkpt lat="58.06755197406065" lon="12.03367060843029">
        <ele>144</ele>
      </trkpt>
      <trkpt lat="58.0675128743086" lon="12.03358382605379">
        <ele>143</ele>
      </trkpt>
      <trkpt lat="58.06740511157734" lon="12.03348559984742">
        <ele>144</ele>
      </trkpt>
      <trkpt lat="58.06732691207323" lon="12.03346366584017">
        <ele>144</ele>
      </trkpt>
      <trkpt lat="58.06724966622162" lon="12.03344268548541">
        <ele>144</ele>
      </trkpt>
      <trkpt lat="58.06715334732023" lon="12.03344077818043">
        <ele>145</ele>
      </trkpt>
      <trkpt lat="58.06705702841884" lon="12.03343887087545">
        <ele>145</ele>
      </trkpt>
      <trkpt lat="58.06696166316993" lon="12.03340644669083">
        <ele>145</ele>
      </trkpt>
      <trkpt lat="58.06686629792103" lon="12.0333740225062">
        <ele>145</ele>
      </trkpt>
      <trkpt lat="58.06676234979972" lon="12.03332920083922">
        <ele>146</ele>
      </trkpt>
      <trkpt lat="58.06668415029563" lon="12.03324718672516">
        <ele>146</ele>
      </trkpt>
      <trkpt lat="58.06660595079153" lon="12.03316612626359">
        <ele>145</ele>
      </trkpt>
      <trkpt lat="58.06653061224489" lon="12.03305836353233">
        <ele>144</ele>
      </trkpt>
      <trkpt lat="58.06645622735075" lon="12.03295155445356">
        <ele>143</ele>
      </trkpt>
      <trkpt lat="58.06639423993896" lon="12.0328781232119">
        <ele>143</ele>
      </trkpt>
      <trkpt lat="58.06633320617966" lon="12.03280564562274">
        <ele>142</ele>
      </trkpt>
      <trkpt lat="58.06624737745565" lon="12.03273698264353">
        <ele>141</ele>
      </trkpt>
      <trkpt lat="58.06613770741941" lon="12.03269406828152">
        <ele>140</ele>
      </trkpt>
      <trkpt lat="58.06607476635514" lon="12.03269406828152">
        <ele>139</ele>
      </trkpt>
      <trkpt lat="58.06601087163837" lon="12.03274556551593">
        <ele>139</ele>
      </trkpt>
      <trkpt lat="58.06593553309173" lon="12.0328266259775">
        <ele>139</ele>
      </trkpt>
      <trkpt lat="58.06586114819759" lon="12.03290864009155">
        <ele>138</ele>
      </trkpt>
      <trkpt lat="58.0650257486172" lon="12.03393000190731">
        <ele>143</ele>
      </trkpt>
      <trkpt lat="58.06477589166507" lon="12.03425615105856">
        <ele>144</ele>
      </trkpt>
      <trkpt lat="58.06471008964333" lon="12.03430764829296">
        <ele>144</ele>
      </trkpt>
      <trkpt lat="58.06464428762158" lon="12.03435914552737">
        <ele>143</ele>
      </trkpt>
      <trkpt lat="58.06456227350753" lon="12.03441445737174">
        <ele>143</ele>
      </trkpt>
      <trkpt lat="58.06448121304596" lon="12.03447072286859">
        <ele>143</ele>
      </trkpt>
      <trkpt lat="58.06437154300972" lon="12.03447930574099">
        <ele>142</ele>
      </trkpt>
      <trkpt lat="58.06428094602326" lon="12.03442780850658">
        <ele>141</ele>
      </trkpt>
      <trkpt lat="58.06419034903681" lon="12.03434197978257">
        <ele>141</ele>
      </trkpt>
      <trkpt lat="58.06411310318519" lon="12.03424756818615">
        <ele>140</ele>
      </trkpt>
      <trkpt lat="58.06401773793629" lon="12.03422181956895">
        <ele>139</ele>
      </trkpt>
      <trkpt lat="58.06389567041769" lon="12.03426473393096">
        <ele>138</ele>
      </trkpt>
      <trkpt lat="58.06360957467098" lon="12.03462521457181">
        <ele>136</ele>
      </trkpt>
      <trkpt lat="58.0632433721152" lon="12.03500476826245">
        <ele>133</ele>
      </trkpt>
      <trkpt lat="58.06316898722105" lon="12.03505531184437">
        <ele>132</ele>
      </trkpt>
      <trkpt lat="58.06309555597939" lon="12.03510680907877">
        <ele>132</ele>
      </trkpt>
      <trkpt lat="58.06297921037573" lon="12.0351563990082">
        <ele>131</ele>
      </trkpt>
      <trkpt lat="58.06286286477207" lon="12.03520694259012">
        <ele>130</ele>
      </trkpt>
      <trkpt lat="58.06277417509059" lon="12.03526702269693">
        <ele>129</ele>
      </trkpt>
      <trkpt lat="58.0626864390616" lon="12.03532710280374">
        <ele>128</ele>
      </trkpt>
      <trkpt lat="58.06237554835018" lon="12.03555407209613">
        <ele>126</ele>
      </trkpt>
      <trkpt lat="58.06229830249856" lon="12.03559317184818">
        <ele>126</ele>
      </trkpt>
      <trkpt lat="58.06222201029944" lon="12.03563227160023">
        <ele>125</ele>
      </trkpt>
      <trkpt lat="58.06211901583062" lon="12.03563608621019">
        <ele>125</ele>
      </trkpt>
      <trkpt lat="58.06201602136181" lon="12.03563990082014">
        <ele>125</ele>
      </trkpt>
      <trkpt lat="58.06174899866488" lon="12.03565802021743">
        <ele>124</ele>
      </trkpt>
      <trkpt lat="58.06166793820331" lon="12.03566755674232">
        <ele>124</ele>
      </trkpt>
      <trkpt lat="58.06158687774175" lon="12.0356780469197">
        <ele>124</ele>
      </trkpt>
      <trkpt lat="58.06153156589738" lon="12.03575147816136">
        <ele>123</ele>
      </trkpt>
      <trkpt lat="58.06147625405302" lon="12.0358258630555">
        <ele>123</ele>
      </trkpt>
      <trkpt lat="58.06141808125118" lon="12.0359221819569">
        <ele>123</ele>
      </trkpt>
      <trkpt lat="58.06138756437154" lon="12.03599275224108">
        <ele>123</ele>
      </trkpt>
      <trkpt lat="58.06135704749189" lon="12.03606332252527">
        <ele>123</ele>
      </trkpt>
      <trkpt lat="58.06128838451268" lon="12.03615201220675">
        <ele>122</ele>
      </trkpt>
      <trkpt lat="58.06123021171084" lon="12.0361996948312">
        <ele>122</ele>
      </trkpt>
      <trkpt lat="58.06073240511157" lon="12.03635323288194">
        <ele>122</ele>
      </trkpt>
      <trkpt lat="58.06067900057219" lon="12.03641617394621">
        <ele>122</ele>
      </trkpt>
      <trkpt lat="58.06062654968529" lon="12.03647911501049">
        <ele>122</ele>
      </trkpt>
      <trkpt lat="58.0605035285142" lon="12.03673660118253">
        <ele>122</ele>
      </trkpt>
      <trkpt lat="58.0604606141522" lon="12.0368176616441">
        <ele>122</ele>
      </trkpt>
      <trkpt lat="58.06041769979019" lon="12.03689967575816">
        <ele>122</ele>
      </trkpt>
      <trkpt lat="58.060347129506" lon="12.03697692160977">
        <ele>123</ele>
      </trkpt>
      <trkpt lat="58.06027655922181" lon="12.03705416746138">
        <ele>123</ele>
      </trkpt>
      <trkpt lat="58.06021171085256" lon="12.03715334732024">
        <ele>123</ele>
      </trkpt>
      <trkpt lat="58.0601478161358" lon="12.0372525271791">
        <ele>124</ele>
      </trkpt>
      <trkpt lat="58.06007343124165" lon="12.03728495136372">
        <ele>124</ele>
      </trkpt>
      <trkpt lat="58.06" lon="12.03731832920084">
        <ele>124</ele>
      </trkpt>
      <trkpt lat="58.06000000000001" lon="12.03731832920084">
        <ele>124</ele>
      </trkpt>
      <trkpt lat="58.05973583826055" lon="12.03735456799542">
        <ele>125</ele>
      </trkpt>
      <trkpt lat="58.05936868205227" lon="12.03737173374023">
        <ele>126</ele>
      </trkpt>
      <trkpt lat="58.05868777417511" lon="12.03736315086782">
        <ele>128</ele>
      </trkpt>
      <trkpt lat="58.05844650009538" lon="12.03735456799542">
        <ele>129</ele>
      </trkpt>
      <trkpt lat="58.0580879267595" lon="12.03737173374023">
        <ele>131</ele>
      </trkpt>
      <trkpt lat="58.05794297158117" lon="12.03738889948503">
        <ele>132</ele>
      </trkpt>
      <trkpt lat="58.05781136753768" lon="12.03743181384704">
        <ele>133</ele>
      </trkpt>
      <trkpt lat="58.05757009345795" lon="12.03752622544345">
        <ele>135</ele>
      </trkpt>
      <trkpt lat="58.0572706465764" lon="12.03770646576388">
        <ele>138</ele>
      </trkpt>
      <trkpt lat="58.05709803547588" lon="12.03780087736029">
        <ele>139</ele>
      </trkpt>
      <trkpt lat="58.0569664314324" lon="12.0378609574671">
        <ele>140</ele>
      </trkpt>
      <trkpt lat="58.05683005912647" lon="12.03790387182911">
        <ele>141</ele>
      </trkpt>
      <trkpt lat="58.05668891855809" lon="12.0378695403395">
        <ele>141</ele>
      </trkpt>
      <trkpt lat="58.05644859813085" lon="12.0378352088499">
        <ele>141</ele>
      </trkpt>
      <trkpt lat="58.05623974823575" lon="12.03776654587069">
        <ele>141</ele>
      </trkpt>
      <trkpt lat="58.05606713713524" lon="12.03774079725348">
        <ele>141</ele>
      </trkpt>
      <trkpt lat="58.05592027465192" lon="12.03770169750143">
        <ele>141</ele>
      </trkpt>
      <trkpt lat="58.0557572000763" lon="12.03767785618921">
        <ele>141</ele>
      </trkpt>
      <trkpt lat="58.05563417890522" lon="12.0376959755865">
        <ele>141</ele>
      </trkpt>
      <trkpt lat="58.05544917032235" lon="12.0378523745947">
        <ele>141</ele>
      </trkpt>
      <trkpt lat="58.05521552546254" lon="12.03806599275224">
        <ele>142</ele>
      </trkpt>
      <trkpt lat="58.05521552546254" lon="12.03806599275224">
        <ele>142</ele>
      </trkpt>
      <trkpt lat="58.05518977684533" lon="12.03792103757391">
        <ele>141</ele>
      </trkpt>
      <trkpt lat="58.05511157734123" lon="12.0376177760824">
        <ele>141</ele>
      </trkpt>
      <trkpt lat="58.05488174709137" lon="12.03702460423422">
        <ele>139</ele>
      </trkpt>
      <trkpt lat="58.05479591836736" lon="12.03689109288575">
        <ele>138</ele>
      </trkpt>
      <trkpt lat="58.05466717528134" lon="12.03673850848751">
        <ele>138</ele>
      </trkpt>
      <trkpt lat="58.05438012588214" lon="12.03649437345032">
        <ele>136</ele>
      </trkpt>
      <trkpt lat="58.05428952889568" lon="12.036435246996">
        <ele>136</ele>
      </trkpt>
      <trkpt lat="58.05412550066757" lon="12.03634846461949">
        <ele>135</ele>
      </trkpt>
      <trkpt lat="58.05391855807745" lon="12.03627121876788">
        <ele>135</ele>
      </trkpt>
      <trkpt lat="58.05374785428191" lon="12.03617203890902">
        <ele>134</ele>
      </trkpt>
      <trkpt lat="58.05348941445738" lon="12.03603662025558">
        <ele>134</ele>
      </trkpt>
      <trkpt lat="58.05329010108718" lon="12.03588880411978">
        <ele>133</ele>
      </trkpt>
      <trkpt lat="58.05309937058937" lon="12.03581441922564">
        <ele>133</ele>
      </trkpt>
      <trkpt lat="58.05293438870876" lon="12.03573431241656">
        <ele>134</ele>
      </trkpt>
      <trkpt lat="58.05293438870876" lon="12.03573431241656">
        <ele>134</ele>
      </trkpt>
      <trkpt lat="58.05280278466528" lon="12.0363742132367">
        <ele>135</ele>
      </trkpt>
      <trkpt lat="58.05255197406066" lon="12.03706465763876">
        <ele>136</ele>
      </trkpt>
      <trkpt lat="58.05242323097465" lon="12.0372258249094">
        <ele>135</ele>
      </trkpt>
      <trkpt lat="58.05188441731834" lon="12.03793629601373">
        <ele>133</ele>
      </trkpt>
      <trkpt lat="58.05168319664315" lon="12.03805168796491">
        <ele>132</ele>
      </trkpt>
      <trkpt lat="58.05161930192639" lon="12.03799065420561">
        <ele>132</ele>
      </trkpt>
      <trkpt lat="58.05143333969103" lon="12.03801068090788">
        <ele>132</ele>
      </trkpt>
      <trkpt lat="58.05127217242038" lon="12.03818519931337">
        <ele>131</ele>
      </trkpt>
      <trkpt lat="58.05104520312799" lon="12.03855998474156">
        <ele>130</ele>
      </trkpt>
      <trkpt lat="58.05097272553883" lon="12.03866679382033">
        <ele>130</ele>
      </trkpt>
      <trkpt lat="58.05081346557316" lon="12.03871161548732">
        <ele>130</ele>
      </trkpt>
      <trkpt lat="58.05055884035858" lon="12.03868872782758">
        <ele>129</ele>
      </trkpt>
      <trkpt lat="58.05032424184628" lon="12.03880507343124">
        <ele>129</ele>
      </trkpt>
      <trkpt lat="58.05020694259013" lon="12.03895479687202">
        <ele>128</ele>
      </trkpt>
      <trkpt lat="58.04992180049591" lon="12.03923421705131">
        <ele>127</ele>
      </trkpt>
      <trkpt lat="58.04969387755103" lon="12.0392780850658">
        <ele>127</ele>
      </trkpt>
      <trkpt lat="58.04937249666223" lon="12.03973965287049">
        <ele>127</ele>
      </trkpt>
      <trkpt lat="58.04937917222965" lon="12.03996757581537">
        <ele>128</ele>
      </trkpt>
      <trkpt lat="58.04936296013734" lon="12.04">
        <ele>128</ele>
      </trkpt>
      <trkpt lat="58.04936296013734" lon="12.04000000000001">
        <ele>128</ele>
      </trkpt>
      <trkpt lat="58.04918939538433" lon="12.040349036811">
        <ele>128</ele>
      </trkpt>
      <trkpt lat="58.04911691779517" lon="12.04042532901012">
        <ele>128</ele>
      </trkpt>
      <trkpt lat="58.04893190921229" lon="12.04014209422088">
        <ele>128</ele>
      </trkpt>
      <trkpt lat="58.04868205226017" lon="12.04010108716385">
        <ele>128</ele>
      </trkpt>
      <trkpt lat="58.0484703414076" lon="12.04009250429145">
        <ele>128</ele>
      </trkpt>
      <trkpt lat="58.04833969101661" lon="12.04000000000001">
        <ele>128</ele>
      </trkpt>
      <trkpt lat="58.04833969101661" lon="12.04">
        <ele>128</ele>
      </trkpt>
      <trkpt lat="58.04826816707993" lon="12.03994945641808">
        <ele>128</ele>
      </trkpt>
      <trkpt lat="58.04800019073051" lon="12.03960328056456">
        <ele>128</ele>
      </trkpt>
      <trkpt lat="58.04789242799925" lon="12.03961281708945">
        <ele>129</ele>
      </trkpt>
      <trkpt lat="58.04778466526799" lon="12.03974632843792">
        <ele>130</ele>
      </trkpt>
      <trkpt lat="58.04767404157926" lon="12.04">
        <ele>131</ele>
      </trkpt>
      <trkpt lat="58.04767404157926" lon="12.04000000000001">
        <ele>131</ele>
      </trkpt>
      <trkpt lat="58.04752145718101" lon="12.04023936677476">
        <ele>132</ele>
      </trkpt>
      <trkpt lat="58.04738794583255" lon="12.04052736982645">
        <ele>133</ele>
      </trkpt>
      <trkpt lat="58.04722677856191" lon="12.04059794011063">
        <ele>133</ele>
      </trkpt>
      <trkpt lat="58.0471142475682" lon="12.04058077436583">
        <ele>134</ele>
      </trkpt>
      <trkpt lat="58.04702078962427" lon="12.04031565897388">
        <ele>134</ele>
      </trkpt>
      <trkpt lat="58.04709517451842" lon="12.04015067709328">
        <ele>134</ele>
      </trkpt>
      <trkpt lat="58.04707419416366" lon="12.04000000000001">
        <ele>134</ele>
      </trkpt>
      <trkpt lat="58.04707419416366" lon="12.04">
        <ele>134</ele>
      </trkpt>
      <trkpt lat="58.04705607476637" lon="12.03987125691398">
        <ele>133</ele>
      </trkpt>
      <trkpt lat="58.04696357047493" lon="12.04">
        <ele>134</ele>
      </trkpt>
      <trkpt lat="58.04696357047493" lon="12.04000000000001">
        <ele>134</ele>
      </trkpt>
      <trkpt lat="58.0467919130269" lon="12.04023269120734">
        <ele>135</ele>
      </trkpt>
      <trkpt lat="58.04667461377075" lon="12.04070284188443">
        <ele>135</ele>
      </trkpt>
      <trkpt lat="58.04649246614535" lon="12.04085924089263">
        <ele>134</ele>
      </trkpt>
      <trkpt lat="58.04640854472631" lon="12.04117776082397">
        <ele>132</ele>
      </trkpt>
      <trkpt lat="58.04605187869542" lon="12.04142666412361">
        <ele>131</ele>
      </trkpt>
      <trkpt lat="58.04587545298494" lon="12.04142857142858">
        <ele>132</ele>
      </trkpt>
      <trkpt lat="58.04577245851613" lon="12.04130268930003">
        <ele>132</ele>
      </trkpt>
      <trkpt lat="58.04577245851613" lon="12.04130268930003">
        <ele>132</ele>
      </trkpt>
      <trkpt lat="58.04582413723718" lon="12.04166201218802">
        <ele>131</ele>
      </trkpt>
      <trkpt lat="58.04582413723718" lon="12.04166201218802">
        <ele>131</ele>
      </trkpt>
      <trkpt lat="58.04583921419036" lon="12.04187392714096">
        <ele>131</ele>
      </trkpt>
      <trkpt lat="58.04593553309175" lon="12.04200839214191">
        <ele>131</ele>
      </trkpt>
      <trkpt lat="58.04601659355332" lon="12.04210280373833">
        <ele>130</ele>
      </trkpt>
      <trkpt lat="58.04602136181577" lon="12.04228209040627">
        <ele>130</ele>
      </trkpt>
      <trkpt lat="58.04602136181577" lon="12.04228209040627">
        <ele>130</ele>
      </trkpt>
      <trkpt lat="58.04598703032616" lon="12.04264733930957">
        <ele>131</ele>
      </trkpt>
      <trkpt lat="58.04598703032616" lon="12.04264733930957">
        <ele>131</ele>
      </trkpt>
      <trkpt lat="58.04593839404922" lon="12.04294106427619">
        <ele>133</ele>
      </trkpt>
      <trkpt lat="58.04576292199124" lon="12.04332443257678">
        <ele>135</ele>
      </trkpt>
      <trkpt lat="58.04551878695405" lon="12.04397386992181">
        <ele>143</ele>
      </trkpt>
      <trkpt lat="58.04544917032234" lon="12.04409975205036">
        <ele>145</ele>
      </trkpt>
      <trkpt lat="58.04521075720009" lon="12.04404253290102">
        <ele>145</ele>
      </trkpt>
      <trkpt lat="58.04490749570858" lon="12.04385561701317">
        <ele>143</ele>
      </trkpt>
      <trkpt lat="58.04489032996377" lon="12.04374976158689">
        <ele>142</ele>
      </trkpt>
      <trkpt lat="58.04446881556362" lon="12.04396147243945">
        <ele>141</ele>
      </trkpt>
      <trkpt lat="58.04432958230022" lon="12.04397386992181">
        <ele>140</ele>
      </trkpt>
      <trkpt lat="58.04421037573909" lon="12.04360576006104">
        <ele>142</ele>
      </trkpt>
      <trkpt lat="58.04421037573909" lon="12.04360576006104">
        <ele>142</ele>
      </trkpt>
      <trkpt lat="58.04414266641237" lon="12.04363913789816">
        <ele>142</ele>
      </trkpt>
      <trkpt lat="58.04408640091552" lon="12.04379744421134">
        <ele>141</ele>
      </trkpt>
      <trkpt lat="58.04385370970819" lon="12.04405588403587">
        <ele>143</ele>
      </trkpt>
      <trkpt lat="58.04366068684144" lon="12.04375583858953">
        <ele>147</ele>
      </trkpt>
      <trkpt lat="58.04366068684144" lon="12.04375583858953">
        <ele>147</ele>
      </trkpt>
      <trkpt lat="58.04356475300402" lon="12.04360671371353">
        <ele>148</ele>
      </trkpt>
      <trkpt lat="58.04348941445738" lon="12.04304024413505">
        <ele>151</ele>
      </trkpt>
      <trkpt lat="58.0433921419035" lon="12.04261682242992">
        <ele>153</ele>
      </trkpt>
      <trkpt lat="58.04347129506009" lon="12.0421838641999">
        <ele>154</ele>
      </trkpt>
      <trkpt lat="58.0436534426855" lon="12.04181289338166">
        <ele>153</ele>
      </trkpt>
      <trkpt lat="58.04360385275606" lon="12.0414447835209">
        <ele>155</ele>
      </trkpt>
      <trkpt lat="58.04354091169179" lon="12.04129219912265">
        <ele>157</ele>
      </trkpt>
      <trkpt lat="58.04354186534428" lon="12.04101468624834">
        <ele>158</ele>
      </trkpt>
      <trkpt lat="58.04368682052262" lon="12.04074575624644">
        <ele>158</ele>
      </trkpt>
      <trkpt lat="58.04368109860768" lon="12.04034522220104">
        <ele>159</ele>
      </trkpt>
      <trkpt lat="58.04377074194165" lon="12.04009345794394">
        <ele>159</ele>
      </trkpt>
      <trkpt lat="58.04384989509824" lon="12.04000000000001">
        <ele>158</ele>
      </trkpt>
      <trkpt lat="58.04384989509824" lon="12.04">
        <ele>158</ele>
      </trkpt>
      <trkpt lat="58.04393858477972" lon="12.03989509822621">
        <ele>158</ele>
      </trkpt>
      <trkpt lat="58.04399961853902" lon="12.0396872019836">
        <ele>158</ele>
      </trkpt>
      <trkpt lat="58.04420846843411" lon="12.03929811176807">
        <ele>156</ele>
      </trkpt>
      <trkpt lat="58.04419893190922" lon="12.03895288956704">
        <ele>156</ele>
      </trkpt>
      <trkpt lat="58.04423421705132" lon="12.03858859431623">
        <ele>154</ele>
      </trkpt>
      <trkpt lat="58.04446690825864" lon="12.03810032424185">
        <ele>149</ele>
      </trkpt>
      <trkpt lat="58.04458325386231" lon="12.0379477398436">
        <ele>147</ele>
      </trkpt>
      <trkpt lat="58.04470055311845" lon="12.03777703604807">
        <ele>145</ele>
      </trkpt>
      <trkpt lat="58.04464905588404" lon="12.03755483501812">
        <ele>145</ele>
      </trkpt>
      <trkpt lat="58.04456131985506" lon="12.03724108334923">
        <ele>142</ele>
      </trkpt>
      <trkpt lat="58.04441922563419" lon="12.03697787526226">
        <ele>141</ele>
      </trkpt>
      <trkpt lat="58.04435628456991" lon="12.03678905206943">
        <ele>140</ele>
      </trkpt>
      <trkpt lat="58.04437345031472" lon="12.03658687774175">
        <ele>138</ele>
      </trkpt>
      <trkpt lat="58.04431813847035" lon="12.03642380316613">
        <ele>137</ele>
      </trkpt>
      <trkpt lat="58.04418462712189" lon="12.03631985504482">
        <ele>138</ele>
      </trkpt>
      <trkpt lat="58.04401296967387" lon="12.03608144192256">
        <ele>137</ele>
      </trkpt>
      <trkpt lat="58.04384131222584" lon="12.03628170894526">
        <ele>140</ele>
      </trkpt>
      <trkpt lat="58.04364295250812" lon="12.03613770741942">
        <ele>141</ele>
      </trkpt>
      <trkpt lat="58.04349513637231" lon="12.03585065802022">
        <ele>139</ele>
      </trkpt>
      <trkpt lat="58.04334827388901" lon="12.03582681670799">
        <ele>140</ele>
      </trkpt>
      <trkpt lat="58.04321666984552" lon="12.03582777036048">
        <ele>140</ele>
      </trkpt>
      <trkpt lat="58.04315182147626" lon="12.03560938394049">
        <ele>138</ele>
      </trkpt>
      <trkpt lat="58.04309174136946" lon="12.03529372496662">
        <ele>137</ele>
      </trkpt>
      <trkpt lat="58.04309269502195" lon="12.03499046347511">
        <ele>136</ele>
      </trkpt>
      <trkpt lat="58.04334445927905" lon="12.0349218004959">
        <ele>134</ele>
      </trkpt>
      <trkpt lat="58.04338260537861" lon="12.03480068662979">
        <ele>133</ele>
      </trkpt>
      <trkpt lat="58.04353709708184" lon="12.03479782567233">
        <ele>131</ele>
      </trkpt>
      <trkpt lat="58.04354472630175" lon="12.03463189013923">
        <ele>131</ele>
      </trkpt>
      <trkpt lat="58.043566660309" lon="12.03444497425138">
        <ele>130</ele>
      </trkpt>
      <trkpt lat="58.04346461949267" lon="12.03416841502956">
        <ele>130</ele>
      </trkpt>
      <trkpt lat="58.04345314609398" lon="12.03398627482547">
        <ele>129</ele>
      </trkpt>
      <trkpt lat="58.04345314609398" lon="12.03398627482547">
        <ele>129</ele>
      </trkpt>
      <trkpt lat="58.04335700367418" lon="12.03387279318781">
        <ele>129</ele>
      </trkpt>
      <trkpt lat="58.04335700367418" lon="12.03387279318781">
        <ele>129</ele>
      </trkpt>
      <trkpt lat="58.04332729353425" lon="12.03385561701316">
        <ele>129</ele>
      </trkpt>
      <trkpt lat="58.04332729353425" lon="12.03385561701316">
        <ele>129</ele>
      </trkpt>
      <trkpt lat="58.04327276795097" lon="12.03378444677815">
        <ele>130</ele>
      </trkpt>
      <trkpt lat="58.04327276795097" lon="12.03378444677815">
        <ele>130</ele>
      </trkpt>
      <trkpt lat="58.04320408149097" lon="12.03369479287246">
        <ele>130</ele>
      </trkpt>
      <trkpt lat="58.04320408149097" lon="12.03369479287246">
        <ele>130</ele>
      </trkpt>
      <trkpt lat="58.04320389031473" lon="12.03369531570176">
        <ele>130</ele>
      </trkpt>
      <trkpt lat="58.04320389031473" lon="12.03369531570176">
        <ele>130</ele>
      </trkpt>
      <trkpt lat="58.04318681773034" lon="12.03367225912175">
        <ele>130</ele>
      </trkpt>
      <trkpt lat="58.04318681773034" lon="12.03367225912175">
        <ele>130</ele>
      </trkpt>
      <trkpt lat="58.04311903821134" lon="12.03358378901273">
        <ele>131</ele>
      </trkpt>
      <trkpt lat="58.04311903821134" lon="12.03358378901273">
        <ele>131</ele>
      </trkpt>
      <trkpt lat="58.04310961101559" lon="12.03358789196278">
        <ele>131</ele>
      </trkpt>
      <trkpt lat="58.04310961101559" lon="12.03358789196278">
        <ele>131</ele>
      </trkpt>
      <trkpt lat="58.04310427136139" lon="12.03358562891164">
        <ele>131</ele>
      </trkpt>
      <trkpt lat="58.04302438874826" lon="12.0335586549286">
        <ele>132</ele>
      </trkpt>
      <trkpt lat="58.04301008428276" lon="12.03358155292274">
        <ele>132</ele>
      </trkpt>
      <trkpt lat="58.04301008428276" lon="12.03358155292274">
        <ele>132</ele>
      </trkpt>
      <trkpt lat="58.0429602404702" lon="12.03367011037613">
        <ele>133</ele>
      </trkpt>
      <trkpt lat="58.0429602404702" lon="12.03367011037613">
        <ele>133</ele>
      </trkpt>
      <trkpt lat="58.04294822922179" lon="12.0336804685098">
        <ele>134</ele>
      </trkpt>
      <trkpt lat="58.04294822922179" lon="12.0336804685098">
        <ele>134</ele>
      </trkpt>
      <trkpt lat="58.04294816532153" lon="12.03368050967694">
        <ele>134</ele>
      </trkpt>
      <trkpt lat="58.04294816532153" lon="12.03368050967694">
        <ele>134</ele>
      </trkpt>
      <trkpt lat="58.042916578619" lon="12.03369830500232">
        <ele>134</ele>
      </trkpt>
      <trkpt lat="58.042916578619" lon="12.03369830500232">
        <ele>134</ele>
      </trkpt>
      <trkpt lat="58.04288956704178" lon="12.0337135227923">
        <ele>135</ele>
      </trkpt>
      <trkpt lat="58.04282166236621" lon="12.03367393710698">
        <ele>135</ele>
      </trkpt>
      <trkpt lat="58.04282166236621" lon="12.03367393710698">
        <ele>135</ele>
      </trkpt>
      <trkpt lat="58.04267690253673" lon="12.03358954796872">
        <ele>137</ele>
      </trkpt>
      <trkpt lat="58.04260823955752" lon="12.03340930764829">
        <ele>137</ele>
      </trkpt>
      <trkpt lat="58.04264924661454" lon="12.03322143810795">
        <ele>135</ele>
      </trkpt>
      <trkpt lat="58.04264924661454" lon="12.03322143810795">
        <ele>135</ele>
      </trkpt>
      <trkpt lat="58.04258288026789" lon="12.03327694450697">
        <ele>137</ele>
      </trkpt>
      <trkpt lat="58.04258288026789" lon="12.03327694450697">
        <ele>137</ele>
      </trkpt>
      <trkpt lat="58.04254434484075" lon="12.03330917413695">
        <ele>138</ele>
      </trkpt>
      <trkpt lat="58.04251287430861" lon="12.03356475300401">
        <ele>139</ele>
      </trkpt>
      <trkpt lat="58.04237268739273" lon="12.03363436963571">
        <ele>142</ele>
      </trkpt>
      <trkpt lat="58.04226644957087" lon="12.03354505465273">
        <ele>143</ele>
      </trkpt>
      <trkpt lat="58.04226644957087" lon="12.03354505465273">
        <ele>143</ele>
      </trkpt>
      <trkpt lat="58.04226492466147" lon="12.03354377264925">
        <ele>143</ele>
      </trkpt>
      <trkpt lat="58.04226492466147" lon="12.03354377264925">
        <ele>143</ele>
      </trkpt>
      <trkpt lat="58.04219626168226" lon="12.03355521647912">
        <ele>144</ele>
      </trkpt>
      <trkpt lat="58.04208945260348" lon="12.03354567995423">
        <ele>146</ele>
      </trkpt>
      <trkpt lat="58.04193686820524" lon="12.03349895098226">
        <ele>148</ele>
      </trkpt>
      <trkpt lat="58.04185199313371" lon="12.03341407591074">
        <ele>149</ele>
      </trkpt>
      <trkpt lat="58.04176044249477" lon="12.03311367537669">
        <ele>148</ele>
      </trkpt>
      <trkpt lat="58.04170989891285" lon="12.03312416555407">
        <ele>149</ele>
      </trkpt>
      <trkpt lat="58.04164505054359" lon="12.03294392523365">
        <ele>148</ele>
      </trkpt>
      <trkpt lat="58.04137993515164" lon="12.03259202746519">
        <ele>147</ele>
      </trkpt>
      <trkpt lat="58.04120350944117" lon="12.03261682242991">
        <ele>149</ele>
      </trkpt>
      <trkpt lat="58.04099847415603" lon="12.03295060080107">
        <ele>153</ele>
      </trkpt>
      <trkpt lat="58.04084588975778" lon="12.03311653633416">
        <ele>155</ele>
      </trkpt>
      <trkpt lat="58.04054930383369" lon="12.03327293534236">
        <ele>156</ele>
      </trkpt>
      <trkpt lat="58.04048350181195" lon="12.03344554644288">
        <ele>157</ele>
      </trkpt>
      <trkpt lat="58.04049589929431" lon="12.03358573335876">
        <ele>158</ele>
      </trkpt>
      <trkpt lat="58.04045489223728" lon="12.03368968148007">
        <ele>158</ele>
      </trkpt>
      <trkpt lat="58.0404701506771" lon="12.03384512683578">
        <ele>158</ele>
      </trkpt>
      <trkpt lat="58.04041483883274" lon="12.03407114247568">
        <ele>159</ele>
      </trkpt>
      <trkpt lat="58.04006389471677" lon="12.03453366393286">
        <ele>161</ele>
      </trkpt>
      <trkpt lat="58.04000000000001" lon="12.03466812893382">
        <ele>161</ele>
      </trkpt>
      <trkpt lat="58.04" lon="12.03466812893382">
        <ele>161</ele>
      </trkpt>
      <trkpt lat="58.03984169368682" lon="12.03498950982262">
        <ele>160</ele>
      </trkpt>
      <trkpt lat="58.03957562464238" lon="12.03496757581537">
        <ele>161</ele>
      </trkpt>
      <trkpt lat="58.03934102613008" lon="12.03499809269502">
        <ele>162</ele>
      </trkpt>
      <trkpt lat="58.03925519740606" lon="12.03507629219912">
        <ele>162</ele>
      </trkpt>
      <trkpt lat="58.03929334350563" lon="12.035304215144">
        <ele>161</ele>
      </trkpt>
      <trkpt lat="58.03919702460423" lon="12.03567137135228">
        <ele>160</ele>
      </trkpt>
      <trkpt lat="58.03903776463856" lon="12.03587354567996">
        <ele>159</ele>
      </trkpt>
      <trkpt lat="58.03879458325386" lon="12.03580297539577">
        <ele>160</ele>
      </trkpt>
      <trkpt lat="58.03873545679954" lon="12.03569425901202">
        <ele>160</ele>
      </trkpt>
      <trkpt lat="58.03866584016784" lon="12.03573526606904">
        <ele>160</ele>
      </trkpt>
      <trkpt lat="58.03858191874881" lon="12.0355826816708">
        <ele>161</ele>
      </trkpt>
      <trkpt lat="58.03841216860576" lon="12.03496471485791">
        <ele>165</ele>
      </trkpt>
      <trkpt lat="58.03830249856952" lon="12.03483787907687">
        <ele>165</ele>
      </trkpt>
      <trkpt lat="58.038129887469" lon="12.03487125691398">
        <ele>166</ele>
      </trkpt>
      <trkpt lat="58.03807648292962" lon="12.03477589166508">
        <ele>166</ele>
      </trkpt>
      <trkpt lat="58.03794869349609" lon="12.03477303070761">
        <ele>166</ele>
      </trkpt>
      <trkpt lat="58.03773888994851" lon="12.03457467098989">
        <ele>166</ele>
      </trkpt>
      <trkpt lat="58.03748903299638" lon="12.03489891283616">
        <ele>167</ele>
      </trkpt>
      <trkpt lat="58.03734503147054" lon="12.03531375166889">
        <ele>168</ele>
      </trkpt>
      <trkpt lat="58.03725538813656" lon="12.03570379553691">
        <ele>169</ele>
      </trkpt>
      <trkpt lat="58.0371476254053" lon="12.03594506961663">
        <ele>170</ele>
      </trkpt>
      <trkpt lat="58.03690825863055" lon="12.03695308029754">
        <ele>166</ele>
      </trkpt>
      <trkpt lat="58.03664218958612" lon="12.03739938966241">
        <ele>162</ele>
      </trkpt>
      <trkpt lat="58.03648865153538" lon="12.03750143047873">
        <ele>160</ele>
      </trkpt>
      <trkpt lat="58.03630364295251" lon="12.03738508487507">
        <ele>160</ele>
      </trkpt>
      <trkpt lat="58.03614152202938" lon="12.03745184054931">
        <ele>159</ele>
      </trkpt>
      <trkpt lat="58.03607381270265" lon="12.03746805264162">
        <ele>158</ele>
      </trkpt>
      <trkpt lat="58.03602136181576" lon="12.03756055693306">
        <ele>157</ele>
      </trkpt>
      <trkpt lat="58.03606332252527" lon="12.0376788098417">
        <ele>156</ele>
      </trkpt>
      <trkpt lat="58.03601659355331" lon="12.03774556551593">
        <ele>155</ele>
      </trkpt>
      <trkpt lat="58.03591169177952" lon="12.03764638565707">
        <ele>155</ele>
      </trkpt>
      <trkpt lat="58.03573431241656" lon="12.03770646576388">
        <ele>154</ele>
      </trkpt>
      <trkpt lat="58.03565802021743" lon="12.03766736601183">
        <ele>155</ele>
      </trkpt>
      <trkpt lat="58.03558744993325" lon="12.03744707228686">
        <ele>157</ele>
      </trkpt>
      <trkpt lat="58.03548922372688" lon="12.03745184054931">
        <ele>157</ele>
      </trkpt>
      <trkpt lat="58.03543391188251" lon="12.03732405111577">
        <ele>158</ele>
      </trkpt>
      <trkpt lat="58.03528037383177" lon="12.03730211710853">
        <ele>158</ele>
      </trkpt>
      <trkpt lat="58.03525557886706" lon="12.03735933625787">
        <ele>157</ele>
      </trkpt>
      <trkpt lat="58.03519740606523" lon="12.03720579820713">
        <ele>159</ele>
      </trkpt>
      <trkpt lat="58.03507057028419" lon="12.03719626168224">
        <ele>159</ele>
      </trkpt>
      <trkpt lat="58.03500762921991" lon="12.03735552164791">
        <ele>157</ele>
      </trkpt>
      <trkpt lat="58.03490654205608" lon="12.03725920274652">
        <ele>157</ele>
      </trkpt>
      <trkpt lat="58.03467003623879" lon="12.03686152965859">
        <ele>160</ele>
      </trkpt>
      <trkpt lat="58.03454892237269" lon="12.03673374022506">
        <ele>161</ele>
      </trkpt>
      <trkpt lat="58.0344440205989" lon="12.03671371352279">
        <ele>161</ele>
      </trkpt>
      <trkpt lat="58.03409212283044" lon="12.03631031851993">
        <ele>162</ele>
      </trkpt>
      <trkpt lat="58.03384226587831" lon="12.03618825100134">
        <ele>161</ele>
      </trkpt>
      <trkpt lat="58.03351420942209" lon="12.03561605950792">
        <ele>162</ele>
      </trkpt>
      <trkpt lat="58.03349990463475" lon="12.0354520312798">
        <ele>163</ele>
      </trkpt>
      <trkpt lat="58.0332872401297" lon="12.03512397482358">
        <ele>164</ele>
      </trkpt>
      <trkpt lat="58.03300495899295" lon="12.03475777226779">
        <ele>164</ele>
      </trkpt>
      <trkpt lat="58.0329305740988" lon="12.03470246042342">
        <ele>164</ele>
      </trkpt>
      <trkpt lat="58.03270074384894" lon="12.03485981308411">
        <ele>162</ele>
      </trkpt>
      <trkpt lat="58.03244611863437" lon="12.03486648865154">
        <ele>160</ele>
      </trkpt>
      <trkpt lat="58.03231928285333" lon="12.03480831584971">
        <ele>160</ele>
      </trkpt>
      <trkpt lat="58.03220198359718" lon="12.0347129506008">
        <ele>160</ele>
      </trkpt>
      <trkpt lat="58.03190158306313" lon="12.03441827198169">
        <ele>162</ele>
      </trkpt>
      <trkpt lat="58.03145050543582" lon="12.03425424375358">
        <ele>161</ele>
      </trkpt>
      <trkpt lat="58.03132653061225" lon="12.03424279992371">
        <ele>160</ele>
      </trkpt>
      <trkpt lat="58.03121686057601" lon="12.03434388708755">
        <ele>158</ele>
      </trkpt>
      <trkpt lat="58.03098798397864" lon="12.034434484074">
        <ele>156</ele>
      </trkpt>
      <trkpt lat="58.03067137135228" lon="12.03420083921419">
        <ele>156</ele>
      </trkpt>
      <trkpt lat="58.03049971390426" lon="12.03377169559413">
        <ele>160</ele>
      </trkpt>
      <trkpt lat="58.03025748617204" lon="12.03350848750715">
        <ele>162</ele>
      </trkpt>
      <trkpt lat="58.03004291436201" lon="12.03357047491894">
        <ele>160</ele>
      </trkpt>
      <trkpt lat="58.02992466145336" lon="12.03376215906924">
        <ele>158</ele>
      </trkpt>
      <trkpt lat="58.02988174709136" lon="12.0341045203128">
        <ele>154</ele>
      </trkpt>
      <trkpt lat="58.02993419797826" lon="12.03432862864772">
        <ele>151</ele>
      </trkpt>
      <trkpt lat="58.02989795918367" lon="12.03451077627313">
        <ele>150</ele>
      </trkpt>
      <trkpt lat="58.02978161358001" lon="12.03465668510395">
        <ele>148</ele>
      </trkpt>
      <trkpt lat="58.02962902918177" lon="12.03481880602708">
        <ele>145</ele>
      </trkpt>
      <trkpt lat="58.0294611863437" lon="12.03473583826054">
        <ele>146</ele>
      </trkpt>
      <trkpt lat="58.02927617776083" lon="12.03465954606142">
        <ele>147</ele>
      </trkpt>
      <trkpt lat="58.0291216860576" lon="12.03464047301164">
        <ele>146</ele>
      </trkpt>
      <trkpt lat="58.02899771123403" lon="12.03466908258631">
        <ele>145</ele>
      </trkpt>
      <trkpt lat="58.02882223917604" lon="12.03458420751478">
        <ele>145</ele>
      </trkpt>
      <trkpt lat="58.02863818424566" lon="12.03419416364677">
        <ele>149</ele>
      </trkpt>
      <trkpt lat="58.02863818424566" lon="12.03419416364677">
        <ele>149</ele>
      </trkpt>
      <trkpt lat="58.02878027846653" lon="12.034087354568">
        <ele>152</ele>
      </trkpt>
      <trkpt lat="58.02896147243944" lon="12.03403108907114">
        <ele>155</ele>
      </trkpt>
      <trkpt lat="58.02906351325577" lon="12.03405588403586">
        <ele>155</ele>
      </trkpt>
      <trkpt lat="58.02917795155445" lon="12.03401106236887">
        <ele>157</ele>
      </trkpt>
      <trkpt lat="58.02924947549113" lon="12.03396910165936">
        <ele>158</ele>
      </trkpt>
      <trkpt lat="58.02929048254816" lon="12.03388136563037">
        <ele>159</ele>
      </trkpt>
      <trkpt lat="58.02938489414458" lon="12.03374117871448">
        <ele>161</ele>
      </trkpt>
      <trkpt lat="58.02943543772649" lon="12.03364676711806">
        <ele>162</ele>
      </trkpt>
      <trkpt lat="58.02948121304597" lon="12.03341026130078">
        <ele>166</ele>
      </trkpt>
      <trkpt lat="58.02941350371925" lon="12.03326339881747">
        <ele>168</ele>
      </trkpt>
      <trkpt lat="58.02930001907305" lon="12.03338928094603">
        <ele>168</ele>
      </trkpt>
      <trkpt lat="58.02930574098799" lon="12.03352851420942">
        <ele>165</ele>
      </trkpt>
      <trkpt lat="58.02921609765401" lon="12.03368205226016">
        <ele>163</ele>
      </trkpt>
      <trkpt lat="58.02899771123403" lon="12.03384131222583">
        <ele>158</ele>
      </trkpt>
      <trkpt lat="58.02880698073622" lon="12.03385657066565">
        <ele>156</ele>
      </trkpt>
      <trkpt lat="58.02858764066374" lon="12.03367633034522">
        <ele>156</ele>
      </trkpt>
      <trkpt lat="58.02836925424376" lon="12.03364485981309">
        <ele>154</ele>
      </trkpt>
      <trkpt lat="58.02818996757582" lon="12.03329010108716">
        <ele>155</ele>
      </trkpt>
      <trkpt lat="58.0278437917223" lon="12.03286572572955">
        <ele>150</ele>
      </trkpt>
      <trkpt lat="58.02782948693496" lon="12.03281518214763">
        <ele>149</ele>
      </trkpt>
      <trkpt lat="58.02788575243181" lon="12.0327484264734">
        <ele>151</ele>
      </trkpt>
      <trkpt lat="58.02785142094221" lon="12.03252527179096">
        <ele>150</ele>
      </trkpt>
      <trkpt lat="58.02777226778562" lon="12.03244230402441">
        <ele>149</ele>
      </trkpt>
      <trkpt lat="58.02774365821095" lon="12.03226683196643">
        <ele>149</ele>
      </trkpt>
      <trkpt lat="58.02766831966431" lon="12.03190635132558">
        <ele>150</ele>
      </trkpt>
      <trkpt lat="58.02759774938013" lon="12.03136372305932">
        <ele>151</ele>
      </trkpt>
      <trkpt lat="58.0274442113294" lon="12.03123688727828">
        <ele>150</ele>
      </trkpt>
      <trkpt lat="58.02723345412932" lon="12.03135323288194">
        <ele>152</ele>
      </trkpt>
      <trkpt lat="58.02702269692924" lon="12.03151153919512">
        <ele>153</ele>
      </trkpt>
      <trkpt lat="58.02655445355713" lon="12.03175185962236">
        <ele>152</ele>
      </trkpt>
      <trkpt lat="58.02639233263399" lon="12.03164695784856">
        <ele>154</ele>
      </trkpt>
      <trkpt lat="58.02623307266832" lon="12.03169273316803">
        <ele>153</ele>
      </trkpt>
      <trkpt lat="58.02601563990082" lon="12.03143810795346">
        <ele>156</ele>
      </trkpt>
      <trkpt lat="58.02579248521839" lon="12.03130745756247">
        <ele>158</ele>
      </trkpt>
      <trkpt lat="58.02561033759298" lon="12.03150390997521">
        <ele>155</ele>
      </trkpt>
      <trkpt lat="58.02541102422278" lon="12.03158687774175">
        <ele>154</ele>
      </trkpt>
      <trkpt lat="58.02532424184627" lon="12.0315916460042">
        <ele>153</ele>
      </trkpt>
      <trkpt lat="58.02518596223536" lon="12.03163837497616">
        <ele>152</ele>
      </trkpt>
      <trkpt lat="58.02502670226969" lon="12.03163932862865">
        <ele>152</ele>
      </trkpt>
      <trkpt lat="58.02487125691398" lon="12.03136849132176">
        <ele>154</ele>
      </trkpt>
      <trkpt lat="58.02469292389853" lon="12.03122830440588">
        <ele>155</ele>
      </trkpt>
      <trkpt lat="58.02458039290482" lon="12.03101659355331">
        <ele>156</ele>
      </trkpt>
      <trkpt lat="58.02438870875453" lon="12.03099656685104">
        <ele>155</ele>
      </trkpt>
      <trkpt lat="58.02427427045585" lon="12.03090215525463">
        <ele>156</ele>
      </trkpt>
      <trkpt lat="58.02377455655159" lon="12.03081632653061">
        <ele>153</ele>
      </trkpt>
      <trkpt lat="58.02358191874881" lon="12.03092599656685">
        <ele>151</ele>
      </trkpt>
      <trkpt lat="58.02341026130078" lon="12.03096795727637">
        <ele>149</ele>
      </trkpt>
      <trkpt lat="58.02307552927713" lon="12.03072000762922">
        <ele>149</ele>
      </trkpt>
      <trkpt lat="58.02281613580011" lon="12.03039481213046">
        <ele>149</ele>
      </trkpt>
      <trkpt lat="58.0221476254053" lon="12.02984264733931">
        <ele>148</ele>
      </trkpt>
      <trkpt lat="58.02186439061606" lon="12.0298350181194">
        <ele>146</ele>
      </trkpt>
      <trkpt lat="58.02158497043678" lon="12.03005054358192">
        <ele>144</ele>
      </trkpt>
      <trkpt lat="58.02149437345032" lon="12.02997711234026">
        <ele>144</ele>
      </trkpt>
      <trkpt lat="58.02109288575243" lon="12.02951172992562">
        <ele>144</ele>
      </trkpt>
      <trkpt lat="58.02090024794965" lon="12.02948216669846">
        <ele>143</ele>
      </trkpt>
      <trkpt lat="58.02065992752241" lon="12.029522220103">
        <ele>142</ele>
      </trkpt>
      <trkpt lat="58.02065992752241" lon="12.029522220103">
        <ele>142</ele>
      </trkpt>
      <trkpt lat="58.02078962426092" lon="12.02887659736792">
        <ele>144</ele>
      </trkpt>
      <trkpt lat="58.02087545298493" lon="12.02869826435247">
        <ele>144</ele>
      </trkpt>
      <trkpt lat="58.02098703032615" lon="12.02801926378028">
        <ele>144</ele>
      </trkpt>
      <trkpt lat="58.02072954415411" lon="12.02781232119016">
        <ele>142</ele>
      </trkpt>
      <trkpt lat="58.02033568567614" lon="12.02727636849132">
        <ele>139</ele>
      </trkpt>
      <trkpt lat="58.02018214762541" lon="12.02682338355903">
        <ele>139</ele>
      </trkpt>
      <trkpt lat="58.02" lon="12.02665554072096">
        <ele>138</ele>
      </trkpt>
      <trkpt lat="58.01999999999999" lon="12.02665554072096">
        <ele>138</ele>
      </trkpt>
      <trkpt lat="58.01977970627502" lon="12.02645145908831">
        <ele>140</ele>
      </trkpt>
      <trkpt lat="58.01936868205225" lon="12.02622067518596">
        <ele>142</ele>
      </trkpt>
      <trkpt lat="58.01866679382032" lon="12.0256522983025">
        <ele>135</ele>
      </trkpt>
      <trkpt lat="58.01836162502383" lon="12.02533759298112">
        <ele>131</ele>
      </trkpt>
      <trkpt lat="58.01828056456227" lon="12.02484836925425">
        <ele>127</ele>
      </trkpt>
      <trkpt lat="58.01813560938393" lon="12.02417604424948">
        <ele>124</ele>
      </trkpt>
      <trkpt lat="58.01821476254052" lon="12.02378886133893">
        <ele>123</ele>
      </trkpt>
      <trkpt lat="58.01833683005912" lon="12.02366870112531">
        <ele>123</ele>
      </trkpt>
      <trkpt lat="58.01835113484645" lon="12.02338451268358">
        <ele>122</ele>
      </trkpt>
      <trkpt lat="58.0184684341026" lon="12.02311748998665">
        <ele>124</ele>
      </trkpt>
      <trkpt lat="58.01851611672706" lon="12.0225653251955">
        <ele>123</ele>
      </trkpt>
      <trkpt lat="58.01826530612244" lon="12.02208373068854">
        <ele>117</ele>
      </trkpt>
      <trkpt lat="58.01829963761205" lon="12.02131985504482">
        <ele>115</ele>
      </trkpt>
      <trkpt lat="58.01806408544726" lon="12.0207915315659">
        <ele>118</ele>
      </trkpt>
      <trkpt lat="58.01807648292961" lon="12.02021361815754">
        <ele>120</ele>
      </trkpt>
      <trkpt lat="58.0181470532138" lon="12.02">
        <ele>120</ele>
      </trkpt>
      <trkpt lat="58.0181470532138" lon="12.01999999999999">
        <ele>120</ele>
      </trkpt>
      <trkpt lat="58.01841216860575" lon="12.01919607095174">
        <ele>117</ele>
      </trkpt>
      <trkpt lat="58.01878313942399" lon="12.01831775700934">
        <ele>113</ele>
      </trkpt>
      <trkpt lat="58.01863913789814" lon="12.01783616250238">
        <ele>113</ele>
      </trkpt>
      <trkpt lat="58.0183120350944" lon="12.01743086019454">
        <ele>115</ele>
      </trkpt>
      <trkpt lat="58.01789052069425" lon="12.01614819759679">
        <ele>119</ele>
      </trkpt>
      <trkpt lat="58.01753957657829" lon="12.01465096318901">
        <ele>121</ele>
      </trkpt>
      <trkpt lat="58.01691588785046" lon="12.01395670417699">
        <ele>122</ele>
      </trkpt>
      <trkpt lat="58.01671943543771" lon="12.01355235552164">
        <ele>121</ele>
      </trkpt>
      <trkpt lat="58.0164257104711" lon="12.01321094793057">
        <ele>119</ele>
      </trkpt>
      <trkpt lat="58.01621876788097" lon="12.01280564562273">
        <ele>117</ele>
      </trkpt>
      <trkpt lat="58.01586114819759" lon="12.01259393477016">
        <ele>117</ele>
      </trkpt>
      <trkpt lat="58.01528800305168" lon="12.01244421132938">
        <ele>116</ele>
      </trkpt>
      <trkpt lat="58.0151211138661" lon="12.01223154682433">
        <ele>116</ele>
      </trkpt>
      <trkpt lat="58.01463570474918" lon="12.0119473583826">
        <ele>117</ele>
      </trkpt>
      <trkpt lat="58.01410165935532" lon="12.01128743086019">
        <ele>113</ele>
      </trkpt>
      <trkpt lat="58.01380698073621" lon="12.01102994468815">
        <ele>111</ele>
      </trkpt>
      <trkpt lat="58.01340453938584" lon="12.01041007057028">
        <ele>105</ele>
      </trkpt>
      <trkpt lat="58.01322620637039" lon="12.01076196833873">
        <ele>107</ele>
      </trkpt>
      <trkpt lat="58.01318424566087" lon="12.01096986458134">
        <ele>109</ele>
      </trkpt>
      <trkpt lat="58.01308411214952" lon="12.01094506961662">
        <ele>108</ele>
      </trkpt>
      <trkpt lat="58.01294964714857" lon="12.01100038146099">
        <ele>107</ele>
      </trkpt>
      <trkpt lat="58.0128943353042" lon="12.01125309937058">
        <ele>108</ele>
      </trkpt>
      <trkpt lat="58.01275319473583" lon="12.01151153919511">
        <ele>109</ele>
      </trkpt>
      <trkpt lat="58.01275319473583" lon="12.01151153919511">
        <ele>109</ele>
      </trkpt>
      <trkpt lat="58.01254053023077" lon="12.01195308029753">
        <ele>108</ele>
      </trkpt>
      <trkpt lat="58.01254053023077" lon="12.01195308029753">
        <ele>108</ele>
      </trkpt>
      <trkpt lat="58.0124775891665" lon="12.01170513065038">
        <ele>107</ele>
      </trkpt>
      <trkpt lat="58.01247854281899" lon="12.01148292962044">
        <ele>107</ele>
      </trkpt>
      <trkpt lat="58.01253856144809" lon="12.0110701297363">
        <ele>106</ele>
      </trkpt>
      <trkpt lat="58.01253576196833" lon="12.01106999809269">
        <ele>106</ele>
      </trkpt>
      <trkpt lat="58.01245470150676" lon="12.01106618348273">
        <ele>106</ele>
      </trkpt>
      <trkpt lat="58.01237364104519" lon="12.01106332252526">
        <ele>106</ele>
      </trkpt>
      <trkpt lat="58.0122687392714" lon="12.01107953461758">
        <ele>107</ele>
      </trkpt>
      <trkpt lat="58.01216383749761" lon="12.01109574670989">
        <ele>108</ele>
      </trkpt>
      <trkpt lat="58.0118519931337" lon="12.01142666412358">
        <ele>110</ele>
      </trkpt>
      <trkpt lat="58.01174232309745" lon="12.0114514590883">
        <ele>111</ele>
      </trkpt>
      <trkpt lat="58.01163265306121" lon="12.0114772077055">
        <ele>112</ele>
      </trkpt>
      <trkpt lat="58.01152298302497" lon="12.01144764447834">
        <ele>113</ele>
      </trkpt>
      <trkpt lat="58.01141331298874" lon="12.01141903490367">
        <ele>114</ele>
      </trkpt>
      <trkpt lat="58.0113122258249" lon="12.01146385657066">
        <ele>115</ele>
      </trkpt>
      <trkpt lat="58.01121209231355" lon="12.01150963189013">
        <ele>116</ele>
      </trkpt>
      <trkpt lat="58.01113484646194" lon="12.01155922181956">
        <ele>117</ele>
      </trkpt>
      <trkpt lat="58.01105855426282" lon="12.01160881174899">
        <ele>117</ele>
      </trkpt>
      <trkpt lat="58.01096604997138" lon="12.01160881174899">
        <ele>118</ele>
      </trkpt>
      <trkpt lat="58.01087449933243" lon="12.01160881174899">
        <ele>119</ele>
      </trkpt>
      <trkpt lat="58.01077722677855" lon="12.01165458706846">
        <ele>120</ele>
      </trkpt>
      <trkpt lat="58.01068090787716" lon="12.01170036238794">
        <ele>122</ele>
      </trkpt>
      <trkpt lat="58.01058840358572" lon="12.01170036238794">
        <ele>124</ele>
      </trkpt>
      <trkpt lat="58.01049685294678" lon="12.01170036238794">
        <ele>125</ele>
      </trkpt>
      <trkpt lat="58.01028991035665" lon="12.01122639710089">
        <ele>127</ele>
      </trkpt>
      <trkpt lat="58.01017547205797" lon="12.01110719053976">
        <ele>128</ele>
      </trkpt>
      <trkpt lat="58.01011062368872" lon="12.01099179858858">
        <ele>128</ele>
      </trkpt>
      <trkpt lat="58.01002765592217" lon="12.01090024794964">
        <ele>129</ele>
      </trkpt>
      <trkpt lat="58.00995517833301" lon="12.01084207514781">
        <ele>130</ele>
      </trkpt>
      <trkpt lat="58.00988365439633" lon="12.01078485599846">
        <ele>130</ele>
      </trkpt>
      <trkpt lat="58.00982834255196" lon="12.01069425901201">
        <ele>131</ele>
      </trkpt>
      <trkpt lat="58.00974632843791" lon="12.0106427617776">
        <ele>132</ele>
      </trkpt>
      <trkpt lat="58.00971485790577" lon="12.01060938394048">
        <ele>133</ele>
      </trkpt>
      <trkpt lat="58.00969387755101" lon="12.01061796681288">
        <ele>133</ele>
      </trkpt>
      <trkpt lat="58.00969578485599" lon="12.01069711996947">
        <ele>133</ele>
      </trkpt>
      <trkpt lat="58.00969864581346" lon="12.01077627312606">
        <ele>133</ele>
      </trkpt>
      <trkpt lat="58.00963284379171" lon="12.01080011443829">
        <ele>134</ele>
      </trkpt>
      <trkpt lat="58.00956799542246" lon="12.01082395575052">
        <ele>135</ele>
      </trkpt>
      <trkpt lat="58.0095384321953" lon="12.01079534617585">
        <ele>135</ele>
      </trkpt>
      <trkpt lat="58.00945737173373" lon="12.01075720007628">
        <ele>136</ele>
      </trkpt>
      <trkpt lat="58.00934770169749" lon="12.01074861720388">
        <ele>137</ele>
      </trkpt>
      <trkpt lat="58.00923803166125" lon="12.01074098798397">
        <ele>139</ele>
      </trkpt>
      <trkpt lat="58.00914552736982" lon="12.0107734121686">
        <ele>140</ele>
      </trkpt>
      <trkpt lat="58.00904539385847" lon="12.01072572954414">
        <ele>140</ele>
      </trkpt>
      <trkpt lat="58.00894621399961" lon="12.01067804691969">
        <ele>141</ele>
      </trkpt>
      <trkpt lat="58.00889567041769" lon="12.01057695975586">
        <ele>141</ele>
      </trkpt>
      <trkpt lat="58.00881174899865" lon="12.01050829677665">
        <ele>142</ele>
      </trkpt>
      <trkpt lat="58.00872782757962" lon="12.01043963379744">
        <ele>142</ele>
      </trkpt>
      <trkpt lat="58.00866297921036" lon="12.01042342170512">
        <ele>142</ele>
      </trkpt>
      <trkpt lat="58.00862101850085" lon="12.01034903681098">
        <ele>142</ele>
      </trkpt>
      <trkpt lat="58.00851420942207" lon="12.0103118443639">
        <ele>142</ele>
      </trkpt>
      <trkpt lat="58.00847892427998" lon="12.01023745946976">
        <ele>142</ele>
      </trkpt>
      <trkpt lat="58.00844459279038" lon="12.0101640282281">
        <ele>142</ele>
      </trkpt>
      <trkpt lat="58.00837402250619" lon="12.01011825290863">
        <ele>142</ele>
      </trkpt>
      <trkpt lat="58.008303452222" lon="12.01007343124165">
        <ele>142</ele>
      </trkpt>
      <trkpt lat="58.00821380888803" lon="12.01006770932671">
        <ele>142</ele>
      </trkpt>
      <trkpt lat="58.00812416555407" lon="12.01006294106427">
        <ele>142</ele>
      </trkpt>
      <trkpt lat="58.00808792675948" lon="12.01012683578103">
        <ele>142</ele>
      </trkpt>
      <trkpt lat="58.00805645622734" lon="12.01012683578103">
        <ele>142</ele>
      </trkpt>
      <trkpt lat="58.00800114438298" lon="12.01001049017737">
        <ele>142</ele>
      </trkpt>
      <trkpt lat="58.00795060080106" lon="12.01003623879457">
        <ele>142</ele>
      </trkpt>
      <trkpt lat="58.00792771314132" lon="12.00994850276558">
        <ele>142</ele>
      </trkpt>
      <trkpt lat="58.00790482548159" lon="12.00986172038908">
        <ele>141</ele>
      </trkpt>
      <trkpt lat="58.00778752622544" lon="12.00983024985694">
        <ele>141</ele>
      </trkpt>
      <trkpt lat="58.00778394860982" lon="12.00978175328974">
        <ele>141</ele>
      </trkpt>
      <trkpt lat="58.00778394860982" lon="12.00978175328974">
        <ele>141</ele>
      </trkpt>
      <trkpt lat="58.00778266846712" lon="12.00976440024425">
        <ele>141</ele>
      </trkpt>
      <trkpt lat="58.00778266846712" lon="12.00976440024425">
        <ele>141</ele>
      </trkpt>
      <trkpt lat="58.00777894335303" lon="12.00971390425328">
        <ele>141</ele>
      </trkpt>
      <trkpt lat="58.00771695594125" lon="12.0096337974442">
        <ele>141</ele>
      </trkpt>
      <trkpt lat="58.00771123402631" lon="12.00955655159259">
        <ele>141</ele>
      </trkpt>
      <trkpt lat="58.00770906616798" lon="12.00952186585927">
        <ele>141</ele>
      </trkpt>
      <trkpt lat="58.00770906616798" lon="12.00952186585927">
        <ele>141</ele>
      </trkpt>
      <trkpt lat="58.00770646576387" lon="12.00948025939347">
        <ele>140</ele>
      </trkpt>
      <trkpt lat="58.00770907149386" lon="12.00942032760366">
        <ele>140</ele>
      </trkpt>
      <trkpt lat="58.00770907149386" lon="12.00942032760366">
        <ele>140</ele>
      </trkpt>
      <trkpt lat="58.00771028037382" lon="12.00939252336448">
        <ele>140</ele>
      </trkpt>
      <trkpt lat="58.00771409498378" lon="12.00930574098797">
        <ele>140</ele>
      </trkpt>
      <trkpt lat="58.00769119179022" lon="12.00928886495062">
        <ele>140</ele>
      </trkpt>
      <trkpt lat="58.00769119179022" lon="12.00928886495062">
        <ele>140</ele>
      </trkpt>
      <trkpt lat="58.00764161739461" lon="12.00925233644859">
        <ele>140</ele>
      </trkpt>
      <trkpt lat="58.00763303452221" lon="12.00916269311462">
        <ele>140</ele>
      </trkpt>
      <trkpt lat="58.00762533074181" lon="12.00915462680338">
        <ele>140</ele>
      </trkpt>
      <trkpt lat="58.00762533070316" lon="12.00915462676291">
        <ele>140</ele>
      </trkpt>
      <trkpt lat="58.00755197406065" lon="12.0090778180431">
        <ele>140</ele>
      </trkpt>
      <trkpt lat="58.00746137707419" lon="12.00880221247377">
        <ele>139</ele>
      </trkpt>
      <trkpt lat="58.00740320427236" lon="12.00855903108906">
        <ele>140</ele>
      </trkpt>
      <trkpt lat="58.00740606522982" lon="12.00831489605187">
        <ele>139</ele>
      </trkpt>
      <trkpt lat="58.00738699218004" lon="12.00825386229257">
        <ele>139</ele>
      </trkpt>
      <trkpt lat="58.00736887278275" lon="12.00819282853327">
        <ele>140</ele>
      </trkpt>
      <trkpt lat="58.00737459469768" lon="12.00808125119206">
        <ele>139</ele>
      </trkpt>
      <trkpt lat="58.00738031661262" lon="12.00797062750333">
        <ele>139</ele>
      </trkpt>
      <trkpt lat="58.007433721152" lon="12.00768453175662">
        <ele>139</ele>
      </trkpt>
      <trkpt lat="58.0074251382796" lon="12.00762349799732">
        <ele>139</ele>
      </trkpt>
      <trkpt lat="58.0074165554072" lon="12.00756246423802">
        <ele>139</ele>
      </trkpt>
      <trkpt lat="58.00739557505244" lon="12.00745374785427">
        <ele>139</ele>
      </trkpt>
      <trkpt lat="58.00737459469768" lon="12.00734503147052">
        <ele>139</ele>
      </trkpt>
      <trkpt lat="58.00734884608048" lon="12.00727636849131">
        <ele>140</ele>
      </trkpt>
      <trkpt lat="58.00732405111577" lon="12.0072077055121">
        <ele>140</ele>
      </trkpt>
      <trkpt lat="58.00726778561891" lon="12.00713904253289">
        <ele>141</ele>
      </trkpt>
      <trkpt lat="58.00724871256913" lon="12.00703318710661">
        <ele>141</ele>
      </trkpt>
      <trkpt lat="58.00721342742704" lon="12.00692160976539">
        <ele>142</ele>
      </trkpt>
      <trkpt lat="58.00717814228494" lon="12.00681003242418">
        <ele>142</ele>
      </trkpt>
      <trkpt lat="58.00712283044058" lon="12.00669082586305">
        <ele>143</ele>
      </trkpt>
      <trkpt lat="58.0070684722487" lon="12.00657161930192">
        <ele>144</ele>
      </trkpt>
      <trkpt lat="58.00704749189394" lon="12.00647339309555">
        <ele>145</ele>
      </trkpt>
      <trkpt lat="58.00702651153919" lon="12.00637612054167">
        <ele>145</ele>
      </trkpt>
      <trkpt lat="58.00702651153919" lon="12.00637612054167">
        <ele>145</ele>
      </trkpt>
      <trkpt lat="58.0069034903681" lon="12.0062864772077">
        <ele>147</ele>
      </trkpt>
      <trkpt lat="58.00680144955177" lon="12.00599179858859">
        <ele>149</ele>
      </trkpt>
      <trkpt lat="58.00632462330726" lon="12.00532138088879">
        <ele>152</ele>
      </trkpt>
      <trkpt lat="58.00613389280945" lon="12.00493038336829">
        <ele>153</ele>
      </trkpt>
      <trkpt lat="58.00605187869539" lon="12.00442399389662">
        <ele>151</ele>
      </trkpt>
      <trkpt lat="58.00607476635513" lon="12.0041560175472">
        <ele>150</ele>
      </trkpt>
      <trkpt lat="58.0060423421705" lon="12.00383654396337">
        <ele>148</ele>
      </trkpt>
      <trkpt lat="58.00589834064466" lon="12.00329773030707">
        <ele>144</ele>
      </trkpt>
      <trkpt lat="58.00580202174326" lon="12.00288384512683">
        <ele>141</ele>
      </trkpt>
      <trkpt lat="58.00577531947358" lon="12.00267690253671">
        <ele>140</ele>
      </trkpt>
      <trkpt lat="58.00585065802021" lon="12.0020951745184">
        <ele>139</ele>
      </trkpt>
      <trkpt lat="58.00574766355139" lon="12.00192733168033">
        <ele>137</ele>
      </trkpt>
      <trkpt lat="58.00569998092694" lon="12.00140949837878">
        <ele>136</ele>
      </trkpt>
      <trkpt lat="58.00554835018119" lon="12.00104806408544">
        <ele>134</ele>
      </trkpt>
      <trkpt lat="58.00537764638565" lon="12.00102136181575">
        <ele>131</ele>
      </trkpt>
      <trkpt lat="58.0051649818806" lon="12.00080202174327">
        <ele>128</ele>
      </trkpt>
      <trkpt lat="58.00516784283806" lon="11.99999999999999">
        <ele>129</ele>
      </trkpt>
      <trkpt lat="58.00516784283806" lon="12.00000000000001">
        <ele>129</ele>
      </trkpt>
      <trkpt lat="58.00517165744802" lon="11.99966336067138">
        <ele>130</ele>
      </trkpt>
      <trkpt lat="58.00509631890138" lon="11.99932767499524">
        <ele>129</ele>
      </trkpt>
      <trkpt lat="58.00489795918367" lon="11.99901678428382">
        <ele>127</ele>
      </trkpt>
      <trkpt lat="58.00482262063703" lon="11.99853805073432">
        <ele>126</ele>
      </trkpt>
      <trkpt lat="58.00469864581346" lon="11.99843505626551">
        <ele>124</ele>
      </trkpt>
      <trkpt lat="58.00460328056455" lon="11.99811176807172">
        <ele>121</ele>
      </trkpt>
      <trkpt lat="58.00456894907495" lon="11.99769788289148">
        <ele>119</ele>
      </trkpt>
      <trkpt lat="58.00456227350752" lon="11.99728399771124">
        <ele>117</ele>
      </trkpt>
      <trkpt lat="58.00446213999618" lon="11.99684531756629">
        <ele>114</ele>
      </trkpt>
      <trkpt lat="58.00446213999618" lon="11.99684531756629">
        <ele>114</ele>
      </trkpt>
      <trkpt lat="58.00457657829486" lon="11.99652584398246">
        <ele>114</ele>
      </trkpt>
      <trkpt lat="58.00464524127407" lon="11.99627312607287">
        <ele>113</ele>
      </trkpt>
      <trkpt lat="58.0046423803166" lon="11.99605664695786">
        <ele>112</ele>
      </trkpt>
      <trkpt lat="58.00448216669844" lon="11.99571333206181">
        <ele>108</ele>
      </trkpt>
      <trkpt lat="58.00421419034902" lon="11.99530898340646">
        <ele>104</ele>
      </trkpt>
      <trkpt lat="58.00422468052641" lon="11.99466240701889">
        <ele>103</ele>
      </trkpt>
      <trkpt lat="58.00433339691016" lon="11.99415983215717">
        <ele>102</ele>
      </trkpt>
      <trkpt lat="58.00467480450123" lon="11.99268167079917">
        <ele>93</ele>
      </trkpt>
      <trkpt lat="58.00479210375738" lon="11.99189395384323">
        <ele>88</ele>
      </trkpt>
      <trkpt lat="58.00467480450123" lon="11.99116250238414">
        <ele>86</ele>
      </trkpt>
      <trkpt lat="58.00467480450123" lon="11.99116250238414">
        <ele>86</ele>
      </trkpt>
      <trkpt lat="58.00463189013922" lon="11.9910528323479">
        <ele>86</ele>
      </trkpt>
      <trkpt lat="58.00454129315277" lon="11.99027369826436">
        <ele>84</ele>
      </trkpt>
      <trkpt lat="58.00446500095364" lon="11.98990368109862">
        <ele>83</ele>
      </trkpt>
      <trkpt lat="58.00441255006675" lon="11.98946786191113">
        <ele>83</ele>
      </trkpt>
      <trkpt lat="58.00430764829295" lon="11.9883835590311">
        <ele>79</ele>
      </trkpt>
      <trkpt lat="58.00430001907304" lon="11.98797825672326">
        <ele>76</ele>
      </trkpt>
      <trkpt lat="58.00430001907304" lon="11.98797825672326">
        <ele>76</ele>
      </trkpt>
      <trkpt lat="58.00416269311462" lon="11.98791817661645">
        <ele>76</ele>
      </trkpt>
      <trkpt lat="58.00400915506388" lon="11.9879315277513">
        <ele>77</ele>
      </trkpt>
      <trkpt lat="58.00385275605569" lon="11.98806599275225">
        <ele>79</ele>
      </trkpt>
      <trkpt lat="58.00376120541674" lon="11.98818615296587">
        <ele>80</ele>
      </trkpt>
      <trkpt lat="58.00339691016593" lon="11.98873641045204">
        <ele>83</ele>
      </trkpt>
      <trkpt lat="58.00323574289528" lon="11.9890787716956">
        <ele>85</ele>
      </trkpt>
      <trkpt lat="58.00315658973869" lon="11.98932672134275">
        <ele>87</ele>
      </trkpt>
      <trkpt lat="58.00308888041197" lon="11.98960709517453">
        <ele>89</ele>
      </trkpt>
      <trkpt lat="58.0030168065137" lon="11.99012190873356">
        <ele>91</ele>
      </trkpt>
      <trkpt lat="58.0030168065137" lon="11.99012190873356">
        <ele>91</ele>
      </trkpt>
      <trkpt lat="58.00304596604996" lon="11.9898874690063">
        <ele>91</ele>
      </trkpt>
      <trkpt lat="58.00304596604996" lon="11.9898874690063">
        <ele>91</ele>
      </trkpt>
      <trkpt lat="58.00293534236123" lon="11.98981880602709">
        <ele>92</ele>
      </trkpt>
      <trkpt lat="58.00290005721914" lon="11.9897577722678">
        <ele>92</ele>
      </trkpt>
      <trkpt lat="58.00286477207705" lon="11.9896967385085">
        <ele>93</ele>
      </trkpt>
      <trkpt lat="58.00281232119015" lon="11.98959279038719">
        <ele>94</ele>
      </trkpt>
      <trkpt lat="58.00276082395574" lon="11.98948979591838">
        <ele>95</ele>
      </trkpt>
      <trkpt lat="58.0027207705512" lon="11.98942208659166">
        <ele>95</ele>
      </trkpt>
      <trkpt lat="58.00268167079915" lon="11.98935437726493">
        <ele>96</ele>
      </trkpt>
      <trkpt lat="58.00264924661452" lon="11.98927140949839">
        <ele>97</ele>
      </trkpt>
      <trkpt lat="58.0026168224299" lon="11.98918844173184">
        <ele>98</ele>
      </trkpt>
      <trkpt lat="58.00258725920273" lon="11.98907591073814">
        <ele>99</ele>
      </trkpt>
      <trkpt lat="58.00255769597558" lon="11.98896433339692">
        <ele>100</ele>
      </trkpt>
      <trkpt lat="58.00255292771313" lon="11.98885370970819">
        <ele>100</ele>
      </trkpt>
      <trkpt lat="58.00254911310318" lon="11.98874403967195">
        <ele>100</ele>
      </trkpt>
      <trkpt lat="58.00253385466335" lon="11.98865916460043">
        <ele>100</ele>
      </trkpt>
      <trkpt lat="58.00251859622352" lon="11.98857428952891">
        <ele>101</ele>
      </trkpt>
      <trkpt lat="58.00246805264161" lon="11.98820522601565">
        <ele>102</ele>
      </trkpt>
      <trkpt lat="58.0024690062941" lon="11.98808983406448">
        <ele>102</ele>
      </trkpt>
      <trkpt lat="58.00246995994659" lon="11.9879744421133">
        <ele>102</ele>
      </trkpt>
      <trkpt lat="58.00249284760633" lon="11.9878962426092">
        <ele>101</ele>
      </trkpt>
      <trkpt lat="58.00251668891855" lon="11.9878180431051">
        <ele>101</ele>
      </trkpt>
      <trkpt lat="58.00246614533663" lon="11.98772744611864">
        <ele>102</ele>
      </trkpt>
      <trkpt lat="58.00245470150676" lon="11.98762540530232">
        <ele>102</ele>
      </trkpt>
      <trkpt lat="58.00244421132938" lon="11.98752336448599">
        <ele>102</ele>
      </trkpt>
      <trkpt lat="58.00246519168414" lon="11.98746233072669">
        <ele>102</ele>
      </trkpt>
      <trkpt lat="58.0024861720389" lon="11.98740129696739">
        <ele>101</ele>
      </trkpt>
      <trkpt lat="58.00267404157924" lon="11.98714381079536">
        <ele>96</ele>
      </trkpt>
      <trkpt lat="58.00271886324622" lon="11.9870617966813">
        <ele>95</ele>
      </trkpt>
      <trkpt lat="58.0027646385657" lon="11.98698073621973">
        <ele>94</ele>
      </trkpt>
      <trkpt lat="58.00276940682814" lon="11.98686534426856">
        <ele>93</ele>
      </trkpt>
      <trkpt lat="58.00279324814037" lon="11.98675185962236">
        <ele>93</ele>
      </trkpt>
      <trkpt lat="58.00281804310508" lon="11.98663837497617">
        <ele>92</ele>
      </trkpt>
      <trkpt lat="58.00289528895669" lon="11.98634655731452">
        <ele>91</ele>
      </trkpt>
      <trkpt lat="58.00292866679381" lon="11.98622639710091">
        <ele>90</ele>
      </trkpt>
      <trkpt lat="58.00296204463093" lon="11.98610623688729">
        <ele>90</ele>
      </trkpt>
      <trkpt lat="58.0030078199504" lon="11.98599561319856">
        <ele>89</ele>
      </trkpt>
      <trkpt lat="58.00305359526988" lon="11.98588594316232">
        <ele>88</ele>
      </trkpt>
      <trkpt lat="58.00308220484455" lon="11.98580297539577">
        <ele>88</ele>
      </trkpt>
      <trkpt lat="58.00311081441922" lon="11.98572000762923">
        <ele>87</ele>
      </trkpt>
      <trkpt lat="58.00311081441922" lon="11.98561129124548">
        <ele>88</ele>
      </trkpt>
      <trkpt lat="58.00311081441922" lon="11.98550257486173">
        <ele>88</ele>
      </trkpt>
      <trkpt lat="58.00313274842647" lon="11.98544154110243">
        <ele>88</ele>
      </trkpt>
      <trkpt lat="58.00315945069616" lon="11.98506866297922">
        <ele>90</ele>
      </trkpt>
      <trkpt lat="58.0031909212283" lon="11.9849485027656">
        <ele>89</ele>
      </trkpt>
      <trkpt lat="58.00322239176043" lon="11.98482834255198">
        <ele>89</ele>
      </trkpt>
      <trkpt lat="58.00321285523555" lon="11.98474632843793">
        <ele>89</ele>
      </trkpt>
      <trkpt lat="58.00320427236314" lon="11.98466526797636">
        <ele>90</ele>
      </trkpt>
      <trkpt lat="58.00316612626358" lon="11.98459374403968">
        <ele>91</ele>
      </trkpt>
      <trkpt lat="58.00312893381651" lon="11.98452317375549">
        <ele>92</ele>
      </trkpt>
      <trkpt lat="58.00310032424184" lon="11.98443162311655">
        <ele>93</ele>
      </trkpt>
      <trkpt lat="58.00307171466716" lon="11.9843400724776">
        <ele>94</ele>
      </trkpt>
      <trkpt lat="58.00300686629791" lon="11.9842618729735">
        <ele>96</ele>
      </trkpt>
      <trkpt lat="58.00298397863818" lon="11.98416173946215">
        <ele>97</ele>
      </trkpt>
      <trkpt lat="58.00296204463093" lon="11.9840616059508">
        <ele>98</ele>
      </trkpt>
      <trkpt lat="58.00289338165172" lon="11.98402441350373">
        <ele>100</ele>
      </trkpt>
      <trkpt lat="58.00288479877931" lon="11.9839223726874">
        <ele>101</ele>
      </trkpt>
      <trkpt lat="58.00288217811576" lon="11.98391725325162">
        <ele>101</ele>
      </trkpt>
      <trkpt lat="58.00288217811576" lon="11.98391725325162">
        <ele>101</ele>
      </trkpt>
      <trkpt lat="58.00284379172228" lon="11.98384226587832">
        <ele>102</ele>
      </trkpt>
      <trkpt lat="58.00280373831774" lon="11.98376311272173">
        <ele>103</ele>
      </trkpt>
      <trkpt lat="58.00277703604805" lon="11.98366297921038">
        <ele>104</ele>
      </trkpt>
      <trkpt lat="58.00275033377836" lon="11.98356379935153">
        <ele>105</ele>
      </trkpt>
      <trkpt lat="58.00272839977112" lon="11.98345126835782">
        <ele>106</ele>
      </trkpt>
      <trkpt lat="58.00270646576386" lon="11.9833396910166">
        <ele>107</ele>
      </trkpt>
      <trkpt lat="58.00269692923898" lon="11.9832614915125">
        <ele>107</ele>
      </trkpt>
      <trkpt lat="58.00268739271409" lon="11.9831832920084">
        <ele>107</ele>
      </trkpt>
      <trkpt lat="58.00263875643714" lon="11.98312893381653">
        <ele>108</ele>
      </trkpt>
      <trkpt lat="58.00259679572763" lon="11.98306122448981">
        <ele>109</ele>
      </trkpt>
      <trkpt lat="58.0025557886706" lon="11.98299351516308">
        <ele>109</ele>
      </trkpt>
      <trkpt lat="58.0024947549113" lon="11.98292962044632">
        <ele>110</ele>
      </trkpt>
      <trkpt lat="58.00239748235742" lon="11.98290196452414">
        <ele>112</ele>
      </trkpt>
      <trkpt lat="58.00232023650581" lon="11.98293915697121">
        <ele>113</ele>
      </trkpt>
      <trkpt lat="58.00230688537096" lon="11.98286763303453">
        <ele>113</ele>
      </trkpt>
      <trkpt lat="58.00229353423612" lon="11.98279706275034">
        <ele>113</ele>
      </trkpt>
      <trkpt lat="58.00223822239175" lon="11.98273602899105">
        <ele>113</ele>
      </trkpt>
      <trkpt lat="58.00220293724966" lon="11.98267308792677">
        <ele>113</ele>
      </trkpt>
      <trkpt lat="58.00216860576005" lon="11.98261014686249">
        <ele>113</ele>
      </trkpt>
      <trkpt lat="58.00205988937631" lon="11.98250905969866">
        <ele>114</ele>
      </trkpt>
      <trkpt lat="58.0020255578867" lon="11.9824442113294">
        <ele>114</ele>
      </trkpt>
      <trkpt lat="58.0019912263971" lon="11.98238031661264">
        <ele>114</ele>
      </trkpt>
      <trkpt lat="58.00195975586495" lon="11.98229162693116">
        <ele>114</ele>
      </trkpt>
      <trkpt lat="58.0019292389853" lon="11.98220389090216">
        <ele>114</ele>
      </trkpt>
      <trkpt lat="58.00185199313369" lon="11.98210185008584">
        <ele>114</ele>
      </trkpt>
      <trkpt lat="58.00177760823955" lon="11.98208182338357">
        <ele>114</ele>
      </trkpt>
      <trkpt lat="58.00173946213999" lon="11.98216955941256">
        <ele>115</ele>
      </trkpt>
      <trkpt lat="58.00170131604042" lon="11.98225729544155">
        <ele>116</ele>
      </trkpt>
      <trkpt lat="58.00168224299065" lon="11.98233549494565">
        <ele>117</ele>
      </trkpt>
      <trkpt lat="58.00166316994086" lon="11.98241464810224">
        <ele>118</ele>
      </trkpt>
      <trkpt lat="58.0016164409689" lon="11.98273316803358">
        <ele>122</ele>
      </trkpt>
      <trkpt lat="58.00155922181956" lon="11.98280373831777">
        <ele>123</ele>
      </trkpt>
      <trkpt lat="58.00149628075528" lon="11.982739843601">
        <ele>123</ele>
      </trkpt>
      <trkpt lat="58.00145050543581" lon="11.98265973679192">
        <ele>123</ele>
      </trkpt>
      <trkpt lat="58.00140473011633" lon="11.98257962998284">
        <ele>123</ele>
      </trkpt>
      <trkpt lat="58.00132557695974" lon="11.98252622544346">
        <ele>124</ele>
      </trkpt>
      <trkpt lat="58.00123497997329" lon="11.9824442113294">
        <ele>125</ele>
      </trkpt>
      <trkpt lat="58.00117203890901" lon="11.98242418462713">
        <ele>126</ele>
      </trkpt>
      <trkpt lat="58.00111005149723" lon="11.98240415792486">
        <ele>127</ele>
      </trkpt>
      <trkpt lat="58.00106427617775" lon="11.98234312416556">
        <ele>127</ele>
      </trkpt>
      <trkpt lat="58.00101945451077" lon="11.98228209040627">
        <ele>127</ele>
      </trkpt>
      <trkpt lat="58.00100514972343" lon="11.98218672515736">
        <ele>126</ele>
      </trkpt>
      <trkpt lat="58.00098321571618" lon="11.98208945260348">
        <ele>126</ele>
      </trkpt>
      <trkpt lat="58.00096223536143" lon="11.98199313370209">
        <ele>125</ele>
      </trkpt>
      <trkpt lat="58.00092313560938" lon="11.98188251001336">
        <ele>125</ele>
      </trkpt>
      <trkpt lat="58.00088403585733" lon="11.98177283997712">
        <ele>124</ele>
      </trkpt>
      <trkpt lat="58.00080392904825" lon="11.98178619111197">
        <ele>125</ele>
      </trkpt>
      <trkpt lat="58.00073717337401" lon="11.98183292008393">
        <ele>126</ele>
      </trkpt>
      <trkpt lat="58.00065515925996" lon="11.98183768834638">
        <ele>126</ele>
      </trkpt>
      <trkpt lat="58.00056360862101" lon="11.98175281327485">
        <ele>126</ele>
      </trkpt>
      <trkpt lat="58.00054167461376" lon="11.98163742132368">
        <ele>126</ele>
      </trkpt>
      <trkpt lat="58.00045966049971" lon="11.9816440968911">
        <ele>126</ele>
      </trkpt>
      <trkpt lat="58.00039481213045" lon="11.98169559412551">
        <ele>127</ele>
      </trkpt>
      <trkpt lat="58.00034617585351" lon="11.98161071905399">
        <ele>127</ele>
      </trkpt>
      <trkpt lat="58.00029753957657" lon="11.98152584398246">
        <ele>127</ele>
      </trkpt>
      <trkpt lat="58.00029849322906" lon="11.98144573717338">
        <ele>126</ele>
      </trkpt>
      <trkpt lat="58.00029944688155" lon="11.98136658401679">
        <ele>126</ele>
      </trkpt>
      <trkpt lat="58.00025462521456" lon="11.98129124547016">
        <ele>126</ele>
      </trkpt>
      <trkpt lat="58.00021838641998" lon="11.98120827770361">
        <ele>126</ele>
      </trkpt>
      <trkpt lat="58.0001821476254" lon="11.98112530993707">
        <ele>126</ele>
      </trkpt>
      <trkpt lat="58.00014304787334" lon="11.98106236887279">
        <ele>126</ele>
      </trkpt>
      <trkpt lat="58.00010490177378" lon="11.981000381461">
        <ele>127</ele>
      </trkpt>
      <trkpt lat="58.00003528514208" lon="11.98091836734695">
        <ele>127</ele>
      </trkpt>
      <trkpt lat="57.99999999999999" lon="11.98090024794966">
        <ele>127</ele>
      </trkpt>
      <trkpt lat="58.00000000000001" lon="11.98090024794966">
        <ele>127</ele>
      </trkpt>
      <trkpt lat="57.99987507152395" lon="11.98083444592791">
        <ele>125</ele>
      </trkpt>
      <trkpt lat="57.99976063322526" lon="11.98075624642381">
        <ele>124</ele>
      </trkpt>
      <trkpt lat="57.99969387755103" lon="11.98061033759299">
        <ele>123</ele>
      </trkpt>
      <trkpt lat="57.99966717528134" lon="11.98040720961283">
        <ele>121</ele>
      </trkpt>
      <trkpt lat="57.99957845385428" lon="11.98002454244763">
        <ele>119</ele>
      </trkpt>
      <trkpt lat="57.99957845385428" lon="11.98002454244763">
        <ele>119</ele>
      </trkpt>
      <trkpt lat="57.99963062907927" lon="11.97984515634709">
        <ele>119</ele>
      </trkpt>
      <trkpt lat="57.99963062907927" lon="11.97984515634709">
        <ele>119</ele>
      </trkpt>
      <trkpt lat="57.99950661109828" lon="11.97977486965289">
        <ele>118</ele>
      </trkpt>
      <trkpt lat="57.99950661109828" lon="11.97977486965289">
        <ele>118</ele>
      </trkpt>
      <trkpt lat="57.99943734503148" lon="11.97962998283425">
        <ele>118</ele>
      </trkpt>
      <trkpt lat="57.99932386038528" lon="11.97953557123784">
        <ele>118</ele>
      </trkpt>
      <trkpt lat="57.99924279992371" lon="11.97931813847034">
        <ele>117</ele>
      </trkpt>
      <trkpt lat="57.99915983215717" lon="11.97913217623498">
        <ele>117</ele>
      </trkpt>
      <trkpt lat="57.99907781804311" lon="11.97901296967385">
        <ele>116</ele>
      </trkpt>
      <trkpt lat="57.99895384321954" lon="11.97903395002861">
        <ele>116</ele>
      </trkpt>
      <trkpt lat="57.99886706084304" lon="11.97913503719245">
        <ele>116</ele>
      </trkpt>
      <trkpt lat="57.99883463665841" lon="11.97939252336448">
        <ele>116</ele>
      </trkpt>
      <trkpt lat="57.99884035857335" lon="11.97970532138089">
        <ele>117</ele>
      </trkpt>
      <trkpt lat="57.99887278275797" lon="11.98">
        <ele>117</ele>
      </trkpt>
      <trkpt lat="57.99887278275797" lon="11.98000000000001">
        <ele>117</ele>
      </trkpt>
      <trkpt lat="57.99888899485028" lon="11.98025081060463">
        <ele>118</ele>
      </trkpt>
      <trkpt lat="57.99886706084304" lon="11.98068662979211">
        <ele>118</ele>
      </trkpt>
      <trkpt lat="57.99881079534619" lon="11.98078676330346">
        <ele>118</ele>
      </trkpt>
      <trkpt lat="57.99871256913981" lon="11.98080392904826">
        <ele>117</ele>
      </trkpt>
      <trkpt lat="57.99861434293344" lon="11.98086782376503">
        <ele>116</ele>
      </trkpt>
      <trkpt lat="57.99852756055694" lon="11.98098989128363">
        <ele>116</ele>
      </trkpt>
      <trkpt lat="57.99845603662026" lon="11.9811224489796">
        <ele>116</ele>
      </trkpt>
      <trkpt lat="57.99845031470533" lon="11.98152584398246">
        <ele>117</ele>
      </trkpt>
      <trkpt lat="57.99842742704559" lon="11.98164791150106">
        <ele>117</ele>
      </trkpt>
      <trkpt lat="57.99835494945643" lon="11.98173278657258">
        <ele>116</ele>
      </trkpt>
      <trkpt lat="57.99829200839215" lon="11.98190158306314">
        <ele>116</ele>
      </trkpt>
      <trkpt lat="57.99830059126455" lon="11.98216765210758">
        <ele>116</ele>
      </trkpt>
      <trkpt lat="57.99839977112341" lon="11.98244325767691">
        <ele>116</ele>
      </trkpt>
      <trkpt lat="57.99847415601756" lon="11.98262635895481">
        <ele>116</ele>
      </trkpt>
      <trkpt lat="57.99844650009538" lon="11.98287526225444">
        <ele>115</ele>
      </trkpt>
      <trkpt lat="57.99838069807363" lon="11.98294583253863">
        <ele>114</ele>
      </trkpt>
      <trkpt lat="57.99827770360481" lon="11.98301449551784">
        <ele>114</ele>
      </trkpt>
      <trkpt lat="57.99821050421646" lon="11.98303801530377">
        <ele>114</ele>
      </trkpt>
      <trkpt lat="57.99821050421646" lon="11.98303801530377">
        <ele>114</ele>
      </trkpt>
      <trkpt lat="57.99818233835591" lon="11.98304787335496">
        <ele>114</ele>
      </trkpt>
      <trkpt lat="57.99810890711426" lon="11.98315658973871">
        <ele>114</ele>
      </trkpt>
      <trkpt lat="57.99798874690064" lon="11.98336257867634">
        <ele>114</ele>
      </trkpt>
      <trkpt lat="57.99783139423995" lon="11.98338165172612">
        <ele>115</ele>
      </trkpt>
      <trkpt lat="57.99776368491322" lon="11.98335685676141">
        <ele>116</ele>
      </trkpt>
      <trkpt lat="57.99773792002008" lon="11.98331663197924">
        <ele>116</ele>
      </trkpt>
      <trkpt lat="57.99773792002008" lon="11.98331663197924">
        <ele>116</ele>
      </trkpt>
      <trkpt lat="57.99769713208259" lon="11.98325295285236">
        <ele>116</ele>
      </trkpt>
      <trkpt lat="57.99769713208259" lon="11.98325295285236">
        <ele>116</ele>
      </trkpt>
      <trkpt lat="57.9976702269693" lon="11.98321094793058">
        <ele>116</ele>
      </trkpt>
      <trkpt lat="57.99761110051498" lon="11.98316707991609">
        <ele>116</ele>
      </trkpt>
      <trkpt lat="57.99749380125883" lon="11.98311462902919">
        <ele>117</ele>
      </trkpt>
      <trkpt lat="57.99728876597369" lon="11.98306885370972">
        <ele>119</ele>
      </trkpt>
      <trkpt lat="57.99723440778181" lon="11.98305073431243">
        <ele>120</ele>
      </trkpt>
      <trkpt lat="57.99707705512112" lon="11.98283139423995">
        <ele>120</ele>
      </trkpt>
      <trkpt lat="57.9969311462903" lon="11.98278085065803">
        <ele>121</ele>
      </trkpt>
      <trkpt lat="57.99680812511922" lon="11.9825395765783">
        <ele>120</ele>
      </trkpt>
      <trkpt lat="57.9966784283807" lon="11.98222391760443">
        <ele>118</ele>
      </trkpt>
      <trkpt lat="57.99653824146482" lon="11.9819921800496">
        <ele>116</ele>
      </trkpt>
      <trkpt lat="57.99637325958422" lon="11.98180621781424">
        <ele>113</ele>
      </trkpt>
      <trkpt lat="57.99616536334161" lon="11.98185962235362">
        <ele>112</ele>
      </trkpt>
      <trkpt lat="57.99593267213428" lon="11.98195212664506">
        <ele>111</ele>
      </trkpt>
      <trkpt lat="57.99572668319665" lon="11.98207133320619">
        <ele>111</ele>
      </trkpt>
      <trkpt lat="57.99561129124548" lon="11.98224966622164">
        <ele>111</ele>
      </trkpt>
      <trkpt lat="57.99556170131605" lon="11.98258153728782">
        <ele>111</ele>
      </trkpt>
      <trkpt lat="57.99547777989702" lon="11.9828266259775">
        <ele>112</ele>
      </trkpt>
      <trkpt lat="57.99530612244899" lon="11.98298493229068">
        <ele>111</ele>
      </trkpt>
      <trkpt lat="57.99515544535572" lon="11.98296490558841">
        <ele>109</ele>
      </trkpt>
      <trkpt lat="57.99488174709137" lon="11.98289147434676">
        <ele>110</ele>
      </trkpt>
      <trkpt lat="57.99488174709137" lon="11.98289147434676">
        <ele>110</ele>
      </trkpt>
      <trkpt lat="57.9947310699981" lon="11.98257295441542">
        <ele>112</ele>
      </trkpt>
      <trkpt lat="57.99442399389663" lon="11.98199027274462">
        <ele>116</ele>
      </trkpt>
      <trkpt lat="57.99408640091551" lon="11.9811396147244">
        <ele>114</ele>
      </trkpt>
      <trkpt lat="57.99366107190541" lon="11.98000000000001">
        <ele>114</ele>
      </trkpt>
      <trkpt lat="57.99366107190541" lon="11.98">
        <ele>114</ele>
      </trkpt>
      <trkpt lat="57.99323097463285" lon="11.97881270265115">
        <ele>106</ele>
      </trkpt>
      <trkpt lat="57.99289338165173" lon="11.97818901392333">
        <ele>105</ele>
      </trkpt>
      <trkpt lat="57.99253862292581" lon="11.97759870303261">
        <ele>101</ele>
      </trkpt>
      <trkpt lat="57.99229448788862" lon="11.97731069998093">
        <ele>98</ele>
      </trkpt>
      <trkpt lat="57.99209422086592" lon="11.97718195689491">
        <ele>96</ele>
      </trkpt>
      <trkpt lat="57.9909135990845" lon="11.97753766927332">
        <ele>95</ele>
      </trkpt>
      <trkpt lat="57.990783902346" lon="11.97765496852947">
        <ele>95</ele>
      </trkpt>
      <trkpt lat="57.99065706656495" lon="11.9777999237078">
        <ele>95</ele>
      </trkpt>
      <trkpt lat="57.990261300782" lon="11.9784865534999">
        <ele>93</ele>
      </trkpt>
      <trkpt lat="57.9900791531566" lon="11.97885657066565">
        <ele>93</ele>
      </trkpt>
      <trkpt lat="57.98984932290674" lon="11.97960614152203">
        <ele>95</ele>
      </trkpt>
      <trkpt lat="57.98978161358002" lon="11.98">
        <ele>96</ele>
      </trkpt>
      <trkpt lat="57.98978161358002" lon="11.98000000000001">
        <ele>96</ele>
      </trkpt>
      <trkpt lat="57.98969864581348" lon="11.98047968720199">
        <ele>96</ele>
      </trkpt>
      <trkpt lat="57.98967957276369" lon="11.98102231546825">
        <ele>97</ele>
      </trkpt>
      <trkpt lat="57.98968529467863" lon="11.98155826816709">
        <ele>98</ele>
      </trkpt>
      <trkpt lat="57.98972153347321" lon="11.98192160976541">
        <ele>98</ele>
      </trkpt>
      <trkpt lat="57.98970055311845" lon="11.98253004005341">
        <ele>98</ele>
      </trkpt>
      <trkpt lat="57.98962521457182" lon="11.9830526416174">
        <ele>96</ele>
      </trkpt>
      <trkpt lat="57.98941922563419" lon="11.98372305931719">
        <ele>95</ele>
      </trkpt>
      <trkpt lat="57.98914648102232" lon="11.98426378027848">
        <ele>94</ele>
      </trkpt>
      <trkpt lat="57.98896433339692" lon="11.98456418081252">
        <ele>99</ele>
      </trkpt>
      <trkpt lat="57.98877932481405" lon="11.98491798588595">
        <ele>101</ele>
      </trkpt>
      <trkpt lat="57.98877932481405" lon="11.98491798588595">
        <ele>101</ele>
      </trkpt>
      <trkpt lat="57.98862292580584" lon="11.98569807362198">
        <ele>103</ele>
      </trkpt>
      <trkpt lat="57.98858001144384" lon="11.98616440968912">
        <ele>105</ele>
      </trkpt>
      <trkpt lat="57.98848369254245" lon="11.98672134274271">
        <ele>107</ele>
      </trkpt>
      <trkpt lat="57.98844554644288" lon="11.98698550448218">
        <ele>107</ele>
      </trkpt>
      <trkpt lat="57.9882443257677" lon="11.98769406828153">
        <ele>107</ele>
      </trkpt>
      <trkpt lat="57.98823288193783" lon="11.98799923707802">
        <ele>107</ele>
      </trkpt>
      <trkpt lat="57.9880526416174" lon="11.9887316421896">
        <ele>108</ele>
      </trkpt>
      <trkpt lat="57.98782948693497" lon="11.9892351707038">
        <ele>107</ele>
      </trkpt>
      <trkpt lat="57.98769311462904" lon="11.98957371733741">
        <ele>107</ele>
      </trkpt>
      <trkpt lat="57.98759488842267" lon="11.98987793248141">
        <ele>107</ele>
      </trkpt>
      <trkpt lat="57.9875481594507" lon="11.98996185390045">
        <ele>107</ele>
      </trkpt>
      <trkpt lat="57.98750238413123" lon="11.99004577531948">
        <ele>107</ele>
      </trkpt>
      <trkpt lat="57.98743086019456" lon="11.99004863627695">
        <ele>108</ele>
      </trkpt>
      <trkpt lat="57.98735933625787" lon="11.99005245088691">
        <ele>109</ele>
      </trkpt>
      <trkpt lat="57.98725729544155" lon="11.9901316040435">
        <ele>112</ele>
      </trkpt>
      <trkpt lat="57.98721152012207" lon="11.99037669273318">
        <ele>114</ele>
      </trkpt>
      <trkpt lat="57.98717432767501" lon="11.99048540911693">
        <ele>115</ele>
      </trkpt>
      <trkpt lat="57.98713808888042" lon="11.99059507915316">
        <ele>116</ele>
      </trkpt>
      <trkpt lat="57.98701506770934" lon="11.99089357238223">
        <ele>119</ele>
      </trkpt>
      <trkpt lat="57.9870179286668" lon="11.99098226206371">
        <ele>120</ele>
      </trkpt>
      <trkpt lat="57.98702174327676" lon="11.99107190539768">
        <ele>122</ele>
      </trkpt>
      <trkpt lat="57.98697215334733" lon="11.99117108525654">
        <ele>123</ele>
      </trkpt>
      <trkpt lat="57.98692351707039" lon="11.9912702651154">
        <ele>125</ele>
      </trkpt>
      <trkpt lat="57.98689872210567" lon="11.99162120923136">
        <ele>129</ele>
      </trkpt>
      <trkpt lat="57.9867919130269" lon="11.99191207324052">
        <ele>132</ele>
      </trkpt>
      <trkpt lat="57.98671562082778" lon="11.99198741178715">
        <ele>132</ele>
      </trkpt>
      <trkpt lat="57.98667556742324" lon="11.99205798207134">
        <ele>132</ele>
      </trkpt>
      <trkpt lat="57.98667270646578" lon="11.99214381079535">
        <ele>133</ele>
      </trkpt>
      <trkpt lat="57.9866707991608" lon="11.99222963951937">
        <ele>134</ele>
      </trkpt>
      <trkpt lat="57.98665840167844" lon="11.99229448788862">
        <ele>135</ele>
      </trkpt>
      <trkpt lat="57.98664695784857" lon="11.99235933625788">
        <ele>135</ele>
      </trkpt>
      <trkpt lat="57.98655922181958" lon="11.99246233072669">
        <ele>137</ele>
      </trkpt>
      <trkpt lat="57.98640377646387" lon="11.99283902345986">
        <ele>139</ele>
      </trkpt>
      <trkpt lat="57.98635132557697" lon="11.99295155445357">
        <ele>139</ele>
      </trkpt>
      <trkpt lat="57.98629982834256" lon="11.99306503909976">
        <ele>140</ele>
      </trkpt>
      <trkpt lat="57.98624547015068" lon="11.99313465573146">
        <ele>139</ele>
      </trkpt>
      <trkpt lat="57.98617299256152" lon="11.99324337211521">
        <ele>139</ele>
      </trkpt>
      <trkpt lat="57.98610051497235" lon="11.99335208849896">
        <ele>139</ele>
      </trkpt>
      <trkpt lat="57.9860270837307" lon="11.99341598321572">
        <ele>138</ele>
      </trkpt>
      <trkpt lat="57.98595460614153" lon="11.99347987793249">
        <ele>137</ele>
      </trkpt>
      <trkpt lat="57.98586591646005" lon="11.99357810413886">
        <ele>136</ele>
      </trkpt>
      <trkpt lat="57.98577818043106" lon="11.99367728399772">
        <ele>135</ele>
      </trkpt>
      <trkpt lat="57.98572668319665" lon="11.99378600038147">
        <ele>135</ele>
      </trkpt>
      <trkpt lat="57.98569044440207" lon="11.9937917222964">
        <ele>135</ele>
      </trkpt>
      <trkpt lat="57.985653251955" lon="11.99383463665841">
        <ele>136</ele>
      </trkpt>
      <trkpt lat="57.98560843028801" lon="11.99383177570094">
        <ele>136</ele>
      </trkpt>
      <trkpt lat="57.98555979401107" lon="11.99393763112723">
        <ele>136</ele>
      </trkpt>
      <trkpt lat="57.98547777989702" lon="11.99397577722679">
        <ele>137</ele>
      </trkpt>
      <trkpt lat="57.98545012397484" lon="11.99404634751098">
        <ele>137</ele>
      </trkpt>
      <trkpt lat="57.98542151440016" lon="11.99404920846844">
        <ele>137</ele>
      </trkpt>
      <trkpt lat="57.98534426854855" lon="11.9941140568377">
        <ele>137</ele>
      </trkpt>
      <trkpt lat="57.98532614915126" lon="11.99422086591647">
        <ele>137</ele>
      </trkpt>
      <trkpt lat="57.98530898340645" lon="11.99432862864773">
        <ele>137</ele>
      </trkpt>
      <trkpt lat="57.98524699599467" lon="11.99439633797445">
        <ele>137</ele>
      </trkpt>
      <trkpt lat="57.98522029372498" lon="11.99447549113104">
        <ele>137</ele>
      </trkpt>
      <trkpt lat="57.98515353805075" lon="11.99458897577724">
        <ele>137</ele>
      </trkpt>
      <trkpt lat="57.98512683578105" lon="11.99464905588404">
        <ele>137</ele>
      </trkpt>
      <trkpt lat="57.98513351134847" lon="11.99471104329583">
        <ele>137</ele>
      </trkpt>
      <trkpt lat="57.98512397482359" lon="11.99480831584971">
        <ele>136</ele>
      </trkpt>
      <trkpt lat="57.98514114056839" lon="11.99486839595652">
        <ele>136</ele>
      </trkpt>
      <trkpt lat="57.98512683578105" lon="11.99493038336831">
        <ele>136</ele>
      </trkpt>
      <trkpt lat="57.98510394812131" lon="11.99499523173756">
        <ele>136</ele>
      </trkpt>
      <trkpt lat="57.98508106046157" lon="11.99506103375931">
        <ele>135</ele>
      </trkpt>
      <trkpt lat="57.98502002670228" lon="11.99513732595843">
        <ele>135</ele>
      </trkpt>
      <trkpt lat="57.98503719244708" lon="11.99520694259013">
        <ele>134</ele>
      </trkpt>
      <trkpt lat="57.98500572191494" lon="11.9952965859241">
        <ele>134</ele>
      </trkpt>
      <trkpt lat="57.98498855617014" lon="11.99539671943545">
        <ele>133</ele>
      </trkpt>
      <trkpt lat="57.98497234407782" lon="11.99549780659928">
        <ele>132</ele>
      </trkpt>
      <trkpt lat="57.98494087354569" lon="11.99561129124548">
        <ele>132</ele>
      </trkpt>
      <trkpt lat="57.98492847606333" lon="11.99569139805456">
        <ele>131</ele>
      </trkpt>
      <trkpt lat="57.98491703223346" lon="11.99577150486364">
        <ele>131</ele>
      </trkpt>
      <trkpt lat="57.98488174709137" lon="11.9958525653252">
        <ele>130</ele>
      </trkpt>
      <trkpt lat="57.98487507152394" lon="11.99594602326913">
        <ele>130</ele>
      </trkpt>
      <trkpt lat="57.98486934960901" lon="11.99604043486554">
        <ele>130</ele>
      </trkpt>
      <trkpt lat="57.98489032996377" lon="11.99608907114249">
        <ele>130</ele>
      </trkpt>
      <trkpt lat="57.98489509822622" lon="11.99618157543392">
        <ele>130</ele>
      </trkpt>
      <trkpt lat="57.98485599847417" lon="11.99628456990274">
        <ele>130</ele>
      </trkpt>
      <trkpt lat="57.98484741560176" lon="11.9963570474919">
        <ele>130</ele>
      </trkpt>
      <trkpt lat="57.98483883272936" lon="11.99643047873356">
        <ele>130</ele>
      </trkpt>
      <trkpt lat="57.98484646194927" lon="11.99649818806028">
        <ele>129</ele>
      </trkpt>
      <trkpt lat="57.98485504482168" lon="11.99656685103949">
        <ele>129</ele>
      </trkpt>
      <trkpt lat="57.98484264733932" lon="11.99665172611101">
        <ele>129</ele>
      </trkpt>
      <trkpt lat="57.98483024985696" lon="11.99673755483503">
        <ele>129</ele>
      </trkpt>
      <trkpt lat="57.98485218386421" lon="11.99685676139616">
        <ele>129</ele>
      </trkpt>
      <trkpt lat="57.98485885943163" lon="11.99693496090026">
        <ele>130</ele>
      </trkpt>
      <trkpt lat="57.98486648865155" lon="11.99701411405685">
        <ele>130</ele>
      </trkpt>
      <trkpt lat="57.98485504482168" lon="11.99712092313562">
        <ele>130</ele>
      </trkpt>
      <trkpt lat="57.98484360099181" lon="11.99722773221439">
        <ele>130</ele>
      </trkpt>
      <trkpt lat="57.98481308411216" lon="11.99734789242801">
        <ele>131</ele>
      </trkpt>
      <trkpt lat="57.98475014304788" lon="11.99741560175473">
        <ele>131</ele>
      </trkpt>
      <trkpt lat="57.98473011634561" lon="11.99750429143621">
        <ele>132</ele>
      </trkpt>
      <trkpt lat="57.98471104329583" lon="11.99759393477018">
        <ele>132</ele>
      </trkpt>
      <trkpt lat="57.98470246042343" lon="11.99770265115393">
        <ele>133</ele>
      </trkpt>
      <trkpt lat="57.98465191684151" lon="11.99779038718292">
        <ele>133</ele>
      </trkpt>
      <trkpt lat="57.98455178333016" lon="11.99790291817663">
        <ele>134</ele>
      </trkpt>
      <trkpt lat="57.9845317566279" lon="11.99797348846081">
        <ele>135</ele>
      </trkpt>
      <trkpt lat="57.98451268357811" lon="11.99804501239749">
        <ele>135</ele>
      </trkpt>
      <trkpt lat="57.98451172992562" lon="11.99811939729164">
        <ele>135</ele>
      </trkpt>
      <trkpt lat="57.98451172992562" lon="11.99819378218578">
        <ele>135</ele>
      </trkpt>
      <trkpt lat="57.98455655159261" lon="11.99831203509442">
        <ele>135</ele>
      </trkpt>
      <trkpt lat="57.98460232691208" lon="11.99843028800306">
        <ele>136</ele>
      </trkpt>
      <trkpt lat="57.98463379744422" lon="11.99854281899677">
        <ele>136</ele>
      </trkpt>
      <trkpt lat="57.98466526797636" lon="11.99865534999047">
        <ele>136</ele>
      </trkpt>
      <trkpt lat="57.98466336067138" lon="11.99876788098418">
        <ele>137</ele>
      </trkpt>
      <trkpt lat="57.98466240701889" lon="11.99888041197788">
        <ele>137</ele>
      </trkpt>
      <trkpt lat="57.98465191684151" lon="11.99896910165936">
        <ele>138</ele>
      </trkpt>
      <trkpt lat="57.98464142666413" lon="11.99905779134084">
        <ele>138</ele>
      </trkpt>
      <trkpt lat="57.98462330726684" lon="11.9993047873355">
        <ele>139</ele>
      </trkpt>
      <trkpt lat="57.98460518786955" lon="11.99941922563419">
        <ele>140</ele>
      </trkpt>
      <trkpt lat="57.98458802212475" lon="11.99953461758536">
        <ele>140</ele>
      </trkpt>
      <trkpt lat="57.98458230020982" lon="11.99961663169942">
        <ele>140</ele>
      </trkpt>
      <trkpt lat="57.98457753194737" lon="11.99969959946596">
        <ele>140</ele>
      </trkpt>
      <trkpt lat="57.98455559794012" lon="11.99979687201984">
        <ele>141</ele>
      </trkpt>
      <trkpt lat="57.98451554453558" lon="11.99980259393478">
        <ele>141</ele>
      </trkpt>
      <trkpt lat="57.98447263017357" lon="11.99989414457373">
        <ele>142</ele>
      </trkpt>
      <trkpt lat="57.98447263017357" lon="11.99989414457373">
        <ele>142</ele>
      </trkpt>
      <trkpt lat="57.98438012588214" lon="11.9998703032615">
        <ele>142</ele>
      </trkpt>
      <trkpt lat="57.98433244325768" lon="11.99984074003434">
        <ele>143</ele>
      </trkpt>
      <trkpt lat="57.98430383368301" lon="11.99992180049591">
        <ele>143</ele>
      </trkpt>
      <trkpt lat="57.98425042914363" lon="11.99988937631128">
        <ele>144</ele>
      </trkpt>
      <trkpt lat="57.98422944878887" lon="11.99979401106238">
        <ele>143</ele>
      </trkpt>
      <trkpt lat="57.98412740797254" lon="11.9997396528705">
        <ele>144</ele>
      </trkpt>
      <trkpt lat="57.98408163265307" lon="11.99979687201984">
        <ele>145</ele>
      </trkpt>
      <trkpt lat="57.98405111577342" lon="11.99974251382797">
        <ele>145</ele>
      </trkpt>
      <trkpt lat="57.98394144573718" lon="11.99972916269312">
        <ele>145</ele>
      </trkpt>
      <trkpt lat="57.98390902155256" lon="11.99966908258632">
        <ele>145</ele>
      </trkpt>
      <trkpt lat="57.98385084875073" lon="11.99967480450125">
        <ele>145</ele>
      </trkpt>
      <trkpt lat="57.98380411977876" lon="11.99978161358002">
        <ele>146</ele>
      </trkpt>
      <trkpt lat="57.98375834445929" lon="11.99988842265879">
        <ele>147</ele>
      </trkpt>
      <trkpt lat="57.98369444974252" lon="12.00000000000001">
        <ele>147</ele>
      </trkpt>
      <trkpt lat="57.98369444974252" lon="11.99999999999999">
        <ele>147</ele>
      </trkpt>
      <trkpt lat="57.98367537669274" lon="12.00003337783711">
        <ele>148</ele>
      </trkpt>
      <trkpt lat="57.98353900438681" lon="12.00037478542818">
        <ele>148</ele>
      </trkpt>
      <trkpt lat="57.98348369254245" lon="12.00046442876215">
        <ele>148</ele>
      </trkpt>
      <trkpt lat="57.98342933435057" lon="12.00055407209612">
        <ele>149</ele>
      </trkpt>
      <trkpt lat="57.98335018119398" lon="12.00064562273507">
        <ele>150</ele>
      </trkpt>
      <trkpt lat="57.98327198168988" lon="12.0007381270265">
        <ele>150</ele>
      </trkpt>
      <trkpt lat="57.9832090406256" lon="12.00078104138851">
        <ele>150</ele>
      </trkpt>
      <trkpt lat="57.98316803356857" lon="12.00087068472248">
        <ele>150</ele>
      </trkpt>
      <trkpt lat="57.98312798016403" lon="12.00096032805645">
        <ele>149</ele>
      </trkpt>
      <trkpt lat="57.98308506580203" lon="12.00104424947548">
        <ele>149</ele>
      </trkpt>
      <trkpt lat="57.98304310509251" lon="12.00112912454701">
        <ele>149</ele>
      </trkpt>
      <trkpt lat="57.98304501239749" lon="12.00120446309364">
        <ele>148</ele>
      </trkpt>
      <trkpt lat="57.98304691970247" lon="12.00128075529276">
        <ele>148</ele>
      </trkpt>
      <trkpt lat="57.98299542246806" lon="12.00139137898149">
        <ele>148</ele>
      </trkpt>
      <trkpt lat="57.98296204463094" lon="12.00176616440968">
        <ele>146</ele>
      </trkpt>
      <trkpt lat="57.9829048254816" lon="12.0018777417509">
        <ele>146</ele>
      </trkpt>
      <trkpt lat="57.98274365821096" lon="12.00212378409307">
        <ele>145</ele>
      </trkpt>
      <trkpt lat="57.98266831966432" lon="12.00216002288765">
        <ele>145</ele>
      </trkpt>
      <trkpt lat="57.98260823955751" lon="12.0022515735266">
        <ele>145</ele>
      </trkpt>
      <trkpt lat="57.98253004005341" lon="12.00231642189585">
        <ele>146</ele>
      </trkpt>
      <trkpt lat="57.98245184054931" lon="12.00238222391759">
        <ele>146</ele>
      </trkpt>
      <trkpt lat="57.98238699218006" lon="12.00240225061986">
        <ele>146</ele>
      </trkpt>
      <trkpt lat="57.98232309746329" lon="12.00242323097462">
        <ele>145</ele>
      </trkpt>
      <trkpt lat="57.98222868586688" lon="12.00242132366965">
        <ele>146</ele>
      </trkpt>
      <trkpt lat="57.98211138661073" lon="12.0023993896624">
        <ele>146</ele>
      </trkpt>
      <trkpt lat="57.9820265115392" lon="12.00242799923707">
        <ele>146</ele>
      </trkpt>
      <trkpt lat="57.98199122639711" lon="12.00250619874117">
        <ele>146</ele>
      </trkpt>
      <trkpt lat="57.98195594125502" lon="12.00258535189776">
        <ele>146</ele>
      </trkpt>
      <trkpt lat="57.98189013923327" lon="12.00268453175662">
        <ele>146</ele>
      </trkpt>
      <trkpt lat="57.98184531756629" lon="12.00276559221819">
        <ele>146</ele>
      </trkpt>
      <trkpt lat="57.9818014495518" lon="12.00284665267975">
        <ele>146</ele>
      </trkpt>
      <trkpt lat="57.98174232309747" lon="12.00291531565897">
        <ele>146</ele>
      </trkpt>
      <trkpt lat="57.98166889185582" lon="12.00293343505626">
        <ele>146</ele>
      </trkpt>
      <trkpt lat="57.98159641426665" lon="12.00295155445355">
        <ele>146</ele>
      </trkpt>
      <trkpt lat="57.98155349990464" lon="12.00289147434674">
        <ele>146</ele>
      </trkpt>
      <trkpt lat="57.98150295632273" lon="12.00286191111958">
        <ele>146</ele>
      </trkpt>
      <trkpt lat="57.98136658401679" lon="12.0025472057982">
        <ele>145</ele>
      </trkpt>
      <trkpt lat="57.98127312607287" lon="12.00248235742894">
        <ele>144</ele>
      </trkpt>
      <trkpt lat="57.98119683387375" lon="12.00236791913026">
        <ele>144</ele>
      </trkpt>
      <trkpt lat="57.98108430288004" lon="12.00232214381079">
        <ele>143</ele>
      </trkpt>
      <trkpt lat="57.98098512302118" lon="12.00224108334922">
        <ele>142</ele>
      </trkpt>
      <trkpt lat="57.98087545298494" lon="12.0023383559031">
        <ele>142</ele>
      </trkpt>
      <trkpt lat="57.98082872401298" lon="12.00240225061986">
        <ele>142</ele>
      </trkpt>
      <trkpt lat="57.98078199504101" lon="12.00246614533663">
        <ele>142</ele>
      </trkpt>
      <trkpt lat="57.98072000762923" lon="12.002433721152">
        <ele>142</ele>
      </trkpt>
      <trkpt lat="57.98064466908259" lon="12.00255006675567">
        <ele>142</ele>
      </trkpt>
      <trkpt lat="57.9806008010681" lon="12.00255292771313">
        <ele>142</ele>
      </trkpt>
      <trkpt lat="57.98053499904636" lon="12.00265878313941">
        <ele>142</ele>
      </trkpt>
      <trkpt lat="57.98044535571239" lon="12.00309269502192">
        <ele>142</ele>
      </trkpt>
      <trkpt lat="57.98035475872593" lon="12.00320141140567">
        <ele>142</ele>
      </trkpt>
      <trkpt lat="57.98034331489606" lon="12.00327102803737">
        <ele>142</ele>
      </trkpt>
      <trkpt lat="57.98028895670419" lon="12.0033559031089">
        <ele>142</ele>
      </trkpt>
      <trkpt lat="57.9802708373069" lon="12.00343314896051">
        <ele>142</ele>
      </trkpt>
      <trkpt lat="57.9802527179096" lon="12.00351039481212">
        <ele>142</ele>
      </trkpt>
      <trkpt lat="57.980261300782" lon="12.00360480640854">
        <ele>142</ele>
      </trkpt>
      <trkpt lat="57.98024794964716" lon="12.00369063513255">
        <ele>142</ele>
      </trkpt>
      <trkpt lat="57.98023459851231" lon="12.00377646385656">
        <ele>142</ele>
      </trkpt>
      <trkpt lat="57.98020408163266" lon="12.00378981499141">
        <ele>141</ele>
      </trkpt>
      <trkpt lat="57.98009155063895" lon="12.00374594697691">
        <ele>141</ele>
      </trkpt>
      <trkpt lat="57.98005531184437" lon="12.0038079343887">
        <ele>141</ele>
      </trkpt>
      <trkpt lat="57.98002002670228" lon="12.00387087545298">
        <ele>141</ele>
      </trkpt>
      <trkpt lat="57.98000000000001" lon="12.00395479687201">
        <ele>141</ele>
      </trkpt>
      <trkpt lat="57.98" lon="12.00395479687201">
        <ele>141</ele>
      </trkpt>
      <trkpt lat="57.97997234407782" lon="12.00406923517069">
        <ele>141</ele>
      </trkpt>
      <trkpt lat="57.97986458134655" lon="12.00417222963951">
        <ele>141</ele>
      </trkpt>
      <trkpt lat="57.97981117680717" lon="12.0045298493229">
        <ele>141</ele>
      </trkpt>
      <trkpt lat="57.97985313751668" lon="12.00465191684149">
        <ele>141</ele>
      </trkpt>
      <trkpt lat="57.97982738889949" lon="12.00473106999808">
        <ele>141</ele>
      </trkpt>
      <trkpt lat="57.97978733549495" lon="12.00477684531756">
        <ele>140</ele>
      </trkpt>
      <trkpt lat="57.97981594506962" lon="12.00480926950218">
        <ele>141</ele>
      </trkpt>
      <trkpt lat="57.97983978638184" lon="12.00487411787144">
        <ele>141</ele>
      </trkpt>
      <trkpt lat="57.97986458134655" lon="12.00493991989318">
        <ele>141</ele>
      </trkpt>
      <trkpt lat="57.97983597177188" lon="12.00518882319282">
        <ele>141</ele>
      </trkpt>
      <trkpt lat="57.97983978638184" lon="12.00528228113675">
        <ele>142</ele>
      </trkpt>
      <trkpt lat="57.9798436009918" lon="12.00537669273316">
        <ele>142</ele>
      </trkpt>
      <trkpt lat="57.97983883272935" lon="12.00548159450695">
        <ele>143</ele>
      </trkpt>
      <trkpt lat="57.97983406446691" lon="12.00558744993324">
        <ele>143</ele>
      </trkpt>
      <trkpt lat="57.97978447453747" lon="12.00569330535952">
        <ele>144</ele>
      </trkpt>
      <trkpt lat="57.9797301163456" lon="12.00578008773602">
        <ele>144</ele>
      </trkpt>
      <trkpt lat="57.97967671180621" lon="12.00586687011252">
        <ele>144</ele>
      </trkpt>
      <trkpt lat="57.97965668510395" lon="12.00596223536142">
        <ele>145</ele>
      </trkpt>
      <trkpt lat="57.97963761205417" lon="12.00605760061033">
        <ele>145</ele>
      </trkpt>
      <trkpt lat="57.97967194354377" lon="12.00631508678237">
        <ele>145</ele>
      </trkpt>
      <trkpt lat="57.97964905588403" lon="12.00637707419416">
        <ele>145</ele>
      </trkpt>
      <trkpt lat="57.97967098989128" lon="12.00646481022314">
        <ele>145</ele>
      </trkpt>
      <trkpt lat="57.97969387755102" lon="12.00655349990463">
        <ele>146</ele>
      </trkpt>
      <trkpt lat="57.97967480450124" lon="12.00664791150104">
        <ele>146</ele>
      </trkpt>
      <trkpt lat="57.97965573145146" lon="12.00674327674994">
        <ele>146</ele>
      </trkpt>
      <trkpt lat="57.97968815563608" lon="12.00682242990653">
        <ele>145</ele>
      </trkpt>
      <trkpt lat="57.97970532138089" lon="12.00693591455273">
        <ele>145</ele>
      </trkpt>
      <trkpt lat="57.97972248712569" lon="12.00705035285141">
        <ele>145</ele>
      </trkpt>
      <trkpt lat="57.97967671180621" lon="12.00711520122067">
        <ele>145</ele>
      </trkpt>
      <trkpt lat="57.97968815563608" lon="12.00721342742704">
        <ele>145</ele>
      </trkpt>
      <trkpt lat="57.97970055311844" lon="12.0073126072859">
        <ele>144</ele>
      </trkpt>
      <trkpt lat="57.97973202365058" lon="12.0074165554072">
        <ele>144</ele>
      </trkpt>
      <trkpt lat="57.97976444783521" lon="12.00752145718099">
        <ele>144</ele>
      </trkpt>
      <trkpt lat="57.97976730879267" lon="12.00762445164981">
        <ele>143</ele>
      </trkpt>
      <trkpt lat="57.97977016975014" lon="12.00772839977111">
        <ele>143</ele>
      </trkpt>
      <trkpt lat="57.97984074003433" lon="12.00783139423993">
        <ele>142</ele>
      </trkpt>
      <trkpt lat="57.9799656685104" lon="12.00837116154872">
        <ele>140</ele>
      </trkpt>
      <trkpt lat="57.9799656685104" lon="12.0084684341026">
        <ele>140</ele>
      </trkpt>
      <trkpt lat="57.9799656685104" lon="12.00856666030897">
        <ele>139</ele>
      </trkpt>
      <trkpt lat="57.9799218004959" lon="12.00867442304023">
        <ele>138</ele>
      </trkpt>
      <trkpt lat="57.97987888613389" lon="12.00878313942398">
        <ele>137</ele>
      </trkpt>
      <trkpt lat="57.97978828914744" lon="12.00886419988555">
        <ele>137</ele>
      </trkpt>
      <trkpt lat="57.9796175853519" lon="12.00920083921418">
        <ele>135</ele>
      </trkpt>
      <trkpt lat="57.97956418081251" lon="12.00924184627121">
        <ele>135</ele>
      </trkpt>
      <trkpt lat="57.97948407400343" lon="12.00921132939156">
        <ele>135</ele>
      </trkpt>
      <trkpt lat="57.97943066946404" lon="12.0091207324051">
        <ele>135</ele>
      </trkpt>
      <trkpt lat="57.97937821857715" lon="12.00903013541864">
        <ele>136</ele>
      </trkpt>
      <trkpt lat="57.97931241655541" lon="12.00897005531183">
        <ele>136</ele>
      </trkpt>
      <trkpt lat="57.97924661453366" lon="12.00891092885752">
        <ele>137</ele>
      </trkpt>
      <trkpt lat="57.97915506389472" lon="12.00884512683577">
        <ele>137</ele>
      </trkpt>
      <trkpt lat="57.97906351325577" lon="12.00878027846652">
        <ele>137</ele>
      </trkpt>
      <trkpt lat="57.9789910356666" lon="12.00870112530993">
        <ele>138</ele>
      </trkpt>
      <trkpt lat="57.97891951172993" lon="12.00862292580583">
        <ele>138</ele>
      </trkpt>
      <trkpt lat="57.97889090215526" lon="12.00852469959946">
        <ele>138</ele>
      </trkpt>
      <trkpt lat="57.97886324623307" lon="12.00842742704558">
        <ele>139</ele>
      </trkpt>
      <trkpt lat="57.9788003051688" lon="12.00842361243562">
        <ele>139</ele>
      </trkpt>
      <trkpt lat="57.97873831775701" lon="12.00841979782566">
        <ele>139</ele>
      </trkpt>
      <trkpt lat="57.97863913789815" lon="12.00840072477588">
        <ele>138</ele>
      </trkpt>
      <trkpt lat="57.97853328247187" lon="12.00849036810985">
        <ele>138</ele>
      </trkpt>
      <trkpt lat="57.97845126835781" lon="12.00847415601754">
        <ele>138</ele>
      </trkpt>
      <trkpt lat="57.97842361243563" lon="12.00843887087544">
        <ele>138</ele>
      </trkpt>
      <trkpt lat="57.97835113484646" lon="12.00842456608811">
        <ele>138</ele>
      </trkpt>
      <trkpt lat="57.97827961090978" lon="12.00841121495326">
        <ele>137</ele>
      </trkpt>
      <trkpt lat="57.97820617966813" lon="12.00849036810985">
        <ele>136</ele>
      </trkpt>
      <trkpt lat="57.97815468243372" lon="12.00848178523745">
        <ele>136</ele>
      </trkpt>
      <trkpt lat="57.97811748998664" lon="12.00852565325195">
        <ele>136</ele>
      </trkpt>
      <trkpt lat="57.97809078771696" lon="12.00860385275605">
        <ele>135</ele>
      </trkpt>
      <trkpt lat="57.97806503909975" lon="12.00868300591264">
        <ele>135</ele>
      </trkpt>
      <trkpt lat="57.97806122448979" lon="12.00877264924661">
        <ele>134</ele>
      </trkpt>
      <trkpt lat="57.97798970055312" lon="12.00887564371542">
        <ele>134</ele>
      </trkpt>
      <trkpt lat="57.9779649055884" lon="12.0089814991417">
        <ele>133</ele>
      </trkpt>
      <trkpt lat="57.9779391569712" lon="12.0090082014114">
        <ele>133</ele>
      </trkpt>
      <trkpt lat="57.97789910356666" lon="12.00896719435437">
        <ele>133</ele>
      </trkpt>
      <trkpt lat="57.97784951363723" lon="12.00907304978065">
        <ele>132</ele>
      </trkpt>
      <trkpt lat="57.97774175090597" lon="12.00918462712187">
        <ele>132</ele>
      </trkpt>
      <trkpt lat="57.97770837306885" lon="12.00930097272553">
        <ele>132</ele>
      </trkpt>
      <trkpt lat="57.97767594888423" lon="12.00941827198168">
        <ele>133</ele>
      </trkpt>
      <trkpt lat="57.97761110051497" lon="12.00945737173373">
        <ele>133</ele>
      </trkpt>
      <trkpt lat="57.97754625214571" lon="12.00949647148578">
        <ele>133</ele>
      </trkpt>
      <trkpt lat="57.97745756246424" lon="12.00958325386228">
        <ele>133</ele>
      </trkpt>
      <trkpt lat="57.97740129696739" lon="12.00965191684149">
        <ele>134</ele>
      </trkpt>
      <trkpt lat="57.97734503147053" lon="12.00972153347319">
        <ele>134</ele>
      </trkpt>
      <trkpt lat="57.97726873927141" lon="12.00971581155826">
        <ele>134</ele>
      </trkpt>
      <trkpt lat="57.97717623497997" lon="12.00967575815372">
        <ele>133</ele>
      </trkpt>
      <trkpt lat="57.97707133320618" lon="12.00967575815372">
        <ele>133</ele>
      </trkpt>
      <trkpt lat="57.97696643143239" lon="12.00973202365057">
        <ele>133</ele>
      </trkpt>
      <trkpt lat="57.97689967575815" lon="12.00981499141712">
        <ele>133</ele>
      </trkpt>
      <trkpt lat="57.97683292008392" lon="12.00989795918366">
        <ele>134</ele>
      </trkpt>
      <trkpt lat="57.97674327674995" lon="12.00985218386419">
        <ele>133</ele>
      </trkpt>
      <trkpt lat="57.97663551401869" lon="12.00978447453747">
        <ele>133</ele>
      </trkpt>
      <trkpt lat="57.97653251954988" lon="12.00987316421895">
        <ele>133</ele>
      </trkpt>
      <trkpt lat="57.97648388327293" lon="12.00996662216287">
        <ele>133</ele>
      </trkpt>
      <trkpt lat="57.97643524699599" lon="12.0100600801068">
        <ele>134</ele>
      </trkpt>
      <trkpt lat="57.9763999618539" lon="12.01017451840548">
        <ele>135</ele>
      </trkpt>
      <trkpt lat="57.9763646767118" lon="12.01028895670417">
        <ele>135</ele>
      </trkpt>
      <trkpt lat="57.97631508678238" lon="12.0105731451459">
        <ele>137</ele>
      </trkpt>
      <trkpt lat="57.97628266259775" lon="12.01068949074956">
        <ele>138</ele>
      </trkpt>
      <trkpt lat="57.97625023841312" lon="12.01080679000571">
        <ele>138</ele>
      </trkpt>
      <trkpt lat="57.97621304596605" lon="12.01088498950981">
        <ele>139</ele>
      </trkpt>
      <trkpt lat="57.97617680717146" lon="12.0109641426664">
        <ele>139</ele>
      </trkpt>
      <trkpt lat="57.97607095174519" lon="12.01100705702841">
        <ele>139</ele>
      </trkpt>
      <trkpt lat="57.97602708373068" lon="12.01111291245469">
        <ele>139</ele>
      </trkpt>
      <trkpt lat="57.97575529277131" lon="12.01144955178332">
        <ele>140</ele>
      </trkpt>
      <trkpt lat="57.97551878695403" lon="12.01198645813465">
        <ele>143</ele>
      </trkpt>
      <trkpt lat="57.97551878695403" lon="12.01198645813465">
        <ele>143</ele>
      </trkpt>
      <trkpt lat="57.97542246805264" lon="12.01261872973487">
        <ele>142</ele>
      </trkpt>
      <trkpt lat="57.9753060573452" lon="12.01374380894205">
        <ele>136</ele>
      </trkpt>
      <trkpt lat="57.9753060573452" lon="12.01374380894205">
        <ele>136</ele>
      </trkpt>
      <trkpt lat="57.97530111809596" lon="12.01379154550126">
        <ele>136</ele>
      </trkpt>
      <trkpt lat="57.97530111809596" lon="12.01379154550126">
        <ele>136</ele>
      </trkpt>
      <trkpt lat="57.97525748617204" lon="12.01421323669654">
        <ele>133</ele>
      </trkpt>
      <trkpt lat="57.97525748617204" lon="12.01421323669654">
        <ele>133</ele>
      </trkpt>
      <trkpt lat="57.97518596223536" lon="12.01419130268929">
        <ele>133</ele>
      </trkpt>
      <trkpt lat="57.97512969673851" lon="12.01412645432004">
        <ele>134</ele>
      </trkpt>
      <trkpt lat="57.9750524508869" lon="12.01413026892999">
        <ele>134</ele>
      </trkpt>
      <trkpt lat="57.97497615868777" lon="12.01413503719244">
        <ele>134</ele>
      </trkpt>
      <trkpt lat="57.97488937631127" lon="12.01411882510012">
        <ele>134</ele>
      </trkpt>
      <trkpt lat="57.97484836925424" lon="12.01417032233453">
        <ele>134</ele>
      </trkpt>
      <trkpt lat="57.9748092695022" lon="12.01419702460423">
        <ele>134</ele>
      </trkpt>
      <trkpt lat="57.97479421239806" lon="12.0142026172429">
        <ele>134</ele>
      </trkpt>
      <trkpt lat="57.97479421239806" lon="12.0142026172429">
        <ele>134</ele>
      </trkpt>
      <trkpt lat="57.97471767920838" lon="12.01424478622111">
        <ele>134</ele>
      </trkpt>
      <trkpt lat="57.97471767920838" lon="12.01424478622111">
        <ele>134</ele>
      </trkpt>
      <trkpt lat="57.97471233803012" lon="12.01424461906064">
        <ele>134</ele>
      </trkpt>
      <trkpt lat="57.97471233803012" lon="12.01424461906064">
        <ele>134</ele>
      </trkpt>
      <trkpt lat="57.97469959946595" lon="12.01425424375357">
        <ele>134</ele>
      </trkpt>
      <trkpt lat="57.97461758535189" lon="12.01430001907304">
        <ele>135</ele>
      </trkpt>
      <trkpt lat="57.97456858770096" lon="12.01432179580679">
        <ele>135</ele>
      </trkpt>
      <trkpt lat="57.97456858770096" lon="12.01432179580679">
        <ele>135</ele>
      </trkpt>
      <trkpt lat="57.97451459088308" lon="12.01434579439251">
        <ele>135</ele>
      </trkpt>
      <trkpt lat="57.97441255006675" lon="12.01439252336448">
        <ele>135</ele>
      </trkpt>
      <trkpt lat="57.97434431603181" lon="12.01441229210357">
        <ele>135</ele>
      </trkpt>
      <trkpt lat="57.97434431603181" lon="12.01441229210357">
        <ele>135</ele>
      </trkpt>
      <trkpt lat="57.97431050925043" lon="12.01442208659164">
        <ele>135</ele>
      </trkpt>
      <trkpt lat="57.97422944878886" lon="12.01439252336448">
        <ele>136</ele>
      </trkpt>
      <trkpt lat="57.97420484009895" lon="12.01440223137976">
        <ele>136</ele>
      </trkpt>
      <trkpt lat="57.97420484009895" lon="12.01440223137976">
        <ele>136</ele>
      </trkpt>
      <trkpt lat="57.97418038050455" lon="12.01441188057755">
        <ele>136</ele>
      </trkpt>
      <trkpt lat="57.97416733967784" lon="12.01442143964493">
        <ele>136</ele>
      </trkpt>
      <trkpt lat="57.97416733967784" lon="12.01442143964493">
        <ele>136</ele>
      </trkpt>
      <trkpt lat="57.97414386082805" lon="12.01442628742241">
        <ele>136</ele>
      </trkpt>
      <trkpt lat="57.97414386082805" lon="12.01442628742241">
        <ele>136</ele>
      </trkpt>
      <trkpt lat="57.97412550066755" lon="12.01443353042151">
        <ele>136</ele>
      </trkpt>
      <trkpt lat="57.97404702874329" lon="12.01450287770342">
        <ele>136</ele>
      </trkpt>
      <trkpt lat="57.97404702874329" lon="12.01450287770342">
        <ele>136</ele>
      </trkpt>
      <trkpt lat="57.97400428948433" lon="12.01456448232697">
        <ele>135</ele>
      </trkpt>
      <trkpt lat="57.97400428948433" lon="12.01456448232697">
        <ele>135</ele>
      </trkpt>
      <trkpt lat="57.97398531375167" lon="12.01459279038717">
        <ele>135</ele>
      </trkpt>
      <trkpt lat="57.97391665077246" lon="12.01464714857905">
        <ele>135</ele>
      </trkpt>
      <trkpt lat="57.97384894144574" lon="12.01470246042341">
        <ele>135</ele>
      </trkpt>
      <trkpt lat="57.9737907686439" lon="12.01479973297729">
        <ele>135</ele>
      </trkpt>
      <trkpt lat="57.97374976158687" lon="12.01488842265877">
        <ele>135</ele>
      </trkpt>
      <trkpt lat="57.97370970818234" lon="12.01494564180812">
        <ele>135</ele>
      </trkpt>
      <trkpt lat="57.97367919130269" lon="12.01501716574479">
        <ele>134</ele>
      </trkpt>
      <trkpt lat="57.97364867442304" lon="12.01508868968147">
        <ele>134</ele>
      </trkpt>
      <trkpt lat="57.97361815754339" lon="12.01519263780277">
        <ele>134</ele>
      </trkpt>
      <trkpt lat="57.97358764066374" lon="12.01529658592408">
        <ele>134</ele>
      </trkpt>
      <trkpt lat="57.97356189204654" lon="12.01540625596032">
        <ele>134</ele>
      </trkpt>
      <trkpt lat="57.97355807743658" lon="12.01546728971962">
        <ele>134</ele>
      </trkpt>
      <trkpt lat="57.97351707037955" lon="12.01550734312416">
        <ele>134</ele>
      </trkpt>
      <trkpt lat="57.97343887087546" lon="12.01556646957848">
        <ele>134</ele>
      </trkpt>
      <trkpt lat="57.97333301544917" lon="12.01562654968528">
        <ele>134</ele>
      </trkpt>
      <trkpt lat="57.97322716002289" lon="12.01568758344458">
        <ele>135</ele>
      </trkpt>
      <trkpt lat="57.97313560938394" lon="12.01574861720388">
        <ele>135</ele>
      </trkpt>
      <trkpt lat="57.97304501239748" lon="12.01581060461567">
        <ele>136</ele>
      </trkpt>
      <trkpt lat="57.97296299828342" lon="12.01579534617584">
        <ele>136</ele>
      </trkpt>
      <trkpt lat="57.97288098416936" lon="12.01578104138851">
        <ele>137</ele>
      </trkpt>
      <trkpt lat="57.972825672325" lon="12.01568186152965">
        <ele>137</ele>
      </trkpt>
      <trkpt lat="57.97277131413313" lon="12.01558363532328">
        <ele>138</ele>
      </trkpt>
      <trkpt lat="57.97269120732405" lon="12.01553213808887">
        <ele>138</ele>
      </trkpt>
      <trkpt lat="57.97261205416746" lon="12.01548064085446">
        <ele>139</ele>
      </trkpt>
      <trkpt lat="57.97252241083349" lon="12.01546442876215">
        <ele>140</ele>
      </trkpt>
      <trkpt lat="57.97243276749952" lon="12.01544917032233">
        <ele>140</ele>
      </trkpt>
      <trkpt lat="57.97234693877551" lon="12.01541769979019">
        <ele>140</ele>
      </trkpt>
      <trkpt lat="57.97223440778181" lon="12.0153642952508">
        <ele>141</ele>
      </trkpt>
      <trkpt lat="57.97216097654015" lon="12.01534236124355">
        <ele>141</ele>
      </trkpt>
      <trkpt lat="57.97208754529849" lon="12.01532138088879">
        <ele>141</ele>
      </trkpt>
      <trkpt lat="57.97199599465954" lon="12.01524508868967">
        <ele>142</ele>
      </trkpt>
      <trkpt lat="57.97188537097082" lon="12.01522601563989">
        <ele>142</ele>
      </trkpt>
      <trkpt lat="57.97179763494183" lon="12.01522315468242">
        <ele>142</ele>
      </trkpt>
      <trkpt lat="57.97170989891283" lon="12.01522124737745">
        <ele>142</ele>
      </trkpt>
      <trkpt lat="57.97167270646576" lon="12.01514495517832">
        <ele>142</ele>
      </trkpt>
      <trkpt lat="57.97163551401869" lon="12.0150686629792">
        <ele>143</ele>
      </trkpt>
      <trkpt lat="57.97156875834446" lon="12.01500286095746">
        <ele>143</ele>
      </trkpt>
      <trkpt lat="57.97150295632272" lon="12.0149380125882">
        <ele>143</ele>
      </trkpt>
      <trkpt lat="57.97137039862674" lon="12.01468338737363">
        <ele>143</ele>
      </trkpt>
      <trkpt lat="57.97103948121305" lon="12.01417890520693">
        <ele>143</ele>
      </trkpt>
      <trkpt lat="57.97097177188633" lon="12.01412359336257">
        <ele>143</ele>
      </trkpt>
      <trkpt lat="57.97090501621209" lon="12.01406923517069">
        <ele>143</ele>
      </trkpt>
      <trkpt lat="57.97062654968529" lon="12.01353518977684">
        <ele>142</ele>
      </trkpt>
      <trkpt lat="57.97050925042915" lon="12.01344173183291">
        <ele>142</ele>
      </trkpt>
      <trkpt lat="57.9704434484074" lon="12.01343314896051">
        <ele>142</ele>
      </trkpt>
      <trkpt lat="57.97037860003815" lon="12.01342456608811">
        <ele>141</ele>
      </trkpt>
      <trkpt lat="57.9703480831585" lon="12.01333778371161">
        <ele>141</ele>
      </trkpt>
      <trkpt lat="57.97031851993133" lon="12.0132510013351">
        <ele>141</ele>
      </trkpt>
      <trkpt lat="57.97022887659737" lon="12.0132252527179">
        <ele>141</ele>
      </trkpt>
      <trkpt lat="57.97014114056837" lon="12.01328437917222">
        <ele>140</ele>
      </trkpt>
      <trkpt lat="57.97006389471677" lon="12.01332252527178">
        <ele>140</ele>
      </trkpt>
      <trkpt lat="57.96998760251764" lon="12.01336067137134">
        <ele>139</ele>
      </trkpt>
      <trkpt lat="57.96991989319092" lon="12.01335018119396">
        <ele>139</ele>
      </trkpt>
      <trkpt lat="57.96985313751669" lon="12.01333969101658">
        <ele>139</ele>
      </trkpt>
      <trkpt lat="57.96979019645241" lon="12.01335781041388">
        <ele>139</ele>
      </trkpt>
      <trkpt lat="57.96972725538814" lon="12.01337688346366">
        <ele>138</ele>
      </trkpt>
      <trkpt lat="57.96966145336639" lon="12.01336639328628">
        <ele>138</ele>
      </trkpt>
      <trkpt lat="57.96959660499714" lon="12.01335685676139">
        <ele>138</ele>
      </trkpt>
      <trkpt lat="57.96933816517261" lon="12.01307266831965">
        <ele>137</ele>
      </trkpt>
      <trkpt lat="57.96921895861148" lon="12.01295441541101">
        <ele>137</ele>
      </trkpt>
      <trkpt lat="57.96913122258249" lon="12.01299256151058">
        <ele>137</ele>
      </trkpt>
      <trkpt lat="57.96901869158879" lon="12.01308125119206">
        <ele>137</ele>
      </trkpt>
      <trkpt lat="57.96894526034713" lon="12.01307648292961">
        <ele>136</ele>
      </trkpt>
      <trkpt lat="57.96887278275796" lon="12.01307266831965">
        <ele>136</ele>
      </trkpt>
      <trkpt lat="57.96877646385657" lon="12.01314037764638">
        <ele>136</ele>
      </trkpt>
      <trkpt lat="57.96868014495518" lon="12.0132510013351">
        <ele>136</ele>
      </trkpt>
      <trkpt lat="57.96856761396147" lon="12.01323002098035">
        <ele>136</ele>
      </trkpt>
      <trkpt lat="57.96850276559222" lon="12.01318901392332">
        <ele>136</ele>
      </trkpt>
      <trkpt lat="57.96843887087545" lon="12.01314896051878">
        <ele>136</ele>
      </trkpt>
      <trkpt lat="57.96832920083921" lon="12.01281422849513">
        <ele>136</ele>
      </trkpt>
      <trkpt lat="57.96822811367537" lon="12.01269979019644">
        <ele>136</ele>
      </trkpt>
      <trkpt lat="57.96818329200839" lon="12.01257867633034">
        <ele>136</ele>
      </trkpt>
      <trkpt lat="57.96813847034141" lon="12.01245851611672">
        <ele>137</ele>
      </trkpt>
      <trkpt lat="57.96807648292962" lon="12.01242227732213">
        <ele>137</ele>
      </trkpt>
      <trkpt lat="57.96801449551783" lon="12.01238603852755">
        <ele>137</ele>
      </trkpt>
      <trkpt lat="57.96795346175853" lon="12.01228876597367">
        <ele>137</ele>
      </trkpt>
      <trkpt lat="57.96788861338928" lon="12.01223345412931">
        <ele>136</ele>
      </trkpt>
      <trkpt lat="57.96782376502003" lon="12.01217814228494">
        <ele>136</ele>
      </trkpt>
      <trkpt lat="57.9677217242037" lon="12.01213618157542">
        <ele>136</ele>
      </trkpt>
      <trkpt lat="57.96760061033759" lon="12.01216574480259">
        <ele>136</ele>
      </trkpt>
      <trkpt lat="57.96757200076292" lon="12.01225920274651">
        <ele>136</ele>
      </trkpt>
      <trkpt lat="57.96754434484074" lon="12.01235266069044">
        <ele>136</ele>
      </trkpt>
      <trkpt lat="57.96746995994659" lon="12.01234789242799">
        <ele>136</ele>
      </trkpt>
      <trkpt lat="57.96739652870494" lon="12.01234407781803">
        <ele>136</ele>
      </trkpt>
      <trkpt lat="57.9672954415411" lon="12.01231832920083">
        <ele>136</ele>
      </trkpt>
      <trkpt lat="57.96719816898722" lon="12.01234312416554">
        <ele>136</ele>
      </trkpt>
      <trkpt lat="57.96715525462521" lon="12.01241750905969">
        <ele>135</ele>
      </trkpt>
      <trkpt lat="57.96711234026321" lon="12.01249189395383">
        <ele>135</ele>
      </trkpt>
      <trkpt lat="57.96704558458897" lon="12.01258439824527">
        <ele>135</ele>
      </trkpt>
      <trkpt lat="57.96699504100705" lon="12.01259393477016">
        <ele>134</ele>
      </trkpt>
      <trkpt lat="57.96699504100705" lon="12.01259393477016">
        <ele>134</ele>
      </trkpt>
      <trkpt lat="57.96697215334732" lon="12.01259393477016">
        <ele>134</ele>
      </trkpt>
      <trkpt lat="57.96697215334732" lon="12.01259393477016">
        <ele>134</ele>
      </trkpt>
      <trkpt lat="57.96690825863055" lon="12.0125557886706">
        <ele>134</ele>
      </trkpt>
      <trkpt lat="57.96686725157353" lon="12.01248426473392">
        <ele>134</ele>
      </trkpt>
      <trkpt lat="57.96682719816899" lon="12.01241274079725">
        <ele>134</ele>
      </trkpt>
      <trkpt lat="57.96675376692733" lon="12.01234312416554">
        <ele>134</ele>
      </trkpt>
      <trkpt lat="57.96670131604044" lon="12.01231642189585">
        <ele>134</ele>
      </trkpt>
      <trkpt lat="57.96665649437345" lon="12.0122687392714">
        <ele>134</ele>
      </trkpt>
      <trkpt lat="57.96656208277704" lon="12.01224680526415">
        <ele>134</ele>
      </trkpt>
      <trkpt lat="57.96648579057791" lon="12.0121466717528">
        <ele>135</ele>
      </trkpt>
      <trkpt lat="57.96640949837879" lon="12.01204749189395">
        <ele>135</ele>
      </trkpt>
      <trkpt lat="57.96631508678237" lon="12.01193686820522">
        <ele>135</ele>
      </trkpt>
      <trkpt lat="57.96626263589548" lon="12.01184722487125">
        <ele>136</ele>
      </trkpt>
      <trkpt lat="57.96621876788098" lon="12.01191779515544">
        <ele>136</ele>
      </trkpt>
      <trkpt lat="57.96614819759679" lon="12.01179763494182">
        <ele>136</ele>
      </trkpt>
      <trkpt lat="57.9660785809651" lon="12.01167842838069">
        <ele>136</ele>
      </trkpt>
      <trkpt lat="57.96601563990082" lon="12.01168701125309">
        <ele>136</ele>
      </trkpt>
      <trkpt lat="57.96596318901392" lon="12.01160595079152">
        <ele>137</ele>
      </trkpt>
      <trkpt lat="57.96591073812703" lon="12.01152584398244">
        <ele>137</ele>
      </trkpt>
      <trkpt lat="57.96583349227542" lon="12.01147530040052">
        <ele>137</ele>
      </trkpt>
      <trkpt lat="57.9657562464238" lon="12.01142475681861">
        <ele>137</ele>
      </trkpt>
      <trkpt lat="57.96568281518215" lon="12.01133129887468">
        <ele>137</ele>
      </trkpt>
      <trkpt lat="57.96560461567805" lon="12.01128075529276">
        <ele>137</ele>
      </trkpt>
      <trkpt lat="57.9655388136563" lon="12.0113036429525">
        <ele>137</ele>
      </trkpt>
      <trkpt lat="57.96547396528705" lon="12.01132748426472">
        <ele>137</ele>
      </trkpt>
      <trkpt lat="57.96541102422277" lon="12.01127121876787">
        <ele>137</ele>
      </trkpt>
      <trkpt lat="57.96527369826435" lon="12.01094983787907">
        <ele>138</ele>
      </trkpt>
      <trkpt lat="57.96518214762541" lon="12.01068662979209">
        <ele>139</ele>
      </trkpt>
      <trkpt lat="57.96513160404348" lon="12.01057028418843">
        <ele>139</ele>
      </trkpt>
      <trkpt lat="57.96508201411405" lon="12.01045393858477">
        <ele>140</ele>
      </trkpt>
      <trkpt lat="57.96497234407781" lon="12.00991131031851">
        <ele>141</ele>
      </trkpt>
      <trkpt lat="57.9649218004959" lon="12.00984550829677">
        <ele>141</ele>
      </trkpt>
      <trkpt lat="57.96487125691398" lon="12.00977970627502">
        <ele>141</ele>
      </trkpt>
      <trkpt lat="57.96483978638184" lon="12.00968434102612">
        <ele>141</ele>
      </trkpt>
      <trkpt lat="57.9648083158497" lon="12.00958897577722">
        <ele>141</ele>
      </trkpt>
      <trkpt lat="57.96469864581346" lon="12.00947072286858">
        <ele>141</ele>
      </trkpt>
      <trkpt lat="57.96464810223154" lon="12.00938775510203">
        <ele>141</ele>
      </trkpt>
      <trkpt lat="57.96459755864963" lon="12.00930478733549">
        <ele>142</ele>
      </trkpt>
      <trkpt lat="57.9644869349609" lon="12.0092513827961">
        <ele>141</ele>
      </trkpt>
      <trkpt lat="57.96443257676903" lon="12.00915029563226">
        <ele>142</ele>
      </trkpt>
      <trkpt lat="57.96437821857715" lon="12.00904920846843">
        <ele>142</ele>
      </trkpt>
      <trkpt lat="57.96427140949838" lon="12.00877646385656">
        <ele>142</ele>
      </trkpt>
      <trkpt lat="57.96421514400152" lon="12.0086944497425">
        <ele>142</ele>
      </trkpt>
      <trkpt lat="57.96415983215716" lon="12.00861243562845">
        <ele>142</ele>
      </trkpt>
      <trkpt lat="57.96413217623498" lon="12.00852374594697">
        <ele>142</ele>
      </trkpt>
      <trkpt lat="57.96410547396528" lon="12.00843600991798">
        <ele>142</ele>
      </trkpt>
      <trkpt lat="57.96401201602136" lon="12.00833110814418">
        <ele>141</ele>
      </trkpt>
      <trkpt lat="57.96391855807744" lon="12.00822716002288">
        <ele>141</ele>
      </trkpt>
      <trkpt lat="57.96387278275796" lon="12.00813274842646">
        <ele>141</ele>
      </trkpt>
      <trkpt lat="57.96382796109098" lon="12.00803833683005">
        <ele>141</ele>
      </trkpt>
      <trkpt lat="57.96376215906923" lon="12.00801926378027">
        <ele>140</ele>
      </trkpt>
      <trkpt lat="57.96374690062941" lon="12.00794011062368">
        <ele>140</ele>
      </trkpt>
      <trkpt lat="57.96373164218959" lon="12.00786095746709">
        <ele>140</ele>
      </trkpt>
      <trkpt lat="57.96367919130269" lon="12.00784665267975">
        <ele>140</ele>
      </trkpt>
      <trkpt lat="57.96362292580584" lon="12.00782090406255">
        <ele>140</ele>
      </trkpt>
      <trkpt lat="57.96353614342933" lon="12.00782281136753">
        <ele>140</ele>
      </trkpt>
      <trkpt lat="57.96347606332252" lon="12.00775796299827">
        <ele>140</ele>
      </trkpt>
      <trkpt lat="57.96340072477589" lon="12.00765592218195">
        <ele>139</ele>
      </trkpt>
      <trkpt lat="57.96330631317947" lon="12.00759965668509">
        <ele>139</ele>
      </trkpt>
      <trkpt lat="57.9632347892428" lon="12.0075300400534">
        <ele>138</ele>
      </trkpt>
      <trkpt lat="57.96316326530612" lon="12.0074604234217">
        <ele>137</ele>
      </trkpt>
      <trkpt lat="57.96308888041197" lon="12.00737554835017">
        <ele>136</ele>
      </trkpt>
      <trkpt lat="57.96301544917032" lon="12.00729067327865">
        <ele>135</ele>
      </trkpt>
      <trkpt lat="57.96294201792867" lon="12.00722296395193">
        <ele>134</ele>
      </trkpt>
      <trkpt lat="57.96286858668701" lon="12.00715525462521">
        <ele>133</ele>
      </trkpt>
      <trkpt lat="57.96280659927523" lon="12.00725729544153">
        <ele>132</ele>
      </trkpt>
      <trkpt lat="57.96274556551592" lon="12.00736028991035">
        <ele>132</ele>
      </trkpt>
      <trkpt lat="57.96263684913217" lon="12.00763875643715">
        <ele>131</ele>
      </trkpt>
      <trkpt lat="57.96258535189776" lon="12.00775033377836">
        <ele>130</ele>
      </trkpt>
      <trkpt lat="57.96256341789052" lon="12.00782948693495">
        <ele>130</ele>
      </trkpt>
      <trkpt lat="57.96254148388327" lon="12.00790959374403">
        <ele>130</ele>
      </trkpt>
      <trkpt lat="57.96245756246424" lon="12.0080249856952">
        <ele>129</ele>
      </trkpt>
      <trkpt lat="57.9623736410452" lon="12.00806503909974">
        <ele>127</ele>
      </trkpt>
      <trkpt lat="57.96229067327866" lon="12.0081556360862">
        <ele>126</ele>
      </trkpt>
      <trkpt lat="57.96223822239176" lon="12.00804024413503">
        <ele>126</ele>
      </trkpt>
      <trkpt lat="57.96223631508678" lon="12.00796299828342">
        <ele>126</ele>
      </trkpt>
      <trkpt lat="57.9622353614343" lon="12.00788670608429">
        <ele>126</ele>
      </trkpt>
      <trkpt lat="57.9622086591646" lon="12.00779706275032">
        <ele>126</ele>
      </trkpt>
      <trkpt lat="57.96218195689491" lon="12.00770741941636">
        <ele>126</ele>
      </trkpt>
      <trkpt lat="57.96213151435665" lon="12.00762395994396">
        <ele>125</ele>
      </trkpt>
      <trkpt lat="57.96213151399903" lon="12.00762396090861">
        <ele>125</ele>
      </trkpt>
      <trkpt lat="57.96227983575501" lon="12.00722373306125">
        <ele>127</ele>
      </trkpt>
      <trkpt lat="57.96227983575501" lon="12.00722373306125">
        <ele>127</ele>
      </trkpt>
      <trkpt lat="57.96232500476826" lon="12.00710185008582">
        <ele>128</ele>
      </trkpt>
      <trkpt lat="57.96242990654206" lon="12.00686057600609">
        <ele>127</ele>
      </trkpt>
      <trkpt lat="57.96242990654206" lon="12.00686057600609">
        <ele>127</ele>
      </trkpt>
      <trkpt lat="57.96235170703795" lon="12.00675662788479">
        <ele>127</ele>
      </trkpt>
      <trkpt lat="57.96235933625787" lon="12.00631413312988">
        <ele>126</ele>
      </trkpt>
      <trkpt lat="57.96235456799542" lon="12.00612912454701">
        <ele>126</ele>
      </trkpt>
      <trkpt lat="57.96221438107953" lon="12.00558268167079">
        <ele>127</ele>
      </trkpt>
      <trkpt lat="57.96226587831394" lon="12.00512588212854">
        <ele>127</ele>
      </trkpt>
      <trkpt lat="57.96221628838451" lon="12.00483024985694">
        <ele>128</ele>
      </trkpt>
      <trkpt lat="57.9622782757963" lon="12.0040949837879">
        <ele>128</ele>
      </trkpt>
      <trkpt lat="57.96239462139996" lon="12.00356189204653">
        <ele>128</ele>
      </trkpt>
      <trkpt lat="57.96242037001716" lon="12.0030602708373">
        <ele>129</ele>
      </trkpt>
      <trkpt lat="57.96236887278275" lon="12.00251096700361">
        <ele>131</ele>
      </trkpt>
      <trkpt lat="57.96223726873927" lon="12.00175090596986">
        <ele>133</ele>
      </trkpt>
      <trkpt lat="57.96215334732023" lon="12.00139614724394">
        <ele>134</ele>
      </trkpt>
      <trkpt lat="57.9620350944116" lon="12.00110432958229">
        <ele>135</ele>
      </trkpt>
      <trkpt lat="57.96194545107763" lon="12.00082395575052">
        <ele>136</ele>
      </trkpt>
      <trkpt lat="57.96183578104139" lon="12.00059603280564">
        <ele>136</ele>
      </trkpt>
      <trkpt lat="57.96171180621781" lon="12.00019835971771">
        <ele>137</ele>
      </trkpt>
      <trkpt lat="57.96161358001144" lon="11.99999999999999">
        <ele>138</ele>
      </trkpt>
      <trkpt lat="57.96161358001144" lon="12.00000000000001">
        <ele>138</ele>
      </trkpt>
      <trkpt lat="57.96155731451459" lon="11.99988556170132">
        <ele>139</ele>
      </trkpt>
      <trkpt lat="57.96154873164219" lon="11.99957657829488">
        <ele>139</ele>
      </trkpt>
      <trkpt lat="57.96133129887469" lon="11.99907400343316">
        <ele>141</ele>
      </trkpt>
      <trkpt lat="57.96107285905016" lon="11.99889376311273">
        <ele>142</ele>
      </trkpt>
      <trkpt lat="57.96091646004196" lon="11.99863150867825">
        <ele>142</ele>
      </trkpt>
      <trkpt lat="57.96091646004196" lon="11.99863150867825">
        <ele>142</ele>
      </trkpt>
      <trkpt lat="57.96092405904632" lon="11.99826675646888">
        <ele>142</ele>
      </trkpt>
      <trkpt lat="57.9609240590587" lon="11.99826675645683">
        <ele>142</ele>
      </trkpt>
      <trkpt lat="57.96099465954606" lon="11.99819759679574">
        <ele>142</ele>
      </trkpt>
      <trkpt lat="57.96099465954606" lon="11.99819759679574">
        <ele>142</ele>
      </trkpt>
      <trkpt lat="57.9609994278085" lon="11.99792199122641">
        <ele>142</ele>
      </trkpt>
      <trkpt lat="57.9609994278085" lon="11.99792199122641">
        <ele>142</ele>
      </trkpt>
      <trkpt lat="57.9609221819569" lon="11.99762254434485">
        <ele>142</ele>
      </trkpt>
      <trkpt lat="57.96078294869349" lon="11.99673469387756">
        <ele>145</ele>
      </trkpt>
      <trkpt lat="57.96078294869349" lon="11.99673469387756">
        <ele>145</ele>
      </trkpt>
      <trkpt lat="57.96067232500477" lon="11.9965830631318">
        <ele>146</ele>
      </trkpt>
      <trkpt lat="57.96039195117299" lon="11.99627312607287">
        <ele>146</ele>
      </trkpt>
      <trkpt lat="57.96039481213046" lon="11.99524508868969">
        <ele>147</ele>
      </trkpt>
      <trkpt lat="57.96012302117109" lon="11.99471676521077">
        <ele>147</ele>
      </trkpt>
      <trkpt lat="57.96" lon="11.99357238222393">
        <ele>147</ele>
      </trkpt>
      <trkpt lat="57.96000000000002" lon="11.99357238222393">
        <ele>147</ele>
      </trkpt>
      <trkpt lat="57.95993419797827" lon="11.99295823002099">
        <ele>146</ele>
      </trkpt>
      <trkpt lat="57.95972248712571" lon="11.99216288384514">
        <ele>144</ele>
      </trkpt>
      <trkpt lat="57.9594974251383" lon="11.99172706465765">
        <ele>144</ele>
      </trkpt>
      <trkpt lat="57.95942494754913" lon="11.99097558649629">
        <ele>142</ele>
      </trkpt>
      <trkpt lat="57.9593581918749" lon="11.99076673660119">
        <ele>142</ele>
      </trkpt>
      <trkpt lat="57.95941159641428" lon="11.99026797634943">
        <ele>140</ele>
      </trkpt>
      <trkpt lat="57.95941159641428" lon="11.98982071333207">
        <ele>139</ele>
      </trkpt>
      <trkpt lat="57.95933911882512" lon="11.98940205988939">
        <ele>138</ele>
      </trkpt>
      <trkpt lat="57.95918844173185" lon="11.98865058172803">
        <ele>139</ele>
      </trkpt>
      <trkpt lat="57.95914648102233" lon="11.98831584970438">
        <ele>139</ele>
      </trkpt>
      <trkpt lat="57.9591579248522" lon="11.98816707991609">
        <ele>139</ele>
      </trkpt>
      <trkpt lat="57.95919225634181" lon="11.98800209803549">
        <ele>138</ele>
      </trkpt>
      <trkpt lat="57.95928094602328" lon="11.98724680526417">
        <ele>136</ele>
      </trkpt>
      <trkpt lat="57.95928571428573" lon="11.98670322334542">
        <ele>134</ele>
      </trkpt>
      <trkpt lat="57.95928571428573" lon="11.98670322334542">
        <ele>134</ele>
      </trkpt>
      <trkpt lat="57.95925233644861" lon="11.98622067518597">
        <ele>133</ele>
      </trkpt>
      <trkpt lat="57.9592189586115" lon="11.98590120160214">
        <ele>133</ele>
      </trkpt>
      <trkpt lat="57.95915124928478" lon="11.98545584588977">
        <ele>131</ele>
      </trkpt>
      <trkpt lat="57.95915124928478" lon="11.98545584588977">
        <ele>131</ele>
      </trkpt>
      <trkpt lat="57.95898722105667" lon="11.98522124737747">
        <ele>130</ele>
      </trkpt>
      <trkpt lat="57.95882223917606" lon="11.9851316040435">
        <ele>129</ele>
      </trkpt>
      <trkpt lat="57.95866584016786" lon="11.98518500858288">
        <ele>129</ele>
      </trkpt>
      <trkpt lat="57.9584712950601" lon="11.9853747854282">
        <ele>129</ele>
      </trkpt>
      <trkpt lat="57.95824909403015" lon="11.9855140186916">
        <ele>129</ele>
      </trkpt>
      <trkpt lat="57.95806790005724" lon="11.98543391188252">
        <ele>127</ele>
      </trkpt>
      <trkpt lat="57.9578971962617" lon="11.98551592599658">
        <ele>126</ele>
      </trkpt>
      <trkpt lat="57.95770741941638" lon="11.98555502574863">
        <ele>125</ele>
      </trkpt>
      <trkpt lat="57.95750047682626" lon="11.98554167461378">
        <ele>123</ele>
      </trkpt>
      <trkpt lat="57.95728944574267" lon="11.98562404734158">
        <ele>119</ele>
      </trkpt>
      <trkpt lat="57.95728944574267" lon="11.98562404734158">
        <ele>119</ele>
      </trkpt>
      <trkpt lat="57.95727619876168" lon="11.98562921809624">
        <ele>119</ele>
      </trkpt>
      <trkpt lat="57.95727619876168" lon="11.98562921809624">
        <ele>119</ele>
      </trkpt>
      <trkpt lat="57.95724394430671" lon="11.98564180812513">
        <ele>118</ele>
      </trkpt>
      <trkpt lat="57.95718386419991" lon="11.98562845699028">
        <ele>117</ele>
      </trkpt>
      <trkpt lat="57.95710591450281" lon="11.98605012773263">
        <ele>117</ele>
      </trkpt>
      <trkpt lat="57.95710591450281" lon="11.98605012773263">
        <ele>117</ele>
      </trkpt>
      <trkpt lat="57.95708373068855" lon="11.98617013160405">
        <ele>117</ele>
      </trkpt>
      <trkpt lat="57.95708373068855" lon="11.986400406583">
        <ele>118</ele>
      </trkpt>
      <trkpt lat="57.95708373068855" lon="11.986400406583">
        <ele>118</ele>
      </trkpt>
      <trkpt lat="57.95708373068855" lon="11.98647625405303">
        <ele>118</ele>
      </trkpt>
      <trkpt lat="57.95708407188678" lon="11.98647897952799">
        <ele>118</ele>
      </trkpt>
      <trkpt lat="57.95708407188678" lon="11.98647897952799">
        <ele>118</ele>
      </trkpt>
      <trkpt lat="57.95687451687233" lon="11.98657169141309">
        <ele>115</ele>
      </trkpt>
      <trkpt lat="57.95708530805096" lon="11.9864888539479">
        <ele>118</ele>
      </trkpt>
      <trkpt lat="57.95708530805096" lon="11.9864888539479">
        <ele>118</ele>
      </trkpt>
      <trkpt lat="57.95724203700173" lon="11.98774079725349">
        <ele>127</ele>
      </trkpt>
      <trkpt lat="57.9573059317185" lon="11.98778561892047">
        <ele>128</ele>
      </trkpt>
      <trkpt lat="57.95744802593936" lon="11.98770837306886">
        <ele>130</ele>
      </trkpt>
      <trkpt lat="57.95753862292582" lon="11.9877655922182">
        <ele>132</ele>
      </trkpt>
      <trkpt lat="57.9576101468625" lon="11.98823002098036">
        <ele>135</ele>
      </trkpt>
      <trkpt lat="57.95773507533856" lon="11.98866870112532">
        <ele>138</ele>
      </trkpt>
      <trkpt lat="57.95777703604808" lon="11.9890091550639">
        <ele>139</ele>
      </trkpt>
      <trkpt lat="57.95778466526799" lon="11.98975109670037">
        <ele>141</ele>
      </trkpt>
      <trkpt lat="57.95793152775131" lon="11.98990272744613">
        <ele>144</ele>
      </trkpt>
      <trkpt lat="57.95795632271602" lon="11.99004196070953">
        <ele>145</ele>
      </trkpt>
      <trkpt lat="57.95797348846082" lon="11.99056074766356">
        <ele>147</ele>
      </trkpt>
      <trkpt lat="57.95790482548161" lon="11.99099370589358">
        <ele>146</ele>
      </trkpt>
      <trkpt lat="57.95783425519743" lon="11.99126835781042">
        <ele>146</ele>
      </trkpt>
      <trkpt lat="57.95774461186345" lon="11.9919397291627">
        <ele>146</ele>
      </trkpt>
      <trkpt lat="57.9577055121114" lon="11.99218767880985">
        <ele>145</ele>
      </trkpt>
      <trkpt lat="57.95759488842268" lon="11.99243944306695">
        <ele>144</ele>
      </trkpt>
      <trkpt lat="57.95750047682626" lon="11.99253480831586">
        <ele>144</ele>
      </trkpt>
      <trkpt lat="57.95736315086784" lon="11.99296967385086">
        <ele>142</ele>
      </trkpt>
      <trkpt lat="57.9574012969674" lon="11.99350467289721">
        <ele>143</ele>
      </trkpt>
      <trkpt lat="57.95737650200269" lon="11.99392618729736">
        <ele>141</ele>
      </trkpt>
      <trkpt lat="57.95726683196645" lon="11.99441159641428">
        <ele>140</ele>
      </trkpt>
      <trkpt lat="57.95722105664697" lon="11.99472630173566">
        <ele>140</ele>
      </trkpt>
      <trkpt lat="57.95715525462523" lon="11.99528895670419">
        <ele>140</ele>
      </trkpt>
      <trkpt lat="57.95717909593746" lon="11.99550066755675">
        <ele>141</ele>
      </trkpt>
      <trkpt lat="57.95726111005151" lon="11.99567232500478">
        <ele>142</ele>
      </trkpt>
      <trkpt lat="57.95724680526418" lon="11.99587831394241">
        <ele>142</ele>
      </trkpt>
      <trkpt lat="57.95720198359719" lon="11.9962530993706">
        <ele>142</ele>
      </trkpt>
      <trkpt lat="57.95720389090217" lon="11.99685485409118">
        <ele>143</ele>
      </trkpt>
      <trkpt lat="57.95722487125693" lon="11.99710280373833">
        <ele>144</ele>
      </trkpt>
      <trkpt lat="57.95726873927143" lon="11.9973660118253">
        <ele>145</ele>
      </trkpt>
      <trkpt lat="57.95738222391762" lon="11.99789242799925">
        <ele>147</ele>
      </trkpt>
      <trkpt lat="57.95738222391762" lon="11.99789242799925">
        <ele>147</ele>
      </trkpt>
      <trkpt lat="57.9572706465764" lon="11.99836925424376">
        <ele>149</ele>
      </trkpt>
      <trkpt lat="57.95709803547589" lon="11.99881556360863">
        <ele>150</ele>
      </trkpt>
      <trkpt lat="57.95695689490751" lon="11.99900247949648">
        <ele>151</ele>
      </trkpt>
      <trkpt lat="57.95679954224682" lon="11.99912454701508">
        <ele>152</ele>
      </trkpt>
      <trkpt lat="57.95668510394814" lon="11.99916936868206">
        <ele>152</ele>
      </trkpt>
      <trkpt lat="57.95656589738701" lon="11.99916269311464">
        <ele>151</ele>
      </trkpt>
      <trkpt lat="57.95650677093269" lon="11.99911691779517">
        <ele>151</ele>
      </trkpt>
      <trkpt lat="57.95643143238605" lon="11.99914266641237">
        <ele>150</ele>
      </trkpt>
      <trkpt lat="57.95638184245663" lon="11.99922181956896">
        <ele>150</ele>
      </trkpt>
      <trkpt lat="57.95631699408737" lon="11.99937821857716">
        <ele>150</ele>
      </trkpt>
      <trkpt lat="57.9562969673851" lon="11.99958897577724">
        <ele>150</ele>
      </trkpt>
      <trkpt lat="57.9561930192638" lon="11.99977684531757">
        <ele>150</ele>
      </trkpt>
      <trkpt lat="57.95595079153158" lon="11.99979687201984">
        <ele>148</ele>
      </trkpt>
      <trkpt lat="57.95579534617587" lon="11.99997997329774">
        <ele>147</ele>
      </trkpt>
      <trkpt lat="57.95578771695596" lon="12.00000000000001">
        <ele>147</ele>
      </trkpt>
      <trkpt lat="57.95578771695596" lon="11.99999999999999">
        <ele>147</ele>
      </trkpt>
      <trkpt lat="57.95564657638758" lon="12.00037383177569">
        <ele>147</ele>
      </trkpt>
      <trkpt lat="57.95549780659929" lon="12.00069616631698">
        <ele>146</ele>
      </trkpt>
      <trkpt lat="57.95508964333398" lon="12.00074384894144">
        <ele>143</ele>
      </trkpt>
      <trkpt lat="57.95488746900631" lon="12.00081251192065">
        <ele>143</ele>
      </trkpt>
      <trkpt lat="57.95470913599086" lon="12.0010251764257">
        <ele>143</ele>
      </trkpt>
      <trkpt lat="57.95450696166318" lon="12.0013293915697">
        <ele>144</ele>
      </trkpt>
      <trkpt lat="57.95434388708756" lon="12.00154587068471">
        <ele>144</ele>
      </trkpt>
      <trkpt lat="57.95434388708756" lon="12.00154587068471">
        <ele>144</ele>
      </trkpt>
      <trkpt lat="57.95404253290103" lon="12.00237745565515">
        <ele>143</ele>
      </trkpt>
      <trkpt lat="57.95388136563038" lon="12.00241369444973">
        <ele>142</ele>
      </trkpt>
      <trkpt lat="57.95372210566471" lon="12.00250524508868">
        <ele>141</ele>
      </trkpt>
      <trkpt lat="57.95329105473967" lon="12.00284760633224">
        <ele>136</ele>
      </trkpt>
      <trkpt lat="57.95294487888615" lon="12.00331966431431">
        <ele>130</ele>
      </trkpt>
      <trkpt lat="57.95290291817663" lon="12.00358764066373">
        <ele>129</ele>
      </trkpt>
      <trkpt lat="57.95284283806983" lon="12.00375929811176">
        <ele>127</ele>
      </trkpt>
      <trkpt lat="57.95263017356477" lon="12.00401487697882">
        <ele>124</ele>
      </trkpt>
      <trkpt lat="57.95254720579823" lon="12.00430192637802">
        <ele>122</ele>
      </trkpt>
      <trkpt lat="57.95256246423805" lon="12.00461853900438">
        <ele>122</ele>
      </trkpt>
      <trkpt lat="57.95279801640284" lon="12.00513732595841">
        <ele>123</ele>
      </trkpt>
      <trkpt lat="57.95291340835401" lon="12.0055645622735">
        <ele>122</ele>
      </trkpt>
      <trkpt lat="57.95309841693688" lon="12.00583158497043">
        <ele>123</ele>
      </trkpt>
      <trkpt lat="57.9532099942781" lon="12.00624737745565">
        <ele>122</ele>
      </trkpt>
      <trkpt lat="57.95337116154875" lon="12.00670036238794">
        <ele>121</ele>
      </trkpt>
      <trkpt lat="57.95334636658404" lon="12.00695403395002">
        <ele>120</ele>
      </trkpt>
      <trkpt lat="57.95312798016405" lon="12.0070513065039">
        <ele>119</ele>
      </trkpt>
      <trkpt lat="57.95326339881749" lon="12.00746423803165">
        <ele>119</ele>
      </trkpt>
      <trkpt lat="57.95291913026895" lon="12.0077036048064">
        <ele>117</ele>
      </trkpt>
      <trkpt lat="57.9526187297349" lon="12.00761872973488">
        <ele>116</ele>
      </trkpt>
      <trkpt lat="57.95243944306696" lon="12.00742132366965">
        <ele>115</ele>
      </trkpt>
      <trkpt lat="57.95220198359719" lon="12.00750238413121">
        <ele>114</ele>
      </trkpt>
      <trkpt lat="57.95191302689302" lon="12.00773316803356">
        <ele>113</ele>
      </trkpt>
      <trkpt lat="57.95173469387757" lon="12.00771695594125">
        <ele>112</ele>
      </trkpt>
      <trkpt lat="57.95145908830824" lon="12.0073126072859">
        <ele>111</ele>
      </trkpt>
      <trkpt lat="57.95105473965289" lon="12.00692447072286">
        <ele>109</ele>
      </trkpt>
      <trkpt lat="57.95084398245281" lon="12.00705607476635">
        <ele>109</ele>
      </trkpt>
      <trkpt lat="57.95049399198933" lon="12.00720579820712">
        <ele>108</ele>
      </trkpt>
      <trkpt lat="57.94998283425522" lon="12.00747472820903">
        <ele>106</ele>
      </trkpt>
      <trkpt lat="57.94961567804694" lon="12.00769216097653">
        <ele>104</ele>
      </trkpt>
      <trkpt lat="57.94924661453368" lon="12.00773698264352">
        <ele>103</ele>
      </trkpt>
      <trkpt lat="57.9490101087164" lon="12.00783234789242">
        <ele>102</ele>
      </trkpt>
      <trkpt lat="57.94860099179861" lon="12.00825767690253">
        <ele>101</ele>
      </trkpt>
      <trkpt lat="57.94824051115775" lon="12.00876406637421">
        <ele>100</ele>
      </trkpt>
      <trkpt lat="57.94778657257297" lon="12.00916364676711">
        <ele>95</ele>
      </trkpt>
      <trkpt lat="57.94766831966433" lon="12.00918844173182">
        <ele>94</ele>
      </trkpt>
      <trkpt lat="57.94762614096816" lon="12.00913715243728">
        <ele>94</ele>
      </trkpt>
      <trkpt lat="57.9476261420171" lon="12.00913715371279">
        <ele>94</ele>
      </trkpt>
      <trkpt lat="57.94731069998095" lon="12.00875357619682">
        <ele>91</ele>
      </trkpt>
      <trkpt lat="57.94702460423424" lon="12.00861911119587">
        <ele>88</ele>
      </trkpt>
      <trkpt lat="57.94673946214002" lon="12.00858477970627">
        <ele>85</ele>
      </trkpt>
      <trkpt lat="57.94673946214002" lon="12.00858477970627">
        <ele>85</ele>
      </trkpt>
      <trkpt lat="57.94668292550444" lon="12.00854750009067">
        <ele>85</ele>
      </trkpt>
      <trkpt lat="57.94668292550444" lon="12.00854750009067">
        <ele>85</ele>
      </trkpt>
      <trkpt lat="57.94664631023314" lon="12.00856290299542">
        <ele>84</ele>
      </trkpt>
      <trkpt lat="57.94664631023314" lon="12.00856290299542">
        <ele>84</ele>
      </trkpt>
      <trkpt lat="57.94648579057793" lon="12.0084426854854">
        <ele>83</ele>
      </trkpt>
      <trkpt lat="57.94632748426475" lon="12.0083387373641">
        <ele>82</ele>
      </trkpt>
      <trkpt lat="57.9461138661072" lon="12.00822334541292">
        <ele>81</ele>
      </trkpt>
      <trkpt lat="57.94592504291438" lon="12.00815086782376">
        <ele>80</ele>
      </trkpt>
      <trkpt lat="57.94585065802023" lon="12.00810986076673">
        <ele>80</ele>
      </trkpt>
      <trkpt lat="57.94570284188443" lon="12.00807839023459">
        <ele>79</ele>
      </trkpt>
      <trkpt lat="57.94552450886898" lon="12.00806694640472">
        <ele>79</ele>
      </trkpt>
      <trkpt lat="57.94533568567616" lon="12.00807839023459">
        <ele>78</ele>
      </trkpt>
      <trkpt lat="57.94522983024987" lon="12.00811367537668">
        <ele>77</ele>
      </trkpt>
      <trkpt lat="57.94498474156019" lon="12.00821190158305">
        <ele>76</ele>
      </trkpt>
      <trkpt lat="57.94496402850981" lon="12.00822290851804">
        <ele>76</ele>
      </trkpt>
      <trkpt lat="57.94496402850981" lon="12.00822290851804">
        <ele>76</ele>
      </trkpt>
      <trkpt lat="57.94492878081804" lon="12.00819671195766">
        <ele>76</ele>
      </trkpt>
      <trkpt lat="57.94492878081804" lon="12.00819671195766">
        <ele>76</ele>
      </trkpt>
      <trkpt lat="57.94478924279994" lon="12.00815754339118">
        <ele>76</ele>
      </trkpt>
      <trkpt lat="57.94454606141524" lon="12.00807839023459">
        <ele>76</ele>
      </trkpt>
      <trkpt lat="57.94428762159071" lon="12.00770455845889">
        <ele>74</ele>
      </trkpt>
      <trkpt lat="57.94425576123805" lon="12.00764550024421">
        <ele>74</ele>
      </trkpt>
      <trkpt lat="57.94425576123805" lon="12.00764550024421">
        <ele>74</ele>
      </trkpt>
      <trkpt lat="57.94405302307841" lon="12.00726969292389">
        <ele>73</ele>
      </trkpt>
      <trkpt lat="57.94374213236699" lon="12.00722963951935">
        <ele>72</ele>
      </trkpt>
      <trkpt lat="57.94362387945834" lon="12.00710852565324">
        <ele>72</ele>
      </trkpt>
      <trkpt lat="57.94340930764831" lon="12.00656208277703">
        <ele>71</ele>
      </trkpt>
      <trkpt lat="57.94309174136946" lon="12.006216860576">
        <ele>70</ele>
      </trkpt>
      <trkpt lat="57.94284093076485" lon="12.00573431241655">
        <ele>69</ele>
      </trkpt>
      <trkpt lat="57.94271218767883" lon="12.00541102422276">
        <ele>69</ele>
      </trkpt>
      <trkpt lat="57.94251954987604" lon="12.0053299637612">
        <ele>68</ele>
      </trkpt>
      <trkpt lat="57.94234789242802" lon="12.00508773602898">
        <ele>67</ele>
      </trkpt>
      <trkpt lat="57.94234789242802" lon="12.00508773602898">
        <ele>67</ele>
      </trkpt>
      <trkpt lat="57.94221914934199" lon="12.00478447453747">
        <ele>66</ele>
      </trkpt>
      <trkpt lat="57.94221914934199" lon="12.00478447453747">
        <ele>66</ele>
      </trkpt>
      <trkpt lat="57.94192828533284" lon="12.00418081251191">
        <ele>62</ele>
      </trkpt>
      <trkpt lat="57.94138470341409" lon="12.00455082967766">
        <ele>60</ele>
      </trkpt>
      <trkpt lat="57.94112912454703" lon="12.00414362006484">
        <ele>57</ele>
      </trkpt>
      <trkpt lat="57.94055979401108" lon="12.00292199122639">
        <ele>55</ele>
      </trkpt>
      <trkpt lat="57.94009250429146" lon="12.00196833873735">
        <ele>54</ele>
      </trkpt>
      <trkpt lat="57.94000000000002" lon="12.00157448025938">
        <ele>54</ele>
      </trkpt>
      <trkpt lat="57.94" lon="12.00157448025938">
        <ele>54</ele>
      </trkpt>
      <trkpt lat="57.93992180049591" lon="12.0012426091932">
        <ele>54</ele>
      </trkpt>
      <trkpt lat="57.93992180049591" lon="12.0012426091932">
        <ele>54</ele>
      </trkpt>
      <trkpt lat="57.93981594506963" lon="12.00138470341407">
        <ele>54</ele>
      </trkpt>
      <trkpt lat="57.9396271218768" lon="12.00170799160785">
        <ele>54</ele>
      </trkpt>
      <trkpt lat="57.93938584779707" lon="12.0021647911501">
        <ele>54</ele>
      </trkpt>
      <trkpt lat="57.93914075910739" lon="12.0026864390616">
        <ele>55</ele>
      </trkpt>
      <trkpt lat="57.93884703414076" lon="12.00343505626549">
        <ele>56</ele>
      </trkpt>
      <trkpt lat="57.93858954796872" lon="12.00394812130459">
        <ele>57</ele>
      </trkpt>
      <trkpt lat="57.93836257867634" lon="12.0044249475491">
        <ele>58</ele>
      </trkpt>
      <trkpt lat="57.93811939729164" lon="12.00489414457371">
        <ele>60</ele>
      </trkpt>
      <trkpt lat="57.93808220484456" lon="12.00483501811939">
        <ele>61</ele>
      </trkpt>
      <trkpt lat="57.93802593934771" lon="12.0047644478352">
        <ele>61</ele>
      </trkpt>
      <trkpt lat="57.93797539576579" lon="12.00472248712568">
        <ele>61</ele>
      </trkpt>
      <trkpt lat="57.93776273126073" lon="12.0046337974442">
        <ele>62</ele>
      </trkpt>
      <trkpt lat="57.93765020026703" lon="12.00451077627312">
        <ele>62</ele>
      </trkpt>
      <trkpt lat="57.9375224108335" lon="12.00434293343505">
        <ele>61</ele>
      </trkpt>
      <trkpt lat="57.93735266069045" lon="12.00409403013541">
        <ele>61</ele>
      </trkpt>
      <trkpt lat="57.93729067327867" lon="12.00402441350371">
        <ele>61</ele>
      </trkpt>
      <trkpt lat="57.93729067327867" lon="12.00402441350371">
        <ele>61</ele>
      </trkpt>
      <trkpt lat="57.93721152012208" lon="12.0038775510204">
        <ele>61</ele>
      </trkpt>
      <trkpt lat="57.93668987221057" lon="12.00261300781994">
        <ele>60</ele>
      </trkpt>
      <trkpt lat="57.93651058554263" lon="12.00222677856188">
        <ele>59</ele>
      </trkpt>
      <trkpt lat="57.93640663742133" lon="12.00175662788479">
        <ele>59</ele>
      </trkpt>
      <trkpt lat="57.93632080869732" lon="12.00088308220483">
        <ele>57</ele>
      </trkpt>
      <trkpt lat="57.93627980164029" lon="12.00025462521456">
        <ele>56</ele>
      </trkpt>
      <trkpt lat="57.93627980164029" lon="12.00025462521456">
        <ele>56</ele>
      </trkpt>
      <trkpt lat="57.9362506916076" lon="12.0002331757168">
        <ele>56</ele>
      </trkpt>
      <trkpt lat="57.9362506916076" lon="12.0002331757168">
        <ele>56</ele>
      </trkpt>
      <trkpt lat="57.93622426142703" lon="12.00025250685708">
        <ele>56</ele>
      </trkpt>
      <trkpt lat="57.93622426142703" lon="12.00025250685708">
        <ele>56</ele>
      </trkpt>
      <trkpt lat="57.93615296585925" lon="12.00034331489604">
        <ele>56</ele>
      </trkpt>
      <trkpt lat="57.93603280564563" lon="12.00035761968338">
        <ele>57</ele>
      </trkpt>
      <trkpt lat="57.93591264543201" lon="12.0003728781232">
        <ele>57</ele>
      </trkpt>
      <trkpt lat="57.93583921419036" lon="12.00040339500285">
        <ele>58</ele>
      </trkpt>
      <trkpt lat="57.93576673660119" lon="12.00043486553499">
        <ele>58</ele>
      </trkpt>
      <trkpt lat="57.93566755674233" lon="12.00044821666984">
        <ele>58</ele>
      </trkpt>
      <trkpt lat="57.93557886706085" lon="12.00043963379744">
        <ele>58</ele>
      </trkpt>
      <trkpt lat="57.93547968720199" lon="12.00044821666984">
        <ele>59</ele>
      </trkpt>
      <trkpt lat="57.93537669273317" lon="12.00052832347892">
        <ele>59</ele>
      </trkpt>
      <trkpt lat="57.93530898340645" lon="12.00054453557123">
        <ele>59</ele>
      </trkpt>
      <trkpt lat="57.93521171085257" lon="12.00050162120922">
        <ele>59</ele>
      </trkpt>
      <trkpt lat="57.93512492847607" lon="12.00060270837306">
        <ele>60</ele>
      </trkpt>
      <trkpt lat="57.93503909975206" lon="12.0007037955369">
        <ele>60</ele>
      </trkpt>
      <trkpt lat="57.934957085638" lon="12.00068281518214">
        <ele>60</ele>
      </trkpt>
      <trkpt lat="57.93487602517643" lon="12.00066278847987">
        <ele>60</ele>
      </trkpt>
      <trkpt lat="57.93480164028229" lon="12.00068472248712">
        <ele>60</ele>
      </trkpt>
      <trkpt lat="57.93473393095557" lon="12.00066278847987">
        <ele>60</ele>
      </trkpt>
      <trkpt lat="57.93467098989129" lon="12.00066278847987">
        <ele>60</ele>
      </trkpt>
      <trkpt lat="57.9346185390044" lon="12.0005988937631">
        <ele>60</ele>
      </trkpt>
      <trkpt lat="57.93456704176999" lon="12.00053499904634">
        <ele>59</ele>
      </trkpt>
      <trkpt lat="57.93450600801069" lon="12.0005559794011">
        <ele>60</ele>
      </trkpt>
      <trkpt lat="57.93445737173375" lon="12.00048445546442">
        <ele>59</ele>
      </trkpt>
      <trkpt lat="57.93440968910929" lon="12.00041388518023">
        <ele>59</ele>
      </trkpt>
      <trkpt lat="57.93434579439253" lon="12.00039385847796">
        <ele>59</ele>
      </trkpt>
      <trkpt lat="57.93428189967577" lon="12.00037383177569">
        <ele>59</ele>
      </trkpt>
      <trkpt lat="57.93425233644861" lon="12.00037383177569">
        <ele>59</ele>
      </trkpt>
      <trkpt lat="57.93425233644861" lon="12.00037383177569">
        <ele>59</ele>
      </trkpt>
      <trkpt lat="57.93419034903682" lon="12.00032042723631">
        <ele>58</ele>
      </trkpt>
      <trkpt lat="57.93409212283045" lon="12.00028991035666">
        <ele>58</ele>
      </trkpt>
      <trkpt lat="57.93368047008755" lon="12.00026037473385">
        <ele>57</ele>
      </trkpt>
      <trkpt lat="57.93368047008755" lon="12.00026037473385">
        <ele>57</ele>
      </trkpt>
      <trkpt lat="57.93366563052684" lon="12.00026017492607">
        <ele>57</ele>
      </trkpt>
      <trkpt lat="57.93366563052684" lon="12.00026017492607">
        <ele>57</ele>
      </trkpt>
      <trkpt lat="57.93354186534427" lon="12.00034331489604">
        <ele>58</ele>
      </trkpt>
      <trkpt lat="57.9334350562655" lon="12.00040530230783">
        <ele>58</ele>
      </trkpt>
      <trkpt lat="57.93334064466909" lon="12.00049113103184">
        <ele>58</ele>
      </trkpt>
      <trkpt lat="57.93327102803739" lon="12.00054262826625">
        <ele>58</ele>
      </trkpt>
      <trkpt lat="57.93319378218577" lon="12.00059984741559">
        <ele>58</ele>
      </trkpt>
      <trkpt lat="57.93241655540722" lon="12.00172897196261">
        <ele>56</ele>
      </trkpt>
      <trkpt lat="57.93213904253291" lon="12.0021123402632">
        <ele>55</ele>
      </trkpt>
      <trkpt lat="57.93200171657449" lon="12.00214762540529">
        <ele>55</ele>
      </trkpt>
      <trkpt lat="57.93177951554454" lon="12.00217718863245">
        <ele>54</ele>
      </trkpt>
      <trkpt lat="57.93142475681862" lon="12.00224775891664">
        <ele>53</ele>
      </trkpt>
      <trkpt lat="57.9313217623498" lon="12.00230116345603">
        <ele>53</ele>
      </trkpt>
      <trkpt lat="57.9313217623498" lon="12.00230116345603">
        <ele>53</ele>
      </trkpt>
      <trkpt lat="57.93126835781042" lon="12.00243181384702">
        <ele>53</ele>
      </trkpt>
      <trkpt lat="57.93122735075339" lon="12.00259107381269">
        <ele>53</ele>
      </trkpt>
      <trkpt lat="57.93120541674615" lon="12.00273507533854">
        <ele>53</ele>
      </trkpt>
      <trkpt lat="57.93120541674615" lon="12.00273507533854">
        <ele>53</ele>
      </trkpt>
      <trkpt lat="57.93107858096511" lon="12.00262349799732">
        <ele>53</ele>
      </trkpt>
      <trkpt lat="57.9309135990845" lon="12.00236028991035">
        <ele>53</ele>
      </trkpt>
      <trkpt lat="57.93084970436774" lon="12.00209994278084">
        <ele>53</ele>
      </trkpt>
      <trkpt lat="57.93076196833874" lon="12.00190825863055">
        <ele>53</ele>
      </trkpt>
      <trkpt lat="57.93058744993325" lon="12.0015554072096">
        <ele>52</ele>
      </trkpt>
      <trkpt lat="57.9305216479115" lon="12.00147243944306">
        <ele>52</ele>
      </trkpt>
      <trkpt lat="57.9305216479115" lon="12.00147243944306">
        <ele>52</ele>
      </trkpt>
      <trkpt lat="57.93050543581919" lon="12.0014514590883">
        <ele>52</ele>
      </trkpt>
      <trkpt lat="57.9301157955575" lon="12.00119598740728">
        <ele>52</ele>
      </trkpt>
      <trkpt lat="57.9301157957503" lon="12.0011959875337">
        <ele>52</ele>
      </trkpt>
      <trkpt lat="57.93010108716384" lon="12.00118634369635">
        <ele>52</ele>
      </trkpt>
      <trkpt lat="57.929914171276" lon="12.00107381270264">
        <ele>52</ele>
      </trkpt>
      <trkpt lat="57.92971295060081" lon="12.00096986458134">
        <ele>53</ele>
      </trkpt>
      <trkpt lat="57.9295489223727" lon="12.00080869731069">
        <ele>54</ele>
      </trkpt>
      <trkpt lat="57.92938012588213" lon="12.00068949074956">
        <ele>55</ele>
      </trkpt>
      <trkpt lat="57.92925329010109" lon="12.00066755674231">
        <ele>55</ele>
      </trkpt>
      <trkpt lat="57.92925329010109" lon="12.00066755674231">
        <ele>55</ele>
      </trkpt>
      <trkpt lat="57.92919034903682" lon="12.00079343887087">
        <ele>55</ele>
      </trkpt>
      <trkpt lat="57.92910356666032" lon="12.00115773412168">
        <ele>55</ele>
      </trkpt>
      <trkpt lat="57.92902155254626" lon="12.00144955178332">
        <ele>54</ele>
      </trkpt>
      <trkpt lat="57.92890139233264" lon="12.00172897196261">
        <ele>55</ele>
      </trkpt>
      <trkpt lat="57.92882319282854" lon="12.00178237650199">
        <ele>55</ele>
      </trkpt>
      <trkpt lat="57.92877551020409" lon="12.00178905206942">
        <ele>55</ele>
      </trkpt>
      <trkpt lat="57.92862387945834" lon="12.00172897196261">
        <ele>56</ele>
      </trkpt>
      <trkpt lat="57.92842361243564" lon="12.00166316994086">
        <ele>58</ele>
      </trkpt>
      <trkpt lat="57.92823765020027" lon="12.00168319664313">
        <ele>59</ele>
      </trkpt>
      <trkpt lat="57.92814228495137" lon="12.00164314323859">
        <ele>60</ele>
      </trkpt>
      <trkpt lat="57.92798016402823" lon="12.00169654777798">
        <ele>61</ele>
      </trkpt>
      <trkpt lat="57.92778752622545" lon="12.00181575433911">
        <ele>63</ele>
      </trkpt>
      <trkpt lat="57.92761491512493" lon="12.00185485409116">
        <ele>64</ele>
      </trkpt>
      <trkpt lat="57.92724585161168" lon="12.00174232309745">
        <ele>66</ele>
      </trkpt>
      <trkpt lat="57.92713332061798" lon="12.00164314323859">
        <ele>67</ele>
      </trkpt>
      <trkpt lat="57.92701316040436" lon="12.00164981880602">
        <ele>68</ele>
      </trkpt>
      <trkpt lat="57.92681289338166" lon="12.00157734121685">
        <ele>69</ele>
      </trkpt>
      <trkpt lat="57.92681289338166" lon="12.00157734121685">
        <ele>69</ele>
      </trkpt>
      <trkpt lat="57.92665172611101" lon="12.00152393667747">
        <ele>70</ele>
      </trkpt>
      <trkpt lat="57.92654205607477" lon="12.00152870493991">
        <ele>70</ele>
      </trkpt>
      <trkpt lat="57.92651248342182" lon="12.00151922471145">
        <ele>70</ele>
      </trkpt>
      <trkpt lat="57.92651248342182" lon="12.00151922471145">
        <ele>70</ele>
      </trkpt>
      <trkpt lat="57.92647915098565" lon="12.00150853919364">
        <ele>70</ele>
      </trkpt>
      <trkpt lat="57.92647915098565" lon="12.00150853919364">
        <ele>70</ele>
      </trkpt>
      <trkpt lat="57.92654205607477" lon="12.00152870493991">
        <ele>70</ele>
      </trkpt>
      <trkpt lat="57.92654205607477" lon="12.00152870493991">
        <ele>70</ele>
      </trkpt>
      <trkpt lat="57.92640854472631" lon="12.00132843791721">
        <ele>71</ele>
      </trkpt>
      <trkpt lat="57.92602422277323" lon="12.00113198550447">
        <ele>72</ele>
      </trkpt>
      <trkpt lat="57.92602422277323" lon="12.00113198550447">
        <ele>72</ele>
      </trkpt>
      <trkpt lat="57.92577245851612" lon="12.0011729925615">
        <ele>72</ele>
      </trkpt>
      <trkpt lat="57.92577245851612" lon="12.0011729925615">
        <ele>72</ele>
      </trkpt>
      <trkpt lat="57.92565213611807" lon="12.00107137981248">
        <ele>73</ele>
      </trkpt>
      <trkpt lat="57.92565213611807" lon="12.00107137981248">
        <ele>73</ele>
      </trkpt>
      <trkpt lat="57.92564943358052" lon="12.00106909750865">
        <ele>73</ele>
      </trkpt>
      <trkpt lat="57.92564943358052" lon="12.00106909750865">
        <ele>73</ele>
      </trkpt>
      <trkpt lat="57.92541674613771" lon="12.00087259202746">
        <ele>74</ele>
      </trkpt>
      <trkpt lat="57.92519740606524" lon="12.0007381270265">
        <ele>75</ele>
      </trkpt>
      <trkpt lat="57.92493324432577" lon="12.00051974060651">
        <ele>76</ele>
      </trkpt>
      <trkpt lat="57.92459565134466" lon="11.99999999999999">
        <ele>79</ele>
      </trkpt>
      <trkpt lat="57.92459565134466" lon="12.00000000000001">
        <ele>79</ele>
      </trkpt>
      <trkpt lat="57.92432386038529" lon="11.99960232691208">
        <ele>79</ele>
      </trkpt>
      <trkpt lat="57.92418844173184" lon="11.99939156971201">
        <ele>79</ele>
      </trkpt>
      <trkpt lat="57.92391760442496" lon="11.99921037573909">
        <ele>77</ele>
      </trkpt>
      <trkpt lat="57.92391760442496" lon="11.99921037573909">
        <ele>77</ele>
      </trkpt>
      <trkpt lat="57.92341312225825" lon="11.99890329963762">
        <ele>73</ele>
      </trkpt>
      <trkpt lat="57.92333778371162" lon="11.99886706084304">
        <ele>72</ele>
      </trkpt>
      <trkpt lat="57.92319092122831" lon="11.99879553690636">
        <ele>71</ele>
      </trkpt>
      <trkpt lat="57.92306408544727" lon="11.99879076864392">
        <ele>70</ele>
      </trkpt>
      <trkpt lat="57.92295536906352" lon="11.99885752431815">
        <ele>69</ele>
      </trkpt>
      <trkpt lat="57.92284569902728" lon="11.99902345985124">
        <ele>68</ele>
      </trkpt>
      <trkpt lat="57.92274461186344" lon="11.99924375357621">
        <ele>67</ele>
      </trkpt>
      <trkpt lat="57.92266545870685" lon="11.99959374403968">
        <ele>68</ele>
      </trkpt>
      <trkpt lat="57.92256246423804" lon="12.00000000000001">
        <ele>67</ele>
      </trkpt>
      <trkpt lat="57.92256246423804" lon="11.99999999999999">
        <ele>67</ele>
      </trkpt>
      <trkpt lat="57.92246042342171" lon="12.00040434865534">
        <ele>68</ele>
      </trkpt>
      <trkpt lat="57.9221047110433" lon="12.0014075910738">
        <ele>68</ele>
      </trkpt>
      <trkpt lat="57.92194259012017" lon="12.00176234979972">
        <ele>69</ele>
      </trkpt>
      <trkpt lat="57.9218443639138" lon="12.00190635132557">
        <ele>70</ele>
      </trkpt>
      <trkpt lat="57.92179286667939" lon="12.00191302689299">
        <ele>70</ele>
      </trkpt>
      <trkpt lat="57.92174327674996" lon="12.00189681480068">
        <ele>70</ele>
      </trkpt>
      <trkpt lat="57.92170036238795" lon="12.00185676139614">
        <ele>70</ele>
      </trkpt>
      <trkpt lat="57.92161644096892" lon="12.00176711806217">
        <ele>70</ele>
      </trkpt>
      <trkpt lat="57.92143810795347" lon="12.00153919511729">
        <ele>70</ele>
      </trkpt>
      <trkpt lat="57.92104711043297" lon="12.00108525653251">
        <ele>69</ele>
      </trkpt>
      <trkpt lat="57.92088117489988" lon="12.00088212855235">
        <ele>68</ele>
      </trkpt>
      <trkpt lat="57.92076769025368" lon="12.00078294869349">
        <ele>67</ele>
      </trkpt>
      <trkpt lat="57.92061033759299" lon="12.00061319855044">
        <ele>66</ele>
      </trkpt>
      <trkpt lat="57.92040720961283" lon="12.00042342170512">
        <ele>65</ele>
      </trkpt>
      <trkpt lat="57.92040720961283" lon="12.00042342170512">
        <ele>65</ele>
      </trkpt>
      <trkpt lat="57.92030230783903" lon="12.00063131794773">
        <ele>65</ele>
      </trkpt>
      <trkpt lat="57.92025843982454" lon="12.00073335876406">
        <ele>65</ele>
      </trkpt>
      <trkpt lat="57.92021266450506" lon="12.00087068472248">
        <ele>66</ele>
      </trkpt>
      <trkpt lat="57.92017261110052" lon="12.00102231546823">
        <ele>66</ele>
      </trkpt>
      <trkpt lat="57.92014972344079" lon="12.00117680717146">
        <ele>67</ele>
      </trkpt>
      <trkpt lat="57.92012778943354" lon="12.00148388327293">
        <ele>69</ele>
      </trkpt>
      <trkpt lat="57.92016688918559" lon="12.00217528132747">
        <ele>72</ele>
      </trkpt>
      <trkpt lat="57.92016975014305" lon="12.00237936296013">
        <ele>73</ele>
      </trkpt>
      <trkpt lat="57.92015544535572" lon="12.00253385466335">
        <ele>74</ele>
      </trkpt>
      <trkpt lat="57.92013541865345" lon="12.00263780278466">
        <ele>74</ele>
      </trkpt>
      <trkpt lat="57.92008487507153" lon="12.0028428380698">
        <ele>74</ele>
      </trkpt>
      <trkpt lat="57.92000000000001" lon="12.00302689300018">
        <ele>75</ele>
      </trkpt>
      <trkpt lat="57.91999999999999" lon="12.00302689300018">
        <ele>75</ele>
      </trkpt>
      <trkpt lat="57.9199475491131" lon="12.00311081441922">
        <ele>75</ele>
      </trkpt>
      <trkpt lat="57.91984455464429" lon="12.00323097463284">
        <ele>75</ele>
      </trkpt>
      <trkpt lat="57.91976444783521" lon="12.00328247186724">
        <ele>75</ele>
      </trkpt>
      <trkpt lat="57.91964619492656" lon="12.00332538622925">
        <ele>75</ele>
      </trkpt>
      <trkpt lat="57.91922086591646" lon="12.00342075147815">
        <ele>74</ele>
      </trkpt>
      <trkpt lat="57.91848941445737" lon="12.00357142857142">
        <ele>74</ele>
      </trkpt>
      <trkpt lat="57.91848768791215" lon="12.0035715005108">
        <ele>74</ele>
      </trkpt>
      <trkpt lat="57.91848768791215" lon="12.0035715005108">
        <ele>74</ele>
      </trkpt>
      <trkpt lat="57.91846593340412" lon="12.00357240694864">
        <ele>74</ele>
      </trkpt>
      <trkpt lat="57.91846593340412" lon="12.00357240694864">
        <ele>74</ele>
      </trkpt>
      <trkpt lat="57.9184436391379" lon="12.0035733358764">
        <ele>74</ele>
      </trkpt>
      <trkpt lat="57.9184436391379" lon="12.0035733358764">
        <ele>74</ele>
      </trkpt>
      <trkpt lat="57.91839214190349" lon="12.00357715048635">
        <ele>74</ele>
      </trkpt>
      <trkpt lat="57.91831966431432" lon="12.00359145527369">
        <ele>74</ele>
      </trkpt>
      <trkpt lat="57.91824814037764" lon="12.00360671371351">
        <ele>74</ele>
      </trkpt>
      <trkpt lat="57.91819664314323" lon="12.00366297921037">
        <ele>74</ele>
      </trkpt>
      <trkpt lat="57.91814991417127" lon="12.00375262254434">
        <ele>74</ele>
      </trkpt>
      <trkpt lat="57.91812798016402" lon="12.00386610719053">
        <ele>74</ele>
      </trkpt>
      <trkpt lat="57.91810699980927" lon="12.00398054548922">
        <ele>74</ele>
      </trkpt>
      <trkpt lat="57.91804882700743" lon="12.00404634751096">
        <ele>73</ele>
      </trkpt>
      <trkpt lat="57.91802345623297" lon="12.00405945574443">
        <ele>73</ele>
      </trkpt>
      <trkpt lat="57.91802345623297" lon="12.00405945574443">
        <ele>73</ele>
      </trkpt>
      <trkpt lat="57.91799160785809" lon="12.00407591073812">
        <ele>73</ele>
      </trkpt>
      <trkpt lat="57.91740921237326" lon="12.00389893702598">
        <ele>74</ele>
      </trkpt>
      <trkpt lat="57.91740921224776" lon="12.00389893698784">
        <ele>74</ele>
      </trkpt>
      <trkpt lat="57.91685866870112" lon="12.00373164218958">
        <ele>75</ele>
      </trkpt>
      <trkpt lat="57.91679668128933" lon="12.00373164218958">
        <ele>75</ele>
      </trkpt>
      <trkpt lat="57.91673564753004" lon="12.00373164218958">
        <ele>75</ele>
      </trkpt>
      <trkpt lat="57.91614342933435" lon="12.00381365630363">
        <ele>75</ele>
      </trkpt>
      <trkpt lat="57.91614342933435" lon="12.00381365630363">
        <ele>75</ele>
      </trkpt>
      <trkpt lat="57.91604615678047" lon="12.00208182338355">
        <ele>84</ele>
      </trkpt>
      <trkpt lat="57.91610528323478" lon="12.00149914171275">
        <ele>85</ele>
      </trkpt>
      <trkpt lat="57.91610528323478" lon="12.00149914171275">
        <ele>85</ele>
      </trkpt>
      <trkpt lat="57.91600514972344" lon="12.001259774938">
        <ele>86</ele>
      </trkpt>
      <trkpt lat="57.91571523936677" lon="12.00070951745183">
        <ele>87</ele>
      </trkpt>
      <trkpt lat="57.9155388136563" lon="12.00017356475299">
        <ele>86</ele>
      </trkpt>
      <trkpt lat="57.91535380507343" lon="12.0001039481213">
        <ele>85</ele>
      </trkpt>
      <trkpt lat="57.9151478161358" lon="11.99999999999999">
        <ele>85</ele>
      </trkpt>
      <trkpt lat="57.9151478161358" lon="12.00000000000001">
        <ele>85</ele>
      </trkpt>
      <trkpt lat="57.91499237078008" lon="11.99978065992753">
        <ele>86</ele>
      </trkpt>
      <trkpt lat="57.91445451077627" lon="11.99897768453177">
        <ele>84</ele>
      </trkpt>
      <trkpt lat="57.91431337020789" lon="11.99897386992181">
        <ele>84</ele>
      </trkpt>
      <trkpt lat="57.91424279992371" lon="11.9989395384322">
        <ele>83</ele>
      </trkpt>
      <trkpt lat="57.91403108907114" lon="11.99875166889186">
        <ele>82</ele>
      </trkpt>
      <trkpt lat="57.91403108907114" lon="11.99875166889186">
        <ele>82</ele>
      </trkpt>
      <trkpt lat="57.91392809460233" lon="11.99891760442496">
        <ele>81</ele>
      </trkpt>
      <trkpt lat="57.91392809460233" lon="11.99891760442496">
        <ele>81</ele>
      </trkpt>
      <trkpt lat="57.91359336257867" lon="11.99847701697502">
        <ele>79</ele>
      </trkpt>
      <trkpt lat="57.91359336257867" lon="11.99847701697502">
        <ele>79</ele>
      </trkpt>
      <trkpt lat="57.9135487256386" lon="11.9984448701879">
        <ele>78</ele>
      </trkpt>
      <trkpt lat="57.9135487256386" lon="11.9984448701879">
        <ele>78</ele>
      </trkpt>
      <trkpt lat="57.91335998951962" lon="11.99990915001139">
        <ele>74</ele>
      </trkpt>
      <trkpt lat="57.91335998951962" lon="11.99990915001139">
        <ele>74</ele>
      </trkpt>
      <trkpt lat="57.91335685676139" lon="12.00000000000001">
        <ele>74</ele>
      </trkpt>
      <trkpt lat="57.91335685676139" lon="11.99999999999999">
        <ele>74</ele>
      </trkpt>
      <trkpt lat="57.91335304215144" lon="12.00010299446881">
        <ele>73</ele>
      </trkpt>
      <trkpt lat="57.91329677665458" lon="12.00052355521647">
        <ele>71</ele>
      </trkpt>
      <trkpt lat="57.91315372878123" lon="12.00126645050543">
        <ele>70</ele>
      </trkpt>
      <trkpt lat="57.91313942399389" lon="12.00150581728017">
        <ele>69</ele>
      </trkpt>
      <trkpt lat="57.91314800686629" lon="12.00176330345221">
        <ele>68</ele>
      </trkpt>
      <trkpt lat="57.91327388899484" lon="12.00278752622543">
        <ele>65</ele>
      </trkpt>
      <trkpt lat="57.91328056456227" lon="12.00294201792866">
        <ele>65</ele>
      </trkpt>
      <trkpt lat="57.9132691207324" lon="12.00311272172419">
        <ele>65</ele>
      </trkpt>
      <trkpt lat="57.91308792675949" lon="12.0041646004196">
        <ele>62</ele>
      </trkpt>
      <trkpt lat="57.91303356856761" lon="12.00437440396719">
        <ele>61</ele>
      </trkpt>
      <trkpt lat="57.91296585924089" lon="12.00452222010299">
        <ele>60</ele>
      </trkpt>
      <trkpt lat="57.91279706275033" lon="12.00473393095555">
        <ele>59</ele>
      </trkpt>
      <trkpt lat="57.91153919511729" lon="12.00658020217432">
        <ele>52</ele>
      </trkpt>
      <trkpt lat="57.9111653633416" lon="12.0074861720389">
        <ele>46</ele>
      </trkpt>
      <trkpt lat="57.91107667366011" lon="12.00762349799732">
        <ele>45</ele>
      </trkpt>
      <trkpt lat="57.91099179858859" lon="12.00768739271409">
        <ele>45</ele>
      </trkpt>
      <trkpt lat="57.91074384894144" lon="12.00776559221819">
        <ele>44</ele>
      </trkpt>
      <trkpt lat="57.91064848369254" lon="12.00785332824718">
        <ele>44</ele>
      </trkpt>
      <trkpt lat="57.91055502574861" lon="12.00803452222009">
        <ele>42</ele>
      </trkpt>
      <trkpt lat="57.90994634476345" lon="12.01014334379819">
        <ele>32</ele>
      </trkpt>
      <trkpt lat="57.90994634476345" lon="12.01014334379819">
        <ele>32</ele>
      </trkpt>
      <trkpt lat="57.90976189705381" lon="12.01078237691999">
        <ele>31</ele>
      </trkpt>
      <trkpt lat="57.90976189673913" lon="12.01078237677265">
        <ele>31</ele>
      </trkpt>
      <trkpt lat="57.90970627503337" lon="12.01073717337401">
        <ele>31</ele>
      </trkpt>
      <trkpt lat="57.90961090978447" lon="12.01066755674231">
        <ele>31</ele>
      </trkpt>
      <trkpt lat="57.90951554453557" lon="12.01059794011061">
        <ele>31</ele>
      </trkpt>
      <trkpt lat="57.90944497425138" lon="12.01053309174136">
        <ele>31</ele>
      </trkpt>
      <trkpt lat="57.90937440396719" lon="12.01046824337211">
        <ele>31</ele>
      </trkpt>
      <trkpt lat="57.90875262254434" lon="12.00981880602708">
        <ele>33</ele>
      </trkpt>
      <trkpt lat="57.90873982412224" lon="12.00980729918886">
        <ele>33</ele>
      </trkpt>
      <trkpt lat="57.90873982412224" lon="12.00980729918886">
        <ele>33</ele>
      </trkpt>
      <trkpt lat="57.90864867442303" lon="12.00972534808315">
        <ele>33</ele>
      </trkpt>
      <trkpt lat="57.90853614342933" lon="12.009650963189">
        <ele>34</ele>
      </trkpt>
      <trkpt lat="57.90847606332252" lon="12.00962998283425">
        <ele>34</ele>
      </trkpt>
      <trkpt lat="57.90839214190348" lon="12.00961758535189">
        <ele>34</ele>
      </trkpt>
      <trkpt lat="57.90775319473583" lon="12.00959374403966">
        <ele>35</ele>
      </trkpt>
      <trkpt lat="57.90765878313942" lon="12.00958039290482">
        <ele>35</ele>
      </trkpt>
      <trkpt lat="57.90760347129505" lon="12.00956513446499">
        <ele>35</ele>
      </trkpt>
      <trkpt lat="57.90752622544345" lon="12.00953461758534">
        <ele>35</ele>
      </trkpt>
      <trkpt lat="57.90744707228686" lon="12.00948788861338">
        <ele>36</ele>
      </trkpt>
      <trkpt lat="57.90736887278275" lon="12.00944211329391">
        <ele>36</ele>
      </trkpt>
      <trkpt lat="57.90726683196642" lon="12.00936009917985">
        <ele>37</ele>
      </trkpt>
      <trkpt lat="57.90718481785237" lon="12.00927999237077">
        <ele>37</ele>
      </trkpt>
      <trkpt lat="57.90674136944497" lon="12.00882223917604">
        <ele>41</ele>
      </trkpt>
      <trkpt lat="57.90628933816517" lon="12.00834064466907">
        <ele>43</ele>
      </trkpt>
      <trkpt lat="57.90617966812893" lon="12.00823669654777">
        <ele>43</ele>
      </trkpt>
      <trkpt lat="57.90610623688728" lon="12.00817852374594">
        <ele>44</ele>
      </trkpt>
      <trkpt lat="57.90599465954606" lon="12.00810509250428">
        <ele>44</ele>
      </trkpt>
      <trkpt lat="57.90591836734693" lon="12.00806599275223">
        <ele>44</ele>
      </trkpt>
      <trkpt lat="57.90585065802021" lon="12.00804882700743">
        <ele>44</ele>
      </trkpt>
      <trkpt lat="57.90578485599847" lon="12.00803833683005">
        <ele>44</ele>
      </trkpt>
      <trkpt lat="57.90572096928508" lon="12.00803656219912">
        <ele>44</ele>
      </trkpt>
      <trkpt lat="57.90572096928508" lon="12.00803656219912">
        <ele>44</ele>
      </trkpt>
      <trkpt lat="57.90568186152966" lon="12.00803547587258">
        <ele>44</ele>
      </trkpt>
      <trkpt lat="57.90560461567804" lon="12.0080431050925">
        <ele>43</ele>
      </trkpt>
      <trkpt lat="57.90552832347892" lon="12.0080516879649">
        <ele>43</ele>
      </trkpt>
      <trkpt lat="57.90507533854663" lon="12.00816135800114">
        <ele>41</ele>
      </trkpt>
      <trkpt lat="57.90495517833301" lon="12.00818138470341">
        <ele>41</ele>
      </trkpt>
      <trkpt lat="57.90483501811939" lon="12.00820236505816">
        <ele>40</ele>
      </trkpt>
      <trkpt lat="57.90471660746432" lon="12.00823115208938">
        <ele>40</ele>
      </trkpt>
      <trkpt lat="57.90471660746432" lon="12.00823115208938">
        <ele>40</ele>
      </trkpt>
      <trkpt lat="57.90424661453366" lon="12.00834541293152">
        <ele>40</ele>
      </trkpt>
      <trkpt lat="57.90412454701507" lon="12.00834255197405">
        <ele>40</ele>
      </trkpt>
      <trkpt lat="57.90404825481594" lon="12.00833301544916">
        <ele>40</ele>
      </trkpt>
      <trkpt lat="57.90397291626931" lon="12.00832347892427">
        <ele>41</ele>
      </trkpt>
      <trkpt lat="57.90388231928285" lon="12.00832729353423">
        <ele>41</ele>
      </trkpt>
      <trkpt lat="57.90376120541674" lon="12.00834350562654">
        <ele>42</ele>
      </trkpt>
      <trkpt lat="57.90373230172549" lon="12.00835138845143">
        <ele>42</ele>
      </trkpt>
      <trkpt lat="57.90373230172549" lon="12.00835138845143">
        <ele>42</ele>
      </trkpt>
      <trkpt lat="57.90368777417509" lon="12.00836353232881">
        <ele>43</ele>
      </trkpt>
      <trkpt lat="57.90361434293343" lon="12.00838355903108">
        <ele>43</ele>
      </trkpt>
      <trkpt lat="57.90353137516689" lon="12.00839977112339">
        <ele>43</ele>
      </trkpt>
      <trkpt lat="57.90344840740034" lon="12.00841598321571">
        <ele>44</ele>
      </trkpt>
      <trkpt lat="57.90338165172611" lon="12.00843696357047">
        <ele>44</ele>
      </trkpt>
      <trkpt lat="57.90331584970436" lon="12.00845794392522">
        <ele>45</ele>
      </trkpt>
      <trkpt lat="57.9032433721152" lon="12.00850944115963">
        <ele>45</ele>
      </trkpt>
      <trkpt lat="57.90317089452603" lon="12.00856093839404">
        <ele>45</ele>
      </trkpt>
      <trkpt lat="57.90308220484455" lon="12.00860480640854">
        <ele>45</ele>
      </trkpt>
      <trkpt lat="57.9030078199504" lon="12.00862674041578">
        <ele>46</ele>
      </trkpt>
      <trkpt lat="57.90292389853137" lon="12.00864009155063">
        <ele>46</ele>
      </trkpt>
      <trkpt lat="57.90285237459469" lon="12.00864104520312">
        <ele>46</ele>
      </trkpt>
      <trkpt lat="57.90274079725348" lon="12.00862387945832">
        <ele>47</ele>
      </trkpt>
      <trkpt lat="57.90266164409689" lon="12.00860289910356">
        <ele>47</ele>
      </trkpt>
      <trkpt lat="57.90257772267785" lon="12.00855807743657">
        <ele>48</ele>
      </trkpt>
      <trkpt lat="57.90249284760633" lon="12.00849609002479">
        <ele>48</ele>
      </trkpt>
      <trkpt lat="57.90222249389945" lon="12.00825547903883">
        <ele>50</ele>
      </trkpt>
      <trkpt lat="57.90222249389945" lon="12.00825547903883">
        <ele>50</ele>
      </trkpt>
      <trkpt lat="57.90181670799161" lon="12.00789433530421">
        <ele>53</ele>
      </trkpt>
      <trkpt lat="57.90178818604657" lon="12.007866921986">
        <ele>53</ele>
      </trkpt>
      <trkpt lat="57.90178818604657" lon="12.007866921986">
        <ele>53</ele>
      </trkpt>
      <trkpt lat="57.90156337497208" lon="12.00765084915117">
        <ele>55</ele>
      </trkpt>
      <trkpt lat="57.90156337651977" lon="12.00765085063781">
        <ele>55</ele>
      </trkpt>
      <trkpt lat="57.90156303642952" lon="12.00765306122448">
        <ele>55</ele>
      </trkpt>
      <trkpt lat="57.90156303642952" lon="12.00765306122448">
        <ele>55</ele>
      </trkpt>
      <trkpt lat="57.90154300972725" lon="12.00773221438107">
        <ele>55</ele>
      </trkpt>
      <trkpt lat="57.90158020217432" lon="12.00815372878122">
        <ele>54</ele>
      </trkpt>
      <trkpt lat="57.90170131604043" lon="12.00830822048445">
        <ele>53</ele>
      </trkpt>
      <trkpt lat="57.90170513065038" lon="12.008434102613">
        <ele>52</ele>
      </trkpt>
      <trkpt lat="57.90177474728209" lon="12.00879839786381">
        <ele>52</ele>
      </trkpt>
      <trkpt lat="57.90187011253099" lon="12.00903681098607">
        <ele>51</ele>
      </trkpt>
      <trkpt lat="57.90195117299256" lon="12.00916936868204">
        <ele>51</ele>
      </trkpt>
      <trkpt lat="57.90213904253289" lon="12.00960328056455">
        <ele>50</ele>
      </trkpt>
      <trkpt lat="57.90234312416555" lon="12.01002765592217">
        <ele>48</ele>
      </trkpt>
      <trkpt lat="57.90242127645795" lon="12.01011735781444">
        <ele>48</ele>
      </trkpt>
      <trkpt lat="57.90242127645795" lon="12.01011735781444">
        <ele>48</ele>
      </trkpt>
      <trkpt lat="57.9024671119364" lon="12.01016996700891">
        <ele>48</ele>
      </trkpt>
      <trkpt lat="57.9024671119364" lon="12.01016996700891">
        <ele>48</ele>
      </trkpt>
      <trkpt lat="57.90253671562083" lon="12.01024985695212">
        <ele>47</ele>
      </trkpt>
      <trkpt lat="57.90267594888422" lon="12.01053309174136">
        <ele>47</ele>
      </trkpt>
      <trkpt lat="57.90267594888422" lon="12.01053309174136">
        <ele>47</ele>
      </trkpt>
      <trkpt lat="57.90276177760823" lon="12.01059317184817">
        <ele>47</ele>
      </trkpt>
      <trkpt lat="57.90284760633225" lon="12.01065420560747">
        <ele>47</ele>
      </trkpt>
      <trkpt lat="57.90292866679382" lon="12.01096032805645">
        <ele>47</ele>
      </trkpt>
      <trkpt lat="57.90292866679382" lon="12.01096032805645">
        <ele>47</ele>
      </trkpt>
      <trkpt lat="57.90294487888613" lon="12.01101754720579">
        <ele>47</ele>
      </trkpt>
      <trkpt lat="57.90294297158115" lon="12.01151153919511">
        <ele>47</ele>
      </trkpt>
      <trkpt lat="57.90294297158115" lon="12.01151153919511">
        <ele>47</ele>
      </trkpt>
      <trkpt lat="57.90298302498569" lon="12.011825290864">
        <ele>48</ele>
      </trkpt>
      <trkpt lat="57.90296967385085" lon="12.01194163646766">
        <ele>48</ele>
      </trkpt>
      <trkpt lat="57.90295727636849" lon="12.01205798207132">
        <ele>49</ele>
      </trkpt>
      <trkpt lat="57.90295727636849" lon="12.01205798207132">
        <ele>49</ele>
      </trkpt>
      <trkpt lat="57.90281422849513" lon="12.01239271409498">
        <ele>49</ele>
      </trkpt>
      <trkpt lat="57.90281422849513" lon="12.01239271409498">
        <ele>49</ele>
      </trkpt>
      <trkpt lat="57.9027732214381" lon="12.01271695594125">
        <ele>50</ele>
      </trkpt>
      <trkpt lat="57.90278847987793" lon="12.012825672325">
        <ele>50</ele>
      </trkpt>
      <trkpt lat="57.90280469197025" lon="12.01293534236124">
        <ele>51</ele>
      </trkpt>
      <trkpt lat="57.90280469197025" lon="12.01293534236124">
        <ele>51</ele>
      </trkpt>
      <trkpt lat="57.90274556551592" lon="12.01326339881746">
        <ele>52</ele>
      </trkpt>
      <trkpt lat="57.90264161739461" lon="12.01342838069806">
        <ele>52</ele>
      </trkpt>
      <trkpt lat="57.90229353423612" lon="12.01388422658782">
        <ele>55</ele>
      </trkpt>
      <trkpt lat="57.90208945260347" lon="12.01436296013732">
        <ele>57</ele>
      </trkpt>
      <trkpt lat="57.90190635132557" lon="12.01496280755292">
        <ele>59</ele>
      </trkpt>
      <trkpt lat="57.90182815182148" lon="12.01534236124355">
        <ele>60</ele>
      </trkpt>
      <trkpt lat="57.90165554072096" lon="12.01573526606903">
        <ele>59</ele>
      </trkpt>
      <trkpt lat="57.90151344650009" lon="12.01589834064466">
        <ele>60</ele>
      </trkpt>
      <trkpt lat="57.90139519359145" lon="12.01621590692351">
        <ele>63</ele>
      </trkpt>
      <trkpt lat="57.90139710089643" lon="12.0165039099752">
        <ele>65</ele>
      </trkpt>
      <trkpt lat="57.90137707419416" lon="12.01667652107571">
        <ele>66</ele>
      </trkpt>
      <trkpt lat="57.90137707419416" lon="12.01667652107571">
        <ele>66</ele>
      </trkpt>
      <trkpt lat="57.90111863436963" lon="12.01665649437344">
        <ele>64</ele>
      </trkpt>
      <trkpt lat="57.9007648292962" lon="12.01667652107571">
        <ele>63</ele>
      </trkpt>
      <trkpt lat="57.90044249475491" lon="12.01679763494182">
        <ele>66</ele>
      </trkpt>
      <trkpt lat="57.9003213808888" lon="12.0169034903681">
        <ele>67</ele>
      </trkpt>
      <trkpt lat="57.90022315468243" lon="12.0171123402632">
        <ele>67</ele>
      </trkpt>
      <trkpt lat="57.90005626549685" lon="12.01794964714857">
        <ele>68</ele>
      </trkpt>
      <trkpt lat="57.9" lon="12.01811653633415">
        <ele>68</ele>
      </trkpt>
      <trkpt lat="57.90000000000001" lon="12.01811653633415">
        <ele>68</ele>
      </trkpt>
      <trkpt lat="57.89981975967959" lon="12.01865725729543">
        <ele>67</ele>
      </trkpt>
      <trkpt lat="57.89981975967959" lon="12.01865725729543">
        <ele>67</ele>
      </trkpt>
      <trkpt lat="57.89933625786765" lon="12.01875834445927">
        <ele>67</ele>
      </trkpt>
      <trkpt lat="57.89916364676714" lon="12.01885657066564">
        <ele>67</ele>
      </trkpt>
      <trkpt lat="57.89892809460234" lon="12.01891951172992">
        <ele>67</ele>
      </trkpt>
      <trkpt lat="57.89851897768455" lon="12.01897386992179">
        <ele>67</ele>
      </trkpt>
      <trkpt lat="57.89830059126456" lon="12.01894907495708">
        <ele>68</ele>
      </trkpt>
      <trkpt lat="57.89816517261112" lon="12.01883845126835">
        <ele>69</ele>
      </trkpt>
      <trkpt lat="57.89781136753768" lon="12.01883845126835">
        <ele>69</ele>
      </trkpt>
      <trkpt lat="57.89744135037194" lon="12.01919225634178">
        <ele>69</ele>
      </trkpt>
      <trkpt lat="57.8973402632081" lon="12.01927331680335">
        <ele>69</ele>
      </trkpt>
      <trkpt lat="57.8973402632081" lon="12.01927331680335">
        <ele>69</ele>
      </trkpt>
      <trkpt lat="57.8970274651917" lon="12.01952603471294">
        <ele>69</ele>
      </trkpt>
      <trkpt lat="57.89677283997712" lon="12.01970818233835">
        <ele>70</ele>
      </trkpt>
      <trkpt lat="57.89671943543774" lon="12.01977207705511">
        <ele>70</ele>
      </trkpt>
      <trkpt lat="57.89670036238796" lon="12.01983024985694">
        <ele>70</ele>
      </trkpt>
      <trkpt lat="57.89670036238796" lon="12.01983024985694">
        <ele>70</ele>
      </trkpt>
      <trkpt lat="57.89665744802596" lon="12.01979687201983">
        <ele>70</ele>
      </trkpt>
      <trkpt lat="57.89656494373452" lon="12.01979973297729">
        <ele>70</ele>
      </trkpt>
      <trkpt lat="57.89650772458518" lon="12.01982262063703">
        <ele>70</ele>
      </trkpt>
      <trkpt lat="57.89638947167654" lon="12.01991131031851">
        <ele>70</ele>
      </trkpt>
      <trkpt lat="57.89627217242038" lon="12.01999999999999">
        <ele>70</ele>
      </trkpt>
      <trkpt lat="57.89627217242038" lon="12.02">
        <ele>70</ele>
      </trkpt>
      <trkpt lat="57.8961748998665" lon="12.02007343124166">
        <ele>70</ele>
      </trkpt>
      <trkpt lat="57.89577150486365" lon="12.02054644287622">
        <ele>69</ele>
      </trkpt>
      <trkpt lat="57.89577150486365" lon="12.02054644287622">
        <ele>69</ele>
      </trkpt>
      <trkpt lat="57.89568376883465" lon="12.02028323478924">
        <ele>69</ele>
      </trkpt>
      <trkpt lat="57.89568376883465" lon="12.02028323478924">
        <ele>69</ele>
      </trkpt>
      <trkpt lat="57.89565515925998" lon="12.02061415220294">
        <ele>69</ele>
      </trkpt>
      <trkpt lat="57.89561510585544" lon="12.02076101468625">
        <ele>69</ele>
      </trkpt>
      <trkpt lat="57.89556390078179" lon="12.02081237731398">
        <ele>69</ele>
      </trkpt>
      <trkpt lat="57.89556390078179" lon="12.02081237731398">
        <ele>69</ele>
      </trkpt>
      <trkpt lat="57.89561510585544" lon="12.02076101468625">
        <ele>69</ele>
      </trkpt>
      <trkpt lat="57.89565515925998" lon="12.02061415220294">
        <ele>69</ele>
      </trkpt>
      <trkpt lat="57.89568376883465" lon="12.02028323478924">
        <ele>69</ele>
      </trkpt>
      <trkpt lat="57.89568376883465" lon="12.02028323478924">
        <ele>69</ele>
      </trkpt>
      <trkpt lat="57.89557600610339" lon="12.02">
        <ele>69</ele>
      </trkpt>
      <trkpt lat="57.89557600610339" lon="12.01999999999999">
        <ele>69</ele>
      </trkpt>
      <trkpt lat="57.89553404539387" lon="12.01989032996375">
        <ele>69</ele>
      </trkpt>
      <trkpt lat="57.89553404539387" lon="12.01989032996375">
        <ele>69</ele>
      </trkpt>
      <trkpt lat="57.89526988365441" lon="12.01981594506961">
        <ele>68</ele>
      </trkpt>
      <trkpt lat="57.89510394812132" lon="12.01974537478542">
        <ele>68</ele>
      </trkpt>
      <trkpt lat="57.89463379744423" lon="12.01942208659164">
        <ele>67</ele>
      </trkpt>
      <trkpt lat="57.89434388708756" lon="12.01940396719434">
        <ele>67</ele>
      </trkpt>
      <trkpt lat="57.89412359336259" lon="12.01933053595269">
        <ele>67</ele>
      </trkpt>
      <trkpt lat="57.89385466336068" lon="12.01904730116345">
        <ele>67</ele>
      </trkpt>
      <trkpt lat="57.89364390616061" lon="12.01895193591454">
        <ele>66</ele>
      </trkpt>
      <trkpt lat="57.89346843410263" lon="12.01900724775891">
        <ele>67</ele>
      </trkpt>
      <trkpt lat="57.89324718672517" lon="12.01898436009917">
        <ele>66</ele>
      </trkpt>
      <trkpt lat="57.89324718672517" lon="12.01898436009917">
        <ele>66</ele>
      </trkpt>
      <trkpt lat="57.89313084112151" lon="12.01898912836162">
        <ele>66</ele>
      </trkpt>
      <trkpt lat="57.89280278466529" lon="12.01890616059507">
        <ele>66</ele>
      </trkpt>
      <trkpt lat="57.892566278848" lon="12.01858287240129">
        <ele>66</ele>
      </trkpt>
      <trkpt lat="57.89232119015832" lon="12.01845412931527">
        <ele>65</ele>
      </trkpt>
      <trkpt lat="57.89212283044061" lon="12.01827007438489">
        <ele>64</ele>
      </trkpt>
      <trkpt lat="57.89198741178716" lon="12.01791817661643">
        <ele>62</ele>
      </trkpt>
      <trkpt lat="57.89193209994279" lon="12.01728876597367">
        <ele>61</ele>
      </trkpt>
      <trkpt lat="57.89194163646768" lon="12.01693400724775">
        <ele>61</ele>
      </trkpt>
      <trkpt lat="57.89186820522603" lon="12.0165821094793">
        <ele>60</ele>
      </trkpt>
      <trkpt lat="57.89162502384133" lon="12.01622925805835">
        <ele>59</ele>
      </trkpt>
      <trkpt lat="57.89147243944308" lon="12.01575338546633">
        <ele>57</ele>
      </trkpt>
      <trkpt lat="57.89135227922947" lon="12.01522792294487">
        <ele>58</ele>
      </trkpt>
      <trkpt lat="57.89131985504483" lon="12.01472248712568">
        <ele>57</ele>
      </trkpt>
      <trkpt lat="57.89122830440589" lon="12.01430192637802">
        <ele>57</ele>
      </trkpt>
      <trkpt lat="57.89107667366013" lon="12.01419416364676">
        <ele>56</ele>
      </trkpt>
      <trkpt lat="57.89094697692163" lon="12.01426378027846">
        <ele>56</ele>
      </trkpt>
      <trkpt lat="57.89094697692163" lon="12.01426378027846">
        <ele>56</ele>
      </trkpt>
      <trkpt lat="57.89084779706277" lon="12.0143991989319">
        <ele>57</ele>
      </trkpt>
      <trkpt lat="57.8907228685867" lon="12.01468434102612">
        <ele>57</ele>
      </trkpt>
      <trkpt lat="57.89050448216671" lon="12.01496090024794">
        <ele>59</ele>
      </trkpt>
      <trkpt lat="57.89018882319284" lon="12.01501716574479">
        <ele>59</ele>
      </trkpt>
      <trkpt lat="57.88987316421898" lon="12.01488556170131">
        <ele>60</ele>
      </trkpt>
      <trkpt lat="57.88985983736345" lon="12.01486735349753">
        <ele>60</ele>
      </trkpt>
      <trkpt lat="57.88985983736345" lon="12.01486735349753">
        <ele>60</ele>
      </trkpt>
      <trkpt lat="57.88970913599086" lon="12.01466145336638">
        <ele>59</ele>
      </trkpt>
      <trkpt lat="57.88970913599086" lon="12.01466145336638">
        <ele>59</ele>
      </trkpt>
      <trkpt lat="57.88968908317097" lon="12.01463239723961">
        <ele>59</ele>
      </trkpt>
      <trkpt lat="57.88968908317097" lon="12.01463239723961">
        <ele>59</ele>
      </trkpt>
      <trkpt lat="57.88970913599086" lon="12.01466145336638">
        <ele>59</ele>
      </trkpt>
      <trkpt lat="57.88970913599086" lon="12.01466145336638">
        <ele>59</ele>
      </trkpt>
      <trkpt lat="57.88971962616824" lon="12.01431813847033">
        <ele>57</ele>
      </trkpt>
      <trkpt lat="57.88965000953654" lon="12.01412740797253">
        <ele>56</ele>
      </trkpt>
      <trkpt lat="57.88952889567043" lon="12.01397386992179">
        <ele>55</ele>
      </trkpt>
      <trkpt lat="57.88933244325769" lon="12.0138336830059">
        <ele>54</ele>
      </trkpt>
      <trkpt lat="57.88933244325769" lon="12.0138336830059">
        <ele>54</ele>
      </trkpt>
      <trkpt lat="57.88912836162504" lon="12.01407591073812">
        <ele>56</ele>
      </trkpt>
      <trkpt lat="57.88898241011079" lon="12.01408336811476">
        <ele>57</ele>
      </trkpt>
      <trkpt lat="57.88898241011079" lon="12.01408336811476">
        <ele>57</ele>
      </trkpt>
      <trkpt lat="57.88873641045205" lon="12.01409593744039">
        <ele>57</ele>
      </trkpt>
      <trkpt lat="57.88860187099792" lon="12.01406383143429">
        <ele>57</ele>
      </trkpt>
      <trkpt lat="57.88860187099792" lon="12.01406383143429">
        <ele>57</ele>
      </trkpt>
      <trkpt lat="57.88848464619494" lon="12.01403585733358">
        <ele>57</ele>
      </trkpt>
      <trkpt lat="57.88812988746902" lon="12.01405302307838">
        <ele>55</ele>
      </trkpt>
      <trkpt lat="57.88778275796302" lon="12.01405302307838">
        <ele>52</ele>
      </trkpt>
      <trkpt lat="57.88756437154302" lon="12.01443066946404">
        <ele>51</ele>
      </trkpt>
      <trkpt lat="57.88717337402252" lon="12.0149647148579">
        <ele>48</ele>
      </trkpt>
      <trkpt lat="57.88678714476446" lon="12.01538909021552">
        <ele>47</ele>
      </trkpt>
      <trkpt lat="57.88619111195882" lon="12.01606999809269">
        <ele>44</ele>
      </trkpt>
      <trkpt lat="57.88605099399651" lon="12.01650117189947">
        <ele>44</ele>
      </trkpt>
      <trkpt lat="57.88605099399651" lon="12.01650117189947">
        <ele>44</ele>
      </trkpt>
      <trkpt lat="57.88594411596416" lon="12.01683005912644">
        <ele>44</ele>
      </trkpt>
      <trkpt lat="57.88586973107001" lon="12.01700839214189">
        <ele>44</ele>
      </trkpt>
      <trkpt lat="57.88557600610339" lon="12.01724871256913">
        <ele>41</ele>
      </trkpt>
      <trkpt lat="57.88524318138472" lon="12.01781232119015">
        <ele>39</ele>
      </trkpt>
      <trkpt lat="57.88506294106429" lon="12.01813370207895">
        <ele>39</ele>
      </trkpt>
      <trkpt lat="57.88495708563801" lon="12.01819759679572">
        <ele>38</ele>
      </trkpt>
      <trkpt lat="57.88495708563801" lon="12.01819759679572">
        <ele>38</ele>
      </trkpt>
      <trkpt lat="57.88480354758727" lon="12.01804119778752">
        <ele>36</ele>
      </trkpt>
      <trkpt lat="57.88460709517453" lon="12.0176778561892">
        <ele>33</ele>
      </trkpt>
      <trkpt lat="57.88436105283236" lon="12.01732405111576">
        <ele>29</ele>
      </trkpt>
      <trkpt lat="57.88419320999429" lon="12.01714094983787">
        <ele>28</ele>
      </trkpt>
      <trkpt lat="57.88419320999429" lon="12.01714094983787">
        <ele>28</ele>
      </trkpt>
      <trkpt lat="57.8841235933626" lon="12.01706179668128">
        <ele>27</ele>
      </trkpt>
      <trkpt lat="57.88407209612819" lon="12.01698645813465">
        <ele>27</ele>
      </trkpt>
      <trkpt lat="57.88386515353807" lon="12.01673660118252">
        <ele>26</ele>
      </trkpt>
      <trkpt lat="57.88386515353807" lon="12.01673660118252">
        <ele>26</ele>
      </trkpt>
      <trkpt lat="57.88369349609004" lon="12.01667556742322">
        <ele>26</ele>
      </trkpt>
      <trkpt lat="57.88341407591075" lon="12.0163732595842">
        <ele>25</ele>
      </trkpt>
      <trkpt lat="57.8831661262636" lon="12.0158344459279">
        <ele>22</ele>
      </trkpt>
      <trkpt lat="57.88292485218388" lon="12.01536810986076">
        <ele>20</ele>
      </trkpt>
      <trkpt lat="57.88262063703988" lon="12.01485504482166">
        <ele>17</ele>
      </trkpt>
      <trkpt lat="57.88262063703988" lon="12.01485504482166">
        <ele>17</ele>
      </trkpt>
      <trkpt lat="57.88257193012956" lon="12.01491129556321">
        <ele>18</ele>
      </trkpt>
      <trkpt lat="57.88257193029326" lon="12.0149112953704">
        <ele>18</ele>
      </trkpt>
      <trkpt lat="57.8825405302308" lon="12.01490463475109">
        <ele>17</ele>
      </trkpt>
      <trkpt lat="57.88247568186154" lon="12.01491131031851">
        <ele>17</ele>
      </trkpt>
      <trkpt lat="57.88245780450617" lon="12.01491634246298">
        <ele>17</ele>
      </trkpt>
      <trkpt lat="57.88245780450617" lon="12.01491634246298">
        <ele>17</ele>
      </trkpt>
      <trkpt lat="57.88247568186154" lon="12.01491131031851">
        <ele>17</ele>
      </trkpt>
      <trkpt lat="57.8825405302308" lon="12.01490463475109">
        <ele>17</ele>
      </trkpt>
      <trkpt lat="57.88257193029326" lon="12.0149112953704">
        <ele>18</ele>
      </trkpt>
      <trkpt lat="57.88257193012956" lon="12.01491129556321">
        <ele>18</ele>
      </trkpt>
      <trkpt lat="57.88233740225063" lon="12.0151821476254">
        <ele>17</ele>
      </trkpt>
      <trkpt lat="57.88214762540532" lon="12.01550257486171">
        <ele>16</ele>
      </trkpt>
      <trkpt lat="57.88183959565136" lon="12.0160690444402">
        <ele>17</ele>
      </trkpt>
      <trkpt lat="57.88159927522413" lon="12.01652679763493">
        <ele>17</ele>
      </trkpt>
      <trkpt lat="57.88153061224492" lon="12.01663932862864">
        <ele>17</ele>
      </trkpt>
      <trkpt lat="57.88139328628649" lon="12.01692733168033">
        <ele>17</ele>
      </trkpt>
      <trkpt lat="57.8813055502575" lon="12.01708468434102">
        <ele>17</ele>
      </trkpt>
      <trkpt lat="57.8812530993706" lon="12.01714953271027">
        <ele>17</ele>
      </trkpt>
      <trkpt lat="57.88101468624835" lon="12.01737745565515">
        <ele>16</ele>
      </trkpt>
      <trkpt lat="57.88092599656687" lon="12.01747949647148">
        <ele>16</ele>
      </trkpt>
      <trkpt lat="57.88088594316233" lon="12.01756818615296">
        <ele>16</ele>
      </trkpt>
      <trkpt lat="57.88084016784286" lon="12.01770074384893">
        <ele>15</ele>
      </trkpt>
      <trkpt lat="57.88081155826819" lon="12.01782090406255">
        <ele>15</ele>
      </trkpt>
      <trkpt lat="57.88081155826819" lon="12.01782090406255">
        <ele>15</ele>
      </trkpt>
      <trkpt lat="57.88075433911884" lon="12.01769025367155">
        <ele>17</ele>
      </trkpt>
      <trkpt lat="57.88057791340837" lon="12.01581441922563">
        <ele>18</ele>
      </trkpt>
      <trkpt lat="57.8804529849323" lon="12.01539671943543">
        <ele>18</ele>
      </trkpt>
      <trkpt lat="57.88036715620829" lon="12.01518596223535">
        <ele>18</ele>
      </trkpt>
      <trkpt lat="57.88025462521458" lon="12.01497806599274">
        <ele>18</ele>
      </trkpt>
      <trkpt lat="57.88000000000002" lon="12.01466049971389">
        <ele>18</ele>
      </trkpt>
      <trkpt lat="57.88" lon="12.01466049971389">
        <ele>18</ele>
      </trkpt>
      <trkpt lat="57.87994087354569" lon="12.01458706847224">
        <ele>18</ele>
      </trkpt>
      <trkpt lat="57.87980545489224" lon="12.01439252336448">
        <ele>19</ele>
      </trkpt>
      <trkpt lat="57.87958706847225" lon="12.01410928857523">
        <ele>20</ele>
      </trkpt>
      <trkpt lat="57.87920083921419" lon="12.01367442304024">
        <ele>22</ele>
      </trkpt>
      <trkpt lat="57.87914552736983" lon="12.01360003814609">
        <ele>23</ele>
      </trkpt>
      <trkpt lat="57.87895193591456" lon="12.01348178523745">
        <ele>25</ele>
      </trkpt>
      <trkpt lat="57.87886839385163" lon="12.0134573598038">
        <ele>26</ele>
      </trkpt>
      <trkpt lat="57.87886839385163" lon="12.0134573598038">
        <ele>26</ele>
      </trkpt>
      <trkpt lat="57.87872687392714" lon="12.01341598321571">
        <ele>28</ele>
      </trkpt>
      <trkpt lat="57.87864104520313" lon="12.01340072477588">
        <ele>29</ele>
      </trkpt>
      <trkpt lat="57.878609574671" lon="12.01331775700934">
        <ele>29</ele>
      </trkpt>
      <trkpt lat="57.87839500286096" lon="12.01256246423802">
        <ele>31</ele>
      </trkpt>
      <trkpt lat="57.8782700743849" lon="12.01127407972534">
        <ele>37</ele>
      </trkpt>
      <trkpt lat="57.8782700743849" lon="12.01127407972534">
        <ele>37</ele>
      </trkpt>
      <trkpt lat="57.87824241846272" lon="12.01111100514971">
        <ele>38</ele>
      </trkpt>
      <trkpt lat="57.87823955750525" lon="12.01102613007819">
        <ele>39</ele>
      </trkpt>
      <trkpt lat="57.87826339881747" lon="12.01084016784283">
        <ele>39</ele>
      </trkpt>
      <trkpt lat="57.8783654396338" lon="12.01028323478923">
        <ele>39</ele>
      </trkpt>
      <trkpt lat="57.87837306885371" lon="12.0101039481213">
        <ele>39</ele>
      </trkpt>
      <trkpt lat="57.87833873736411" lon="12.00995994659545">
        <ele>40</ele>
      </trkpt>
      <trkpt lat="57.87832347892429" lon="12.00992275414838">
        <ele>40</ele>
      </trkpt>
      <trkpt lat="57.87832347892429" lon="12.00992275414838">
        <ele>40</ele>
      </trkpt>
      <trkpt lat="57.87831680335686" lon="12.00968434102612">
        <ele>40</ele>
      </trkpt>
      <trkpt lat="57.87833499705635" lon="12.00954696002998">
        <ele>39</ele>
      </trkpt>
      <trkpt lat="57.87833499705635" lon="12.00954696002998">
        <ele>39</ele>
      </trkpt>
      <trkpt lat="57.87836353232883" lon="12.00933148960518">
        <ele>39</ele>
      </trkpt>
      <trkpt lat="57.87836353232883" lon="12.00933148960518">
        <ele>39</ele>
      </trkpt>
      <trkpt lat="57.87826816707992" lon="12.0093648674423">
        <ele>39</ele>
      </trkpt>
      <trkpt lat="57.87826816707992" lon="12.0093648674423">
        <ele>39</ele>
      </trkpt>
      <trkpt lat="57.87815372878124" lon="12.0091646004196">
        <ele>40</ele>
      </trkpt>
      <trkpt lat="57.87815372878124" lon="12.0091646004196">
        <ele>40</ele>
      </trkpt>
      <trkpt lat="57.87806408544727" lon="12.00891188251">
        <ele>40</ele>
      </trkpt>
      <trkpt lat="57.87804691970246" lon="12.00881842456608">
        <ele>40</ele>
      </trkpt>
      <trkpt lat="57.87803070761015" lon="12.00872496662215">
        <ele>40</ele>
      </trkpt>
      <trkpt lat="57.87802307839024" lon="12.00865916460041">
        <ele>41</ele>
      </trkpt>
      <trkpt lat="57.87801640282282" lon="12.00859336257867">
        <ele>41</ele>
      </trkpt>
      <trkpt lat="57.87799637612055" lon="12.00856093839404">
        <ele>41</ele>
      </trkpt>
      <trkpt lat="57.87792866679383" lon="12.0085123021171">
        <ele>41</ele>
      </trkpt>
      <trkpt lat="57.87791722296396" lon="12.00844077818042">
        <ele>41</ele>
      </trkpt>
      <trkpt lat="57.87790577913409" lon="12.00837020789623">
        <ele>42</ele>
      </trkpt>
      <trkpt lat="57.87789528895671" lon="12.00826244516497">
        <ele>42</ele>
      </trkpt>
      <trkpt lat="57.87788575243182" lon="12.0081556360862">
        <ele>42</ele>
      </trkpt>
      <trkpt lat="57.87790577913409" lon="12.00804882700743">
        <ele>42</ele>
      </trkpt>
      <trkpt lat="57.87794583253863" lon="12.00772363150867">
        <ele>41</ele>
      </trkpt>
      <trkpt lat="57.87794583253863" lon="12.00772363150867">
        <ele>41</ele>
      </trkpt>
      <trkpt lat="57.87786858668701" lon="12.00674995231737">
        <ele>43</ele>
      </trkpt>
      <trkpt lat="57.87786858668701" lon="12.00674995231737">
        <ele>43</ele>
      </trkpt>
      <trkpt lat="57.87792103757391" lon="12.00627312607285">
        <ele>43</ele>
      </trkpt>
      <trkpt lat="57.87792103757391" lon="12.00627312607285">
        <ele>43</ele>
      </trkpt>
      <trkpt lat="57.87812798016403" lon="12.00583349227541">
        <ele>41</ele>
      </trkpt>
      <trkpt lat="57.87812798016403" lon="12.00583349227541">
        <ele>41</ele>
      </trkpt>
      <trkpt lat="57.87807365297248" lon="12.00560728782873">
        <ele>42</ele>
      </trkpt>
      <trkpt lat="57.87807365297248" lon="12.00560728782873">
        <ele>42</ele>
      </trkpt>
      <trkpt lat="57.87780183101278" lon="12.00447549113102">
        <ele>47</ele>
      </trkpt>
      <trkpt lat="57.87780183101278" lon="12.00447549113102">
        <ele>47</ele>
      </trkpt>
      <trkpt lat="57.87803356856762" lon="12.00412168605759">
        <ele>45</ele>
      </trkpt>
      <trkpt lat="57.87827579629983" lon="12.0036343696357">
        <ele>43</ele>
      </trkpt>
      <trkpt lat="57.87844554644288" lon="12.00293438870874">
        <ele>43</ele>
      </trkpt>
      <trkpt lat="57.8785914552737" lon="12.00224966622162">
        <ele>43</ele>
      </trkpt>
      <trkpt lat="57.87864772077056" lon="12.00162979210375">
        <ele>44</ele>
      </trkpt>
      <trkpt lat="57.8786877741751" lon="12.0013293915697">
        <ele>44</ele>
      </trkpt>
      <trkpt lat="57.87869444974252" lon="12.00120732405111">
        <ele>44</ele>
      </trkpt>
      <trkpt lat="57.87869444974252" lon="12.00120732405111">
        <ele>44</ele>
      </trkpt>
      <trkpt lat="57.87868021040456" lon="12.00113578832947">
        <ele>45</ele>
      </trkpt>
      <trkpt lat="57.87868014495518" lon="12.00113580011443">
        <ele>45</ele>
      </trkpt>
      <trkpt lat="57.87860099179859" lon="12.00115010490176">
        <ele>46</ele>
      </trkpt>
      <trkpt lat="57.878521838642" lon="12.00116536334159">
        <ele>47</ele>
      </trkpt>
      <trkpt lat="57.87844459279039" lon="12.00121590692351">
        <ele>48</ele>
      </trkpt>
      <trkpt lat="57.87837879076865" lon="12.00128456990272">
        <ele>49</ele>
      </trkpt>
      <trkpt lat="57.87830154491704" lon="12.0013122258249">
        <ele>50</ele>
      </trkpt>
      <trkpt lat="57.87794106427618" lon="12.00114056837687">
        <ele>55</ele>
      </trkpt>
      <trkpt lat="57.87781995041008" lon="12.00111958802212">
        <ele>57</ele>
      </trkpt>
      <trkpt lat="57.87769883654397" lon="12.00109956131985">
        <ele>58</ele>
      </trkpt>
      <trkpt lat="57.87759107381271" lon="12.00113198550447">
        <ele>60</ele>
      </trkpt>
      <trkpt lat="57.87752908640092" lon="12.00117680717146">
        <ele>60</ele>
      </trkpt>
      <trkpt lat="57.87749856952127" lon="12.00124833110814">
        <ele>60</ele>
      </trkpt>
      <trkpt lat="57.87748045012398" lon="12.00136563036429">
        <ele>60</ele>
      </trkpt>
      <trkpt lat="57.87743944306695" lon="12.00143047873354">
        <ele>60</ele>
      </trkpt>
      <trkpt lat="57.87739938966241" lon="12.00149532710279">
        <ele>60</ele>
      </trkpt>
      <trkpt lat="57.87731260728591" lon="12.00154491703222">
        <ele>60</ele>
      </trkpt>
      <trkpt lat="57.87726301735648" lon="12.00161167270646">
        <ele>60</ele>
      </trkpt>
      <trkpt lat="57.87721438107954" lon="12.00167842838069">
        <ele>60</ele>
      </trkpt>
      <trkpt lat="57.87711996948313" lon="12.0017642571047">
        <ele>61</ele>
      </trkpt>
      <trkpt lat="57.8768443639138" lon="12.0018167079916">
        <ele>62</ele>
      </trkpt>
      <trkpt lat="57.87673469387756" lon="12.00181956894906">
        <ele>63</ele>
      </trkpt>
      <trkpt lat="57.87667175281328" lon="12.00174136944496">
        <ele>63</ele>
      </trkpt>
      <trkpt lat="57.87660976540149" lon="12.00166412359335">
        <ele>63</ele>
      </trkpt>
      <trkpt lat="57.87654491703224" lon="12.00160213618157">
        <ele>63</ele>
      </trkpt>
      <trkpt lat="57.87648006866299" lon="12.00154014876978">
        <ele>63</ele>
      </trkpt>
      <trkpt lat="57.8764094983788" lon="12.00149532710279">
        <ele>63</ele>
      </trkpt>
      <trkpt lat="57.8762960137326" lon="12.00140282281136">
        <ele>63</ele>
      </trkpt>
      <trkpt lat="57.8761834827389" lon="12.00131127217241">
        <ele>63</ele>
      </trkpt>
      <trkpt lat="57.87612340263208" lon="12.00132748426472">
        <ele>63</ele>
      </trkpt>
      <trkpt lat="57.87593419158866" lon="12.00137777565317">
        <ele>63</ele>
      </trkpt>
      <trkpt lat="57.87593419158866" lon="12.00137777565317">
        <ele>63</ele>
      </trkpt>
      <trkpt lat="57.87600324241847" lon="12.00063131794773">
        <ele>64</ele>
      </trkpt>
      <trkpt lat="57.87600324241847" lon="12.00063131794773">
        <ele>64</ele>
      </trkpt>
      <trkpt lat="57.87589834064467" lon="12.00020312798016">
        <ele>64</ele>
      </trkpt>
      <trkpt lat="57.87585828724013" lon="12.00010204081632">
        <ele>64</ele>
      </trkpt>
      <trkpt lat="57.87585828724013" lon="12.00010204081632">
        <ele>64</ele>
      </trkpt>
      <trkpt lat="57.87571905397674" lon="12.00031279801639">
        <ele>63</ele>
      </trkpt>
      <trkpt lat="57.87555407209613" lon="12.00042723631508">
        <ele>63</ele>
      </trkpt>
      <trkpt lat="57.87555407209613" lon="12.00042723631508">
        <ele>63</ele>
      </trkpt>
      <trkpt lat="57.87551592599657" lon="12.00035094411595">
        <ele>63</ele>
      </trkpt>
      <trkpt lat="57.87541483883273" lon="12.00021934007247">
        <ele>62</ele>
      </trkpt>
      <trkpt lat="57.87529944688156" lon="12.00009059698645">
        <ele>62</ele>
      </trkpt>
      <trkpt lat="57.87525081060462" lon="11.99999999999999">
        <ele>62</ele>
      </trkpt>
      <trkpt lat="57.87525081060462" lon="12.00000000000001">
        <ele>62</ele>
      </trkpt>
      <trkpt lat="57.87521361815755" lon="11.9999313370208">
        <ele>62</ele>
      </trkpt>
      <trkpt lat="57.87519931337021" lon="11.9998617203891">
        <ele>62</ele>
      </trkpt>
      <trkpt lat="57.87518500858287" lon="11.9997921037574">
        <ele>62</ele>
      </trkpt>
      <trkpt lat="57.87516688918559" lon="11.99967289719627">
        <ele>62</ele>
      </trkpt>
      <trkpt lat="57.8751487697883" lon="11.99955464428763">
        <ele>62</ele>
      </trkpt>
      <trkpt lat="57.87511825290864" lon="11.99918748807935">
        <ele>62</ele>
      </trkpt>
      <trkpt lat="57.87510108716384" lon="11.99907304978067">
        <ele>62</ele>
      </trkpt>
      <trkpt lat="57.87508392141904" lon="11.99895861148199">
        <ele>62</ele>
      </trkpt>
      <trkpt lat="57.87506675567424" lon="11.99888136563037">
        <ele>62</ele>
      </trkpt>
      <trkpt lat="57.87505054358192" lon="11.99880411977876">
        <ele>61</ele>
      </trkpt>
      <trkpt lat="57.87500381460996" lon="11.99850944115965">
        <ele>61</ele>
      </trkpt>
      <trkpt lat="57.87497520503529" lon="11.99816135800115">
        <ele>62</ele>
      </trkpt>
      <trkpt lat="57.87497520503529" lon="11.99816135800115">
        <ele>62</ele>
      </trkpt>
      <trkpt lat="57.87491035666604" lon="11.99745946976923">
        <ele>61</ele>
      </trkpt>
      <trkpt lat="57.87488365439634" lon="11.99708373068855">
        <ele>60</ele>
      </trkpt>
      <trkpt lat="57.87488937631127" lon="11.99682624451651">
        <ele>60</ele>
      </trkpt>
      <trkpt lat="57.87500190730498" lon="11.99598607667367">
        <ele>53</ele>
      </trkpt>
      <trkpt lat="57.87506484836926" lon="11.99576769025368">
        <ele>52</ele>
      </trkpt>
      <trkpt lat="57.87506484836926" lon="11.99576769025368">
        <ele>52</ele>
      </trkpt>
      <trkpt lat="57.87500286095747" lon="11.99568949074958">
        <ele>52</ele>
      </trkpt>
      <trkpt lat="57.87494182719817" lon="11.99561129124548">
        <ele>54</ele>
      </trkpt>
      <trkpt lat="57.87477779897006" lon="11.99530230783903">
        <ele>54</ele>
      </trkpt>
      <trkpt lat="57.87455369063514" lon="11.99483024985696">
        <ele>55</ele>
      </trkpt>
      <trkpt lat="57.87440587449934" lon="11.9944011062369">
        <ele>56</ele>
      </trkpt>
      <trkpt lat="57.87431527751288" lon="11.99403681098609">
        <ele>56</ele>
      </trkpt>
      <trkpt lat="57.87415124928476" lon="11.99328533282473">
        <ele>59</ele>
      </trkpt>
      <trkpt lat="57.87400629410643" lon="11.99267785618921">
        <ele>58</ele>
      </trkpt>
      <trkpt lat="57.87396624070189" lon="11.99255864962809">
        <ele>58</ele>
      </trkpt>
      <trkpt lat="57.8738613389281" lon="11.9922963951936">
        <ele>57</ele>
      </trkpt>
      <trkpt lat="57.8738613389281" lon="11.9922963951936">
        <ele>57</ele>
      </trkpt>
      <trkpt lat="57.87397291626932" lon="11.99210661834828">
        <ele>57</ele>
      </trkpt>
      <trkpt lat="57.87425329010109" lon="11.99181670799162">
        <ele>56</ele>
      </trkpt>
      <trkpt lat="57.87432386038528" lon="11.99167747472822">
        <ele>55</ele>
      </trkpt>
      <trkpt lat="57.87436391378982" lon="11.99146957848561">
        <ele>54</ele>
      </trkpt>
      <trkpt lat="57.87438394049209" lon="11.99125023841313">
        <ele>54</ele>
      </trkpt>
      <trkpt lat="57.87439252336449" lon="11.9909221819569">
        <ele>53</ele>
      </trkpt>
      <trkpt lat="57.87438394049209" lon="11.9906704176998">
        <ele>53</ele>
      </trkpt>
      <trkpt lat="57.87433721152013" lon="11.99044154110243">
        <ele>53</ele>
      </trkpt>
      <trkpt lat="57.87424661453367" lon="11.99026034712952">
        <ele>53</ele>
      </trkpt>
      <trkpt lat="57.87425519740607" lon="11.98954796872021">
        <ele>52</ele>
      </trkpt>
      <trkpt lat="57.87423421705131" lon="11.98933721152013">
        <ele>51</ele>
      </trkpt>
      <trkpt lat="57.87419416364677" lon="11.98920751478162">
        <ele>51</ele>
      </trkpt>
      <trkpt lat="57.87388804119779" lon="11.98885180240321">
        <ele>51</ele>
      </trkpt>
      <trkpt lat="57.87377932481404" lon="11.98868682052261">
        <ele>51</ele>
      </trkpt>
      <trkpt lat="57.87356475300401" lon="11.98808411214954">
        <ele>52</ele>
      </trkpt>
      <trkpt lat="57.87344936105283" lon="11.98792294487889">
        <ele>52</ele>
      </trkpt>
      <trkpt lat="57.87344936105283" lon="11.98792294487889">
        <ele>52</ele>
      </trkpt>
      <trkpt lat="57.87348655349991" lon="11.98776177760825">
        <ele>51</ele>
      </trkpt>
      <trkpt lat="57.87357715048637" lon="11.98745184054931">
        <ele>50</ele>
      </trkpt>
      <trkpt lat="57.87357715048637" lon="11.98745184054931">
        <ele>50</ele>
      </trkpt>
      <trkpt lat="57.87387469006295" lon="11.98650009536526">
        <ele>45</ele>
      </trkpt>
      <trkpt lat="57.87390711424757" lon="11.98641235933627">
        <ele>45</ele>
      </trkpt>
      <trkpt lat="57.8739395384322" lon="11.98632462330728">
        <ele>44</ele>
      </trkpt>
      <trkpt lat="57.87395861148198" lon="11.98626072859051">
        <ele>43</ele>
      </trkpt>
      <trkpt lat="57.87397863818425" lon="11.98619778752624">
        <ele>43</ele>
      </trkpt>
      <trkpt lat="57.87400629410643" lon="11.98609193209995">
        <ele>42</ele>
      </trkpt>
      <trkpt lat="57.87400247949648" lon="11.98599370589358">
        <ele>41</ele>
      </trkpt>
      <trkpt lat="57.87398722105665" lon="11.98592408926188">
        <ele>41</ele>
      </trkpt>
      <trkpt lat="57.87398626740416" lon="11.98587163837498">
        <ele>41</ele>
      </trkpt>
      <trkpt lat="57.87403108907115" lon="11.98575910738128">
        <ele>40</ele>
      </trkpt>
      <trkpt lat="57.87403108907115" lon="11.98575910738128">
        <ele>40</ele>
      </trkpt>
      <trkpt lat="57.87399103566661" lon="11.98567327865727">
        <ele>40</ele>
      </trkpt>
      <trkpt lat="57.87393667747473" lon="11.98544917032234">
        <ele>40</ele>
      </trkpt>
      <trkpt lat="57.87392714094985" lon="11.98529944688157">
        <ele>39</ele>
      </trkpt>
      <trkpt lat="57.87392332633988" lon="11.9850009536525">
        <ele>38</ele>
      </trkpt>
      <trkpt lat="57.87392332633988" lon="11.9844011062369">
        <ele>35</ele>
      </trkpt>
      <trkpt lat="57.87390234598513" lon="11.98418081251193">
        <ele>34</ele>
      </trkpt>
      <trkpt lat="57.87390234598513" lon="11.98418081251193">
        <ele>34</ele>
      </trkpt>
      <trkpt lat="57.87392714094985" lon="11.98409689109289">
        <ele>34</ele>
      </trkpt>
      <trkpt lat="57.87394049208469" lon="11.98400438680146">
        <ele>33</ele>
      </trkpt>
      <trkpt lat="57.87395384321954" lon="11.98391283616251">
        <ele>33</ele>
      </trkpt>
      <trkpt lat="57.87395384321954" lon="11.98384131222583">
        <ele>33</ele>
      </trkpt>
      <trkpt lat="57.87395384321954" lon="11.98377074194165">
        <ele>33</ele>
      </trkpt>
      <trkpt lat="57.87394716765211" lon="11.9836963570475">
        <ele>33</ele>
      </trkpt>
      <trkpt lat="57.87394049208469" lon="11.98362292580584">
        <ele>34</ele>
      </trkpt>
      <trkpt lat="57.87392523364486" lon="11.98355521647912">
        <ele>34</ele>
      </trkpt>
      <trkpt lat="57.87391092885753" lon="11.9834875071524">
        <ele>34</ele>
      </trkpt>
      <trkpt lat="57.8738956704177" lon="11.98339500286097">
        <ele>34</ele>
      </trkpt>
      <trkpt lat="57.87388136563037" lon="11.98330249856953">
        <ele>34</ele>
      </trkpt>
      <trkpt lat="57.87384417318329" lon="11.98296013732597">
        <ele>31</ele>
      </trkpt>
      <trkpt lat="57.873826053786" lon="11.9828790768644">
        <ele>31</ele>
      </trkpt>
      <trkpt lat="57.87367537669274" lon="11.98260633225254">
        <ele>30</ele>
      </trkpt>
      <trkpt lat="57.87363436963571" lon="11.98254148388328">
        <ele>29</ele>
      </trkpt>
      <trkpt lat="57.87359336257868" lon="11.98247663551403">
        <ele>29</ele>
      </trkpt>
      <trkpt lat="57.87348846080489" lon="11.98237173374023">
        <ele>29</ele>
      </trkpt>
      <trkpt lat="57.87338928094603" lon="11.98232405111578">
        <ele>29</ele>
      </trkpt>
      <trkpt lat="57.8733654396338" lon="11.98231928285334">
        <ele>29</ele>
      </trkpt>
      <trkpt lat="57.87332443257677" lon="11.98224966622164">
        <ele>29</ele>
      </trkpt>
      <trkpt lat="57.87330917413695" lon="11.98216479115011">
        <ele>28</ele>
      </trkpt>
      <trkpt lat="57.87330917413695" lon="11.98216479115011">
        <ele>28</ele>
      </trkpt>
      <trkpt lat="57.873348273889" lon="11.98205130650392">
        <ele>27</ele>
      </trkpt>
      <trkpt lat="57.87335971771887" lon="11.98194640473013">
        <ele>26</ele>
      </trkpt>
      <trkpt lat="57.873348273889" lon="11.98186439061607">
        <ele>26</ele>
      </trkpt>
      <trkpt lat="57.87330917413695" lon="11.98174327674996">
        <ele>25</ele>
      </trkpt>
      <trkpt lat="57.87325195498761" lon="11.98164505054359">
        <ele>24</ele>
      </trkpt>
      <trkpt lat="57.87318138470342" lon="11.98154205607478">
        <ele>23</ele>
      </trkpt>
      <trkpt lat="57.87311176807172" lon="11.98144001525845">
        <ele>23</ele>
      </trkpt>
      <trkpt lat="57.87304978065993" lon="11.9813570474919">
        <ele>22</ele>
      </trkpt>
      <trkpt lat="57.87298779324814" lon="11.98127503337785">
        <ele>22</ele>
      </trkpt>
      <trkpt lat="57.87292771314134" lon="11.98122925805837">
        <ele>22</ele>
      </trkpt>
      <trkpt lat="57.87289242799924" lon="11.98121304596606">
        <ele>22</ele>
      </trkpt>
      <trkpt lat="57.87280659927523" lon="11.98118443639139">
        <ele>22</ele>
      </trkpt>
      <trkpt lat="57.87268834636659" lon="11.98115868777418">
        <ele>22</ele>
      </trkpt>
      <trkpt lat="57.87268834636659" lon="11.98115868777418">
        <ele>22</ele>
      </trkpt>
      <trkpt lat="57.87264733930956" lon="11.98115964142667">
        <ele>22</ele>
      </trkpt>
      <trkpt lat="57.87258058363533" lon="11.98120732405112">
        <ele>22</ele>
      </trkpt>
      <trkpt lat="57.87171180621782" lon="11.98196452412742">
        <ele>23</ele>
      </trkpt>
      <trkpt lat="57.87165172611101" lon="11.98204844554645">
        <ele>23</ele>
      </trkpt>
      <trkpt lat="57.87164028228114" lon="11.98207514781615">
        <ele>23</ele>
      </trkpt>
      <trkpt lat="57.87163553284185" lon="11.98209597869023">
        <ele>23</ele>
      </trkpt>
      <trkpt lat="57.87163456036621" lon="11.98209517451841">
        <ele>23</ele>
      </trkpt>
      <trkpt lat="57.87158497043678" lon="11.98205416746139">
        <ele>22</ele>
      </trkpt>
      <trkpt lat="57.87158497043678" lon="11.98205416746139">
        <ele>22</ele>
      </trkpt>
      <trkpt lat="57.87155540720962" lon="11.98208849895099">
        <ele>22</ele>
      </trkpt>
      <trkpt lat="57.87145813465574" lon="11.98213427427046">
        <ele>22</ele>
      </trkpt>
      <trkpt lat="57.87145813465574" lon="11.98213427427046">
        <ele>22</ele>
      </trkpt>
      <trkpt lat="57.87136372305932" lon="11.9816183482739">
        <ele>19</ele>
      </trkpt>
      <trkpt lat="57.87133797444212" lon="11.98140663742133">
        <ele>18</ele>
      </trkpt>
      <trkpt lat="57.87130078199505" lon="11.98119492656877">
        <ele>17</ele>
      </trkpt>
      <trkpt lat="57.87123814120493" lon="11.98091114480748">
        <ele>16</ele>
      </trkpt>
      <trkpt lat="57.87123814108625" lon="11.98091114495653">
        <ele>16</ele>
      </trkpt>
      <trkpt lat="57.87121218169302" lon="11.98094374338999">
        <ele>16</ele>
      </trkpt>
      <trkpt lat="57.87121218170893" lon="11.98094374338158">
        <ele>16</ele>
      </trkpt>
      <trkpt lat="57.87121209231356" lon="11.98094316231166">
        <ele>16</ele>
      </trkpt>
      <trkpt lat="57.87120160213619" lon="11.9808439824528">
        <ele>16</ele>
      </trkpt>
      <trkpt lat="57.8711920656113" lon="11.98074575624643">
        <ele>15</ele>
      </trkpt>
      <trkpt lat="57.87119190014491" lon="11.98074405189487">
        <ele>15</ele>
      </trkpt>
      <trkpt lat="57.87119199793609" lon="11.98074395155262">
        <ele>15</ele>
      </trkpt>
      <trkpt lat="57.87119199793531" lon="11.98074395155346">
        <ele>15</ele>
      </trkpt>
      <trkpt lat="57.87118348273889" lon="11.98051687964906">
        <ele>15</ele>
      </trkpt>
      <trkpt lat="57.87118348273889" lon="11.98051687964906">
        <ele>15</ele>
      </trkpt>
      <trkpt lat="57.87116822429907" lon="11.98039862674042">
        <ele>14</ele>
      </trkpt>
      <trkpt lat="57.87114629029183" lon="11.98032805645624">
        <ele>14</ele>
      </trkpt>
      <trkpt lat="57.87111768071715" lon="11.98026606904445">
        <ele>14</ele>
      </trkpt>
      <trkpt lat="57.87111768071715" lon="11.98026606904445">
        <ele>14</ele>
      </trkpt>
      <trkpt lat="57.87109288575244" lon="11.98023173755484">
        <ele>13</ele>
      </trkpt>
      <trkpt lat="57.87104043486554" lon="11.98018786954035">
        <ele>13</ele>
      </trkpt>
      <trkpt lat="57.87100419607096" lon="11.98016879649057">
        <ele>13</ele>
      </trkpt>
      <trkpt lat="57.87100419607096" lon="11.98016879649057">
        <ele>13</ele>
      </trkpt>
      <trkpt lat="57.87094697692162" lon="11.98009822620638">
        <ele>13</ele>
      </trkpt>
      <trkpt lat="57.87088308220485" lon="11.98000000000001">
        <ele>12</ele>
      </trkpt>
      <trkpt lat="57.87088308220485" lon="11.98">
        <ele>12</ele>
      </trkpt>
      <trkpt lat="57.87082586305551" lon="11.97989891283616">
        <ele>12</ele>
      </trkpt>
      <trkpt lat="57.87072668319665" lon="11.97963284379172">
        <ele>11</ele>
      </trkpt>
      <trkpt lat="57.87072668319665" lon="11.97963284379172">
        <ele>11</ele>
      </trkpt>
      <trkpt lat="57.87070379553691" lon="11.97919034903681">
        <ele>10</ele>
      </trkpt>
      <trkpt lat="57.87067613961473" lon="11.97836734693878">
        <ele>10</ele>
      </trkpt>
      <trkpt lat="57.87067327865726" lon="11.97700934579439">
        <ele>8</ele>
      </trkpt>
      <trkpt lat="57.87067327865726" lon="11.97700934579439">
        <ele>8</ele>
      </trkpt>
      <trkpt lat="57.87067232500478" lon="11.97664695784856">
        <ele>8</ele>
      </trkpt>
      <trkpt lat="57.87067232500478" lon="11.97664695784856">
        <ele>8</ele>
      </trkpt>
      <trkpt lat="57.87066469578486" lon="11.9753299637612">
        <ele>7</ele>
      </trkpt>
      <trkpt lat="57.87066469578486" lon="11.9753299637612">
        <ele>7</ele>
      </trkpt>
      <trkpt lat="57.87065992752242" lon="11.97495422468053">
        <ele>7</ele>
      </trkpt>
      <trkpt lat="57.87065992752242" lon="11.97495422468053">
        <ele>7</ele>
      </trkpt>
      <trkpt lat="57.87065802021744" lon="11.97465954606141">
        <ele>7</ele>
      </trkpt>
      <trkpt lat="57.87065802021744" lon="11.97465954606141">
        <ele>7</ele>
      </trkpt>
      <trkpt lat="57.87064753004006" lon="11.97418653442685">
        <ele>7</ele>
      </trkpt>
      <trkpt lat="57.87061224489796" lon="11.97402059889376">
        <ele>7</ele>
      </trkpt>
      <trkpt lat="57.87057982071334" lon="11.97394526034713">
        <ele>7</ele>
      </trkpt>
      <trkpt lat="57.87057982071334" lon="11.97394526034713">
        <ele>7</ele>
      </trkpt>
      <trkpt lat="57.87061701316041" lon="11.9738603852756">
        <ele>7</ele>
      </trkpt>
      <trkpt lat="57.87063227160024" lon="11.9737564371543">
        <ele>7</ele>
      </trkpt>
      <trkpt lat="57.87062273507534" lon="11.97355807743658">
        <ele>7</ele>
      </trkpt>
      <trkpt lat="57.87062632702336" lon="11.97335160694344">
        <ele>8</ele>
      </trkpt>
      <trkpt lat="57.87062632702336" lon="11.97335160694344">
        <ele>8</ele>
      </trkpt>
      <trkpt lat="57.87062273507534" lon="11.97355807743658">
        <ele>7</ele>
      </trkpt>
      <trkpt lat="57.87063227160024" lon="11.9737564371543">
        <ele>7</ele>
      </trkpt>
      <trkpt lat="57.87062735972822" lon="11.97378989928237">
        <ele>7</ele>
      </trkpt>
      <trkpt lat="57.87062845699027" lon="11.97378886133893">
        <ele>7</ele>
      </trkpt>
      <trkpt lat="57.87066374213237" lon="11.97375548350181">
        <ele>7</ele>
      </trkpt>
      <trkpt lat="57.87072096128171" lon="11.97363723059317">
        <ele>7</ele>
      </trkpt>
      <trkpt lat="57.87077913408354" lon="11.97351897768453">
        <ele>8</ele>
      </trkpt>
      <trkpt lat="57.87080202174328" lon="11.97344077818043">
        <ele>8</ele>
      </trkpt>
      <trkpt lat="57.87080774365822" lon="11.9733215716193">
        <ele>8</ele>
      </trkpt>
      <trkpt lat="57.87081441922564" lon="11.97320236505817">
        <ele>8</ele>
      </trkpt>
      <trkpt lat="57.87081441922564" lon="11.97320236505817">
        <ele>8</ele>
      </trkpt>
      <trkpt lat="57.87085203598896" lon="11.97320248334988">
        <ele>8</ele>
      </trkpt>
      <trkpt lat="57.87085203598593" lon="11.97320248349714">
        <ele>8</ele>
      </trkpt>
      <trkpt lat="57.87089738699218" lon="11.97153538050734">
        <ele>10</ele>
      </trkpt>
      <trkpt lat="57.87090787716956" lon="11.97149055884036">
        <ele>10</ele>
      </trkpt>
      <trkpt lat="57.8709307648293" lon="11.97143906160595">
        <ele>10</ele>
      </trkpt>
      <trkpt lat="57.87095555979401" lon="11.97143333969102">
        <ele>10</ele>
      </trkpt>
      <trkpt lat="57.87095555979401" lon="11.97143333969102">
        <ele>10</ele>
      </trkpt>
      <trkpt lat="57.87102326912073" lon="11.9714953271028">
        <ele>10</ele>
      </trkpt>
      <trkpt lat="57.87130650390998" lon="11.97147530040053">
        <ele>9</ele>
      </trkpt>
      <trkpt lat="57.87170226969293" lon="11.97146290291817">
        <ele>9</ele>
      </trkpt>
      <trkpt lat="57.87177982974412" lon="11.97140589296602">
        <ele>9</ele>
      </trkpt>
      <trkpt lat="57.87177982974412" lon="11.97140589296602">
        <ele>9</ele>
      </trkpt>
      <trkpt lat="57.87181384703415" lon="11.97138088880412">
        <ele>9</ele>
      </trkpt>
      <trkpt lat="57.87192542437536" lon="11.97129887469006">
        <ele>8</ele>
      </trkpt>
      <trkpt lat="57.87195117299257" lon="11.97128933816517">
        <ele>8</ele>
      </trkpt>
      <trkpt lat="57.87196738508488" lon="11.97129124547015">
        <ele>8</ele>
      </trkpt>
      <trkpt lat="57.87198550448217" lon="11.971304596605">
        <ele>8</ele>
      </trkpt>
      <trkpt lat="57.8719857964674" lon="11.9713048117781">
        <ele>8</ele>
      </trkpt>
      <trkpt lat="57.87199033831404" lon="11.97122805456976">
        <ele>8</ele>
      </trkpt>
      <trkpt lat="57.87199122639711" lon="11.97122735075338">
        <ele>8</ele>
      </trkpt>
      <trkpt lat="57.87209231356094" lon="11.9711472439443">
        <ele>8</ele>
      </trkpt>
      <trkpt lat="57.87218577150487" lon="11.97107476635514">
        <ele>8</ele>
      </trkpt>
      <trkpt lat="57.8721862392958" lon="11.97107440357854">
        <ele>8</ele>
      </trkpt>
      <trkpt lat="57.87219530802976" lon="11.97110719053977">
        <ele>8</ele>
      </trkpt>
      <trkpt lat="57.87219530802976" lon="11.97110719053977">
        <ele>8</ele>
      </trkpt>
      <trkpt lat="57.87235487457544" lon="11.97172836030687">
        <ele>8</ele>
      </trkpt>
      <trkpt lat="57.87235487457487" lon="11.97172836031289">
        <ele>8</ele>
      </trkpt>
      <trkpt lat="57.8723745946977" lon="11.97171752813275">
        <ele>8</ele>
      </trkpt>
      <trkpt lat="57.87244230402442" lon="11.97168033568568">
        <ele>7</ele>
      </trkpt>
      <trkpt lat="57.87272649246615" lon="11.97139805454892">
        <ele>7</ele>
      </trkpt>
      <trkpt lat="57.8728266259775" lon="11.97131699408735">
        <ele>7</ele>
      </trkpt>
      <trkpt lat="57.8728266259775" lon="11.97131699408735">
        <ele>7</ele>
      </trkpt>
      <trkpt lat="57.87267404157925" lon="11.97059412550067">
        <ele>7</ele>
      </trkpt>
      <trkpt lat="57.87267404157925" lon="11.97059412550067">
        <ele>7</ele>
      </trkpt>
      <trkpt lat="57.87267118062179" lon="11.97047587259203">
        <ele>7</ele>
      </trkpt>
      <trkpt lat="57.87250143047874" lon="11.96969959946595">
        <ele>8</ele>
      </trkpt>
      <trkpt lat="57.87241655540721" lon="11.96934293343505">
        <ele>8</ele>
      </trkpt>
      <trkpt lat="57.87241638304077" lon="11.96934220910902">
        <ele>8</ele>
      </trkpt>
      <trkpt lat="57.87249189395385" lon="11.96927999237078">
        <ele>8</ele>
      </trkpt>
      <trkpt lat="57.87297837253023" lon="11.96896505805686">
        <ele>8</ele>
      </trkpt>
      <trkpt lat="57.87297825672326" lon="11.96896433339691">
        <ele>8</ele>
      </trkpt>
      <trkpt lat="57.87294487888614" lon="11.96875548350181">
        <ele>8</ele>
      </trkpt>
    </trkseg>
  </trk>
</gpx>